{"type":"FeatureCollection","features":[{"type":"Feature","geometry":{"type":"LineString","coordinates":[[680254.8549892291,5873157.011535466],[655733.6449339332,5860839.829947802]]},"properties":{"type":"artcc-low","section":"FIZ LF SIV Geneva","uuid":"artcc-low-fiz-lf-siv-geneva","lineStyle":{"color":[126,126,126]}}},{"type":"Feature","geometry":{"type":"LineString","coordinates":[[655733.6449339332,5860839.829947802],[621843.0444035366,5860839.829947802]]},"properties":{"type":"artcc-low","section":"FIZ LF SIV Geneva","uuid":"artcc-low-fiz-lf-siv-geneva","lineStyle":{"color":[126,126,126]}}},{"type":"Feature","geometry":{"type":"LineString","coordinates":[[621843.0444035366,5860839.829947802],[604835.8999767865,5890538.322433856]]},"properties":{"type":"artcc-low","section":"FIZ LF SIV Geneva","uuid":"artcc-low-fiz-lf-siv-geneva","lineStyle":{"color":[126,126,126]}}},{"type":"Feature","geometry":{"type":"LineString","coordinates":[[604835.8999767865,5890538.322433856],[653074.3459872049,5931199.156377429]]},"properties":{"type":"artcc-low","section":"FIZ LF SIV Geneva","uuid":"artcc-low-fiz-lf-siv-geneva","lineStyle":{"color":[126,126,126]}}},{"type":"Feature","geometry":{"type":"LineString","coordinates":[[653074.3459872049,5931199.156377429],[716897.5207086818,5904251.527439298]]},"properties":{"type":"artcc-low","section":"FIZ LF SIV Geneva","uuid":"artcc-low-fiz-lf-siv-geneva","lineStyle":{"color":[126,126,126]}}},{"type":"Feature","geometry":{"type":"LineString","coordinates":[[763033.2652263385,5821710.235073886],[721288.4561788609,5792643.6307103485]]},"properties":{"type":"artcc-low","section":"FIZ LF SIV Geneva","uuid":"artcc-low-fiz-lf-siv-geneva","lineStyle":{"color":[126,126,126]}}},{"type":"Feature","geometry":{"type":"LineString","coordinates":[[721288.4561788609,5792643.6307103485],[698437.0384854639,5760073.980826867]]},"properties":{"type":"artcc-low","section":"FIZ LF SIV Geneva","uuid":"artcc-low-fiz-lf-siv-geneva","lineStyle":{"color":[126,126,126]}}},{"type":"Feature","geometry":{"type":"LineString","coordinates":[[698437.0384854639,5760073.980826867],[690644.6741299347,5767360.621532407]]},"properties":{"type":"artcc-low","section":"FIZ LF SIV Geneva","uuid":"artcc-low-fiz-lf-siv-geneva","lineStyle":{"color":[126,126,126]}}},{"type":"Feature","geometry":{"type":"LineString","coordinates":[[690644.6741299347,5767360.621532407],[696488.9473965816,5776121.3902897]]},"properties":{"type":"artcc-low","section":"FIZ LF SIV Geneva","uuid":"artcc-low-fiz-lf-siv-geneva","lineStyle":{"color":[126,126,126]}}},{"type":"Feature","geometry":{"type":"LineString","coordinates":[[696488.9473965816,5776121.3902897],[694448.0900653716,5778390.816858136]]},"properties":{"type":"artcc-low","section":"FIZ LF SIV Geneva","uuid":"artcc-low-fiz-lf-siv-geneva","lineStyle":{"color":[126,126,126]}}},{"type":"Feature","geometry":{"type":"LineString","coordinates":[[694448.0900653716,5778390.816858136],[685635.2970442375,5788187.163191881]]},"properties":{"type":"artcc-low","section":"FIZ LF SIV Geneva","uuid":"artcc-low-fiz-lf-siv-geneva","lineStyle":{"color":[126,126,126]}}},{"type":"Feature","geometry":{"type":"LineString","coordinates":[[685635.2970442375,5788187.163191881],[657990.9568305747,5768827.55865782]]},"properties":{"type":"artcc-low","section":"FIZ LF SIV Geneva","uuid":"artcc-low-fiz-lf-siv-geneva","lineStyle":{"color":[126,126,126]}}},{"type":"Feature","geometry":{"type":"LineString","coordinates":[[657990.9568305747,5768827.55865782],[655108.6169152097,5767047.750759195]]},"properties":{"type":"artcc-low","section":"FIZ LF SIV Geneva","uuid":"artcc-low-fiz-lf-siv-geneva","lineStyle":{"color":[126,126,126]}}},{"type":"Feature","geometry":{"type":"LineString","coordinates":[[655108.6169152097,5767047.750759195],[651615.1948395512,5765607.949468844]]},"properties":{"type":"artcc-low","section":"FIZ LF SIV Geneva","uuid":"artcc-low-fiz-lf-siv-geneva","lineStyle":{"color":[126,126,126]}}},{"type":"Feature","geometry":{"type":"LineString","coordinates":[[651615.1948395512,5765607.949468844],[647938.4048248918,5764729.854619519]]},"properties":{"type":"artcc-low","section":"FIZ LF SIV Geneva","uuid":"artcc-low-fiz-lf-siv-geneva","lineStyle":{"color":[126,126,126]}}},{"type":"Feature","geometry":{"type":"LineString","coordinates":[[647938.4048248918,5764729.854619519],[644168.7867237431,5764434.805797542]]},"properties":{"type":"artcc-low","section":"FIZ LF SIV Geneva","uuid":"artcc-low-fiz-lf-siv-geneva","lineStyle":{"color":[126,126,126]}}},{"type":"Feature","geometry":{"type":"LineString","coordinates":[[644168.7867237431,5764434.805797542],[640399.1686225942,5764729.854619519]]},"properties":{"type":"artcc-low","section":"FIZ LF SIV Geneva","uuid":"artcc-low-fiz-lf-siv-geneva","lineStyle":{"color":[126,126,126]}}},{"type":"Feature","geometry":{"type":"LineString","coordinates":[[640399.1686225942,5764729.854619519],[636722.3786079348,5765607.949468844]]},"properties":{"type":"artcc-low","section":"FIZ LF SIV Geneva","uuid":"artcc-low-fiz-lf-siv-geneva","lineStyle":{"color":[126,126,126]}}},{"type":"Feature","geometry":{"type":"LineString","coordinates":[[636722.3786079348,5765607.949468844],[633228.9565322765,5767047.750759195]]},"properties":{"type":"artcc-low","section":"FIZ LF SIV Geneva","uuid":"artcc-low-fiz-lf-siv-geneva","lineStyle":{"color":[126,126,126]}}},{"type":"Feature","geometry":{"type":"LineString","coordinates":[[633228.9565322765,5767047.750759195],[630377.5386976876,5768827.55865782]]},"properties":{"type":"artcc-low","section":"FIZ LF SIV Geneva","uuid":"artcc-low-fiz-lf-siv-geneva","lineStyle":{"color":[126,126,126]}}},{"type":"Feature","geometry":{"type":"LineString","coordinates":[[630377.5386976876,5768827.55865782],[630004.896702257,5769014.366050254]]},"properties":{"type":"artcc-low","section":"FIZ LF SIV Geneva","uuid":"artcc-low-fiz-lf-siv-geneva","lineStyle":{"color":[126,126,126]}}},{"type":"Feature","geometry":{"type":"LineString","coordinates":[[630004.896702257,5769014.366050254],[627129.607021309,5771459.98495973]]},"properties":{"type":"artcc-low","section":"FIZ LF SIV Geneva","uuid":"artcc-low-fiz-lf-siv-geneva","lineStyle":{"color":[126,126,126]}}},{"type":"Feature","geometry":{"type":"LineString","coordinates":[[627129.607021309,5771459.98495973],[624673.8990544094,5774325.172603607]]},"properties":{"type":"artcc-low","section":"FIZ LF SIV Geneva","uuid":"artcc-low-fiz-lf-siv-geneva","lineStyle":{"color":[126,126,126]}}},{"type":"Feature","geometry":{"type":"LineString","coordinates":[[624673.8990544094,5774325.172603607],[622698.225469475,5777540.069845171]]},"properties":{"type":"artcc-low","section":"FIZ LF SIV Geneva","uuid":"artcc-low-fiz-lf-siv-geneva","lineStyle":{"color":[126,126,126]}}},{"type":"Feature","geometry":{"type":"LineString","coordinates":[[622698.225469475,5777540.069845171],[621251.1957774856,5781026.21628505]]},"properties":{"type":"artcc-low","section":"FIZ LF SIV Geneva","uuid":"artcc-low-fiz-lf-siv-geneva","lineStyle":{"color":[126,126,126]}}},{"type":"Feature","geometry":{"type":"LineString","coordinates":[[621251.1957774856,5781026.21628505],[620368.4940596565,5784698.333527201]]},"properties":{"type":"artcc-low","section":"FIZ LF SIV Geneva","uuid":"artcc-low-fiz-lf-siv-geneva","lineStyle":{"color":[126,126,126]}}},{"type":"Feature","geometry":{"type":"LineString","coordinates":[[620368.4940596565,5784698.333527201],[620071.8276166924,5788466.250503637]]},"properties":{"type":"artcc-low","section":"FIZ LF SIV Geneva","uuid":"artcc-low-fiz-lf-siv-geneva","lineStyle":{"color":[126,126,126]}}},{"type":"Feature","geometry":{"type":"LineString","coordinates":[[620071.8276166924,5788466.250503637],[620368.4940596565,5792237.419949901]]},"properties":{"type":"artcc-low","section":"FIZ LF SIV Geneva","uuid":"artcc-low-fiz-lf-siv-geneva","lineStyle":{"color":[126,126,126]}}},{"type":"Feature","geometry":{"type":"LineString","coordinates":[[620368.4940596565,5792237.419949901],[621251.1957774856,5795918.825776864]]},"properties":{"type":"artcc-low","section":"FIZ LF SIV Geneva","uuid":"artcc-low-fiz-lf-siv-geneva","lineStyle":{"color":[126,126,126]}}},{"type":"Feature","geometry":{"type":"LineString","coordinates":[[621251.1957774856,5795918.825776864],[622698.225469475,5799419.484816109]]},"properties":{"type":"artcc-low","section":"FIZ LF SIV Geneva","uuid":"artcc-low-fiz-lf-siv-geneva","lineStyle":{"color":[126,126,126]}}},{"type":"Feature","geometry":{"type":"LineString","coordinates":[[622698.225469475,5799419.484816109],[624673.8990544094,5802652.6961848745]]},"properties":{"type":"artcc-low","section":"FIZ LF SIV Geneva","uuid":"artcc-low-fiz-lf-siv-geneva","lineStyle":{"color":[126,126,126]}}},{"type":"Feature","geometry":{"type":"LineString","coordinates":[[624673.8990544094,5802652.6961848745],[627129.607021309,5805538.125013344]]},"properties":{"type":"artcc-low","section":"FIZ LF SIV Geneva","uuid":"artcc-low-fiz-lf-siv-geneva","lineStyle":{"color":[126,126,126]}}},{"type":"Feature","geometry":{"type":"LineString","coordinates":[[627129.607021309,5805538.125013344],[630004.896702257,5808003.985114178]]},"properties":{"type":"artcc-low","section":"FIZ LF SIV Geneva","uuid":"artcc-low-fiz-lf-siv-geneva","lineStyle":{"color":[126,126,126]}}},{"type":"Feature","geometry":{"type":"LineString","coordinates":[[630004.896702257,5808003.985114178],[630253.8503745839,5808169.650558611]]},"properties":{"type":"artcc-low","section":"FIZ LF SIV Geneva","uuid":"artcc-low-fiz-lf-siv-geneva","lineStyle":{"color":[126,126,126]}}},{"type":"Feature","geometry":{"type":"LineString","coordinates":[[630253.8503745839,5808169.650558611],[632418.3960288976,5809732.68492185]]},"properties":{"type":"artcc-low","section":"FIZ LF SIV Geneva","uuid":"artcc-low-fiz-lf-siv-geneva","lineStyle":{"color":[126,126,126]}}},{"type":"Feature","geometry":{"type":"LineString","coordinates":[[632418.3960288976,5809732.68492185],[645776.7349240903,5819250.830818349]]},"properties":{"type":"artcc-low","section":"FIZ LF SIV Geneva","uuid":"artcc-low-fiz-lf-siv-geneva","lineStyle":{"color":[126,126,126]}}},{"type":"Feature","geometry":{"type":"LineString","coordinates":[[645776.7349240903,5819250.830818349],[639344.9421227012,5830525.001416479]]},"properties":{"type":"artcc-low","section":"FIZ LF SIV Geneva","uuid":"artcc-low-fiz-lf-siv-geneva","lineStyle":{"color":[126,126,126]}}},{"type":"Feature","geometry":{"type":"LineString","coordinates":[[639344.9421227012,5830525.001416479],[624069.4342194019,5857157.019068275]]},"properties":{"type":"artcc-low","section":"FIZ LF SIV Geneva","uuid":"artcc-low-fiz-lf-siv-geneva","lineStyle":{"color":[126,126,126]}}},{"type":"Feature","geometry":{"type":"LineString","coordinates":[[624069.4342194019,5857157.019068275],[621843.0444035366,5860839.829947802]]},"properties":{"type":"artcc-low","section":"FIZ LF SIV Geneva","uuid":"artcc-low-fiz-lf-siv-geneva","lineStyle":{"color":[126,126,126]}}},{"type":"Feature","geometry":{"type":"LineString","coordinates":[[759415.3817755571,5734883.379514279],[725122.7941950737,5735060.5291005]]},"properties":{"type":"artcc-low","section":"FIZ LF SIV Geneva","uuid":"artcc-low-fiz-lf-siv-geneva","lineStyle":{"color":[126,126,126]}}},{"type":"Feature","geometry":{"type":"LineString","coordinates":[[725122.7941950737,5735060.5291005],[711424.3124113459,5747913.272374565]]},"properties":{"type":"artcc-low","section":"FIZ LF SIV Geneva","uuid":"artcc-low-fiz-lf-siv-geneva","lineStyle":{"color":[126,126,126]}}},{"type":"Feature","geometry":{"type":"LineString","coordinates":[[711424.3124113459,5747913.272374565],[698437.0384854639,5760073.980826867]]},"properties":{"type":"artcc-low","section":"FIZ LF SIV Geneva","uuid":"artcc-low-fiz-lf-siv-geneva","lineStyle":{"color":[126,126,126]}}},{"type":"Feature","geometry":{"type":"LineString","coordinates":[[698437.0384854639,5760073.980826867],[721288.4561788609,5792643.6307103485]]},"properties":{"type":"artcc-low","section":"FIZ LF SIV Geneva","uuid":"artcc-low-fiz-lf-siv-geneva","lineStyle":{"color":[126,126,126]}}},{"type":"Feature","geometry":{"type":"LineString","coordinates":[[721288.4561788609,5792643.6307103485],[763033.2652263385,5821710.235073886]]},"properties":{"type":"artcc-low","section":"FIZ LF SIV Geneva","uuid":"artcc-low-fiz-lf-siv-geneva","lineStyle":{"color":[126,126,126]}}},{"type":"Feature","geometry":{"type":"LineString","coordinates":[[792223.7094787969,5671512.701937362],[760930.5637335767,5701156.273035127]]},"properties":{"type":"artcc-low","section":"FIZ LF SIV Geneva","uuid":"artcc-low-fiz-lf-siv-geneva","lineStyle":{"color":[126,126,126]}}},{"type":"Feature","geometry":{"type":"LineString","coordinates":[[760930.5637335767,5701156.273035127],[725122.7941950737,5735060.5291005]]},"properties":{"type":"artcc-low","section":"FIZ LF SIV Geneva","uuid":"artcc-low-fiz-lf-siv-geneva","lineStyle":{"color":[126,126,126]}}},{"type":"Feature","geometry":{"type":"LineString","coordinates":[[690644.6741299347,5767360.621532407],[688356.4401525175,5769494.428399304]]},"properties":{"type":"artcc-low","section":"FIZ LF SIV Geneva","uuid":"artcc-low-fiz-lf-siv-geneva","lineStyle":{"color":[126,126,126]}}},{"type":"Feature","geometry":{"type":"LineString","coordinates":[[688356.4401525175,5769494.428399304],[682295.7123204393,5760118.393456536]]},"properties":{"type":"artcc-low","section":"FIZ LF SIV Geneva","uuid":"artcc-low-fiz-lf-siv-geneva","lineStyle":{"color":[126,126,126]}}},{"type":"Feature","geometry":{"type":"LineString","coordinates":[[682295.7123204393,5760118.393456536],[657372.5152150564,5757232.034112381]]},"properties":{"type":"artcc-low","section":"FIZ LF SIV Geneva","uuid":"artcc-low-fiz-lf-siv-geneva","lineStyle":{"color":[126,126,126]}}},{"type":"Feature","geometry":{"type":"LineString","coordinates":[[657372.5152150564,5757232.034112381],[656407.03508699,5757629.8963479735]]},"properties":{"type":"artcc-low","section":"FIZ LF SIV Geneva","uuid":"artcc-low-fiz-lf-siv-geneva","lineStyle":{"color":[126,126,126]}}},{"type":"Feature","geometry":{"type":"LineString","coordinates":[[656407.03508699,5757629.8963479735],[655311.1256222111,5757893.41606967]]},"properties":{"type":"artcc-low","section":"FIZ LF SIV Geneva","uuid":"artcc-low-fiz-lf-siv-geneva","lineStyle":{"color":[126,126,126]}}},{"type":"Feature","geometry":{"type":"LineString","coordinates":[[655311.1256222111,5757893.41606967],[654187.5408951377,5757981.997747603]]},"properties":{"type":"artcc-low","section":"FIZ LF SIV Geneva","uuid":"artcc-low-fiz-lf-siv-geneva","lineStyle":{"color":[126,126,126]}}},{"type":"Feature","geometry":{"type":"LineString","coordinates":[[654187.5408951377,5757981.997747603],[653063.9561680643,5757893.41606967]]},"properties":{"type":"artcc-low","section":"FIZ LF SIV Geneva","uuid":"artcc-low-fiz-lf-siv-geneva","lineStyle":{"color":[126,126,126]}}},{"type":"Feature","geometry":{"type":"LineString","coordinates":[[653063.9561680643,5757893.41606967],[651968.0467032852,5757629.8963479735]]},"properties":{"type":"artcc-low","section":"FIZ LF SIV Geneva","uuid":"artcc-low-fiz-lf-siv-geneva","lineStyle":{"color":[126,126,126]}}},{"type":"Feature","geometry":{"type":"LineString","coordinates":[[651968.0467032852,5757629.8963479735],[650926.7765552371,5757197.936269273]]},"properties":{"type":"artcc-low","section":"FIZ LF SIV Geneva","uuid":"artcc-low-fiz-lf-siv-geneva","lineStyle":{"color":[126,126,126]}}},{"type":"Feature","geometry":{"type":"LineString","coordinates":[[650926.7765552371,5757197.936269273],[649965.7801288834,5756608.259627195]]},"properties":{"type":"artcc-low","section":"FIZ LF SIV Geneva","uuid":"artcc-low-fiz-lf-siv-geneva","lineStyle":{"color":[126,126,126]}}},{"type":"Feature","geometry":{"type":"LineString","coordinates":[[649965.7801288834,5756608.259627195],[649549.2287787513,5756299.718322917]]},"properties":{"type":"artcc-low","section":"FIZ LF SIV Geneva","uuid":"artcc-low-fiz-lf-siv-geneva","lineStyle":{"color":[126,126,126]}}},{"type":"Feature","geometry":{"type":"LineString","coordinates":[[649549.2287787513,5756299.718322917],[621317.369030346,5752970.817008786]]},"properties":{"type":"artcc-low","section":"FIZ LF SIV Geneva","uuid":"artcc-low-fiz-lf-siv-geneva","lineStyle":{"color":[126,126,126]}}},{"type":"Feature","geometry":{"type":"LineString","coordinates":[[621317.369030346,5752970.817008786],[630377.5386976876,5768827.55865782]]},"properties":{"type":"artcc-low","section":"FIZ LF SIV Geneva","uuid":"artcc-low-fiz-lf-siv-geneva","lineStyle":{"color":[126,126,126]}}},{"type":"Feature","geometry":{"type":"LineString","coordinates":[[682295.7123204393,5760118.393456536],[679203.5042428483,5755367.500306218]]},"properties":{"type":"artcc-low","section":"FIZ LF SIV Geneva","uuid":"artcc-low-fiz-lf-siv-geneva","lineStyle":{"color":[126,126,126]}}},{"type":"Feature","geometry":{"type":"LineString","coordinates":[[679203.5042428483,5755367.500306218],[677688.3222848288,5719750.093215753]]},"properties":{"type":"artcc-low","section":"FIZ LF SIV Geneva","uuid":"artcc-low-fiz-lf-siv-geneva","lineStyle":{"color":[126,126,126]}}},{"type":"Feature","geometry":{"type":"LineString","coordinates":[[677688.3222848288,5719750.093215753],[608546.5496698956,5730632.84564291]]},"properties":{"type":"artcc-low","section":"FIZ LF SIV Geneva","uuid":"artcc-low-fiz-lf-siv-geneva","lineStyle":{"color":[126,126,126]}}},{"type":"Feature","geometry":{"type":"LineString","coordinates":[[608546.5496698956,5730632.84564291],[621317.369030346,5752970.817008786]]},"properties":{"type":"artcc-low","section":"FIZ LF SIV Geneva","uuid":"artcc-low-fiz-lf-siv-geneva","lineStyle":{"color":[126,126,126]}}},{"type":"Feature","geometry":{"type":"LineString","coordinates":[[291533.3775552731,6223875.877296211],[303005.46952313546,6220971.659997476]]},"properties":{"type":"artcc-low","section":"FIZ LFPM SIV 1 Seine","uuid":"artcc-low-fiz-lfpm-siv-1-seine","lineStyle":{"color":[126,126,126]}}},{"type":"Feature","geometry":{"type":"LineString","coordinates":[[303005.46952313546,6220971.659997476],[324125.2506930815,6215213.005352452]]},"properties":{"type":"artcc-low","section":"FIZ LFPM SIV 1 Seine","uuid":"artcc-low-fiz-lfpm-siv-1-seine","lineStyle":{"color":[126,126,126]}}},{"type":"Feature","geometry":{"type":"LineString","coordinates":[[324125.2506930815,6215213.005352452],[347749.7204058762,6211890.679836651]]},"properties":{"type":"artcc-low","section":"FIZ LFPM SIV 1 Seine","uuid":"artcc-low-fiz-lfpm-siv-1-seine","lineStyle":{"color":[126,126,126]}}},{"type":"Feature","geometry":{"type":"LineString","coordinates":[[347749.7204058762,6211890.679836651],[389710.98401878524,6242636.692627683]]},"properties":{"type":"artcc-low","section":"FIZ LFPM SIV 1 Seine","uuid":"artcc-low-fiz-lfpm-siv-1-seine","lineStyle":{"color":[126,126,126]}}},{"type":"Feature","geometry":{"type":"LineString","coordinates":[[389710.98401878524,6242636.692627683],[407089.19341484626,6230296.786198981]]},"properties":{"type":"artcc-low","section":"FIZ LFPM SIV 1 Seine","uuid":"artcc-low-fiz-lfpm-siv-1-seine","lineStyle":{"color":[126,126,126]}}},{"type":"Feature","geometry":{"type":"LineString","coordinates":[[407089.19341484626,6230296.786198981],[407027.34925329447,6224203.835215465]]},"properties":{"type":"artcc-low","section":"FIZ LFPM SIV 1 Seine","uuid":"artcc-low-fiz-lfpm-siv-1-seine","lineStyle":{"color":[126,126,126]}}},{"type":"Feature","geometry":{"type":"LineString","coordinates":[[407027.34925329447,6224203.835215465],[415221.70065891044,6221393.178304384]]},"properties":{"type":"artcc-low","section":"FIZ LFPM SIV 1 Seine","uuid":"artcc-low-fiz-lfpm-siv-1-seine","lineStyle":{"color":[126,126,126]}}},{"type":"Feature","geometry":{"type":"LineString","coordinates":[[415221.70065891044,6221393.178304384],[420973.2076832296,6219426.271842553]]},"properties":{"type":"artcc-low","section":"FIZ LFPM SIV 1 Seine","uuid":"artcc-low-fiz-lfpm-siv-1-seine","lineStyle":{"color":[126,126,126]}}},{"type":"Feature","geometry":{"type":"LineString","coordinates":[[420973.2076832296,6219426.271842553],[428920.18244263827,6213902.637355061]]},"properties":{"type":"artcc-low","section":"FIZ LFPM SIV 1 Seine","uuid":"artcc-low-fiz-lfpm-siv-1-seine","lineStyle":{"color":[126,126,126]}}},{"type":"Feature","geometry":{"type":"LineString","coordinates":[[428920.18244263827,6213902.637355061],[435877.6506172178,6197820.292112812]]},"properties":{"type":"artcc-low","section":"FIZ LFPM SIV 1 Seine","uuid":"artcc-low-fiz-lfpm-siv-1-seine","lineStyle":{"color":[126,126,126]}}},{"type":"Feature","geometry":{"type":"LineString","coordinates":[[435877.6506172178,6197820.292112812],[420849.5193601259,6174685.154152769]]},"properties":{"type":"artcc-low","section":"FIZ LFPM SIV 1 Seine","uuid":"artcc-low-fiz-lfpm-siv-1-seine","lineStyle":{"color":[126,126,126]}}},{"type":"Feature","geometry":{"type":"LineString","coordinates":[[420849.5193601259,6174685.154152769],[360736.9943317582,6121701.83149565]]},"properties":{"type":"artcc-low","section":"FIZ LFPM SIV 1 Seine","uuid":"artcc-low-fiz-lfpm-siv-1-seine","lineStyle":{"color":[126,126,126]}}},{"type":"Feature","geometry":{"type":"LineString","coordinates":[[360736.9943317582,6121701.83149565],[339957.35605034715,6123738.938837053]]},"properties":{"type":"artcc-low","section":"FIZ LFPM SIV 1 Seine","uuid":"artcc-low-fiz-lfpm-siv-1-seine","lineStyle":{"color":[126,126,126]}}},{"type":"Feature","geometry":{"type":"LineString","coordinates":[[339957.35605034715,6123738.938837053],[323568.6532391152,6152495.285732107]]},"properties":{"type":"artcc-low","section":"FIZ LFPM SIV 1 Seine","uuid":"artcc-low-fiz-lfpm-siv-1-seine","lineStyle":{"color":[126,126,126]}}},{"type":"Feature","geometry":{"type":"LineString","coordinates":[[323568.6532391152,6152495.285732107],[211197.8116994607,6156445.235325971]]},"properties":{"type":"artcc-low","section":"FIZ LFPM SIV 1 Seine","uuid":"artcc-low-fiz-lfpm-siv-1-seine","lineStyle":{"color":[126,126,126]}}},{"type":"Feature","geometry":{"type":"LineString","coordinates":[[211197.8116994607,6156445.235325971],[209868.1622260966,6178598.786411923]]},"properties":{"type":"artcc-low","section":"FIZ LFPM SIV 1 Seine","uuid":"artcc-low-fiz-lfpm-siv-1-seine","lineStyle":{"color":[126,126,126]}}},{"type":"Feature","geometry":{"type":"LineString","coordinates":[[209868.1622260966,6178598.786411923],[266702.94669221796,6174731.734450434]]},"properties":{"type":"artcc-low","section":"FIZ LFPM SIV 1 Seine","uuid":"artcc-low-fiz-lfpm-siv-1-seine","lineStyle":{"color":[126,126,126]}}},{"type":"Feature","geometry":{"type":"LineString","coordinates":[[266702.94669221796,6174731.734450434],[277092.76583292347,6191283.845455616]]},"properties":{"type":"artcc-low","section":"FIZ LFPM SIV 1 Seine","uuid":"artcc-low-fiz-lfpm-siv-1-seine","lineStyle":{"color":[126,126,126]}}},{"type":"Feature","geometry":{"type":"LineString","coordinates":[[277092.76583292347,6191283.845455616],[277061.8437521476,6210440.494230105]]},"properties":{"type":"artcc-low","section":"FIZ LFPM SIV 1 Seine","uuid":"artcc-low-fiz-lfpm-siv-1-seine","lineStyle":{"color":[126,126,126]}}},{"type":"Feature","geometry":{"type":"LineString","coordinates":[[277061.8437521476,6210440.494230105],[291533.3775552731,6223875.877296211]]},"properties":{"type":"artcc-low","section":"FIZ LFPM SIV 1 Seine","uuid":"artcc-low-fiz-lfpm-siv-1-seine","lineStyle":{"color":[126,126,126]}}},{"type":"Feature","geometry":{"type":"LineString","coordinates":[[211197.8116994607,6156445.235325971],[323568.6532391152,6152495.285732107]]},"properties":{"type":"artcc-low","section":"FIZ LFPM SIV 2 Seine","uuid":"artcc-low-fiz-lfpm-siv-2-seine","lineStyle":{"color":[126,126,126]}}},{"type":"Feature","geometry":{"type":"LineString","coordinates":[[323568.6532391152,6152495.285732107],[339957.35605034715,6123738.938837053]]},"properties":{"type":"artcc-low","section":"FIZ LFPM SIV 2 Seine","uuid":"artcc-low-fiz-lfpm-siv-2-seine","lineStyle":{"color":[126,126,126]}}},{"type":"Feature","geometry":{"type":"LineString","coordinates":[[339957.35605034715,6123738.938837053],[352295.26627993496,6106854.834885075]]},"properties":{"type":"artcc-low","section":"FIZ LFPM SIV 2 Seine","uuid":"artcc-low-fiz-lfpm-siv-2-seine","lineStyle":{"color":[126,126,126]}}},{"type":"Feature","geometry":{"type":"LineString","coordinates":[[352295.26627993496,6106854.834885075],[226164.09879500078,6106854.834885075]]},"properties":{"type":"artcc-low","section":"FIZ LFPM SIV 2 Seine","uuid":"artcc-low-fiz-lfpm-siv-2-seine","lineStyle":{"color":[126,126,126]}}},{"type":"Feature","geometry":{"type":"LineString","coordinates":[[226164.09879500078,6106854.834885075],[209837.24014532065,6116703.710581369]]},"properties":{"type":"artcc-low","section":"FIZ LFPM SIV 2 Seine","uuid":"artcc-low-fiz-lfpm-siv-2-seine","lineStyle":{"color":[126,126,126]}}},{"type":"Feature","geometry":{"type":"LineString","coordinates":[[209837.24014532065,6116703.710581369],[194901.87513055647,6116703.710581369]]},"properties":{"type":"artcc-low","section":"FIZ LFPM SIV 2 Seine","uuid":"artcc-low-fiz-lfpm-siv-2-seine","lineStyle":{"color":[126,126,126]}}},{"type":"Feature","geometry":{"type":"LineString","coordinates":[[194901.87513055647,6116703.710581369],[196633.5116540074,6125220.775679889]]},"properties":{"type":"artcc-low","section":"FIZ LFPM SIV 2 Seine","uuid":"artcc-low-fiz-lfpm-siv-2-seine","lineStyle":{"color":[126,126,126]}}},{"type":"Feature","geometry":{"type":"LineString","coordinates":[[196633.5116540074,6125220.775679889],[211197.8116994607,6156445.235325971]]},"properties":{"type":"artcc-low","section":"FIZ LFPM SIV 2 Seine","uuid":"artcc-low-fiz-lfpm-siv-2-seine","lineStyle":{"color":[126,126,126]}}},{"type":"Feature","geometry":{"type":"LineString","coordinates":[[194901.87513055647,6116703.710581369],[209837.24014532065,6116703.710581369]]},"properties":{"type":"artcc-low","section":"FIZ LFPM SIV 3 Seine","uuid":"artcc-low-fiz-lfpm-siv-3-seine","lineStyle":{"color":[126,126,126]}}},{"type":"Feature","geometry":{"type":"LineString","coordinates":[[209837.24014532065,6116703.710581369],[226164.09879500078,6106854.834885075]]},"properties":{"type":"artcc-low","section":"FIZ LFPM SIV 3 Seine","uuid":"artcc-low-fiz-lfpm-siv-3-seine","lineStyle":{"color":[126,126,126]}}},{"type":"Feature","geometry":{"type":"LineString","coordinates":[[226164.09879500078,6106854.834885075],[352295.26627993496,6106854.834885075]]},"properties":{"type":"artcc-low","section":"FIZ LFPM SIV 3 Seine","uuid":"artcc-low-fiz-lfpm-siv-3-seine","lineStyle":{"color":[126,126,126]}}},{"type":"Feature","geometry":{"type":"LineString","coordinates":[[352295.26627993496,6106854.834885075],[361788.3450781391,6093832.839101789]]},"properties":{"type":"artcc-low","section":"FIZ LFPM SIV 3 Seine","uuid":"artcc-low-fiz-lfpm-siv-3-seine","lineStyle":{"color":[126,126,126]}}},{"type":"Feature","geometry":{"type":"LineString","coordinates":[[361788.3450781391,6093832.839101789],[361788.3450781391,6041849.32499292]]},"properties":{"type":"artcc-low","section":"FIZ LFPM SIV 3 Seine","uuid":"artcc-low-fiz-lfpm-siv-3-seine","lineStyle":{"color":[126,126,126]}}},{"type":"Feature","geometry":{"type":"LineString","coordinates":[[361788.3450781391,6041849.32499292],[366828.6442446123,6030711.384993196]]},"properties":{"type":"artcc-low","section":"FIZ LFPM SIV 3 Seine","uuid":"artcc-low-fiz-lfpm-siv-3-seine","lineStyle":{"color":[126,126,126]}}},{"type":"Feature","geometry":{"type":"LineString","coordinates":[[366828.6442446123,6030711.384993196],[227060.8391375022,6030711.384993196]]},"properties":{"type":"artcc-low","section":"FIZ LFPM SIV 3 Seine","uuid":"artcc-low-fiz-lfpm-siv-3-seine","lineStyle":{"color":[126,126,126]}}},{"type":"Feature","geometry":{"type":"LineString","coordinates":[[227060.8391375022,6030711.384993196],[184295.60142441955,6050246.648003895]]},"properties":{"type":"artcc-low","section":"FIZ LFPM SIV 3 Seine","uuid":"artcc-low-fiz-lfpm-siv-3-seine","lineStyle":{"color":[126,126,126]}}},{"type":"Feature","geometry":{"type":"LineString","coordinates":[[184295.60142441955,6050246.648003895],[188191.78360218415,6078895.715791861]]},"properties":{"type":"artcc-low","section":"FIZ LFPM SIV 3 Seine","uuid":"artcc-low-fiz-lfpm-siv-3-seine","lineStyle":{"color":[126,126,126]}}},{"type":"Feature","geometry":{"type":"LineString","coordinates":[[188191.78360218415,6078895.715791861],[190943.84879124007,6099140.843507373]]},"properties":{"type":"artcc-low","section":"FIZ LFPM SIV 3 Seine","uuid":"artcc-low-fiz-lfpm-siv-3-seine","lineStyle":{"color":[126,126,126]}}},{"type":"Feature","geometry":{"type":"LineString","coordinates":[[190943.84879124007,6099140.843507373],[194901.87513055647,6116703.710581369]]},"properties":{"type":"artcc-low","section":"FIZ LFPM SIV 3 Seine","uuid":"artcc-low-fiz-lfpm-siv-3-seine","lineStyle":{"color":[126,126,126]}}},{"type":"Feature","geometry":{"type":"LineString","coordinates":[[436929.00136359874,6280519.2570682755],[439711.9886334306,6280519.2570682755]]},"properties":{"type":"artcc-low","section":"FIZ LFPM SIV 4 Seine","uuid":"artcc-low-fiz-lfpm-siv-4-seine","lineStyle":{"color":[126,126,126]}}},{"type":"Feature","geometry":{"type":"LineString","coordinates":[[439711.9886334306,6280519.2570682755],[464882.5623850208,6271515.607852317]]},"properties":{"type":"artcc-low","section":"FIZ LFPM SIV 4 Seine","uuid":"artcc-low-fiz-lfpm-siv-4-seine","lineStyle":{"color":[126,126,126]}}},{"type":"Feature","geometry":{"type":"LineString","coordinates":[[464882.5623850208,6271515.607852317],[534333.5558077131,6266381.694671118]]},"properties":{"type":"artcc-low","section":"FIZ LFPM SIV 4 Seine","uuid":"artcc-low-fiz-lfpm-siv-4-seine","lineStyle":{"color":[126,126,126]}}},{"type":"Feature","geometry":{"type":"LineString","coordinates":[[534333.5558077131,6266381.694671118],[600970.6398797978,6191143.833647511]]},"properties":{"type":"artcc-low","section":"FIZ LFPM SIV 4 Seine","uuid":"artcc-low-fiz-lfpm-siv-4-seine","lineStyle":{"color":[126,126,126]}}},{"type":"Feature","geometry":{"type":"LineString","coordinates":[[600970.6398797978,6191143.833647511],[600970.6398797978,6168724.975105459]]},"properties":{"type":"artcc-low","section":"FIZ LFPM SIV 4 Seine","uuid":"artcc-low-fiz-lfpm-siv-4-seine","lineStyle":{"color":[126,126,126]}}},{"type":"Feature","geometry":{"type":"LineString","coordinates":[[600970.6398797978,6168724.975105459],[575150.7024319135,6134627.154227593]]},"properties":{"type":"artcc-low","section":"FIZ LFPM SIV 4 Seine","uuid":"artcc-low-fiz-lfpm-siv-4-seine","lineStyle":{"color":[126,126,126]}}},{"type":"Feature","geometry":{"type":"LineString","coordinates":[[575150.7024319135,6134627.154227593],[482384.46010418545,6010351.859605346]]},"properties":{"type":"artcc-low","section":"FIZ LFPM SIV 4 Seine","uuid":"artcc-low-fiz-lfpm-siv-4-seine","lineStyle":{"color":[126,126,126]}}},{"type":"Feature","geometry":{"type":"LineString","coordinates":[[482384.46010418545,6010351.859605346],[393669.01035810163,6026589.861551111]]},"properties":{"type":"artcc-low","section":"FIZ LFPM SIV 4 Seine","uuid":"artcc-low-fiz-lfpm-siv-4-seine","lineStyle":{"color":[126,126,126]}}},{"type":"Feature","geometry":{"type":"LineString","coordinates":[[393669.01035810163,6026589.861551111],[371064.9693109119,6030711.384993196]]},"properties":{"type":"artcc-low","section":"FIZ LFPM SIV 4 Seine","uuid":"artcc-low-fiz-lfpm-siv-4-seine","lineStyle":{"color":[126,126,126]}}},{"type":"Feature","geometry":{"type":"LineString","coordinates":[[371064.9693109119,6030711.384993196],[366828.6442446123,6030711.384993196]]},"properties":{"type":"artcc-low","section":"FIZ LFPM SIV 4 Seine","uuid":"artcc-low-fiz-lfpm-siv-4-seine","lineStyle":{"color":[126,126,126]}}},{"type":"Feature","geometry":{"type":"LineString","coordinates":[[366828.6442446123,6030711.384993196],[361788.3450781391,6041849.32499292]]},"properties":{"type":"artcc-low","section":"FIZ LFPM SIV 4 Seine","uuid":"artcc-low-fiz-lfpm-siv-4-seine","lineStyle":{"color":[126,126,126]}}},{"type":"Feature","geometry":{"type":"LineString","coordinates":[[361788.3450781391,6041849.32499292],[361788.3450781391,6093832.839101789]]},"properties":{"type":"artcc-low","section":"FIZ LFPM SIV 4 Seine","uuid":"artcc-low-fiz-lfpm-siv-4-seine","lineStyle":{"color":[126,126,126]}}},{"type":"Feature","geometry":{"type":"LineString","coordinates":[[361788.3450781391,6093832.839101789],[352295.26627993496,6106854.834885075]]},"properties":{"type":"artcc-low","section":"FIZ LFPM SIV 4 Seine","uuid":"artcc-low-fiz-lfpm-siv-4-seine","lineStyle":{"color":[126,126,126]}}},{"type":"Feature","geometry":{"type":"LineString","coordinates":[[352295.26627993496,6106854.834885075],[339957.35605034715,6123738.938837053]]},"properties":{"type":"artcc-low","section":"FIZ LFPM SIV 4 Seine","uuid":"artcc-low-fiz-lfpm-siv-4-seine","lineStyle":{"color":[126,126,126]}}},{"type":"Feature","geometry":{"type":"LineString","coordinates":[[339957.35605034715,6123738.938837053],[360736.9943317582,6121701.83149565]]},"properties":{"type":"artcc-low","section":"FIZ LFPM SIV 4 Seine","uuid":"artcc-low-fiz-lfpm-siv-4-seine","lineStyle":{"color":[126,126,126]}}},{"type":"Feature","geometry":{"type":"LineString","coordinates":[[360736.9943317582,6121701.83149565],[420849.5193601259,6174685.154152769]]},"properties":{"type":"artcc-low","section":"FIZ LFPM SIV 4 Seine","uuid":"artcc-low-fiz-lfpm-siv-4-seine","lineStyle":{"color":[126,126,126]}}},{"type":"Feature","geometry":{"type":"LineString","coordinates":[[420849.5193601259,6174685.154152769],[435877.6506172178,6197820.292112812]]},"properties":{"type":"artcc-low","section":"FIZ LFPM SIV 4 Seine","uuid":"artcc-low-fiz-lfpm-siv-4-seine","lineStyle":{"color":[126,126,126]}}},{"type":"Feature","geometry":{"type":"LineString","coordinates":[[435877.6506172178,6197820.292112812],[438073.1183523075,6203380.221686984]]},"properties":{"type":"artcc-low","section":"FIZ LFPM SIV 4 Seine","uuid":"artcc-low-fiz-lfpm-siv-4-seine","lineStyle":{"color":[126,126,126]}}},{"type":"Feature","geometry":{"type":"LineString","coordinates":[[438073.1183523075,6203380.221686984],[436929.00136359874,6280519.2570682755]]},"properties":{"type":"artcc-low","section":"FIZ LFPM SIV 4 Seine","uuid":"artcc-low-fiz-lfpm-siv-4-seine","lineStyle":{"color":[126,126,126]}}},{"type":"Feature","geometry":{"type":"LineString","coordinates":[[477684.3038262473,6329381.5993655985],[534333.5558077131,6266381.694671118]]},"properties":{"type":"artcc-low","section":"FIZ LFPM SIV 5 Seine","uuid":"artcc-low-fiz-lfpm-siv-5-seine","lineStyle":{"color":[126,126,126]}}},{"type":"Feature","geometry":{"type":"LineString","coordinates":[[534333.5558077131,6266381.694671118],[464882.5623850208,6271515.607852317]]},"properties":{"type":"artcc-low","section":"FIZ LFPM SIV 5 Seine","uuid":"artcc-low-fiz-lfpm-siv-5-seine","lineStyle":{"color":[126,126,126]}}},{"type":"Feature","geometry":{"type":"LineString","coordinates":[[464882.5623850208,6271515.607852317],[439711.9886334306,6280519.2570682755]]},"properties":{"type":"artcc-low","section":"FIZ LFPM SIV 5 Seine","uuid":"artcc-low-fiz-lfpm-siv-5-seine","lineStyle":{"color":[126,126,126]}}},{"type":"Feature","geometry":{"type":"LineString","coordinates":[[439711.9886334306,6280519.2570682755],[436929.00136359874,6280519.2570682755]]},"properties":{"type":"artcc-low","section":"FIZ LFPM SIV 5 Seine","uuid":"artcc-low-fiz-lfpm-siv-5-seine","lineStyle":{"color":[126,126,126]}}},{"type":"Feature","geometry":{"type":"LineString","coordinates":[[436929.00136359874,6280519.2570682755],[438073.1183523075,6203380.221686984]]},"properties":{"type":"artcc-low","section":"FIZ LFPM SIV 5 Seine","uuid":"artcc-low-fiz-lfpm-siv-5-seine","lineStyle":{"color":[126,126,126]}}},{"type":"Feature","geometry":{"type":"LineString","coordinates":[[438073.1183523075,6203380.221686984],[435877.6506172178,6197820.292112812]]},"properties":{"type":"artcc-low","section":"FIZ LFPM SIV 5 Seine","uuid":"artcc-low-fiz-lfpm-siv-5-seine","lineStyle":{"color":[126,126,126]}}},{"type":"Feature","geometry":{"type":"LineString","coordinates":[[435877.6506172178,6197820.292112812],[428920.18244263827,6213902.637355061]]},"properties":{"type":"artcc-low","section":"FIZ LFPM SIV 5 Seine","uuid":"artcc-low-fiz-lfpm-siv-5-seine","lineStyle":{"color":[126,126,126]}}},{"type":"Feature","geometry":{"type":"LineString","coordinates":[[428920.18244263827,6213902.637355061],[420973.2076832296,6219426.271842553]]},"properties":{"type":"artcc-low","section":"FIZ LFPM SIV 5 Seine","uuid":"artcc-low-fiz-lfpm-siv-5-seine","lineStyle":{"color":[126,126,126]}}},{"type":"Feature","geometry":{"type":"LineString","coordinates":[[420973.2076832296,6219426.271842553],[415221.70065891044,6221393.178304384]]},"properties":{"type":"artcc-low","section":"FIZ LFPM SIV 5 Seine","uuid":"artcc-low-fiz-lfpm-siv-5-seine","lineStyle":{"color":[126,126,126]}}},{"type":"Feature","geometry":{"type":"LineString","coordinates":[[415221.70065891044,6221393.178304384],[407027.34925329447,6224203.835215465]]},"properties":{"type":"artcc-low","section":"FIZ LFPM SIV 5 Seine","uuid":"artcc-low-fiz-lfpm-siv-5-seine","lineStyle":{"color":[126,126,126]}}},{"type":"Feature","geometry":{"type":"LineString","coordinates":[[407027.34925329447,6224203.835215465],[407089.19341484626,6230296.786198981]]},"properties":{"type":"artcc-low","section":"FIZ LFPM SIV 5 Seine","uuid":"artcc-low-fiz-lfpm-siv-5-seine","lineStyle":{"color":[126,126,126]}}},{"type":"Feature","geometry":{"type":"LineString","coordinates":[[407089.19341484626,6230296.786198981],[389710.98401878524,6242636.692627683]]},"properties":{"type":"artcc-low","section":"FIZ LFPM SIV 5 Seine","uuid":"artcc-low-fiz-lfpm-siv-5-seine","lineStyle":{"color":[126,126,126]}}},{"type":"Feature","geometry":{"type":"LineString","coordinates":[[389710.98401878524,6242636.692627683],[387762.892929903,6280519.2570682755]]},"properties":{"type":"artcc-low","section":"FIZ LFPM SIV 5 Seine","uuid":"artcc-low-fiz-lfpm-siv-5-seine","lineStyle":{"color":[126,126,126]}}},{"type":"Feature","geometry":{"type":"LineString","coordinates":[[387762.892929903,6280519.2570682755],[403904.2190949276,6310758.745527053]]},"properties":{"type":"artcc-low","section":"FIZ LFPM SIV 5 Seine","uuid":"artcc-low-fiz-lfpm-siv-5-seine","lineStyle":{"color":[126,126,126]}}},{"type":"Feature","geometry":{"type":"LineString","coordinates":[[403904.2190949276,6310758.745527053],[450843.9377127579,6320230.87609413]]},"properties":{"type":"artcc-low","section":"FIZ LFPM SIV 5 Seine","uuid":"artcc-low-fiz-lfpm-siv-5-seine","lineStyle":{"color":[126,126,126]}}},{"type":"Feature","geometry":{"type":"LineString","coordinates":[[450843.9377127579,6320230.87609413],[477684.3038262473,6329381.5993655985]]},"properties":{"type":"artcc-low","section":"FIZ LFPM SIV 5 Seine","uuid":"artcc-low-fiz-lfpm-siv-5-seine","lineStyle":{"color":[126,126,126]}}},{"type":"Feature","geometry":{"type":"LineString","coordinates":[[158661.19646119076,6225094.070578524],[175451.8863225095,6208382.59095342]]},"properties":{"type":"artcc-low","section":"FIZ LFPM SIV 6 Seine","uuid":"artcc-low-fiz-lfpm-siv-6-seine","lineStyle":{"color":[126,126,126]}}},{"type":"Feature","geometry":{"type":"LineString","coordinates":[[175451.8863225095,6208382.59095342],[186583.83540183684,6198287.373288121]]},"properties":{"type":"artcc-low","section":"FIZ LFPM SIV 6 Seine","uuid":"artcc-low-fiz-lfpm-siv-6-seine","lineStyle":{"color":[126,126,126]}}},{"type":"Feature","geometry":{"type":"LineString","coordinates":[[186583.83540183684,6198287.373288121],[209868.1622260966,6178598.786411923]]},"properties":{"type":"artcc-low","section":"FIZ LFPM SIV 6 Seine","uuid":"artcc-low-fiz-lfpm-siv-6-seine","lineStyle":{"color":[126,126,126]}}},{"type":"Feature","geometry":{"type":"LineString","coordinates":[[209868.1622260966,6178598.786411923],[211197.8116994607,6156445.235325971]]},"properties":{"type":"artcc-low","section":"FIZ LFPM SIV 6 Seine","uuid":"artcc-low-fiz-lfpm-siv-6-seine","lineStyle":{"color":[126,126,126]}}},{"type":"Feature","geometry":{"type":"LineString","coordinates":[[211197.8116994607,6156445.235325971],[196633.5116540074,6125220.775679889]]},"properties":{"type":"artcc-low","section":"FIZ LFPM SIV 6 Seine","uuid":"artcc-low-fiz-lfpm-siv-6-seine","lineStyle":{"color":[126,126,126]}}},{"type":"Feature","geometry":{"type":"LineString","coordinates":[[196633.5116540074,6125220.775679889],[194901.87513055647,6116703.710581369]]},"properties":{"type":"artcc-low","section":"FIZ LFPM SIV 6 Seine","uuid":"artcc-low-fiz-lfpm-siv-6-seine","lineStyle":{"color":[126,126,126]}}},{"type":"Feature","geometry":{"type":"LineString","coordinates":[[194901.87513055647,6116703.710581369],[190263.5630141701,6115084.574102079]]},"properties":{"type":"artcc-low","section":"FIZ LFPM SIV 6 Seine","uuid":"artcc-low-fiz-lfpm-siv-6-seine","lineStyle":{"color":[126,126,126]}}},{"type":"Feature","geometry":{"type":"LineString","coordinates":[[190263.5630141701,6115084.574102079],[177523.66573449544,6109350.6632998055]]},"properties":{"type":"artcc-low","section":"FIZ LFPM SIV 6 Seine","uuid":"artcc-low-fiz-lfpm-siv-6-seine","lineStyle":{"color":[126,126,126]}}},{"type":"Feature","geometry":{"type":"LineString","coordinates":[[177523.66573449544,6109350.6632998055],[167566.75572465264,6108333.756691368]]},"properties":{"type":"artcc-low","section":"FIZ LFPM SIV 6 Seine","uuid":"artcc-low-fiz-lfpm-siv-6-seine","lineStyle":{"color":[126,126,126]}}},{"type":"Feature","geometry":{"type":"LineString","coordinates":[[167566.75572465264,6108333.756691368],[156187.429999118,6107132.113311626]]},"properties":{"type":"artcc-low","section":"FIZ LFPM SIV 6 Seine","uuid":"artcc-low-fiz-lfpm-siv-6-seine","lineStyle":{"color":[126,126,126]}}},{"type":"Feature","geometry":{"type":"LineString","coordinates":[[156187.429999118,6107132.113311626],[134201.83056744645,6120776.033657085]]},"properties":{"type":"artcc-low","section":"FIZ LFPM SIV 6 Seine","uuid":"artcc-low-fiz-lfpm-siv-6-seine","lineStyle":{"color":[126,126,126]}}},{"type":"Feature","geometry":{"type":"LineString","coordinates":[[134201.83056744645,6120776.033657085],[130243.80422813009,6217740.714480065]]},"properties":{"type":"artcc-low","section":"FIZ LFPM SIV 6 Seine","uuid":"artcc-low-fiz-lfpm-siv-6-seine","lineStyle":{"color":[126,126,126]}}},{"type":"Feature","geometry":{"type":"LineString","coordinates":[[130243.80422813009,6217740.714480065],[158661.19646119076,6225094.070578524]]},"properties":{"type":"artcc-low","section":"FIZ LFPM SIV 6 Seine","uuid":"artcc-low-fiz-lfpm-siv-6-seine","lineStyle":{"color":[126,126,126]}}},{"type":"Feature","geometry":{"type":"LineString","coordinates":[[130243.80422813009,6217740.714480065],[134201.83056744645,6120776.033657085]]},"properties":{"type":"artcc-low","section":"FIZ LFPM SIV 7 Seine","uuid":"artcc-low-fiz-lfpm-siv-7-seine","lineStyle":{"color":[126,126,126]}}},{"type":"Feature","geometry":{"type":"LineString","coordinates":[[134201.83056744645,6120776.033657085],[156187.429999118,6107132.113311626]]},"properties":{"type":"artcc-low","section":"FIZ LFPM SIV 7 Seine","uuid":"artcc-low-fiz-lfpm-siv-7-seine","lineStyle":{"color":[126,126,126]}}},{"type":"Feature","geometry":{"type":"LineString","coordinates":[[156187.429999118,6107132.113311626],[167566.75572465264,6108333.756691368]]},"properties":{"type":"artcc-low","section":"FIZ LFPM SIV 7 Seine","uuid":"artcc-low-fiz-lfpm-siv-7-seine","lineStyle":{"color":[126,126,126]}}},{"type":"Feature","geometry":{"type":"LineString","coordinates":[[167566.75572465264,6108333.756691368],[160238.2225807621,6090972.492237729]]},"properties":{"type":"artcc-low","section":"FIZ LFPM SIV 7 Seine","uuid":"artcc-low-fiz-lfpm-siv-7-seine","lineStyle":{"color":[126,126,126]}}},{"type":"Feature","geometry":{"type":"LineString","coordinates":[[160238.2225807621,6090972.492237729],[114349.8547093127,6081659.893228031]]},"properties":{"type":"artcc-low","section":"FIZ LFPM SIV 7 Seine","uuid":"artcc-low-fiz-lfpm-siv-7-seine","lineStyle":{"color":[126,126,126]}}},{"type":"Feature","geometry":{"type":"LineString","coordinates":[[114349.8547093127,6081659.893228031],[82469.18942935015,6095771.034496901]]},"properties":{"type":"artcc-low","section":"FIZ LFPM SIV 7 Seine","uuid":"artcc-low-fiz-lfpm-siv-7-seine","lineStyle":{"color":[126,126,126]}}},{"type":"Feature","geometry":{"type":"LineString","coordinates":[[82469.18942935015,6095771.034496901],[67812.12314156914,6151612.605445971]]},"properties":{"type":"artcc-low","section":"FIZ LFPM SIV 7 Seine","uuid":"artcc-low-fiz-lfpm-siv-7-seine","lineStyle":{"color":[126,126,126]}}},{"type":"Feature","geometry":{"type":"LineString","coordinates":[[67812.12314156914,6151612.605445971],[57576.91440474317,6165606.853095797]]},"properties":{"type":"artcc-low","section":"FIZ LFPM SIV 7 Seine","uuid":"artcc-low-fiz-lfpm-siv-7-seine","lineStyle":{"color":[126,126,126]}}},{"type":"Feature","geometry":{"type":"LineString","coordinates":[[57576.91440474317,6165606.853095797],[123131.72564967096,6216149.10623286]]},"properties":{"type":"artcc-low","section":"FIZ LFPM SIV 7 Seine","uuid":"artcc-low-fiz-lfpm-siv-7-seine","lineStyle":{"color":[126,126,126]}}},{"type":"Feature","geometry":{"type":"LineString","coordinates":[[123131.72564967096,6216149.10623286],[130243.80422813009,6217740.714480065]]},"properties":{"type":"artcc-low","section":"FIZ LFPM SIV 7 Seine","uuid":"artcc-low-fiz-lfpm-siv-7-seine","lineStyle":{"color":[126,126,126]}}},{"type":"Feature","geometry":{"type":"LineString","coordinates":[[57576.91440474317,6165606.853095797],[67812.12314156914,6151612.605445971]]},"properties":{"type":"artcc-low","section":"FIZ LFPM SIV 8 Seine","uuid":"artcc-low-fiz-lfpm-siv-8-seine","lineStyle":{"color":[126,126,126]}}},{"type":"Feature","geometry":{"type":"LineString","coordinates":[[67812.12314156914,6151612.605445971],[82469.18942935015,6095771.034496901]]},"properties":{"type":"artcc-low","section":"FIZ LFPM SIV 8 Seine","uuid":"artcc-low-fiz-lfpm-siv-8-seine","lineStyle":{"color":[126,126,126]}}},{"type":"Feature","geometry":{"type":"LineString","coordinates":[[82469.18942935015,6095771.034496901],[114349.8547093127,6081659.893228031]]},"properties":{"type":"artcc-low","section":"FIZ LFPM SIV 8 Seine","uuid":"artcc-low-fiz-lfpm-siv-8-seine","lineStyle":{"color":[126,126,126]}}},{"type":"Feature","geometry":{"type":"LineString","coordinates":[[114349.8547093127,6081659.893228031],[160238.2225807621,6090972.492237729]]},"properties":{"type":"artcc-low","section":"FIZ LFPM SIV 8 Seine","uuid":"artcc-low-fiz-lfpm-siv-8-seine","lineStyle":{"color":[126,126,126]}}},{"type":"Feature","geometry":{"type":"LineString","coordinates":[[160238.2225807621,6090972.492237729],[167566.75572465264,6108333.756691368]]},"properties":{"type":"artcc-low","section":"FIZ LFPM SIV 8 Seine","uuid":"artcc-low-fiz-lfpm-siv-8-seine","lineStyle":{"color":[126,126,126]}}},{"type":"Feature","geometry":{"type":"LineString","coordinates":[[167566.75572465264,6108333.756691368],[177523.66573449544,6109350.6632998055]]},"properties":{"type":"artcc-low","section":"FIZ LFPM SIV 8 Seine","uuid":"artcc-low-fiz-lfpm-siv-8-seine","lineStyle":{"color":[126,126,126]}}},{"type":"Feature","geometry":{"type":"LineString","coordinates":[[177523.66573449544,6109350.6632998055],[194901.87513055647,6116703.710581369]]},"properties":{"type":"artcc-low","section":"FIZ LFPM SIV 8 Seine","uuid":"artcc-low-fiz-lfpm-siv-8-seine","lineStyle":{"color":[126,126,126]}}},{"type":"Feature","geometry":{"type":"LineString","coordinates":[[194901.87513055647,6116703.710581369],[190943.84879124007,6099140.843507373]]},"properties":{"type":"artcc-low","section":"FIZ LFPM SIV 8 Seine","uuid":"artcc-low-fiz-lfpm-siv-8-seine","lineStyle":{"color":[126,126,126]}}},{"type":"Feature","geometry":{"type":"LineString","coordinates":[[190943.84879124007,6099140.843507373],[184295.60142441955,6050246.648003895]]},"properties":{"type":"artcc-low","section":"FIZ LFPM SIV 8 Seine","uuid":"artcc-low-fiz-lfpm-siv-8-seine","lineStyle":{"color":[126,126,126]}}},{"type":"Feature","geometry":{"type":"LineString","coordinates":[[184295.60142441955,6050246.648003895],[181852.75704312275,6032360.5446449695]]},"properties":{"type":"artcc-low","section":"FIZ LFPM SIV 8 Seine","uuid":"artcc-low-fiz-lfpm-siv-8-seine","lineStyle":{"color":[126,126,126]}}},{"type":"Feature","geometry":{"type":"LineString","coordinates":[[181852.75704312275,6032360.5446449695],[163268.58649680123,5969320.871819044]]},"properties":{"type":"artcc-low","section":"FIZ LFPM SIV 8 Seine","uuid":"artcc-low-fiz-lfpm-siv-8-seine","lineStyle":{"color":[126,126,126]}}},{"type":"Feature","geometry":{"type":"LineString","coordinates":[[163268.58649680123,5969320.871819044],[33395.84723798207,5969320.871819044]]},"properties":{"type":"artcc-low","section":"FIZ LFPM SIV 8 Seine","uuid":"artcc-low-fiz-lfpm-siv-8-seine","lineStyle":{"color":[126,126,126]}}},{"type":"Feature","geometry":{"type":"LineString","coordinates":[[33395.84723798207,5969320.871819044],[25634.40496322883,6022927.933310749]]},"properties":{"type":"artcc-low","section":"FIZ LFPM SIV 8 Seine","uuid":"artcc-low-fiz-lfpm-siv-8-seine","lineStyle":{"color":[126,126,126]}}},{"type":"Feature","geometry":{"type":"LineString","coordinates":[[25634.40496322883,6022927.933310749],[23377.09306658745,6038410.157081994]]},"properties":{"type":"artcc-low","section":"FIZ LFPM SIV 8 Seine","uuid":"artcc-low-fiz-lfpm-siv-8-seine","lineStyle":{"color":[126,126,126]}}},{"type":"Feature","geometry":{"type":"LineString","coordinates":[[23377.09306658745,6038410.157081994],[54515.62840792815,6163234.120549963]]},"properties":{"type":"artcc-low","section":"FIZ LFPM SIV 8 Seine","uuid":"artcc-low-fiz-lfpm-siv-8-seine","lineStyle":{"color":[126,126,126]}}},{"type":"Feature","geometry":{"type":"LineString","coordinates":[[54515.62840792815,6163234.120549963],[57576.91440474317,6165606.853095797]]},"properties":{"type":"artcc-low","section":"FIZ LFPM SIV 8 Seine","uuid":"artcc-low-fiz-lfpm-siv-8-seine","lineStyle":{"color":[126,126,126]}}},{"type":"Feature","geometry":{"type":"LineString","coordinates":[[193634.06981874423,6238881.208181582],[221154.7217093035,6240758.742436749]]},"properties":{"type":"artcc-low","section":"FIZ LFPN SIV 1 Chevreuse","uuid":"artcc-low-fiz-lfpn-siv-1-chevreuse","lineStyle":{"color":[126,126,126]}}},{"type":"Feature","geometry":{"type":"LineString","coordinates":[[221154.7217093035,6240758.742436749],[221185.6437900794,6240289.319888932]]},"properties":{"type":"artcc-low","section":"FIZ LFPN SIV 1 Chevreuse","uuid":"artcc-low-fiz-lfpn-siv-1-chevreuse","lineStyle":{"color":[126,126,126]}}},{"type":"Feature","geometry":{"type":"LineString","coordinates":[[221185.6437900794,6240289.319888932],[221371.17627473487,6234376.821462942]]},"properties":{"type":"artcc-low","section":"FIZ LFPN SIV 1 Chevreuse","uuid":"artcc-low-fiz-lfpn-siv-1-chevreuse","lineStyle":{"color":[126,126,126]}}},{"type":"Feature","geometry":{"type":"LineString","coordinates":[[221371.17627473487,6234376.821462942],[221402.09835551077,6233251.0984839015]]},"properties":{"type":"artcc-low","section":"FIZ LFPN SIV 1 Chevreuse","uuid":"artcc-low-fiz-lfpn-siv-1-chevreuse","lineStyle":{"color":[126,126,126]}}},{"type":"Feature","geometry":{"type":"LineString","coordinates":[[221402.09835551077,6233251.0984839015],[221989.61789025305,6216336.338786163]]},"properties":{"type":"artcc-low","section":"FIZ LFPN SIV 1 Chevreuse","uuid":"artcc-low-fiz-lfpn-siv-1-chevreuse","lineStyle":{"color":[126,126,126]}}},{"type":"Feature","geometry":{"type":"LineString","coordinates":[[221989.61789025305,6216336.338786163],[222546.21534421944,6212873.204234155]]},"properties":{"type":"artcc-low","section":"FIZ LFPN SIV 1 Chevreuse","uuid":"artcc-low-fiz-lfpn-siv-1-chevreuse","lineStyle":{"color":[126,126,126]}}},{"type":"Feature","geometry":{"type":"LineString","coordinates":[[222546.21534421944,6212873.204234155],[207023.33079471294,6206652.466847513]]},"properties":{"type":"artcc-low","section":"FIZ LFPN SIV 1 Chevreuse","uuid":"artcc-low-fiz-lfpn-siv-1-chevreuse","lineStyle":{"color":[126,126,126]}}},{"type":"Feature","geometry":{"type":"LineString","coordinates":[[207023.33079471294,6206652.466847513],[192737.32947624286,6233016.591666058]]},"properties":{"type":"artcc-low","section":"FIZ LFPN SIV 1 Chevreuse","uuid":"artcc-low-fiz-lfpn-siv-1-chevreuse","lineStyle":{"color":[126,126,126]}}},{"type":"Feature","geometry":{"type":"LineString","coordinates":[[192737.32947624286,6233016.591666058],[193634.06981874423,6238881.208181582]]},"properties":{"type":"artcc-low","section":"FIZ LFPN SIV 1 Chevreuse","uuid":"artcc-low-fiz-lfpn-siv-1-chevreuse","lineStyle":{"color":[126,126,126]}}},{"type":"Feature","geometry":{"type":"LineString","coordinates":[[221371.17627473487,6234376.821462942],[231606.38501156087,6234517.547340663]]},"properties":{"type":"artcc-low","section":"FIZ LFPN SIV 2 Chevreuse","uuid":"artcc-low-fiz-lfpn-siv-2-chevreuse","lineStyle":{"color":[126,126,126]}}},{"type":"Feature","geometry":{"type":"LineString","coordinates":[[231606.38501156087,6234517.547340663],[235688.09967398088,6233954.657837974]]},"properties":{"type":"artcc-low","section":"FIZ LFPN SIV 2 Chevreuse","uuid":"artcc-low-fiz-lfpn-siv-2-chevreuse","lineStyle":{"color":[126,126,126]}}},{"type":"Feature","geometry":{"type":"LineString","coordinates":[[235688.09967398088,6233954.657837974],[239244.13896321043,6235033.5622026315]]},"properties":{"type":"artcc-low","section":"FIZ LFPN SIV 2 Chevreuse","uuid":"artcc-low-fiz-lfpn-siv-2-chevreuse","lineStyle":{"color":[126,126,126]}}},{"type":"Feature","geometry":{"type":"LineString","coordinates":[[239244.13896321043,6235033.5622026315],[241099.46380976497,6225515.793599887]]},"properties":{"type":"artcc-low","section":"FIZ LFPN SIV 2 Chevreuse","uuid":"artcc-low-fiz-lfpn-siv-2-chevreuse","lineStyle":{"color":[126,126,126]}}},{"type":"Feature","geometry":{"type":"LineString","coordinates":[[241099.46380976497,6225515.793599887],[235533.48927010133,6217553.450973153]]},"properties":{"type":"artcc-low","section":"FIZ LFPN SIV 2 Chevreuse","uuid":"artcc-low-fiz-lfpn-siv-2-chevreuse","lineStyle":{"color":[126,126,126]}}},{"type":"Feature","geometry":{"type":"LineString","coordinates":[[235533.48927010133,6217553.450973153],[236151.9308856195,6208850.252503043]]},"properties":{"type":"artcc-low","section":"FIZ LFPN SIV 2 Chevreuse","uuid":"artcc-low-fiz-lfpn-siv-2-chevreuse","lineStyle":{"color":[126,126,126]}}},{"type":"Feature","geometry":{"type":"LineString","coordinates":[[236151.9308856195,6208850.252503043],[224030.47522146307,6203707.389554993]]},"properties":{"type":"artcc-low","section":"FIZ LFPN SIV 2 Chevreuse","uuid":"artcc-low-fiz-lfpn-siv-2-chevreuse","lineStyle":{"color":[126,126,126]}}},{"type":"Feature","geometry":{"type":"LineString","coordinates":[[224030.47522146307,6203707.389554993],[222546.21534421944,6212873.204234155]]},"properties":{"type":"artcc-low","section":"FIZ LFPN SIV 2 Chevreuse","uuid":"artcc-low-fiz-lfpn-siv-2-chevreuse","lineStyle":{"color":[126,126,126]}}},{"type":"Feature","geometry":{"type":"LineString","coordinates":[[222546.21534421944,6212873.204234155],[221989.61789025305,6216336.338786163]]},"properties":{"type":"artcc-low","section":"FIZ LFPN SIV 2 Chevreuse","uuid":"artcc-low-fiz-lfpn-siv-2-chevreuse","lineStyle":{"color":[126,126,126]}}},{"type":"Feature","geometry":{"type":"LineString","coordinates":[[221989.61789025305,6216336.338786163],[221371.17627473487,6234376.821462942]]},"properties":{"type":"artcc-low","section":"FIZ LFPN SIV 2 Chevreuse","uuid":"artcc-low-fiz-lfpn-siv-2-chevreuse","lineStyle":{"color":[126,126,126]}}},{"type":"Feature","geometry":{"type":"LineString","coordinates":[[207023.33079471294,6206652.466847513],[222546.21534421944,6212873.204234155]]},"properties":{"type":"artcc-low","section":"FIZ LFPN SIV 3 Chevreuse","uuid":"artcc-low-fiz-lfpn-siv-3-chevreuse","lineStyle":{"color":[126,126,126]}}},{"type":"Feature","geometry":{"type":"LineString","coordinates":[[222546.21534421944,6212873.204234155],[224030.47522146307,6203707.389554993]]},"properties":{"type":"artcc-low","section":"FIZ LFPN SIV 3 Chevreuse","uuid":"artcc-low-fiz-lfpn-siv-3-chevreuse","lineStyle":{"color":[126,126,126]}}},{"type":"Feature","geometry":{"type":"LineString","coordinates":[[224030.47522146307,6203707.389554993],[211507.03250721976,6198380.792599609]]},"properties":{"type":"artcc-low","section":"FIZ LFPN SIV 3 Chevreuse","uuid":"artcc-low-fiz-lfpn-siv-3-chevreuse","lineStyle":{"color":[126,126,126]}}},{"type":"Feature","geometry":{"type":"LineString","coordinates":[[211507.03250721976,6198380.792599609],[207023.33079471294,6206652.466847513]]},"properties":{"type":"artcc-low","section":"FIZ LFPN SIV 3 Chevreuse","uuid":"artcc-low-fiz-lfpn-siv-3-chevreuse","lineStyle":{"color":[126,126,126]}}},{"type":"Feature","geometry":{"type":"LineString","coordinates":[[462965.3933769144,6446275.841017158],[396111.85473939846,6446275.841017158]]},"properties":{"type":"artcc-low","section":"FIZ LFQQ SIV 1 Lille","uuid":"artcc-low-fiz-lfqq-siv-1-lille","lineStyle":{"color":[126,126,126]}}},{"type":"Feature","geometry":{"type":"LineString","coordinates":[[396111.85473939846,6446275.841017158],[338813.2390616384,6466987.2685912335]]},"properties":{"type":"artcc-low","section":"FIZ LFQQ SIV 1 Lille","uuid":"artcc-low-fiz-lfqq-siv-1-lille","lineStyle":{"color":[126,126,126]}}},{"type":"Feature","geometry":{"type":"LineString","coordinates":[[338813.2390616384,6466987.2685912335],[262683.07619134977,6463130.072623022]]},"properties":{"type":"artcc-low","section":"FIZ LFQQ SIV 1 Lille","uuid":"artcc-low-fiz-lfqq-siv-1-lille","lineStyle":{"color":[126,126,126]}}},{"type":"Feature","geometry":{"type":"LineString","coordinates":[[262683.07619134977,6463130.072623022],[285039.74059233215,6507160.227289004]]},"properties":{"type":"artcc-low","section":"FIZ LFQQ SIV 1 Lille","uuid":"artcc-low-fiz-lfqq-siv-1-lille","lineStyle":{"color":[126,126,126]}}},{"type":"Feature","geometry":{"type":"LineString","coordinates":[[285039.74059233215,6507160.227289004],[288286.55907380267,6513559.444123052]]},"properties":{"type":"artcc-low","section":"FIZ LFQQ SIV 1 Lille","uuid":"artcc-low-fiz-lfqq-siv-1-lille","lineStyle":{"color":[126,126,126]}}},{"type":"Feature","geometry":{"type":"LineString","coordinates":[[288286.55907380267,6513559.444123052],[297037.5079333849,6530842.643669999]]},"properties":{"type":"artcc-low","section":"FIZ LFQQ SIV 1 Lille","uuid":"artcc-low-fiz-lfqq-siv-1-lille","lineStyle":{"color":[126,126,126]}}},{"type":"Feature","geometry":{"type":"LineString","coordinates":[[297037.5079333849,6530842.643669999],[303716.6773809814,6544023.496747031]]},"properties":{"type":"artcc-low","section":"FIZ LFQQ SIV 1 Lille","uuid":"artcc-low-fiz-lfqq-siv-1-lille","lineStyle":{"color":[126,126,126]}}},{"type":"Feature","geometry":{"type":"LineString","coordinates":[[303716.6773809814,6544023.496747031],[317105.9383569501,6561077.930949931]]},"properties":{"type":"artcc-low","section":"FIZ LFQQ SIV 1 Lille","uuid":"artcc-low-fiz-lfqq-siv-1-lille","lineStyle":{"color":[126,126,126]}}},{"type":"Feature","geometry":{"type":"LineString","coordinates":[[317105.9383569501,6561077.930949931],[321991.62711954385,6567323.796449243]]},"properties":{"type":"artcc-low","section":"FIZ LFQQ SIV 1 Lille","uuid":"artcc-low-fiz-lfqq-siv-1-lille","lineStyle":{"color":[126,126,126]}}},{"type":"Feature","geometry":{"type":"LineString","coordinates":[[321991.62711954385,6567323.796449243],[322393.61416963063,6567811.954030686]]},"properties":{"type":"artcc-low","section":"FIZ LFQQ SIV 1 Lille","uuid":"artcc-low-fiz-lfqq-siv-1-lille","lineStyle":{"color":[126,126,126]}}},{"type":"Feature","geometry":{"type":"LineString","coordinates":[[222638.98158654713,6641956.709212495],[283864.7015228476,6636047.6834171275]]},"properties":{"type":"artcc-low","section":"FIZ LFQQ SIV 2 Lille","uuid":"artcc-low-fiz-lfqq-siv-2-lille","lineStyle":{"color":[126,126,126]}}},{"type":"Feature","geometry":{"type":"LineString","coordinates":[[322393.61416963063,6567811.954030686],[321991.62711954385,6567323.796449243]]},"properties":{"type":"artcc-low","section":"FIZ LFQQ SIV 2 Lille","uuid":"artcc-low-fiz-lfqq-siv-2-lille","lineStyle":{"color":[126,126,126]}}},{"type":"Feature","geometry":{"type":"LineString","coordinates":[[321991.62711954385,6567323.796449243],[317105.9383569501,6561077.930949931]]},"properties":{"type":"artcc-low","section":"FIZ LFQQ SIV 2 Lille","uuid":"artcc-low-fiz-lfqq-siv-2-lille","lineStyle":{"color":[126,126,126]}}},{"type":"Feature","geometry":{"type":"LineString","coordinates":[[317105.9383569501,6561077.930949931],[303716.6773809814,6544023.496747031]]},"properties":{"type":"artcc-low","section":"FIZ LFQQ SIV 2 Lille","uuid":"artcc-low-fiz-lfqq-siv-2-lille","lineStyle":{"color":[126,126,126]}}},{"type":"Feature","geometry":{"type":"LineString","coordinates":[[303716.6773809814,6544023.496747031],[297037.5079333849,6530842.643669999]]},"properties":{"type":"artcc-low","section":"FIZ LFQQ SIV 2 Lille","uuid":"artcc-low-fiz-lfqq-siv-2-lille","lineStyle":{"color":[126,126,126]}}},{"type":"Feature","geometry":{"type":"LineString","coordinates":[[297037.5079333849,6530842.643669999],[288286.55907380267,6513559.444123052]]},"properties":{"type":"artcc-low","section":"FIZ LFQQ SIV 2 Lille","uuid":"artcc-low-fiz-lfqq-siv-2-lille","lineStyle":{"color":[126,126,126]}}},{"type":"Feature","geometry":{"type":"LineString","coordinates":[[288286.55907380267,6513559.444123052],[285039.74059233215,6507160.227289004]]},"properties":{"type":"artcc-low","section":"FIZ LFQQ SIV 2 Lille","uuid":"artcc-low-fiz-lfqq-siv-2-lille","lineStyle":{"color":[126,126,126]}}},{"type":"Feature","geometry":{"type":"LineString","coordinates":[[285039.74059233215,6507160.227289004],[262683.07619134977,6463130.072623022]]},"properties":{"type":"artcc-low","section":"FIZ LFQQ SIV 2 Lille","uuid":"artcc-low-fiz-lfqq-siv-2-lille","lineStyle":{"color":[126,126,126]}}},{"type":"Feature","geometry":{"type":"LineString","coordinates":[[262683.07619134977,6463130.072623022],[240233.64554803952,6418229.063877102]]},"properties":{"type":"artcc-low","section":"FIZ LFQQ SIV 2 Lille","uuid":"artcc-low-fiz-lfqq-siv-2-lille","lineStyle":{"color":[126,126,126]}}},{"type":"Feature","geometry":{"type":"LineString","coordinates":[[240233.64554803952,6418229.063877102],[175853.8733725963,6418804.419319288]]},"properties":{"type":"artcc-low","section":"FIZ LFQQ SIV 2 Lille","uuid":"artcc-low-fiz-lfqq-siv-2-lille","lineStyle":{"color":[126,126,126]}}},{"type":"Feature","geometry":{"type":"LineString","coordinates":[[175853.8733725963,6418804.419319288],[161691.56037722985,6437428.997523183]]},"properties":{"type":"artcc-low","section":"FIZ LFQQ SIV 2 Lille","uuid":"artcc-low-fiz-lfqq-siv-2-lille","lineStyle":{"color":[126,126,126]}}},{"type":"Feature","geometry":{"type":"LineString","coordinates":[[161691.56037722985,6437428.997523183],[154517.6376372189,6445842.896312947]]},"properties":{"type":"artcc-low","section":"FIZ LFQQ SIV 2 Lille","uuid":"artcc-low-fiz-lfqq-siv-2-lille","lineStyle":{"color":[126,126,126]}}},{"type":"Feature","geometry":{"type":"LineString","coordinates":[[154517.6376372189,6445842.896312947],[91436.59285436386,6519575.338417875]]},"properties":{"type":"artcc-low","section":"FIZ LFQQ SIV 2 Lille","uuid":"artcc-low-fiz-lfqq-siv-2-lille","lineStyle":{"color":[126,126,126]}}},{"type":"Feature","geometry":{"type":"LineString","coordinates":[[91436.59285436386,6519575.338417875],[163268.58649680123,6562541.381238562]]},"properties":{"type":"artcc-low","section":"FIZ LFQQ SIV 2 Lille","uuid":"artcc-low-fiz-lfqq-siv-2-lille","lineStyle":{"color":[126,126,126]}}},{"type":"Feature","geometry":{"type":"LineString","coordinates":[[163268.58649680123,6562541.381238562],[163268.58649680123,6621293.722740169]]},"properties":{"type":"artcc-low","section":"FIZ LFQQ SIV 2 Lille","uuid":"artcc-low-fiz-lfqq-siv-2-lille","lineStyle":{"color":[126,126,126]}}},{"type":"Feature","geometry":{"type":"LineString","coordinates":[[163268.58649680123,6621293.722740169],[222638.98158654713,6641956.709212495]]},"properties":{"type":"artcc-low","section":"FIZ LFQQ SIV 2 Lille","uuid":"artcc-low-fiz-lfqq-siv-2-lille","lineStyle":{"color":[126,126,126]}}},{"type":"Feature","geometry":{"type":"LineString","coordinates":[[338813.2390616384,6466987.2685912335],[396111.85473939846,6446275.841017158]]},"properties":{"type":"artcc-low","section":"FIZ LFQQ SIV 3 Lille","uuid":"artcc-low-fiz-lfqq-siv-3-lille","lineStyle":{"color":[126,126,126]}}},{"type":"Feature","geometry":{"type":"LineString","coordinates":[[396111.85473939846,6446275.841017158],[382629.82752110204,6414969.465313099]]},"properties":{"type":"artcc-low","section":"FIZ LFQQ SIV 3 Lille","uuid":"artcc-low-fiz-lfqq-siv-3-lille","lineStyle":{"color":[126,126,126]}}},{"type":"Feature","geometry":{"type":"LineString","coordinates":[[382629.82752110204,6414969.465313099],[240233.64554803952,6418229.063877102]]},"properties":{"type":"artcc-low","section":"FIZ LFQQ SIV 3 Lille","uuid":"artcc-low-fiz-lfqq-siv-3-lille","lineStyle":{"color":[126,126,126]}}},{"type":"Feature","geometry":{"type":"LineString","coordinates":[[240233.64554803952,6418229.063877102],[262683.07619134977,6463130.072623022]]},"properties":{"type":"artcc-low","section":"FIZ LFQQ SIV 3 Lille","uuid":"artcc-low-fiz-lfqq-siv-3-lille","lineStyle":{"color":[126,126,126]}}},{"type":"Feature","geometry":{"type":"LineString","coordinates":[[262683.07619134977,6463130.072623022],[338813.2390616384,6466987.2685912335]]},"properties":{"type":"artcc-low","section":"FIZ LFQQ SIV 3 Lille","uuid":"artcc-low-fiz-lfqq-siv-3-lille","lineStyle":{"color":[126,126,126]}}},{"type":"Feature","geometry":{"type":"LineString","coordinates":[[175853.8733725963,6418804.419319288],[240233.64554803952,6418229.063877102]]},"properties":{"type":"artcc-low","section":"FIZ LFQQ SIV 4 Lille","uuid":"artcc-low-fiz-lfqq-siv-4-lille","lineStyle":{"color":[126,126,126]}}},{"type":"Feature","geometry":{"type":"LineString","coordinates":[[240233.64554803952,6418229.063877102],[229874.7484881099,6397351.322940286]]},"properties":{"type":"artcc-low","section":"FIZ LFQQ SIV 4 Lille","uuid":"artcc-low-fiz-lfqq-siv-4-lille","lineStyle":{"color":[126,126,126]}}},{"type":"Feature","geometry":{"type":"LineString","coordinates":[[229874.7484881099,6397351.322940286],[197994.08320814744,6397351.322940286]]},"properties":{"type":"artcc-low","section":"FIZ LFQQ SIV 4 Lille","uuid":"artcc-low-fiz-lfqq-siv-4-lille","lineStyle":{"color":[126,126,126]}}},{"type":"Feature","geometry":{"type":"LineString","coordinates":[[197994.08320814744,6397351.322940286],[191098.45919511962,6398594.864247596]]},"properties":{"type":"artcc-low","section":"FIZ LFQQ SIV 4 Lille","uuid":"artcc-low-fiz-lfqq-siv-4-lille","lineStyle":{"color":[126,126,126]}}},{"type":"Feature","geometry":{"type":"LineString","coordinates":[[191098.45919511962,6398594.864247596],[183553.47148579775,6408693.529621231]]},"properties":{"type":"artcc-low","section":"FIZ LFQQ SIV 4 Lille","uuid":"artcc-low-fiz-lfqq-siv-4-lille","lineStyle":{"color":[126,126,126]}}},{"type":"Feature","geometry":{"type":"LineString","coordinates":[[183553.47148579775,6408693.529621231],[175853.8733725963,6418804.419319288]]},"properties":{"type":"artcc-low","section":"FIZ LFQQ SIV 4 Lille","uuid":"artcc-low-fiz-lfqq-siv-4-lille","lineStyle":{"color":[126,126,126]}}},{"type":"Feature","geometry":{"type":"LineString","coordinates":[[240233.64554803952,6418229.063877102],[382629.82752110204,6414969.465313099]]},"properties":{"type":"artcc-low","section":"FIZ LFQQ SIV 5 Lille","uuid":"artcc-low-fiz-lfqq-siv-5-lille","lineStyle":{"color":[126,126,126]}}},{"type":"Feature","geometry":{"type":"LineString","coordinates":[[382629.82752110204,6414969.465313099],[380001.45065514965,6408837.200584475]]},"properties":{"type":"artcc-low","section":"FIZ LFQQ SIV 5 Lille","uuid":"artcc-low-fiz-lfqq-siv-5-lille","lineStyle":{"color":[126,126,126]}}},{"type":"Feature","geometry":{"type":"LineString","coordinates":[[380001.45065514965,6408837.200584475],[355665.77308450907,6408837.200584475]]},"properties":{"type":"artcc-low","section":"FIZ LFQQ SIV 5 Lille","uuid":"artcc-low-fiz-lfqq-siv-5-lille","lineStyle":{"color":[126,126,126]}}},{"type":"Feature","geometry":{"type":"LineString","coordinates":[[355665.77308450907,6408837.200584475],[322208.0816849751,6408837.200584475]]},"properties":{"type":"artcc-low","section":"FIZ LFQQ SIV 5 Lille","uuid":"artcc-low-fiz-lfqq-siv-5-lille","lineStyle":{"color":[126,126,126]}}},{"type":"Feature","geometry":{"type":"LineString","coordinates":[[322208.0816849751,6408837.200584475],[309777.4052130596,6390037.304209482]]},"properties":{"type":"artcc-low","section":"FIZ LFQQ SIV 5 Lille","uuid":"artcc-low-fiz-lfqq-siv-5-lille","lineStyle":{"color":[126,126,126]}}},{"type":"Feature","geometry":{"type":"LineString","coordinates":[[309777.4052130596,6390037.304209482],[297068.4300141608,6397351.322940286]]},"properties":{"type":"artcc-low","section":"FIZ LFQQ SIV 5 Lille","uuid":"artcc-low-fiz-lfqq-siv-5-lille","lineStyle":{"color":[126,126,126]}}},{"type":"Feature","geometry":{"type":"LineString","coordinates":[[297068.4300141608,6397351.322940286],[264383.7906340247,6397351.322940286]]},"properties":{"type":"artcc-low","section":"FIZ LFQQ SIV 5 Lille","uuid":"artcc-low-fiz-lfqq-siv-5-lille","lineStyle":{"color":[126,126,126]}}},{"type":"Feature","geometry":{"type":"LineString","coordinates":[[264383.7906340247,6397351.322940286],[229874.7484881099,6397351.322940286]]},"properties":{"type":"artcc-low","section":"FIZ LFQQ SIV 5 Lille","uuid":"artcc-low-fiz-lfqq-siv-5-lille","lineStyle":{"color":[126,126,126]}}},{"type":"Feature","geometry":{"type":"LineString","coordinates":[[229874.7484881099,6397351.322940286],[240233.64554803952,6418229.063877102]]},"properties":{"type":"artcc-low","section":"FIZ LFQQ SIV 5 Lille","uuid":"artcc-low-fiz-lfqq-siv-5-lille","lineStyle":{"color":[126,126,126]}}},{"type":"Feature","geometry":{"type":"LineString","coordinates":[[-535384.9065540939,6217553.450973153],[-593703.950897459,6198707.768266244]]},"properties":{"type":"artcc-low","section":"FIZ LFRB SIV Iroise 1","uuid":"artcc-low-fiz-lfrb-siv-iroise-1","lineStyle":{"color":[126,126,126]}}},{"type":"Feature","geometry":{"type":"LineString","coordinates":[[-593703.950897459,6198707.768266244],[-593703.950897459,6152541.7451147465]]},"properties":{"type":"artcc-low","section":"FIZ LFRB SIV Iroise 1","uuid":"artcc-low-fiz-lfrb-siv-iroise-1","lineStyle":{"color":[126,126,126]}}},{"type":"Feature","geometry":{"type":"LineString","coordinates":[[-593703.950897459,6152541.7451147465],[-464975.3286273485,6056216.927416052]]},"properties":{"type":"artcc-low","section":"FIZ LFRB SIV Iroise 1","uuid":"artcc-low-fiz-lfrb-siv-iroise-1","lineStyle":{"color":[126,126,126]}}},{"type":"Feature","geometry":{"type":"LineString","coordinates":[[-464975.3286273485,6056216.927416052],[-425642.44188039185,6055987.2248583445]]},"properties":{"type":"artcc-low","section":"FIZ LFRB SIV Iroise 1","uuid":"artcc-low-fiz-lfrb-siv-iroise-1","lineStyle":{"color":[126,126,126]}}},{"type":"Feature","geometry":{"type":"LineString","coordinates":[[-425642.44188039185,6055987.2248583445],[-426429.5634465426,6059446.687799709]]},"properties":{"type":"artcc-low","section":"FIZ LFRB SIV Iroise 1","uuid":"artcc-low-fiz-lfrb-siv-iroise-1","lineStyle":{"color":[126,126,126]}}},{"type":"Feature","geometry":{"type":"LineString","coordinates":[[-426429.5634465426,6059446.687799709],[-427100.47983313754,6067111.762976289]]},"properties":{"type":"artcc-low","section":"FIZ LFRB SIV Iroise 1","uuid":"artcc-low-fiz-lfrb-siv-iroise-1","lineStyle":{"color":[126,126,126]}}},{"type":"Feature","geometry":{"type":"LineString","coordinates":[[-427100.47983313754,6067111.762976289],[-426429.5634465426,6074783.71006281]]},"properties":{"type":"artcc-low","section":"FIZ LFRB SIV Iroise 1","uuid":"artcc-low-fiz-lfrb-siv-iroise-1","lineStyle":{"color":[126,126,126]}}},{"type":"Feature","geometry":{"type":"LineString","coordinates":[[-426429.5634465426,6074783.71006281],[-425364.14315340866,6079494.545552216]]},"properties":{"type":"artcc-low","section":"FIZ LFRB SIV Iroise 1","uuid":"artcc-low-fiz-lfrb-siv-iroise-1","lineStyle":{"color":[126,126,126]}}},{"type":"Feature","geometry":{"type":"LineString","coordinates":[[-425364.14315340866,6079494.545552216],[-404739.1152758772,6094940.325792169]]},"properties":{"type":"artcc-low","section":"FIZ LFRB SIV Iroise 1","uuid":"artcc-low-fiz-lfrb-siv-iroise-1","lineStyle":{"color":[126,126,126]}}},{"type":"Feature","geometry":{"type":"LineString","coordinates":[[-404739.1152758772,6094940.325792169],[-379506.6973627351,6136203.617603425]]},"properties":{"type":"artcc-low","section":"FIZ LFRB SIV Iroise 1","uuid":"artcc-low-fiz-lfrb-siv-iroise-1","lineStyle":{"color":[126,126,126]}}},{"type":"Feature","geometry":{"type":"LineString","coordinates":[[-379506.6973627351,6136203.617603425],[-402605.49170233944,6136018.136253144]]},"properties":{"type":"artcc-low","section":"FIZ LFRB SIV Iroise 1","uuid":"artcc-low-fiz-lfrb-siv-iroise-1","lineStyle":{"color":[126,126,126]}}},{"type":"Feature","geometry":{"type":"LineString","coordinates":[[-402605.49170233944,6136018.136253144],[-446422.08016180294,6153285.129589692]]},"properties":{"type":"artcc-low","section":"FIZ LFRB SIV Iroise 1","uuid":"artcc-low-fiz-lfrb-siv-iroise-1","lineStyle":{"color":[126,126,126]}}},{"type":"Feature","geometry":{"type":"LineString","coordinates":[[-446422.08016180294,6153285.129589692],[-459935.02946087526,6158537.124684777]]},"properties":{"type":"artcc-low","section":"FIZ LFRB SIV Iroise 1","uuid":"artcc-low-fiz-lfrb-siv-iroise-1","lineStyle":{"color":[126,126,126]}}},{"type":"Feature","geometry":{"type":"LineString","coordinates":[[-459935.02946087526,6158537.124684777],[-464789.796142693,6172496.1670697015]]},"properties":{"type":"artcc-low","section":"FIZ LFRB SIV Iroise 1","uuid":"artcc-low-fiz-lfrb-siv-iroise-1","lineStyle":{"color":[126,126,126]}}},{"type":"Feature","geometry":{"type":"LineString","coordinates":[[-464789.796142693,6172496.1670697015],[-485352.9798586727,6170912.994593727]]},"properties":{"type":"artcc-low","section":"FIZ LFRB SIV Iroise 1","uuid":"artcc-low-fiz-lfrb-siv-iroise-1","lineStyle":{"color":[126,126,126]}}},{"type":"Feature","geometry":{"type":"LineString","coordinates":[[-485352.9798586727,6170912.994593727],[-497227.05887662194,6173660.451962929]]},"properties":{"type":"artcc-low","section":"FIZ LFRB SIV Iroise 1","uuid":"artcc-low-fiz-lfrb-siv-iroise-1","lineStyle":{"color":[126,126,126]}}},{"type":"Feature","geometry":{"type":"LineString","coordinates":[[-497227.05887662194,6173660.451962929],[-502174.59180076746,6173660.451962929]]},"properties":{"type":"artcc-low","section":"FIZ LFRB SIV Iroise 1","uuid":"artcc-low-fiz-lfrb-siv-iroise-1","lineStyle":{"color":[126,126,126]}}},{"type":"Feature","geometry":{"type":"LineString","coordinates":[[-502174.59180076746,6173660.451962929],[-508977.44957146747,6165979.106286037]]},"properties":{"type":"artcc-low","section":"FIZ LFRB SIV Iroise 1","uuid":"artcc-low-fiz-lfrb-siv-iroise-1","lineStyle":{"color":[126,126,126]}}},{"type":"Feature","geometry":{"type":"LineString","coordinates":[[-508977.44957146747,6165979.106286037],[-519243.5803890694,6162489.869747093]]},"properties":{"type":"artcc-low","section":"FIZ LFRB SIV Iroise 1","uuid":"artcc-low-fiz-lfrb-siv-iroise-1","lineStyle":{"color":[126,126,126]}}},{"type":"Feature","geometry":{"type":"LineString","coordinates":[[-519243.5803890694,6162489.869747093],[-524964.1653326126,6161745.68381395]]},"properties":{"type":"artcc-low","section":"FIZ LFRB SIV Iroise 1","uuid":"artcc-low-fiz-lfrb-siv-iroise-1","lineStyle":{"color":[126,126,126]}}},{"type":"Feature","geometry":{"type":"LineString","coordinates":[[-524964.1653326126,6161745.68381395],[-535384.9065540939,6161745.68381395]]},"properties":{"type":"artcc-low","section":"FIZ LFRB SIV Iroise 1","uuid":"artcc-low-fiz-lfrb-siv-iroise-1","lineStyle":{"color":[126,126,126]}}},{"type":"Feature","geometry":{"type":"LineString","coordinates":[[-535384.9065540939,6161745.68381395],[-535384.9065540939,6217553.450973153]]},"properties":{"type":"artcc-low","section":"FIZ LFRB SIV Iroise 1","uuid":"artcc-low-fiz-lfrb-siv-iroise-1","lineStyle":{"color":[126,126,126]}}},{"type":"Feature","geometry":{"type":"LineString","coordinates":[[-339524.44691948436,6163373.674798606],[-379506.6973627351,6136203.617603425]]},"properties":{"type":"artcc-low","section":"FIZ LFRB SIV Iroise 2","uuid":"artcc-low-fiz-lfrb-siv-iroise-2","lineStyle":{"color":[126,126,126]}}},{"type":"Feature","geometry":{"type":"LineString","coordinates":[[-379506.6973627351,6136203.617603425],[-402605.49170233944,6136018.136253144]]},"properties":{"type":"artcc-low","section":"FIZ LFRB SIV Iroise 2","uuid":"artcc-low-fiz-lfrb-siv-iroise-2","lineStyle":{"color":[126,126,126]}}},{"type":"Feature","geometry":{"type":"LineString","coordinates":[[-402605.49170233944,6136018.136253144],[-446422.08016180294,6153285.129589692]]},"properties":{"type":"artcc-low","section":"FIZ LFRB SIV Iroise 2","uuid":"artcc-low-fiz-lfrb-siv-iroise-2","lineStyle":{"color":[126,126,126]}}},{"type":"Feature","geometry":{"type":"LineString","coordinates":[[-446422.08016180294,6153285.129589692],[-395184.19231612113,6181581.807771216]]},"properties":{"type":"artcc-low","section":"FIZ LFRB SIV Iroise 2","uuid":"artcc-low-fiz-lfrb-siv-iroise-2","lineStyle":{"color":[126,126,126]}}},{"type":"Feature","geometry":{"type":"LineString","coordinates":[[-395184.19231612113,6181581.807771216],[-339524.44691948436,6207260.308175252]]},"properties":{"type":"artcc-low","section":"FIZ LFRB SIV Iroise 2","uuid":"artcc-low-fiz-lfrb-siv-iroise-2","lineStyle":{"color":[126,126,126]}}},{"type":"Feature","geometry":{"type":"LineString","coordinates":[[-339524.44691948436,6207260.308175252],[-339524.44691948436,6163373.674798606]]},"properties":{"type":"artcc-low","section":"FIZ LFRB SIV Iroise 2","uuid":"artcc-low-fiz-lfrb-siv-iroise-2","lineStyle":{"color":[126,126,126]}}},{"type":"Feature","geometry":{"type":"LineString","coordinates":[[-535384.9065540939,6217553.450973153],[-535384.9065540939,6161745.68381395]]},"properties":{"type":"artcc-low","section":"FIZ LFRB SIV Iroise 3","uuid":"artcc-low-fiz-lfrb-siv-iroise-3","lineStyle":{"color":[126,126,126]}}},{"type":"Feature","geometry":{"type":"LineString","coordinates":[[-535384.9065540939,6161745.68381395],[-524964.1653326126,6161745.68381395]]},"properties":{"type":"artcc-low","section":"FIZ LFRB SIV Iroise 3","uuid":"artcc-low-fiz-lfrb-siv-iroise-3","lineStyle":{"color":[126,126,126]}}},{"type":"Feature","geometry":{"type":"LineString","coordinates":[[-524964.1653326126,6161745.68381395],[-519243.5803890694,6162489.869747093]]},"properties":{"type":"artcc-low","section":"FIZ LFRB SIV Iroise 3","uuid":"artcc-low-fiz-lfrb-siv-iroise-3","lineStyle":{"color":[126,126,126]}}},{"type":"Feature","geometry":{"type":"LineString","coordinates":[[-519243.5803890694,6162489.869747093],[-508977.44957146747,6165979.106286037]]},"properties":{"type":"artcc-low","section":"FIZ LFRB SIV Iroise 3","uuid":"artcc-low-fiz-lfrb-siv-iroise-3","lineStyle":{"color":[126,126,126]}}},{"type":"Feature","geometry":{"type":"LineString","coordinates":[[-508977.44957146747,6165979.106286037],[-502174.59180076746,6173660.451962929]]},"properties":{"type":"artcc-low","section":"FIZ LFRB SIV Iroise 3","uuid":"artcc-low-fiz-lfrb-siv-iroise-3","lineStyle":{"color":[126,126,126]}}},{"type":"Feature","geometry":{"type":"LineString","coordinates":[[-502174.59180076746,6173660.451962929],[-497227.05887662194,6173660.451962929]]},"properties":{"type":"artcc-low","section":"FIZ LFRB SIV Iroise 3","uuid":"artcc-low-fiz-lfrb-siv-iroise-3","lineStyle":{"color":[126,126,126]}}},{"type":"Feature","geometry":{"type":"LineString","coordinates":[[-497227.05887662194,6173660.451962929],[-485352.9798586727,6170912.994593727]]},"properties":{"type":"artcc-low","section":"FIZ LFRB SIV Iroise 3","uuid":"artcc-low-fiz-lfrb-siv-iroise-3","lineStyle":{"color":[126,126,126]}}},{"type":"Feature","geometry":{"type":"LineString","coordinates":[[-485352.9798586727,6170912.994593727],[-464789.796142693,6172496.1670697015]]},"properties":{"type":"artcc-low","section":"FIZ LFRB SIV Iroise 3","uuid":"artcc-low-fiz-lfrb-siv-iroise-3","lineStyle":{"color":[126,126,126]}}},{"type":"Feature","geometry":{"type":"LineString","coordinates":[[-464789.796142693,6172496.1670697015],[-459935.02946087526,6158537.124684777]]},"properties":{"type":"artcc-low","section":"FIZ LFRB SIV Iroise 3","uuid":"artcc-low-fiz-lfrb-siv-iroise-3","lineStyle":{"color":[126,126,126]}}},{"type":"Feature","geometry":{"type":"LineString","coordinates":[[-459935.02946087526,6158537.124684777],[-446422.08016180294,6153285.129589692]]},"properties":{"type":"artcc-low","section":"FIZ LFRB SIV Iroise 3","uuid":"artcc-low-fiz-lfrb-siv-iroise-3","lineStyle":{"color":[126,126,126]}}},{"type":"Feature","geometry":{"type":"LineString","coordinates":[[-446422.08016180294,6153285.129589692],[-395184.19231612113,6181581.807771216]]},"properties":{"type":"artcc-low","section":"FIZ LFRB SIV Iroise 3","uuid":"artcc-low-fiz-lfrb-siv-iroise-3","lineStyle":{"color":[126,126,126]}}},{"type":"Feature","geometry":{"type":"LineString","coordinates":[[-395184.19231612113,6181581.807771216],[-339524.44691948436,6207260.308175252]]},"properties":{"type":"artcc-low","section":"FIZ LFRB SIV Iroise 3","uuid":"artcc-low-fiz-lfrb-siv-iroise-3","lineStyle":{"color":[126,126,126]}}},{"type":"Feature","geometry":{"type":"LineString","coordinates":[[-339524.44691948436,6207260.308175252],[-339524.44691948436,6278632.881694434]]},"properties":{"type":"artcc-low","section":"FIZ LFRB SIV Iroise 3","uuid":"artcc-low-fiz-lfrb-siv-iroise-3","lineStyle":{"color":[126,126,126]}}},{"type":"Feature","geometry":{"type":"LineString","coordinates":[[-339524.44691948436,6278632.881694434],[-402605.49170233944,6258851.315149285]]},"properties":{"type":"artcc-low","section":"FIZ LFRB SIV Iroise 3","uuid":"artcc-low-fiz-lfrb-siv-iroise-3","lineStyle":{"color":[126,126,126]}}},{"type":"Feature","geometry":{"type":"LineString","coordinates":[[-402605.49170233944,6258851.315149285],[-535384.9065540939,6217553.450973153]]},"properties":{"type":"artcc-low","section":"FIZ LFRB SIV Iroise 3","uuid":"artcc-low-fiz-lfrb-siv-iroise-3","lineStyle":{"color":[126,126,126]}}},{"type":"Feature","geometry":{"type":"LineString","coordinates":[[-339524.44691948436,6163373.674798606],[-279628.37645654805,6098817.65382592]]},"properties":{"type":"artcc-low","section":"FIZ LFRB SIV Iroise 4","uuid":"artcc-low-fiz-lfrb-siv-iroise-4","lineStyle":{"color":[126,126,126]}}},{"type":"Feature","geometry":{"type":"LineString","coordinates":[[-279628.37645654805,6098817.65382592],[-381392.9442900656,6023110.992912328]]},"properties":{"type":"artcc-low","section":"FIZ LFRB SIV Iroise 4","uuid":"artcc-low-fiz-lfrb-siv-iroise-4","lineStyle":{"color":[126,126,126]}}},{"type":"Feature","geometry":{"type":"LineString","coordinates":[[-381392.9442900656,6023110.992912328],[-382939.01740678033,6023063.213982777]]},"properties":{"type":"artcc-low","section":"FIZ LFRB SIV Iroise 4","uuid":"artcc-low-fiz-lfrb-siv-iroise-4","lineStyle":{"color":[126,126,126]}}},{"type":"Feature","geometry":{"type":"LineString","coordinates":[[-382939.01740678033,6023063.213982777],[-390607.56975088274,6023730.724180493]]},"properties":{"type":"artcc-low","section":"FIZ LFRB SIV Iroise 4","uuid":"artcc-low-fiz-lfrb-siv-iroise-4","lineStyle":{"color":[126,126,126]}}},{"type":"Feature","geometry":{"type":"LineString","coordinates":[[-390607.56975088274,6023730.724180493],[-398043.1242163386,6025713.329455105]]},"properties":{"type":"artcc-low","section":"FIZ LFRB SIV Iroise 4","uuid":"artcc-low-fiz-lfrb-siv-iroise-4","lineStyle":{"color":[126,126,126]}}},{"type":"Feature","geometry":{"type":"LineString","coordinates":[[-398043.1242163386,6025713.329455105],[-405019.7331589185,6028951.574725168]]},"properties":{"type":"artcc-low","section":"FIZ LFRB SIV Iroise 4","uuid":"artcc-low-fiz-lfrb-siv-iroise-4","lineStyle":{"color":[126,126,126]}}},{"type":"Feature","geometry":{"type":"LineString","coordinates":[[-405019.7331589185,6028951.574725168],[-411325.4566369843,6033348.496154993]]},"properties":{"type":"artcc-low","section":"FIZ LFRB SIV Iroise 4","uuid":"artcc-low-fiz-lfrb-siv-iroise-4","lineStyle":{"color":[126,126,126]}}},{"type":"Feature","geometry":{"type":"LineString","coordinates":[[-411325.4566369843,6033348.496154993],[-416768.63959388685,6038772.122346479]]},"properties":{"type":"artcc-low","section":"FIZ LFRB SIV Iroise 4","uuid":"artcc-low-fiz-lfrb-siv-iroise-4","lineStyle":{"color":[126,126,126]}}},{"type":"Feature","geometry":{"type":"LineString","coordinates":[[-416768.63959388685,6038772.122346479],[-421183.9416637173,6045059.395899618]]},"properties":{"type":"artcc-low","section":"FIZ LFRB SIV Iroise 4","uuid":"artcc-low-fiz-lfrb-siv-iroise-4","lineStyle":{"color":[126,126,126]}}},{"type":"Feature","geometry":{"type":"LineString","coordinates":[[-421183.9416637173,6045059.395899618],[-424437.1919379892,6052020.996852056]]},"properties":{"type":"artcc-low","section":"FIZ LFRB SIV Iroise 4","uuid":"artcc-low-fiz-lfrb-siv-iroise-4","lineStyle":{"color":[126,126,126]}}},{"type":"Feature","geometry":{"type":"LineString","coordinates":[[-424437.1919379892,6052020.996852056],[-426429.5634465426,6059446.687799709]]},"properties":{"type":"artcc-low","section":"FIZ LFRB SIV Iroise 4","uuid":"artcc-low-fiz-lfrb-siv-iroise-4","lineStyle":{"color":[126,126,126]}}},{"type":"Feature","geometry":{"type":"LineString","coordinates":[[-426429.5634465426,6059446.687799709],[-427100.47983313754,6067111.762976289]]},"properties":{"type":"artcc-low","section":"FIZ LFRB SIV Iroise 4","uuid":"artcc-low-fiz-lfrb-siv-iroise-4","lineStyle":{"color":[126,126,126]}}},{"type":"Feature","geometry":{"type":"LineString","coordinates":[[-427100.47983313754,6067111.762976289],[-426429.5634465426,6074783.71006281]]},"properties":{"type":"artcc-low","section":"FIZ LFRB SIV Iroise 4","uuid":"artcc-low-fiz-lfrb-siv-iroise-4","lineStyle":{"color":[126,126,126]}}},{"type":"Feature","geometry":{"type":"LineString","coordinates":[[-426429.5634465426,6074783.71006281],[-425364.14315340866,6079494.545552216]]},"properties":{"type":"artcc-low","section":"FIZ LFRB SIV Iroise 4","uuid":"artcc-low-fiz-lfrb-siv-iroise-4","lineStyle":{"color":[126,126,126]}}},{"type":"Feature","geometry":{"type":"LineString","coordinates":[[-425364.14315340866,6079494.545552216],[-404739.1152758772,6094940.325792169]]},"properties":{"type":"artcc-low","section":"FIZ LFRB SIV Iroise 4","uuid":"artcc-low-fiz-lfrb-siv-iroise-4","lineStyle":{"color":[126,126,126]}}},{"type":"Feature","geometry":{"type":"LineString","coordinates":[[-404739.1152758772,6094940.325792169],[-379506.6973627351,6136203.617603425]]},"properties":{"type":"artcc-low","section":"FIZ LFRB SIV Iroise 4","uuid":"artcc-low-fiz-lfrb-siv-iroise-4","lineStyle":{"color":[126,126,126]}}},{"type":"Feature","geometry":{"type":"LineString","coordinates":[[-379506.6973627351,6136203.617603425],[-339524.44691948436,6163373.674798606]]},"properties":{"type":"artcc-low","section":"FIZ LFRB SIV Iroise 4","uuid":"artcc-low-fiz-lfrb-siv-iroise-4","lineStyle":{"color":[126,126,126]}}},{"type":"Feature","geometry":{"type":"LineString","coordinates":[[-279628.37645654805,6098817.65382592],[-267970.7520040302,6280566.421850286]]},"properties":{"type":"artcc-low","section":"FIZ LFRB SIV Iroise 5","uuid":"artcc-low-fiz-lfrb-siv-iroise-5","lineStyle":{"color":[126,126,126]}}},{"type":"Feature","geometry":{"type":"LineString","coordinates":[[-267970.7520040302,6280566.421850286],[-333958.4723798207,6280519.2570682755]]},"properties":{"type":"artcc-low","section":"FIZ LFRB SIV Iroise 5","uuid":"artcc-low-fiz-lfrb-siv-iroise-5","lineStyle":{"color":[126,126,126]}}},{"type":"Feature","geometry":{"type":"LineString","coordinates":[[-333958.4723798207,6280519.2570682755],[-339524.44691948436,6280519.2570682755]]},"properties":{"type":"artcc-low","section":"FIZ LFRB SIV Iroise 5","uuid":"artcc-low-fiz-lfrb-siv-iroise-5","lineStyle":{"color":[126,126,126]}}},{"type":"Feature","geometry":{"type":"LineString","coordinates":[[-339524.44691948436,6280519.2570682755],[-339524.44691948436,6278632.881694434]]},"properties":{"type":"artcc-low","section":"FIZ LFRB SIV Iroise 5","uuid":"artcc-low-fiz-lfrb-siv-iroise-5","lineStyle":{"color":[126,126,126]}}},{"type":"Feature","geometry":{"type":"LineString","coordinates":[[-339524.44691948436,6278632.881694434],[-339524.44691948436,6207260.308175252]]},"properties":{"type":"artcc-low","section":"FIZ LFRB SIV Iroise 5","uuid":"artcc-low-fiz-lfrb-siv-iroise-5","lineStyle":{"color":[126,126,126]}}},{"type":"Feature","geometry":{"type":"LineString","coordinates":[[-339524.44691948436,6207260.308175252],[-339524.44691948436,6163373.674798606]]},"properties":{"type":"artcc-low","section":"FIZ LFRB SIV Iroise 5","uuid":"artcc-low-fiz-lfrb-siv-iroise-5","lineStyle":{"color":[126,126,126]}}},{"type":"Feature","geometry":{"type":"LineString","coordinates":[[-339524.44691948436,6163373.674798606],[-279628.37645654805,6098817.65382592]]},"properties":{"type":"artcc-low","section":"FIZ LFRB SIV Iroise 5","uuid":"artcc-low-fiz-lfrb-siv-iroise-5","lineStyle":{"color":[126,126,126]}}},{"type":"Feature","geometry":{"type":"LineString","coordinates":[[-353222.92870321224,6411806.953953423],[-333958.4723798207,6374426.780830418]]},"properties":{"type":"artcc-low","section":"FIZ LFRB SIV Iroise 6.1","uuid":"artcc-low-fiz-lfrb-siv-iroise-6-1","lineStyle":{"color":[126,126,126]}}},{"type":"Feature","geometry":{"type":"LineString","coordinates":[[-333958.4723798207,6374426.780830418],[-333958.4723798207,6280519.2570682755]]},"properties":{"type":"artcc-low","section":"FIZ LFRB SIV Iroise 6.1","uuid":"artcc-low-fiz-lfrb-siv-iroise-6-1","lineStyle":{"color":[126,126,126]}}},{"type":"Feature","geometry":{"type":"LineString","coordinates":[[-333958.4723798207,6280519.2570682755],[-339524.44691948436,6280519.2570682755]]},"properties":{"type":"artcc-low","section":"FIZ LFRB SIV Iroise 6.1","uuid":"artcc-low-fiz-lfrb-siv-iroise-6-1","lineStyle":{"color":[126,126,126]}}},{"type":"Feature","geometry":{"type":"LineString","coordinates":[[-339524.44691948436,6280519.2570682755],[-339524.44691948436,6278632.881694434]]},"properties":{"type":"artcc-low","section":"FIZ LFRB SIV Iroise 6.1","uuid":"artcc-low-fiz-lfrb-siv-iroise-6-1","lineStyle":{"color":[126,126,126]}}},{"type":"Feature","geometry":{"type":"LineString","coordinates":[[-339524.44691948436,6278632.881694434],[-402605.49170233944,6258851.315149285]]},"properties":{"type":"artcc-low","section":"FIZ LFRB SIV Iroise 6.1","uuid":"artcc-low-fiz-lfrb-siv-iroise-6-1","lineStyle":{"color":[126,126,126]}}},{"type":"Feature","geometry":{"type":"LineString","coordinates":[[-402605.49170233944,6258851.315149285],[-535384.9065540939,6217553.450973153]]},"properties":{"type":"artcc-low","section":"FIZ LFRB SIV Iroise 6.1","uuid":"artcc-low-fiz-lfrb-siv-iroise-6-1","lineStyle":{"color":[126,126,126]}}},{"type":"Feature","geometry":{"type":"LineString","coordinates":[[-535384.9065540939,6217553.450973153],[-577655.3909747622,6203941.08859423]]},"properties":{"type":"artcc-low","section":"FIZ LFRB SIV Iroise 6.1","uuid":"artcc-low-fiz-lfrb-siv-iroise-6-1","lineStyle":{"color":[126,126,126]}}},{"type":"Feature","geometry":{"type":"LineString","coordinates":[[-577655.3909747622,6203941.08859423],[-547722.8167836819,6356370.167803963]]},"properties":{"type":"artcc-low","section":"FIZ LFRB SIV Iroise 6.1","uuid":"artcc-low-fiz-lfrb-siv-iroise-6-1","lineStyle":{"color":[126,126,126]}}},{"type":"Feature","geometry":{"type":"LineString","coordinates":[[-547722.8167836819,6356370.167803963],[-353222.92870321224,6411806.953953423]]},"properties":{"type":"artcc-low","section":"FIZ LFRB SIV Iroise 6.1","uuid":"artcc-low-fiz-lfrb-siv-iroise-6-1","lineStyle":{"color":[126,126,126]}}},{"type":"Feature","geometry":{"type":"LineString","coordinates":[[-333958.4723798207,6417030.534081949],[-333958.4723798207,6374426.780830418]]},"properties":{"type":"artcc-low","section":"FIZ LFRB SIV Iroise 6.2","uuid":"artcc-low-fiz-lfrb-siv-iroise-6-2","lineStyle":{"color":[126,126,126]}}},{"type":"Feature","geometry":{"type":"LineString","coordinates":[[-333958.4723798207,6374426.780830418],[-353222.92870321224,6411806.953953423]]},"properties":{"type":"artcc-low","section":"FIZ LFRB SIV Iroise 6.2","uuid":"artcc-low-fiz-lfrb-siv-iroise-6-2","lineStyle":{"color":[126,126,126]}}},{"type":"Feature","geometry":{"type":"LineString","coordinates":[[-353222.92870321224,6411806.953953423],[-333958.4723798207,6417030.534081949]]},"properties":{"type":"artcc-low","section":"FIZ LFRB SIV Iroise 6.2","uuid":"artcc-low-fiz-lfrb-siv-iroise-6-2","lineStyle":{"color":[126,126,126]}}},{"type":"Feature","geometry":{"type":"LineString","coordinates":[[-588385.3530040027,6148593.598888015],[-464975.3286273485,6056216.927416052]]},"properties":{"type":"artcc-low","section":"FIZ LFRB SIV Iroise 7","uuid":"artcc-low-fiz-lfrb-siv-iroise-7","lineStyle":{"color":[126,126,126]}}},{"type":"Feature","geometry":{"type":"LineString","coordinates":[[-464975.3286273485,6056216.927416052],[-425642.44188039185,6055987.2248583445]]},"properties":{"type":"artcc-low","section":"FIZ LFRB SIV Iroise 7","uuid":"artcc-low-fiz-lfrb-siv-iroise-7","lineStyle":{"color":[126,126,126]}}},{"type":"Feature","geometry":{"type":"LineString","coordinates":[[-425642.44188039185,6055987.2248583445],[-424437.1919379892,6052020.996852056]]},"properties":{"type":"artcc-low","section":"FIZ LFRB SIV Iroise 7","uuid":"artcc-low-fiz-lfrb-siv-iroise-7","lineStyle":{"color":[126,126,126]}}},{"type":"Feature","geometry":{"type":"LineString","coordinates":[[-424437.1919379892,6052020.996852056],[-421183.9416637173,6045059.395899618]]},"properties":{"type":"artcc-low","section":"FIZ LFRB SIV Iroise 7","uuid":"artcc-low-fiz-lfrb-siv-iroise-7","lineStyle":{"color":[126,126,126]}}},{"type":"Feature","geometry":{"type":"LineString","coordinates":[[-421183.9416637173,6045059.395899618],[-416768.63959388685,6038772.122346479]]},"properties":{"type":"artcc-low","section":"FIZ LFRB SIV Iroise 7","uuid":"artcc-low-fiz-lfrb-siv-iroise-7","lineStyle":{"color":[126,126,126]}}},{"type":"Feature","geometry":{"type":"LineString","coordinates":[[-416768.63959388685,6038772.122346479],[-411325.4566369843,6033348.496154993]]},"properties":{"type":"artcc-low","section":"FIZ LFRB SIV Iroise 7","uuid":"artcc-low-fiz-lfrb-siv-iroise-7","lineStyle":{"color":[126,126,126]}}},{"type":"Feature","geometry":{"type":"LineString","coordinates":[[-411325.4566369843,6033348.496154993],[-405019.7331589185,6028951.574725168]]},"properties":{"type":"artcc-low","section":"FIZ LFRB SIV Iroise 7","uuid":"artcc-low-fiz-lfrb-siv-iroise-7","lineStyle":{"color":[126,126,126]}}},{"type":"Feature","geometry":{"type":"LineString","coordinates":[[-405019.7331589185,6028951.574725168],[-398043.1242163386,6025713.329455105]]},"properties":{"type":"artcc-low","section":"FIZ LFRB SIV Iroise 7","uuid":"artcc-low-fiz-lfrb-siv-iroise-7","lineStyle":{"color":[126,126,126]}}},{"type":"Feature","geometry":{"type":"LineString","coordinates":[[-398043.1242163386,6025713.329455105],[-390607.56975088274,6023730.724180493]]},"properties":{"type":"artcc-low","section":"FIZ LFRB SIV Iroise 7","uuid":"artcc-low-fiz-lfrb-siv-iroise-7","lineStyle":{"color":[126,126,126]}}},{"type":"Feature","geometry":{"type":"LineString","coordinates":[[-390607.56975088274,6023730.724180493],[-382939.01740678033,6023063.213982777]]},"properties":{"type":"artcc-low","section":"FIZ LFRB SIV Iroise 7","uuid":"artcc-low-fiz-lfrb-siv-iroise-7","lineStyle":{"color":[126,126,126]}}},{"type":"Feature","geometry":{"type":"LineString","coordinates":[[-382939.01740678033,6023063.213982777],[-381392.9442900656,6023110.992912328]]},"properties":{"type":"artcc-low","section":"FIZ LFRB SIV Iroise 7","uuid":"artcc-low-fiz-lfrb-siv-iroise-7","lineStyle":{"color":[126,126,126]}}},{"type":"Feature","geometry":{"type":"LineString","coordinates":[[-381392.9442900656,6023110.992912328],[-612257.1993630046,6024072.1193737835]]},"properties":{"type":"artcc-low","section":"FIZ LFRB SIV Iroise 7","uuid":"artcc-low-fiz-lfrb-siv-iroise-7","lineStyle":{"color":[126,126,126]}}},{"type":"Feature","geometry":{"type":"LineString","coordinates":[[-612257.1993630046,6024072.1193737835],[-588385.3530040027,6148593.598888015]]},"properties":{"type":"artcc-low","section":"FIZ LFRB SIV Iroise 7","uuid":"artcc-low-fiz-lfrb-siv-iroise-7","lineStyle":{"color":[126,126,126]}}},{"type":"Feature","geometry":{"type":"LineString","coordinates":[[-170689.88588301948,6420338.894454958],[-83489.61809495518,6412573.5133863315]]},"properties":{"type":"artcc-low","section":"FIZ LFRG SIV Deauville","uuid":"artcc-low-fiz-lfrg-siv-deauville","lineStyle":{"color":[126,126,126]}}},{"type":"Feature","geometry":{"type":"LineString","coordinates":[[-83489.61809495518,6412573.5133863315],[37106.49693109119,6417461.9849817315]]},"properties":{"type":"artcc-low","section":"FIZ LFRG SIV Deauville","uuid":"artcc-low-fiz-lfrg-siv-deauville","lineStyle":{"color":[126,126,126]}}},{"type":"Feature","geometry":{"type":"LineString","coordinates":[[37106.49693109119,6417461.9849817315],[68647.0193225187,6417461.9849817315]]},"properties":{"type":"artcc-low","section":"FIZ LFRG SIV Deauville","uuid":"artcc-low-fiz-lfrg-siv-deauville","lineStyle":{"color":[126,126,126]}}},{"type":"Feature","geometry":{"type":"LineString","coordinates":[[68647.0193225187,6417461.9849817315],[74182.07178140647,6320230.87609413]]},"properties":{"type":"artcc-low","section":"FIZ LFRG SIV Deauville","uuid":"artcc-low-fiz-lfrg-siv-deauville","lineStyle":{"color":[126,126,126]}}},{"type":"Feature","geometry":{"type":"LineString","coordinates":[[74182.07178140647,6320230.87609413],[65864.03205268686,6299453.499195121]]},"properties":{"type":"artcc-low","section":"FIZ LFRG SIV Deauville","uuid":"artcc-low-fiz-lfrg-siv-deauville","lineStyle":{"color":[126,126,126]}}},{"type":"Feature","geometry":{"type":"LineString","coordinates":[[65864.03205268686,6299453.499195121],[42610.62730920305,6274578.600275632]]},"properties":{"type":"artcc-low","section":"FIZ LFRG SIV Deauville","uuid":"artcc-low-fiz-lfrg-siv-deauville","lineStyle":{"color":[126,126,126]}}},{"type":"Feature","geometry":{"type":"LineString","coordinates":[[42610.62730920305,6274578.600275632],[-23191.560581931994,6264969.23783056]]},"properties":{"type":"artcc-low","section":"FIZ LFRG SIV Deauville","uuid":"artcc-low-fiz-lfrg-siv-deauville","lineStyle":{"color":[126,126,126]}}},{"type":"Feature","geometry":{"type":"LineString","coordinates":[[-23191.560581931994,6264969.23783056],[-76037.39662796103,6285708.962791113]]},"properties":{"type":"artcc-low","section":"FIZ LFRG SIV Deauville","uuid":"artcc-low-fiz-lfrg-siv-deauville","lineStyle":{"color":[126,126,126]}}},{"type":"Feature","geometry":{"type":"LineString","coordinates":[[-76037.39662796103,6285708.962791113],[-194809.10888822874,6371565.6214557225]]},"properties":{"type":"artcc-low","section":"FIZ LFRG SIV Deauville","uuid":"artcc-low-fiz-lfrg-siv-deauville","lineStyle":{"color":[126,126,126]}}},{"type":"Feature","geometry":{"type":"LineString","coordinates":[[-194809.10888822874,6371565.6214557225],[-194809.10888822874,6391614.296771184]]},"properties":{"type":"artcc-low","section":"FIZ LFRG SIV Deauville","uuid":"artcc-low-fiz-lfrg-siv-deauville","lineStyle":{"color":[126,126,126]}}},{"type":"Feature","geometry":{"type":"LineString","coordinates":[[-194809.10888822874,6391614.296771184],[-170689.88588301948,6420338.894454958]]},"properties":{"type":"artcc-low","section":"FIZ LFRG SIV Deauville","uuid":"artcc-low-fiz-lfrg-siv-deauville","lineStyle":{"color":[126,126,126]}}},{"type":"Feature","geometry":{"type":"LineString","coordinates":[[225947.6442295694,6637130.685936911],[235069.6580584627,6630782.392008576]]},"properties":{"type":"artcc-low","section":"Tower CTR LFAC Calais Dunkerque Tower","uuid":"artcc-low-tower-ctr-lfac-calais-dunkerque-tower"}},{"type":"Feature","geometry":{"type":"LineString","coordinates":[[235069.6580584627,6630782.392008576],[240666.55467890226,6620753.2481365735]]},"properties":{"type":"artcc-low","section":"Tower CTR LFAC Calais Dunkerque Tower","uuid":"artcc-low-tower-ctr-lfac-calais-dunkerque-tower"}},{"type":"Feature","geometry":{"type":"LineString","coordinates":[[240666.55467890226,6620753.2481365735],[239924.42474028043,6606370.049502753]]},"properties":{"type":"artcc-low","section":"Tower CTR LFAC Calais Dunkerque Tower","uuid":"artcc-low-tower-ctr-lfac-calais-dunkerque-tower"}},{"type":"Feature","geometry":{"type":"LineString","coordinates":[[239924.42474028043,6606370.049502753],[213053.13654601524,6590885.960478756]]},"properties":{"type":"artcc-low","section":"Tower CTR LFAC Calais Dunkerque Tower","uuid":"artcc-low-tower-ctr-lfac-calais-dunkerque-tower"}},{"type":"Feature","geometry":{"type":"LineString","coordinates":[[213053.13654601524,6590885.960478756],[201333.66793194562,6595978.77144053]]},"properties":{"type":"artcc-low","section":"Tower CTR LFAC Calais Dunkerque Tower","uuid":"artcc-low-tower-ctr-lfac-calais-dunkerque-tower"}},{"type":"Feature","geometry":{"type":"LineString","coordinates":[[201333.66793194562,6595978.77144053],[193974.2127072792,6609166.173439399]]},"properties":{"type":"artcc-low","section":"Tower CTR LFAC Calais Dunkerque Tower","uuid":"artcc-low-tower-ctr-lfac-calais-dunkerque-tower"}},{"type":"Feature","geometry":{"type":"LineString","coordinates":[[193974.2127072792,6609166.173439399],[194128.82311115877,6618739.065370386]]},"properties":{"type":"artcc-low","section":"Tower CTR LFAC Calais Dunkerque Tower","uuid":"artcc-low-tower-ctr-lfac-calais-dunkerque-tower"}},{"type":"Feature","geometry":{"type":"LineString","coordinates":[[194128.82311115877,6618739.065370386],[225947.6442295694,6637130.685936911]]},"properties":{"type":"artcc-low","section":"Tower CTR LFAC Calais Dunkerque Tower","uuid":"artcc-low-tower-ctr-lfac-calais-dunkerque-tower"}},{"type":"Feature","geometry":{"type":"LineString","coordinates":[[302696.2487153764,6455806.326097189],[303871.28778486094,6455844.758932605]]},"properties":{"type":"artcc-low","section":"Tower CTR LFAQ Albert Bray Tower","uuid":"artcc-low-tower-ctr-lfaq-albert-bray-tower"}},{"type":"Feature","geometry":{"type":"LineString","coordinates":[[303871.28778486094,6455844.758932605],[305877.2959310365,6455704.032047032]]},"properties":{"type":"artcc-low","section":"Tower CTR LFAQ Albert Bray Tower","uuid":"artcc-low-tower-ctr-lfaq-albert-bray-tower"}},{"type":"Feature","geometry":{"type":"LineString","coordinates":[[305877.2959310365,6455704.032047032],[307844.2804112729,6455284.514379322]]},"properties":{"type":"artcc-low","section":"Tower CTR LFAQ Albert Bray Tower","uuid":"artcc-low-tower-ctr-lfaq-albert-bray-tower"}},{"type":"Feature","geometry":{"type":"LineString","coordinates":[[307844.2804112729,6455284.514379322],[309733.8978454079,6454594.4824847225]]},"properties":{"type":"artcc-low","section":"Tower CTR LFAQ Albert Bray Tower","uuid":"artcc-low-tower-ctr-lfaq-albert-bray-tower"}},{"type":"Feature","geometry":{"type":"LineString","coordinates":[[309733.8978454079,6454594.4824847225],[311509.41280147986,6453647.533474736]]},"properties":{"type":"artcc-low","section":"Tower CTR LFAQ Albert Bray Tower","uuid":"artcc-low-tower-ctr-lfaq-albert-bray-tower"}},{"type":"Feature","geometry":{"type":"LineString","coordinates":[[311509.41280147986,6453647.533474736],[313136.285315262,6452462.241555146]]},"properties":{"type":"artcc-low","section":"Tower CTR LFAQ Albert Bray Tower","uuid":"artcc-low-tower-ctr-lfaq-albert-bray-tower"}},{"type":"Feature","geometry":{"type":"LineString","coordinates":[[313136.285315262,6452462.241555146],[314582.78933187824,6451061.909057944]]},"properties":{"type":"artcc-low","section":"Tower CTR LFAQ Albert Bray Tower","uuid":"artcc-low-tower-ctr-lfaq-albert-bray-tower"}},{"type":"Feature","geometry":{"type":"LineString","coordinates":[[314582.78933187824,6451061.909057944],[315820.8476019841,6449473.9311774215]]},"properties":{"type":"artcc-low","section":"Tower CTR LFAQ Albert Bray Tower","uuid":"artcc-low-tower-ctr-lfaq-albert-bray-tower"}},{"type":"Feature","geometry":{"type":"LineString","coordinates":[[315820.8476019841,6449473.9311774215],[316826.2790584128,6447729.401055395]]},"properties":{"type":"artcc-low","section":"Tower CTR LFAQ Albert Bray Tower","uuid":"artcc-low-tower-ctr-lfaq-albert-bray-tower"}},{"type":"Feature","geometry":{"type":"LineString","coordinates":[[316826.2790584128,6447729.401055395],[317579.57186819473,6445862.5226524025]]},"properties":{"type":"artcc-low","section":"Tower CTR LFAQ Albert Bray Tower","uuid":"artcc-low-tower-ctr-lfaq-albert-bray-tower"}},{"type":"Feature","geometry":{"type":"LineString","coordinates":[[317579.57186819473,6445862.5226524025],[318066.0689650421,6443909.736158935]]},"properties":{"type":"artcc-low","section":"Tower CTR LFAQ Albert Bray Tower","uuid":"artcc-low-tower-ctr-lfaq-albert-bray-tower"}},{"type":"Feature","geometry":{"type":"LineString","coordinates":[[318066.0689650421,6443909.736158935],[318276.246348076,6441909.134007742]]},"properties":{"type":"artcc-low","section":"Tower CTR LFAQ Albert Bray Tower","uuid":"artcc-low-tower-ctr-lfaq-albert-bray-tower"}},{"type":"Feature","geometry":{"type":"LineString","coordinates":[[318276.246348076,6441909.134007742],[318206.08414679545,6439899.686802645]]},"properties":{"type":"artcc-low","section":"Tower CTR LFAQ Albert Bray Tower","uuid":"artcc-low-tower-ctr-lfaq-albert-bray-tower"}},{"type":"Feature","geometry":{"type":"LineString","coordinates":[[318206.08414679545,6439899.686802645],[317856.8810885931,6437920.56814194]]},"properties":{"type":"artcc-low","section":"Tower CTR LFAQ Albert Bray Tower","uuid":"artcc-low-tower-ctr-lfaq-albert-bray-tower"}},{"type":"Feature","geometry":{"type":"LineString","coordinates":[[317856.8810885931,6437920.56814194],[317235.50187540124,6436010.097843475]]},"properties":{"type":"artcc-low","section":"Tower CTR LFAQ Albert Bray Tower","uuid":"artcc-low-tower-ctr-lfaq-albert-bray-tower"}},{"type":"Feature","geometry":{"type":"LineString","coordinates":[[317235.50187540124,6436010.097843475],[316353.9751966416,6434205.456988254]]},"properties":{"type":"artcc-low","section":"Tower CTR LFAQ Albert Bray Tower","uuid":"artcc-low-tower-ctr-lfaq-albert-bray-tower"}},{"type":"Feature","geometry":{"type":"LineString","coordinates":[[316353.9751966416,6434205.456988254],[315229.4937292256,6432541.588465196]]},"properties":{"type":"artcc-low","section":"Tower CTR LFAQ Albert Bray Tower","uuid":"artcc-low-tower-ctr-lfaq-albert-bray-tower"}},{"type":"Feature","geometry":{"type":"LineString","coordinates":[[315229.4937292256,6432541.588465196],[313883.9193842619,6431050.62829002]]},"properties":{"type":"artcc-low","section":"Tower CTR LFAQ Albert Bray Tower","uuid":"artcc-low-tower-ctr-lfaq-albert-bray-tower"}},{"type":"Feature","geometry":{"type":"LineString","coordinates":[[313883.9193842619,6431050.62829002],[312343.50500832923,6429761.43428502]]},"properties":{"type":"artcc-low","section":"Tower CTR LFAQ Albert Bray Tower","uuid":"artcc-low-tower-ctr-lfaq-albert-bray-tower"}},{"type":"Feature","geometry":{"type":"LineString","coordinates":[[312343.50500832923,6429761.43428502],[310638.15225353785,6428698.971373019]]},"properties":{"type":"artcc-low","section":"Tower CTR LFAQ Albert Bray Tower","uuid":"artcc-low-tower-ctr-lfaq-albert-bray-tower"}},{"type":"Feature","geometry":{"type":"LineString","coordinates":[[310638.15225353785,6428698.971373019],[308801.1023567218,6427883.60094103]]},"properties":{"type":"artcc-low","section":"Tower CTR LFAQ Albert Bray Tower","uuid":"artcc-low-tower-ctr-lfaq-albert-bray-tower"}},{"type":"Feature","geometry":{"type":"LineString","coordinates":[[308801.1023567218,6427883.60094103],[306868.10124325816,6427331.18549698]]},"properties":{"type":"artcc-low","section":"Tower CTR LFAQ Albert Bray Tower","uuid":"artcc-low-tower-ctr-lfaq-albert-bray-tower"}},{"type":"Feature","geometry":{"type":"LineString","coordinates":[[306868.10124325816,6427331.18549698],[304984.48269279365,6427055.543443612]]},"properties":{"type":"artcc-low","section":"Tower CTR LFAQ Albert Bray Tower","uuid":"artcc-low-tower-ctr-lfaq-albert-bray-tower"}},{"type":"Feature","geometry":{"type":"LineString","coordinates":[[304984.48269279365,6427055.543443612],[294749.2739559677,6426239.661802371]]},"properties":{"type":"artcc-low","section":"Tower CTR LFAQ Albert Bray Tower","uuid":"artcc-low-tower-ctr-lfaq-albert-bray-tower"}},{"type":"Feature","geometry":{"type":"LineString","coordinates":[[294749.2739559677,6426239.661802371],[294610.5265795262,6426236.398436069]]},"properties":{"type":"artcc-low","section":"Tower CTR LFAQ Albert Bray Tower","uuid":"artcc-low-tower-ctr-lfaq-albert-bray-tower"}},{"type":"Feature","geometry":{"type":"LineString","coordinates":[[294610.5265795262,6426236.398436069],[292599.8182770727,6426236.398436069]]},"properties":{"type":"artcc-low","section":"Tower CTR LFAQ Albert Bray Tower","uuid":"artcc-low-tower-ctr-lfaq-albert-bray-tower"}},{"type":"Feature","geometry":{"type":"LineString","coordinates":[[292599.8182770727,6426236.398436069],[290608.6836517503,6426515.276890729]]},"properties":{"type":"artcc-low","section":"Tower CTR LFAQ Albert Bray Tower","uuid":"artcc-low-tower-ctr-lfaq-albert-bray-tower"}},{"type":"Feature","geometry":{"type":"LineString","coordinates":[[290608.6836517503,6426515.276890729],[288675.8680707714,6427067.638289493]]},"properties":{"type":"artcc-low","section":"Tower CTR LFAQ Albert Bray Tower","uuid":"artcc-low-tower-ctr-lfaq-albert-bray-tower"}},{"type":"Feature","geometry":{"type":"LineString","coordinates":[[288675.8680707714,6427067.638289493],[286838.9727843592,6427882.928938939]]},"properties":{"type":"artcc-low","section":"Tower CTR LFAQ Albert Bray Tower","uuid":"artcc-low-tower-ctr-lfaq-albert-bray-tower"}},{"type":"Feature","geometry":{"type":"LineString","coordinates":[[286838.9727843592,6427882.928938939],[285133.80556205247,6428945.287870841]]},"properties":{"type":"artcc-low","section":"Tower CTR LFAQ Albert Bray Tower","uuid":"artcc-low-tower-ctr-lfaq-albert-bray-tower"}},{"type":"Feature","geometry":{"type":"LineString","coordinates":[[285133.80556205247,6428945.287870841],[283593.5148744429,6430234.355675834]]},"properties":{"type":"artcc-low","section":"Tower CTR LFAQ Albert Bray Tower","uuid":"artcc-low-tower-ctr-lfaq-albert-bray-tower"}},{"type":"Feature","geometry":{"type":"LineString","coordinates":[[283593.5148744429,6430234.355675834],[282248.095139883,6431725.169858402]]},"properties":{"type":"artcc-low","section":"Tower CTR LFAQ Albert Bray Tower","uuid":"artcc-low-tower-ctr-lfaq-albert-bray-tower"}},{"type":"Feature","geometry":{"type":"LineString","coordinates":[[282248.095139883,6431725.169858402],[281123.7373607902,6433388.875405255]]},"properties":{"type":"artcc-low","section":"Tower CTR LFAQ Albert Bray Tower","uuid":"artcc-low-tower-ctr-lfaq-albert-bray-tower"}},{"type":"Feature","geometry":{"type":"LineString","coordinates":[[281123.7373607902,6433388.875405255],[280242.3034482729,6435193.339432785]]},"properties":{"type":"artcc-low","section":"Tower CTR LFAQ Albert Bray Tower","uuid":"artcc-low-tower-ctr-lfaq-albert-bray-tower"}},{"type":"Feature","geometry":{"type":"LineString","coordinates":[[280242.3034482729,6435193.339432785],[279620.9551571618,6437103.622462627]]},"properties":{"type":"artcc-low","section":"Tower CTR LFAQ Albert Bray Tower","uuid":"artcc-low-tower-ctr-lfaq-albert-bray-tower"}},{"type":"Feature","geometry":{"type":"LineString","coordinates":[[279620.9551571618,6437103.622462627],[279271.7830210402,6439082.547048354]]},"properties":{"type":"artcc-low","section":"Tower CTR LFAQ Albert Bray Tower","uuid":"artcc-low-tower-ctr-lfaq-albert-bray-tower"}},{"type":"Feature","geometry":{"type":"LineString","coordinates":[[279271.7830210402,6439082.547048354],[279201.6208197597,6441091.797123931]]},"properties":{"type":"artcc-low","section":"Tower CTR LFAQ Albert Bray Tower","uuid":"artcc-low-tower-ctr-lfaq-albert-bray-tower"}},{"type":"Feature","geometry":{"type":"LineString","coordinates":[[279201.6208197597,6441091.797123931],[279411.7982027935,6443092.202932738]]},"properties":{"type":"artcc-low","section":"Tower CTR LFAQ Albert Bray Tower","uuid":"artcc-low-tower-ctr-lfaq-albert-bray-tower"}},{"type":"Feature","geometry":{"type":"LineString","coordinates":[[279411.7982027935,6443092.202932738],[279898.2334554794,6445044.797698965]]},"properties":{"type":"artcc-low","section":"Tower CTR LFAQ Albert Bray Tower","uuid":"artcc-low-tower-ctr-lfaq-albert-bray-tower"}},{"type":"Feature","geometry":{"type":"LineString","coordinates":[[279898.2334554794,6445044.797698965],[280651.46442109975,6446911.492737632]]},"properties":{"type":"artcc-low","section":"Tower CTR LFAQ Albert Bray Tower","uuid":"artcc-low-tower-ctr-lfaq-albert-bray-tower"}},{"type":"Feature","geometry":{"type":"LineString","coordinates":[[280651.46442109975,6446911.492737632],[281656.8031112861,6448655.851449021]]},"properties":{"type":"artcc-low","section":"Tower CTR LFAQ Albert Bray Tower","uuid":"artcc-low-tower-ctr-lfaq-albert-bray-tower"}},{"type":"Feature","geometry":{"type":"LineString","coordinates":[[281656.8031112861,6448655.851449021],[282894.70677098806,6450243.673247907]]},"properties":{"type":"artcc-low","section":"Tower CTR LFAQ Albert Bray Tower","uuid":"artcc-low-tower-ctr-lfaq-albert-bray-tower"}},{"type":"Feature","geometry":{"type":"LineString","coordinates":[[282894.70677098806,6450243.673247907],[283555.4807150885,6450943.452411786]]},"properties":{"type":"artcc-low","section":"Tower CTR LFAQ Albert Bray Tower","uuid":"artcc-low-tower-ctr-lfaq-albert-bray-tower"}},{"type":"Feature","geometry":{"type":"LineString","coordinates":[[283555.4807150885,6450943.452411786],[285658.18220785033,6451472.93444501]]},"properties":{"type":"artcc-low","section":"Tower CTR LFAQ Albert Bray Tower","uuid":"artcc-low-tower-ctr-lfaq-albert-bray-tower"}},{"type":"Feature","geometry":{"type":"LineString","coordinates":[[285658.18220785033,6451472.93444501],[286554.92255035165,6453157.87415888]]},"properties":{"type":"artcc-low","section":"Tower CTR LFAQ Albert Bray Tower","uuid":"artcc-low-tower-ctr-lfaq-albert-bray-tower"}},{"type":"Feature","geometry":{"type":"LineString","coordinates":[[286554.92255035165,6453157.87415888],[287743.1344262468,6453775.899277731]]},"properties":{"type":"artcc-low","section":"Tower CTR LFAQ Albert Bray Tower","uuid":"artcc-low-tower-ctr-lfaq-albert-bray-tower"}},{"type":"Feature","geometry":{"type":"LineString","coordinates":[[287743.1344262468,6453775.899277731],[289632.597249978,6454465.863284571]]},"properties":{"type":"artcc-low","section":"Tower CTR LFAQ Albert Bray Tower","uuid":"artcc-low-tower-ctr-lfaq-albert-bray-tower"}},{"type":"Feature","geometry":{"type":"LineString","coordinates":[[289632.597249978,6454465.863284571],[291599.3652756489,6454885.3396739755]]},"properties":{"type":"artcc-low","section":"Tower CTR LFAQ Albert Bray Tower","uuid":"artcc-low-tower-ctr-lfaq-albert-bray-tower"}},{"type":"Feature","geometry":{"type":"LineString","coordinates":[[291599.3652756489,6454885.3396739755],[292399.19581699854,6454939.467200234]]},"properties":{"type":"artcc-low","section":"Tower CTR LFAQ Albert Bray Tower","uuid":"artcc-low-tower-ctr-lfaq-albert-bray-tower"}},{"type":"Feature","geometry":{"type":"LineString","coordinates":[[292399.19581699854,6454939.467200234],[302696.2487153764,6455806.326097189]]},"properties":{"type":"artcc-low","section":"Tower CTR LFAQ Albert Bray Tower","uuid":"artcc-low-tower-ctr-lfaq-albert-bray-tower"}},{"type":"Feature","geometry":{"type":"LineString","coordinates":[[174709.7563838877,6564737.043772667],[208538.5127527325,6531863.287127728]]},"properties":{"type":"artcc-low","section":"Tower CTR LFAT Le Touquet, Paris Plage Tower","uuid":"artcc-low-tower-ctr-lfat-le-touquet-paris-plage-tower"}},{"type":"Feature","geometry":{"type":"LineString","coordinates":[[208538.5127527325,6531863.287127728],[189304.9785101169,6511959.1762655005]]},"properties":{"type":"artcc-low","section":"Tower CTR LFAT Le Touquet, Paris Plage Tower","uuid":"artcc-low-tower-ctr-lfat-le-touquet-paris-plage-tower"}},{"type":"Feature","geometry":{"type":"LineString","coordinates":[[189304.9785101169,6511959.1762655005],[178296.7177538932,6522439.275830936]]},"properties":{"type":"artcc-low","section":"Tower CTR LFAT Le Touquet, Paris Plage Tower","uuid":"artcc-low-tower-ctr-lfat-le-touquet-paris-plage-tower"}},{"type":"Feature","geometry":{"type":"LineString","coordinates":[[178296.7177538932,6522439.275830936],[173039.9640219886,6522439.275830936]]},"properties":{"type":"artcc-low","section":"Tower CTR LFAT Le Touquet, Paris Plage Tower","uuid":"artcc-low-tower-ctr-lfat-le-touquet-paris-plage-tower"}},{"type":"Feature","geometry":{"type":"LineString","coordinates":[[173039.9640219886,6522439.275830936],[152786.001113768,6542027.995012163]]},"properties":{"type":"artcc-low","section":"Tower CTR LFAT Le Touquet, Paris Plage Tower","uuid":"artcc-low-tower-ctr-lfat-le-touquet-paris-plage-tower"}},{"type":"Feature","geometry":{"type":"LineString","coordinates":[[152786.001113768,6542027.995012163],[174709.7563838877,6564737.043772667]]},"properties":{"type":"artcc-low","section":"Tower CTR LFAT Le Touquet, Paris Plage Tower","uuid":"artcc-low-tower-ctr-lfat-le-touquet-paris-plage-tower"}},{"type":"Feature","geometry":{"type":"LineString","coordinates":[[52845.836046029035,5508702.805727209],[84510.04676056019,5501104.476500524]]},"properties":{"type":"artcc-low","section":"Tower CTR LFBA Agen la Garenne","uuid":"artcc-low-tower-ctr-lfba-agen-la-garenne"}},{"type":"Feature","geometry":{"type":"LineString","coordinates":[[84510.04676056019,5501104.476500524],[85041.90654990583,5499352.576212172]]},"properties":{"type":"artcc-low","section":"Tower CTR LFBA Agen la Garenne","uuid":"artcc-low-tower-ctr-lfba-agen-la-garenne"}},{"type":"Feature","geometry":{"type":"LineString","coordinates":[[85041.90654990583,5499352.576212172],[85549.02867463074,5497605.325234466]]},"properties":{"type":"artcc-low","section":"Tower CTR LFBA Agen la Garenne","uuid":"artcc-low-tower-ctr-lfba-agen-la-garenne"}},{"type":"Feature","geometry":{"type":"LineString","coordinates":[[85549.02867463074,5497605.325234466],[85907.7248116313,5495819.591338833]]},"properties":{"type":"artcc-low","section":"Tower CTR LFBA Agen la Garenne","uuid":"artcc-low-tower-ctr-lfba-agen-la-garenne"}},{"type":"Feature","geometry":{"type":"LineString","coordinates":[[85907.7248116313,5495819.591338833],[86111.81054475228,5494008.333317682]]},"properties":{"type":"artcc-low","section":"Tower CTR LFBA Agen la Garenne","uuid":"artcc-low-tower-ctr-lfba-agen-la-garenne"}},{"type":"Feature","geometry":{"type":"LineString","coordinates":[[86111.81054475228,5494008.333317682],[86161.28587399374,5492188.81124377]]},"properties":{"type":"artcc-low","section":"Tower CTR LFBA Agen la Garenne","uuid":"artcc-low-tower-ctr-lfba-agen-la-garenne"}},{"type":"Feature","geometry":{"type":"LineString","coordinates":[[86161.28587399374,5492188.81124377],[86056.15079935564,5490369.650793093]]},"properties":{"type":"artcc-low","section":"Tower CTR LFBA Agen la Garenne","uuid":"artcc-low-tower-ctr-lfba-agen-la-garenne"}},{"type":"Feature","geometry":{"type":"LineString","coordinates":[[86056.15079935564,5490369.650793093],[85793.31311276043,5488568.089851332]]},"properties":{"type":"artcc-low","section":"Tower CTR LFBA Agen la Garenne","uuid":"artcc-low-tower-ctr-lfba-agen-la-garenne"}},{"type":"Feature","geometry":{"type":"LineString","coordinates":[[85793.31311276043,5488568.089851332],[85382.04943844082,5486797.044110745]]},"properties":{"type":"artcc-low","section":"Tower CTR LFBA Agen la Garenne","uuid":"artcc-low-tower-ctr-lfba-agen-la-garenne"}},{"type":"Feature","geometry":{"type":"LineString","coordinates":[[85382.04943844082,5486797.044110745],[84819.26756831928,5485069.419512875]]},"properties":{"type":"artcc-low","section":"Tower CTR LFBA Agen la Garenne","uuid":"artcc-low-tower-ctr-lfba-agen-la-garenne"}},{"type":"Feature","geometry":{"type":"LineString","coordinates":[[84819.26756831928,5485069.419512875],[84111.15191855095,5483398.112778898]]},"properties":{"type":"artcc-low","section":"Tower CTR LFBA Agen la Garenne","uuid":"artcc-low-tower-ctr-lfba-agen-la-garenne"}},{"type":"Feature","geometry":{"type":"LineString","coordinates":[[84111.15191855095,5483398.112778898],[83263.88690529103,5481800.318467117]]},"properties":{"type":"artcc-low","section":"Tower CTR LFBA Agen la Garenne","uuid":"artcc-low-tower-ctr-lfba-agen-la-garenne"}},{"type":"Feature","geometry":{"type":"LineString","coordinates":[[83263.88690529103,5481800.318467117],[82280.56473661712,5480280.303762192]]},"properties":{"type":"artcc-low","section":"Tower CTR LFBA Agen la Garenne","uuid":"artcc-low-tower-ctr-lfba-agen-la-garenne"}},{"type":"Feature","geometry":{"type":"LineString","coordinates":[[82280.56473661712,5480280.303762192],[81173.55424483957,5478855.249812641]]},"properties":{"type":"artcc-low","section":"Tower CTR LFBA Agen la Garenne","uuid":"artcc-low-tower-ctr-lfba-agen-la-garenne"}},{"type":"Feature","geometry":{"type":"LineString","coordinates":[[81173.55424483957,5478855.249812641],[79949.03984611358,5477533.721021367]]},"properties":{"type":"artcc-low","section":"Tower CTR LFBA Agen la Garenne","uuid":"artcc-low-tower-ctr-lfba-agen-la-garenne"}},{"type":"Feature","geometry":{"type":"LineString","coordinates":[[79949.03984611358,5477533.721021367],[78616.29816467185,5476328.583953134]]},"properties":{"type":"artcc-low","section":"Tower CTR LFBA Agen la Garenne","uuid":"artcc-low-tower-ctr-lfba-agen-la-garenne"}},{"type":"Feature","geometry":{"type":"LineString","coordinates":[[78616.29816467185,5476328.583953134],[77187.69803282486,5475244.095991008]]},"properties":{"type":"artcc-low","section":"Tower CTR LFBA Agen la Garenne","uuid":"artcc-low-tower-ctr-lfba-agen-la-garenne"}},{"type":"Feature","geometry":{"type":"LineString","coordinates":[[77187.69803282486,5475244.095991008],[75669.42386672771,5474288.8199762935]]},"properties":{"type":"artcc-low","section":"Tower CTR LFBA Agen la Garenne","uuid":"artcc-low-tower-ctr-lfba-agen-la-garenne"}},{"type":"Feature","geometry":{"type":"LineString","coordinates":[[75669.42386672771,5474288.8199762935],[74076.93670676838,5473475.622849618]]},"properties":{"type":"artcc-low","section":"Tower CTR LFBA Agen la Garenne","uuid":"artcc-low-tower-ctr-lfba-agen-la-garenne"}},{"type":"Feature","geometry":{"type":"LineString","coordinates":[[74076.93670676838,5473475.622849618],[72574.12358105919,5473010.971142633]]},"properties":{"type":"artcc-low","section":"Tower CTR LFBA Agen la Garenne","uuid":"artcc-low-tower-ctr-lfba-agen-la-garenne"}},{"type":"Feature","geometry":{"type":"LineString","coordinates":[[72574.12358105919,5473010.971142633],[57669.6806470709,5480026.274898641]]},"properties":{"type":"artcc-low","section":"Tower CTR LFBA Agen la Garenne","uuid":"artcc-low-tower-ctr-lfba-agen-la-garenne"}},{"type":"Feature","geometry":{"type":"LineString","coordinates":[[57669.6806470709,5480026.274898641],[45764.679548345805,5487434.753482307]]},"properties":{"type":"artcc-low","section":"Tower CTR LFBA Agen la Garenne","uuid":"artcc-low-tower-ctr-lfba-agen-la-garenne"}},{"type":"Feature","geometry":{"type":"LineString","coordinates":[[45764.679548345805,5487434.753482307],[45495.65744559539,5489249.020977228]]},"properties":{"type":"artcc-low","section":"Tower CTR LFBA Agen la Garenne","uuid":"artcc-low-tower-ctr-lfba-agen-la-garenne"}},{"type":"Feature","geometry":{"type":"LineString","coordinates":[[45495.65744559539,5489249.020977228],[45294.663920551975,5491063.648030056]]},"properties":{"type":"artcc-low","section":"Tower CTR LFBA Agen la Garenne","uuid":"artcc-low-tower-ctr-lfba-agen-la-garenne"}},{"type":"Feature","geometry":{"type":"LineString","coordinates":[[45294.663920551975,5491063.648030056],[45248.280799388114,5492891.5695483135]]},"properties":{"type":"artcc-low","section":"Tower CTR LFBA Agen la Garenne","uuid":"artcc-low-tower-ctr-lfba-agen-la-garenne"}},{"type":"Feature","geometry":{"type":"LineString","coordinates":[[45248.280799388114,5492891.5695483135],[45359.60029018139,5494715.543784806]]},"properties":{"type":"artcc-low","section":"Tower CTR LFBA Agen la Garenne","uuid":"artcc-low-tower-ctr-lfba-agen-la-garenne"}},{"type":"Feature","geometry":{"type":"LineString","coordinates":[[45359.60029018139,5494715.543784806],[45622.43797677662,5496526.941819951]]},"properties":{"type":"artcc-low","section":"Tower CTR LFBA Agen la Garenne","uuid":"artcc-low-tower-ctr-lfba-agen-la-garenne"}},{"type":"Feature","geometry":{"type":"LineString","coordinates":[[45622.43797677662,5496526.941819951],[46039.8860672514,5498304.185573267]]},"properties":{"type":"artcc-low","section":"Tower CTR LFBA Agen la Garenne","uuid":"artcc-low-tower-ctr-lfba-agen-la-garenne"}},{"type":"Feature","geometry":{"type":"LineString","coordinates":[[46039.8860672514,5498304.185573267],[46608.85235352813,5500038.625260395]]},"properties":{"type":"artcc-low","section":"Tower CTR LFBA Agen la Garenne","uuid":"artcc-low-tower-ctr-lfba-agen-la-garenne"}},{"type":"Feature","geometry":{"type":"LineString","coordinates":[[46608.85235352813,5500038.625260395],[47323.152419451624,5501717.289332486]]},"properties":{"type":"artcc-low","section":"Tower CTR LFBA Agen la Garenne","uuid":"artcc-low-tower-ctr-lfba-agen-la-garenne"}},{"type":"Feature","geometry":{"type":"LineString","coordinates":[[47323.152419451624,5501717.289332486],[48176.60184886673,5503322.881106227]]},"properties":{"type":"artcc-low","section":"Tower CTR LFBA Agen la Garenne","uuid":"artcc-low-tower-ctr-lfba-agen-la-garenne"}},{"type":"Feature","geometry":{"type":"LineString","coordinates":[[48176.60184886673,5503322.881106227],[49163.01622561824,5504851.044866261]]},"properties":{"type":"artcc-low","section":"Tower CTR LFBA Agen la Garenne","uuid":"artcc-low-tower-ctr-lfba-agen-la-garenne"}},{"type":"Feature","geometry":{"type":"LineString","coordinates":[[49163.01622561824,5504851.044866261],[50276.211133550976,5506284.4702155655]]},"properties":{"type":"artcc-low","section":"Tower CTR LFBA Agen la Garenne","uuid":"artcc-low-tower-ctr-lfba-agen-la-garenne"}},{"type":"Feature","geometry":{"type":"LineString","coordinates":[[50276.211133550976,5506284.4702155655],[51506.90994843216,5507610.157024691]]},"properties":{"type":"artcc-low","section":"Tower CTR LFBA Agen la Garenne","uuid":"artcc-low-tower-ctr-lfba-agen-la-garenne"}},{"type":"Feature","geometry":{"type":"LineString","coordinates":[[51506.90994843216,5507610.157024691],[52845.836046029035,5508702.805727209]]},"properties":{"type":"artcc-low","section":"Tower CTR LFBA Agen la Garenne","uuid":"artcc-low-tower-ctr-lfba-agen-la-garenne"}},{"type":"Feature","geometry":{"type":"LineString","coordinates":[[-98053.91814040848,5617674.029260021],[-88715.44974608385,5626070.597631447]]},"properties":{"type":"artcc-low","section":"Tower CTR LFBD CTR Bordeaux Merignac","uuid":"artcc-low-tower-ctr-lfbd-ctr-bordeaux-merignac"}},{"type":"Feature","geometry":{"type":"LineString","coordinates":[[-88715.44974608385,5626070.597631447],[-68183.18811088006,5622833.4943912355]]},"properties":{"type":"artcc-low","section":"Tower CTR LFBD CTR Bordeaux Merignac","uuid":"artcc-low-tower-ctr-lfbd-ctr-bordeaux-merignac"}},{"type":"Feature","geometry":{"type":"LineString","coordinates":[[-68183.18811088006,5622833.4943912355],[-58628.26515112409,5619597.552630584]]},"properties":{"type":"artcc-low","section":"Tower CTR LFBD CTR Bordeaux Merignac","uuid":"artcc-low-tower-ctr-lfbd-ctr-bordeaux-merignac"}},{"type":"Feature","geometry":{"type":"LineString","coordinates":[[-58628.26515112409,5619597.552630584],[-54422.86216560041,5587127.483412186]]},"properties":{"type":"artcc-low","section":"Tower CTR LFBD CTR Bordeaux Merignac","uuid":"artcc-low-tower-ctr-lfbd-ctr-bordeaux-merignac"}},{"type":"Feature","geometry":{"type":"LineString","coordinates":[[-54422.86216560041,5587127.483412186],[-56123.57660827543,5581596.504776874]]},"properties":{"type":"artcc-low","section":"Tower CTR LFBD CTR Bordeaux Merignac","uuid":"artcc-low-tower-ctr-lfbd-ctr-bordeaux-merignac"}},{"type":"Feature","geometry":{"type":"LineString","coordinates":[[-56123.57660827543,5581596.504776874],[-85716.00791082066,5575068.198751335]]},"properties":{"type":"artcc-low","section":"Tower CTR LFBD CTR Bordeaux Merignac","uuid":"artcc-low-tower-ctr-lfbd-ctr-bordeaux-merignac"}},{"type":"Feature","geometry":{"type":"LineString","coordinates":[[-85716.00791082066,5575068.198751335],[-102970.52898377804,5592923.392183008]]},"properties":{"type":"artcc-low","section":"Tower CTR LFBD CTR Bordeaux Merignac","uuid":"artcc-low-tower-ctr-lfbd-ctr-bordeaux-merignac"}},{"type":"Feature","geometry":{"type":"LineString","coordinates":[[-102970.52898377804,5592923.392183008],[-98053.91814040848,5617674.029260021]]},"properties":{"type":"artcc-low","section":"Tower CTR LFBD CTR Bordeaux Merignac","uuid":"artcc-low-tower-ctr-lfbd-ctr-bordeaux-merignac"}},{"type":"Feature","geometry":{"type":"LineString","coordinates":[[43661.97805558397,5609197.924531272],[74367.60426606193,5606840.011188725]]},"properties":{"type":"artcc-low","section":"Tower CTR LFBE CTR Bergerac","uuid":"artcc-low-tower-ctr-lfbe-ctr-bergerac"}},{"type":"Feature","geometry":{"type":"LineString","coordinates":[[74367.60426606193,5606840.011188725],[75347.83422665823,5605281.506315408]]},"properties":{"type":"artcc-low","section":"Tower CTR LFBE CTR Bergerac","uuid":"artcc-low-tower-ctr-lfbe-ctr-bergerac"}},{"type":"Feature","geometry":{"type":"LineString","coordinates":[[75347.83422665823,5605281.506315408],[76238.39015300444,5603666.532769865]]},"properties":{"type":"artcc-low","section":"Tower CTR LFBE CTR Bergerac","uuid":"artcc-low-tower-ctr-lfbe-ctr-bergerac"}},{"type":"Feature","geometry":{"type":"LineString","coordinates":[[76238.39015300444,5603666.532769865],[76989.79671585905,5601982.030037067]]},"properties":{"type":"artcc-low","section":"Tower CTR LFBE CTR Bergerac","uuid":"artcc-low-tower-ctr-lfbe-ctr-bergerac"}},{"type":"Feature","geometry":{"type":"LineString","coordinates":[[76989.79671585905,5601982.030037067],[77595.86949906684,5600232.399723029]]},"properties":{"type":"artcc-low","section":"Tower CTR LFBE CTR Bergerac","uuid":"artcc-low-tower-ctr-lfbe-ctr-bergerac"}},{"type":"Feature","geometry":{"type":"LineString","coordinates":[[77595.86949906684,5600232.399723029],[78053.51629455031,5598435.127126307]]},"properties":{"type":"artcc-low","section":"Tower CTR LFBE CTR Bergerac","uuid":"artcc-low-tower-ctr-lfbe-ctr-bergerac"}},{"type":"Feature","geometry":{"type":"LineString","coordinates":[[78053.51629455031,5598435.127126307],[78356.55268615423,5596607.684618678]]},"properties":{"type":"artcc-low","section":"Tower CTR LFBE CTR Bergerac","uuid":"artcc-low-tower-ctr-lfbe-ctr-bergerac"}},{"type":"Feature","geometry":{"type":"LineString","coordinates":[[78356.55268615423,5596607.684618678],[78504.97867387858,5594758.810689997]]},"properties":{"type":"artcc-low","section":"Tower CTR LFBE CTR Bergerac","uuid":"artcc-low-tower-ctr-lfbe-ctr-bergerac"}},{"type":"Feature","geometry":{"type":"LineString","coordinates":[[78504.97867387858,5594758.810689997],[78495.70204964581,5592901.59610043]]},"properties":{"type":"artcc-low","section":"Tower CTR LFBE CTR Bergerac","uuid":"artcc-low-tower-ctr-lfbe-ctr-bergerac"}},{"type":"Feature","geometry":{"type":"LineString","coordinates":[[78495.70204964581,5592901.59610043],[78331.8150215335,5591053.479251301]]},"properties":{"type":"artcc-low","section":"Tower CTR LFBE CTR Bergerac","uuid":"artcc-low-tower-ctr-lfbe-ctr-bergerac"}},{"type":"Feature","geometry":{"type":"LineString","coordinates":[[78331.8150215335,5591053.479251301],[78010.22538146403,5589227.526886228]]},"properties":{"type":"artcc-low","section":"Tower CTR LFBE CTR Bergerac","uuid":"artcc-low-tower-ctr-lfbe-ctr-bergerac"}},{"type":"Feature","geometry":{"type":"LineString","coordinates":[[78010.22538146403,5589227.526886228],[77540.20975367023,5587441.1519073155]]},"properties":{"type":"artcc-low","section":"Tower CTR LFBE CTR Bergerac","uuid":"artcc-low-tower-ctr-lfbe-ctr-bergerac"}},{"type":"Feature","geometry":{"type":"LineString","coordinates":[[77540.20975367023,5587441.1519073155],[76918.67593007445,5585703.042381101]]},"properties":{"type":"artcc-low","section":"Tower CTR LFBE CTR Bergerac","uuid":"artcc-low-tower-ctr-lfbe-ctr-bergerac"}},{"type":"Feature","geometry":{"type":"LineString","coordinates":[[76918.67593007445,5585703.042381101],[76151.8083268319,5584026.235331684]]},"properties":{"type":"artcc-low","section":"Tower CTR LFBE CTR Bergerac","uuid":"artcc-low-tower-ctr-lfbe-ctr-bergerac"}},{"type":"Feature","geometry":{"type":"LineString","coordinates":[[76151.8083268319,5584026.235331684],[75248.88356817534,5582423.759218039]]},"properties":{"type":"artcc-low","section":"Tower CTR LFBE CTR Bergerac","uuid":"artcc-low-tower-ctr-lfbe-ctr-bergerac"}},{"type":"Feature","geometry":{"type":"LineString","coordinates":[[75248.88356817534,5582423.759218039],[74212.99386218238,5580912.98835955]]},"properties":{"type":"artcc-low","section":"Tower CTR LFBE CTR Bergerac","uuid":"artcc-low-tower-ctr-lfbe-ctr-bergerac"}},{"type":"Feature","geometry":{"type":"LineString","coordinates":[[74212.99386218238,5580912.98835955],[73050.3236250082,5579498.229654601]]},"properties":{"type":"artcc-low","section":"Tower CTR LFBE CTR Bergerac","uuid":"artcc-low-tower-ctr-lfbe-ctr-bergerac"}},{"type":"Feature","geometry":{"type":"LineString","coordinates":[[73050.3236250082,5579498.229654601],[72203.05861174826,5578679.946980168]]},"properties":{"type":"artcc-low","section":"Tower CTR LFBE CTR Bergerac","uuid":"artcc-low-tower-ctr-lfbe-ctr-bergerac"}},{"type":"Feature","geometry":{"type":"LineString","coordinates":[[72203.05861174826,5578679.946980168],[41559.27656282213,5580986.99720209]]},"properties":{"type":"artcc-low","section":"Tower CTR LFBE CTR Bergerac","uuid":"artcc-low-tower-ctr-lfbe-ctr-bergerac"}},{"type":"Feature","geometry":{"type":"LineString","coordinates":[[41559.27656282213,5580986.99720209],[40566.67776991544,5582532.614110297]]},"properties":{"type":"artcc-low","section":"Tower CTR LFBE CTR Bergerac","uuid":"artcc-low-tower-ctr-lfbe-ctr-bergerac"}},{"type":"Feature","geometry":{"type":"LineString","coordinates":[[40566.67776991544,5582532.614110297],[39673.02963549166,5584143.819470854]]},"properties":{"type":"artcc-low","section":"Tower CTR LFBE CTR Bergerac","uuid":"artcc-low-tower-ctr-lfbe-ctr-bergerac"}},{"type":"Feature","geometry":{"type":"LineString","coordinates":[[39673.02963549166,5584143.819470854],[38915.43865648188,5585825.004095822]]},"properties":{"type":"artcc-low","section":"Tower CTR LFBE CTR Bergerac","uuid":"artcc-low-tower-ctr-lfbe-ctr-bergerac"}},{"type":"Feature","geometry":{"type":"LineString","coordinates":[[38915.43865648188,5585825.004095822],[38306.273665196466,5587567.493676569]]},"properties":{"type":"artcc-low","section":"Tower CTR LFBE CTR Bergerac","uuid":"artcc-low-tower-ctr-lfbe-ctr-bergerac"}},{"type":"Feature","geometry":{"type":"LineString","coordinates":[[38306.273665196466,5587567.493676569],[37845.53466163542,5589362.608597159]]},"properties":{"type":"artcc-low","section":"Tower CTR LFBE CTR Bergerac","uuid":"artcc-low-tower-ctr-lfbe-ctr-bergerac"}},{"type":"Feature","geometry":{"type":"LineString","coordinates":[[37845.53466163542,5589362.608597159],[37536.31385387633,5591192.946602117]]},"properties":{"type":"artcc-low","section":"Tower CTR LFBE CTR Bergerac","uuid":"artcc-low-tower-ctr-lfbe-ctr-bergerac"}},{"type":"Feature","geometry":{"type":"LineString","coordinates":[[37536.31385387633,5591192.946602117],[37381.703449996785,5593041.091936154]]},"properties":{"type":"artcc-low","section":"Tower CTR LFBE CTR Bergerac","uuid":"artcc-low-tower-ctr-lfbe-ctr-bergerac"}},{"type":"Feature","geometry":{"type":"LineString","coordinates":[[37381.703449996785,5593041.091936154],[37387.88786615196,5594898.33516264]]},"properties":{"type":"artcc-low","section":"Tower CTR LFBE CTR Bergerac","uuid":"artcc-low-tower-ctr-lfbe-ctr-bergerac"}},{"type":"Feature","geometry":{"type":"LineString","coordinates":[[37387.88786615196,5594898.33516264],[37545.590478109094,5596747.237611393]]},"properties":{"type":"artcc-low","section":"Tower CTR LFBE CTR Bergerac","uuid":"artcc-low-tower-ctr-lfbe-ctr-bergerac"}},{"type":"Feature","geometry":{"type":"LineString","coordinates":[[37545.590478109094,5596747.237611393],[37860.99570202337,5598574.70832002]]},"properties":{"type":"artcc-low","section":"Tower CTR LFBE CTR Bergerac","uuid":"artcc-low-tower-ctr-lfbe-ctr-bergerac"}},{"type":"Feature","geometry":{"type":"LineString","coordinates":[[37860.99570202337,5598574.70832002],[38331.0113298172,5600367.645851316]]},"properties":{"type":"artcc-low","section":"Tower CTR LFBE CTR Bergerac","uuid":"artcc-low-tower-ctr-lfbe-ctr-bergerac"}},{"type":"Feature","geometry":{"type":"LineString","coordinates":[[38331.0113298172,5600367.645851316],[38946.36073725779,5602112.938688285]]},"properties":{"type":"artcc-low","section":"Tower CTR LFBE CTR Bergerac","uuid":"artcc-low-tower-ctr-lfbe-ctr-bergerac"}},{"type":"Feature","geometry":{"type":"LineString","coordinates":[[38946.36073725779,5602112.938688285],[39710.136132422755,5603797.465820249]]},"properties":{"type":"artcc-low","section":"Tower CTR LFBE CTR Bergerac","uuid":"artcc-low-tower-ctr-lfbe-ctr-bergerac"}},{"type":"Feature","geometry":{"type":"LineString","coordinates":[[39710.136132422755,5603797.465820249],[40609.96868300172,5605403.732277323]]},"properties":{"type":"artcc-low","section":"Tower CTR LFBE CTR Bergerac","uuid":"artcc-low-tower-ctr-lfbe-ctr-bergerac"}},{"type":"Feature","geometry":{"type":"LineString","coordinates":[[40609.96868300172,5605403.732277323],[41642.76618091709,5606922.964361149]]},"properties":{"type":"artcc-low","section":"Tower CTR LFBE CTR Bergerac","uuid":"artcc-low-tower-ctr-lfbe-ctr-bergerac"}},{"type":"Feature","geometry":{"type":"LineString","coordinates":[[41642.76618091709,5606922.964361149],[42799.2520019361,5608346.384826058]]},"properties":{"type":"artcc-low","section":"Tower CTR LFBE CTR Bergerac","uuid":"artcc-low-tower-ctr-lfbe-ctr-bergerac"}},{"type":"Feature","geometry":{"type":"LineString","coordinates":[[42799.2520019361,5608346.384826058],[43661.97805558397,5609197.924531272]]},"properties":{"type":"artcc-low","section":"Tower CTR LFBE CTR Bergerac","uuid":"artcc-low-tower-ctr-lfbe-ctr-bergerac"}},{"type":"Feature","geometry":{"type":"LineString","coordinates":[[-35251.17208453663,5744321.500177198],[-33708.16025381876,5744250.566188665]]},"properties":{"type":"artcc-low","section":"Tower CTR LFBG CTR Cognac","uuid":"artcc-low-tower-ctr-lfbg-ctr-cognac"}},{"type":"Feature","geometry":{"type":"LineString","coordinates":[[-33708.16025381876,5744250.566188665],[-32174.425047333654,5744037.767614878]]},"properties":{"type":"artcc-low","section":"Tower CTR LFBG CTR Cognac","uuid":"artcc-low-tower-ctr-lfbg-ctr-cognac"}},{"type":"Feature","geometry":{"type":"LineString","coordinates":[[-32174.425047333654,5744037.767614878],[-30668.51971354687,5743687.547705552]]},"properties":{"type":"artcc-low","section":"Tower CTR LFBG CTR Cognac","uuid":"artcc-low-tower-ctr-lfbg-ctr-cognac"}},{"type":"Feature","geometry":{"type":"LineString","coordinates":[[-30668.51971354687,5743687.547705552],[-29193.53646053599,5743199.9226806]]},"properties":{"type":"artcc-low","section":"Tower CTR LFBG CTR Cognac","uuid":"artcc-low-tower-ctr-lfbg-ctr-cognac"}},{"type":"Feature","geometry":{"type":"LineString","coordinates":[[-29193.53646053599,5743199.9226806],[-27768.02853676657,5742574.915119479]]},"properties":{"type":"artcc-low","section":"Tower CTR LFBG CTR Cognac","uuid":"artcc-low-tower-ctr-lfbg-ctr-cognac"}},{"type":"Feature","geometry":{"type":"LineString","coordinates":[[-27768.02853676657,5742574.915119479],[-26395.088150316198,5741825.850393721]]},"properties":{"type":"artcc-low","section":"Tower CTR LFBG CTR Cognac","uuid":"artcc-low-tower-ctr-lfbg-ctr-cognac"}},{"type":"Feature","geometry":{"type":"LineString","coordinates":[[-26395.088150316198,5741825.850393721],[-25093.268549650416,5740952.759813981]]},"properties":{"type":"artcc-low","section":"Tower CTR LFBG CTR Cognac","uuid":"artcc-low-tower-ctr-lfbg-ctr-cognac"}},{"type":"Feature","geometry":{"type":"LineString","coordinates":[[-25093.268549650416,5740952.759813981],[-23868.754150924407,5739964.542303262]]},"properties":{"type":"artcc-low","section":"Tower CTR LFBG CTR Cognac","uuid":"artcc-low-tower-ctr-lfbg-ctr-cognac"}},{"type":"Feature","geometry":{"type":"LineString","coordinates":[[-23868.754150924407,5739964.542303262],[-22727.729370293357,5738870.0975389]]},"properties":{"type":"artcc-low","section":"Tower CTR LFBG CTR Cognac","uuid":"artcc-low-tower-ctr-lfbg-ctr-cognac"}},{"type":"Feature","geometry":{"type":"LineString","coordinates":[[-22727.729370293357,5738870.0975389],[-21685.65524814521,5737673.894762073]]},"properties":{"type":"artcc-low","section":"Tower CTR LFBG CTR Cognac","uuid":"artcc-low-tower-ctr-lfbg-ctr-cognac"}},{"type":"Feature","geometry":{"type":"LineString","coordinates":[[-21685.65524814521,5737673.894762073],[-20742.531784479972,5736384.8338464005]]},"properties":{"type":"artcc-low","section":"Tower CTR LFBG CTR Cognac","uuid":"artcc-low-tower-ctr-lfbg-ctr-cognac"}},{"type":"Feature","geometry":{"type":"LineString","coordinates":[[-20742.531784479972,5736384.8338464005],[-19913.820019685605,5735016.241373726]]},"properties":{"type":"artcc-low","section":"Tower CTR LFBG CTR Cognac","uuid":"artcc-low-tower-ctr-lfbg-ctr-cognac"}},{"type":"Feature","geometry":{"type":"LineString","coordinates":[[-19913.820019685605,5735016.241373726],[-19199.519953762097,5733577.0100791035]]},"properties":{"type":"artcc-low","section":"Tower CTR LFBG CTR Cognac","uuid":"artcc-low-tower-ctr-lfbg-ctr-cognac"}},{"type":"Feature","geometry":{"type":"LineString","coordinates":[[-19199.519953762097,5733577.0100791035],[-18608.90821094223,5732076.028783284]]},"properties":{"type":"artcc-low","section":"Tower CTR LFBG CTR Cognac","uuid":"artcc-low-tower-ctr-lfbg-ctr-cognac"}},{"type":"Feature","geometry":{"type":"LineString","coordinates":[[-18608.90821094223,5732076.028783284],[-18145.076999303594,5730531.034797702]]},"properties":{"type":"artcc-low","section":"Tower CTR LFBG CTR Cognac","uuid":"artcc-low-tower-ctr-lfbg-ctr-cognac"}},{"type":"Feature","geometry":{"type":"LineString","coordinates":[[-18145.076999303594,5730531.034797702],[-17811.118526923772,5728946.476751825]]},"properties":{"type":"artcc-low","section":"Tower CTR LFBG CTR Cognac","uuid":"artcc-low-tower-ctr-lfbg-ctr-cognac"}},{"type":"Feature","geometry":{"type":"LineString","coordinates":[[-17811.118526923772,5728946.476751825],[-17610.125001880362,5727340.075519092]]},"properties":{"type":"artcc-low","section":"Tower CTR LFBG CTR Cognac","uuid":"artcc-low-tower-ctr-lfbg-ctr-cognac"}},{"type":"Feature","geometry":{"type":"LineString","coordinates":[[-17610.125001880362,5727340.075519092],[-17542.09642417336,5725720.691192188]]},"properties":{"type":"artcc-low","section":"Tower CTR LFBG CTR Cognac","uuid":"artcc-low-tower-ctr-lfbg-ctr-cognac"}},{"type":"Feature","geometry":{"type":"LineString","coordinates":[[-17542.09642417336,5725720.691192188],[-17610.125001880362,5724101.600862552]]},"properties":{"type":"artcc-low","section":"Tower CTR LFBG CTR Cognac","uuid":"artcc-low-tower-ctr-lfbg-ctr-cognac"}},{"type":"Feature","geometry":{"type":"LineString","coordinates":[[-17610.125001880362,5724101.600862552],[-17811.118526923772,5722496.072002218]]},"properties":{"type":"artcc-low","section":"Tower CTR LFBG CTR Cognac","uuid":"artcc-low-tower-ctr-lfbg-ctr-cognac"}},{"type":"Feature","geometry":{"type":"LineString","coordinates":[[-17811.118526923772,5722496.072002218],[-18145.076999303594,5720912.940812333]]},"properties":{"type":"artcc-low","section":"Tower CTR LFBG CTR Cognac","uuid":"artcc-low-tower-ctr-lfbg-ctr-cognac"}},{"type":"Feature","geometry":{"type":"LineString","coordinates":[[-18145.076999303594,5720912.940812333],[-18608.90821094223,5719369.879347195]]},"properties":{"type":"artcc-low","section":"Tower CTR LFBG CTR Cognac","uuid":"artcc-low-tower-ctr-lfbg-ctr-cognac"}},{"type":"Feature","geometry":{"type":"LineString","coordinates":[[-18608.90821094223,5719369.879347195],[-19199.519953762097,5717871.287081425]]},"properties":{"type":"artcc-low","section":"Tower CTR LFBG CTR Cognac","uuid":"artcc-low-tower-ctr-lfbg-ctr-cognac"}},{"type":"Feature","geometry":{"type":"LineString","coordinates":[[-19199.519953762097,5717871.287081425],[-19913.820019685605,5716434.819779567]]},"properties":{"type":"artcc-low","section":"Tower CTR LFBG CTR Cognac","uuid":"artcc-low-tower-ctr-lfbg-ctr-cognac"}},{"type":"Feature","geometry":{"type":"LineString","coordinates":[[-19913.820019685605,5716434.819779567],[-20742.531784479972,5715069.285189458]]},"properties":{"type":"artcc-low","section":"Tower CTR LFBG CTR Cognac","uuid":"artcc-low-tower-ctr-lfbg-ctr-cognac"}},{"type":"Feature","geometry":{"type":"LineString","coordinates":[[-20742.531784479972,5715069.285189458],[-21685.65524814521,5713783.487230078]]},"properties":{"type":"artcc-low","section":"Tower CTR LFBG CTR Cognac","uuid":"artcc-low-tower-ctr-lfbg-ctr-cognac"}},{"type":"Feature","geometry":{"type":"LineString","coordinates":[[-21685.65524814521,5713783.487230078],[-22727.729370293357,5712590.644377432]]},"properties":{"type":"artcc-low","section":"Tower CTR LFBG CTR Cognac","uuid":"artcc-low-tower-ctr-lfbg-ctr-cognac"}},{"type":"Feature","geometry":{"type":"LineString","coordinates":[[-22727.729370293357,5712590.644377432],[-23868.754150924407,5711499.553589583]]},"properties":{"type":"artcc-low","section":"Tower CTR LFBG CTR Cognac","uuid":"artcc-low-tower-ctr-lfbg-ctr-cognac"}},{"type":"Feature","geometry":{"type":"LineString","coordinates":[[-23868.754150924407,5711499.553589583],[-25093.268549650416,5710514.594195725]]},"properties":{"type":"artcc-low","section":"Tower CTR LFBG CTR Cognac","uuid":"artcc-low-tower-ctr-lfbg-ctr-cognac"}},{"type":"Feature","geometry":{"type":"LineString","coordinates":[[-25093.268549650416,5710514.594195725],[-26395.088150316198,5709644.563457518]]},"properties":{"type":"artcc-low","section":"Tower CTR LFBG CTR Cognac","uuid":"artcc-low-tower-ctr-lfbg-ctr-cognac"}},{"type":"Feature","geometry":{"type":"LineString","coordinates":[[-26395.088150316198,5709644.563457518],[-27768.02853676657,5708898.259427157]]},"properties":{"type":"artcc-low","section":"Tower CTR LFBG CTR Cognac","uuid":"artcc-low-tower-ctr-lfbg-ctr-cognac"}},{"type":"Feature","geometry":{"type":"LineString","coordinates":[[-27768.02853676657,5708898.259427157],[-29193.53646053599,5708275.651101599]]},"properties":{"type":"artcc-low","section":"Tower CTR LFBG CTR Cognac","uuid":"artcc-low-tower-ctr-lfbg-ctr-cognac"}},{"type":"Feature","geometry":{"type":"LineString","coordinates":[[-29193.53646053599,5708275.651101599],[-30668.51971354687,5707789.958418442]]},"properties":{"type":"artcc-low","section":"Tower CTR LFBG CTR Cognac","uuid":"artcc-low-tower-ctr-lfbg-ctr-cognac"}},{"type":"Feature","geometry":{"type":"LineString","coordinates":[[-30668.51971354687,5707789.958418442],[-32174.425047333654,5707441.159052091]]},"properties":{"type":"artcc-low","section":"Tower CTR LFBG CTR Cognac","uuid":"artcc-low-tower-ctr-lfbg-ctr-cognac"}},{"type":"Feature","geometry":{"type":"LineString","coordinates":[[-32174.425047333654,5707441.159052091],[-33708.16025381876,5707229.236972397]]},"properties":{"type":"artcc-low","section":"Tower CTR LFBG CTR Cognac","uuid":"artcc-low-tower-ctr-lfbg-ctr-cognac"}},{"type":"Feature","geometry":{"type":"LineString","coordinates":[[-33708.16025381876,5707229.236972397],[-35251.17208453663,5707158.597396016]]},"properties":{"type":"artcc-low","section":"Tower CTR LFBG CTR Cognac","uuid":"artcc-low-tower-ctr-lfbg-ctr-cognac"}},{"type":"Feature","geometry":{"type":"LineString","coordinates":[[-35251.17208453663,5707158.597396016],[-36794.1839152545,5707229.236972397]]},"properties":{"type":"artcc-low","section":"Tower CTR LFBG CTR Cognac","uuid":"artcc-low-tower-ctr-lfbg-ctr-cognac"}},{"type":"Feature","geometry":{"type":"LineString","coordinates":[[-36794.1839152545,5707229.236972397],[-38327.91912173961,5707441.159052091]]},"properties":{"type":"artcc-low","section":"Tower CTR LFBG CTR Cognac","uuid":"artcc-low-tower-ctr-lfbg-ctr-cognac"}},{"type":"Feature","geometry":{"type":"LineString","coordinates":[[-38327.91912173961,5707441.159052091],[-39833.824455526395,5707789.958418442]]},"properties":{"type":"artcc-low","section":"Tower CTR LFBG CTR Cognac","uuid":"artcc-low-tower-ctr-lfbg-ctr-cognac"}},{"type":"Feature","geometry":{"type":"LineString","coordinates":[[-39833.824455526395,5707789.958418442],[-41308.80770853727,5708275.651101599]]},"properties":{"type":"artcc-low","section":"Tower CTR LFBG CTR Cognac","uuid":"artcc-low-tower-ctr-lfbg-ctr-cognac"}},{"type":"Feature","geometry":{"type":"LineString","coordinates":[[-41308.80770853727,5708275.651101599],[-42734.31563230669,5708898.259427157]]},"properties":{"type":"artcc-low","section":"Tower CTR LFBG CTR Cognac","uuid":"artcc-low-tower-ctr-lfbg-ctr-cognac"}},{"type":"Feature","geometry":{"type":"LineString","coordinates":[[-42734.31563230669,5708898.259427157],[-44107.25601875706,5709644.563457518]]},"properties":{"type":"artcc-low","section":"Tower CTR LFBG CTR Cognac","uuid":"artcc-low-tower-ctr-lfbg-ctr-cognac"}},{"type":"Feature","geometry":{"type":"LineString","coordinates":[[-44107.25601875706,5709644.563457518],[-45409.075619422845,5710514.594195725]]},"properties":{"type":"artcc-low","section":"Tower CTR LFBG CTR Cognac","uuid":"artcc-low-tower-ctr-lfbg-ctr-cognac"}},{"type":"Feature","geometry":{"type":"LineString","coordinates":[[-45409.075619422845,5710514.594195725],[-46633.590018148854,5711499.553589583]]},"properties":{"type":"artcc-low","section":"Tower CTR LFBG CTR Cognac","uuid":"artcc-low-tower-ctr-lfbg-ctr-cognac"}},{"type":"Feature","geometry":{"type":"LineString","coordinates":[[-46633.590018148854,5711499.553589583],[-47774.614798779905,5712590.644377432]]},"properties":{"type":"artcc-low","section":"Tower CTR LFBG CTR Cognac","uuid":"artcc-low-tower-ctr-lfbg-ctr-cognac"}},{"type":"Feature","geometry":{"type":"LineString","coordinates":[[-47774.614798779905,5712590.644377432],[-48816.688920928056,5713783.487230078]]},"properties":{"type":"artcc-low","section":"Tower CTR LFBG CTR Cognac","uuid":"artcc-low-tower-ctr-lfbg-ctr-cognac"}},{"type":"Feature","geometry":{"type":"LineString","coordinates":[[-48816.688920928056,5713783.487230078],[-49759.812384593286,5715069.285189458]]},"properties":{"type":"artcc-low","section":"Tower CTR LFBG CTR Cognac","uuid":"artcc-low-tower-ctr-lfbg-ctr-cognac"}},{"type":"Feature","geometry":{"type":"LineString","coordinates":[[-49759.812384593286,5715069.285189458],[-50588.52414938766,5716434.819779567]]},"properties":{"type":"artcc-low","section":"Tower CTR LFBG CTR Cognac","uuid":"artcc-low-tower-ctr-lfbg-ctr-cognac"}},{"type":"Feature","geometry":{"type":"LineString","coordinates":[[-50588.52414938766,5716434.819779567],[-51302.82421531116,5717871.287081425]]},"properties":{"type":"artcc-low","section":"Tower CTR LFBG CTR Cognac","uuid":"artcc-low-tower-ctr-lfbg-ctr-cognac"}},{"type":"Feature","geometry":{"type":"LineString","coordinates":[[-51302.82421531116,5717871.287081425],[-51893.435958131035,5719369.879347195]]},"properties":{"type":"artcc-low","section":"Tower CTR LFBG CTR Cognac","uuid":"artcc-low-tower-ctr-lfbg-ctr-cognac"}},{"type":"Feature","geometry":{"type":"LineString","coordinates":[[-51893.435958131035,5719369.879347195],[-52357.26716976967,5720912.940812333]]},"properties":{"type":"artcc-low","section":"Tower CTR LFBG CTR Cognac","uuid":"artcc-low-tower-ctr-lfbg-ctr-cognac"}},{"type":"Feature","geometry":{"type":"LineString","coordinates":[[-52357.26716976967,5720912.940812333],[-52691.22564214949,5722496.072002218]]},"properties":{"type":"artcc-low","section":"Tower CTR LFBG CTR Cognac","uuid":"artcc-low-tower-ctr-lfbg-ctr-cognac"}},{"type":"Feature","geometry":{"type":"LineString","coordinates":[[-52691.22564214949,5722496.072002218],[-52892.2191671929,5724101.600862552]]},"properties":{"type":"artcc-low","section":"Tower CTR LFBG CTR Cognac","uuid":"artcc-low-tower-ctr-lfbg-ctr-cognac"}},{"type":"Feature","geometry":{"type":"LineString","coordinates":[[-52892.2191671929,5724101.600862552],[-52960.247744899905,5725720.691192188]]},"properties":{"type":"artcc-low","section":"Tower CTR LFBG CTR Cognac","uuid":"artcc-low-tower-ctr-lfbg-ctr-cognac"}},{"type":"Feature","geometry":{"type":"LineString","coordinates":[[-52960.247744899905,5725720.691192188],[-52892.2191671929,5727340.075519092]]},"properties":{"type":"artcc-low","section":"Tower CTR LFBG CTR Cognac","uuid":"artcc-low-tower-ctr-lfbg-ctr-cognac"}},{"type":"Feature","geometry":{"type":"LineString","coordinates":[[-52892.2191671929,5727340.075519092],[-52691.22564214949,5728946.476751825]]},"properties":{"type":"artcc-low","section":"Tower CTR LFBG CTR Cognac","uuid":"artcc-low-tower-ctr-lfbg-ctr-cognac"}},{"type":"Feature","geometry":{"type":"LineString","coordinates":[[-52691.22564214949,5728946.476751825],[-52357.26716976967,5730531.034797702]]},"properties":{"type":"artcc-low","section":"Tower CTR LFBG CTR Cognac","uuid":"artcc-low-tower-ctr-lfbg-ctr-cognac"}},{"type":"Feature","geometry":{"type":"LineString","coordinates":[[-52357.26716976967,5730531.034797702],[-51893.435958131035,5732076.028783284]]},"properties":{"type":"artcc-low","section":"Tower CTR LFBG CTR Cognac","uuid":"artcc-low-tower-ctr-lfbg-ctr-cognac"}},{"type":"Feature","geometry":{"type":"LineString","coordinates":[[-51893.435958131035,5732076.028783284],[-51302.82421531116,5733577.0100791035]]},"properties":{"type":"artcc-low","section":"Tower CTR LFBG CTR Cognac","uuid":"artcc-low-tower-ctr-lfbg-ctr-cognac"}},{"type":"Feature","geometry":{"type":"LineString","coordinates":[[-51302.82421531116,5733577.0100791035],[-50588.52414938766,5735016.241373726]]},"properties":{"type":"artcc-low","section":"Tower CTR LFBG CTR Cognac","uuid":"artcc-low-tower-ctr-lfbg-ctr-cognac"}},{"type":"Feature","geometry":{"type":"LineString","coordinates":[[-50588.52414938766,5735016.241373726],[-49759.812384593286,5736384.8338464005]]},"properties":{"type":"artcc-low","section":"Tower CTR LFBG CTR Cognac","uuid":"artcc-low-tower-ctr-lfbg-ctr-cognac"}},{"type":"Feature","geometry":{"type":"LineString","coordinates":[[-49759.812384593286,5736384.8338464005],[-48816.688920928056,5737673.894762073]]},"properties":{"type":"artcc-low","section":"Tower CTR LFBG CTR Cognac","uuid":"artcc-low-tower-ctr-lfbg-ctr-cognac"}},{"type":"Feature","geometry":{"type":"LineString","coordinates":[[-48816.688920928056,5737673.894762073],[-47774.614798779905,5738870.0975389]]},"properties":{"type":"artcc-low","section":"Tower CTR LFBG CTR Cognac","uuid":"artcc-low-tower-ctr-lfbg-ctr-cognac"}},{"type":"Feature","geometry":{"type":"LineString","coordinates":[[-47774.614798779905,5738870.0975389],[-46633.590018148854,5739964.542303262]]},"properties":{"type":"artcc-low","section":"Tower CTR LFBG CTR Cognac","uuid":"artcc-low-tower-ctr-lfbg-ctr-cognac"}},{"type":"Feature","geometry":{"type":"LineString","coordinates":[[-46633.590018148854,5739964.542303262],[-45409.075619422845,5740952.759813981]]},"properties":{"type":"artcc-low","section":"Tower CTR LFBG CTR Cognac","uuid":"artcc-low-tower-ctr-lfbg-ctr-cognac"}},{"type":"Feature","geometry":{"type":"LineString","coordinates":[[-45409.075619422845,5740952.759813981],[-44107.25601875706,5741825.850393721]]},"properties":{"type":"artcc-low","section":"Tower CTR LFBG CTR Cognac","uuid":"artcc-low-tower-ctr-lfbg-ctr-cognac"}},{"type":"Feature","geometry":{"type":"LineString","coordinates":[[-44107.25601875706,5741825.850393721],[-42734.31563230669,5742574.915119479]]},"properties":{"type":"artcc-low","section":"Tower CTR LFBG CTR Cognac","uuid":"artcc-low-tower-ctr-lfbg-ctr-cognac"}},{"type":"Feature","geometry":{"type":"LineString","coordinates":[[-42734.31563230669,5742574.915119479],[-41308.80770853727,5743199.9226806]]},"properties":{"type":"artcc-low","section":"Tower CTR LFBG CTR Cognac","uuid":"artcc-low-tower-ctr-lfbg-ctr-cognac"}},{"type":"Feature","geometry":{"type":"LineString","coordinates":[[-41308.80770853727,5743199.9226806],[-39833.824455526395,5743687.547705552]]},"properties":{"type":"artcc-low","section":"Tower CTR LFBG CTR Cognac","uuid":"artcc-low-tower-ctr-lfbg-ctr-cognac"}},{"type":"Feature","geometry":{"type":"LineString","coordinates":[[-39833.824455526395,5743687.547705552],[-38327.91912173961,5744037.767614878]]},"properties":{"type":"artcc-low","section":"Tower CTR LFBG CTR Cognac","uuid":"artcc-low-tower-ctr-lfbg-ctr-cognac"}},{"type":"Feature","geometry":{"type":"LineString","coordinates":[[-38327.91912173961,5744037.767614878],[-36794.1839152545,5744250.566188665]]},"properties":{"type":"artcc-low","section":"Tower CTR LFBG CTR Cognac","uuid":"artcc-low-tower-ctr-lfbg-ctr-cognac"}},{"type":"Feature","geometry":{"type":"LineString","coordinates":[[-36794.1839152545,5744250.566188665],[-35251.17208453663,5744321.500177198]]},"properties":{"type":"artcc-low","section":"Tower CTR LFBG CTR Cognac","uuid":"artcc-low-tower-ctr-lfbg-ctr-cognac"}},{"type":"Feature","geometry":{"type":"LineString","coordinates":[[-113020.17431386781,5821754.91313383],[-106959.35371554724,5799064.886848628]]},"properties":{"type":"artcc-low","section":"Tower CTR LFBH CTR La Rochelle Ile de Re","uuid":"artcc-low-tower-ctr-lfbh-ctr-la-rochelle-ile-de-re"}},{"type":"Feature","geometry":{"type":"LineString","coordinates":[[-106959.35371554724,5799064.886848628],[-152909.68943687162,5801072.485166883]]},"properties":{"type":"artcc-low","section":"Tower CTR LFBH CTR La Rochelle Ile de Re","uuid":"artcc-low-tower-ctr-lfbh-ctr-la-rochelle-ile-de-re"}},{"type":"Feature","geometry":{"type":"LineString","coordinates":[[-152909.68943687162,5801072.485166883],[-153200.3260740844,5801779.134317532]]},"properties":{"type":"artcc-low","section":"Tower CTR LFBH CTR La Rochelle Ile de Re","uuid":"artcc-low-tower-ctr-lfbh-ctr-la-rochelle-ile-de-re"}},{"type":"Feature","geometry":{"type":"LineString","coordinates":[[-153200.3260740844,5801779.134317532],[-154167.3523061894,5805385.9901713785]]},"properties":{"type":"artcc-low","section":"Tower CTR LFBH CTR La Rochelle Ile de Re","uuid":"artcc-low-tower-ctr-lfbh-ctr-la-rochelle-ile-de-re"}},{"type":"Feature","geometry":{"type":"LineString","coordinates":[[-154167.3523061894,5805385.9901713785],[-154492.9927388405,5809107.4380126]]},"properties":{"type":"artcc-low","section":"Tower CTR LFBH CTR La Rochelle Ile de Re","uuid":"artcc-low-tower-ctr-lfbh-ctr-la-rochelle-ile-de-re"}},{"type":"Feature","geometry":{"type":"LineString","coordinates":[[-154492.9927388405,5809107.4380126],[-154167.3523061894,5812830.319128693]]},"properties":{"type":"artcc-low","section":"Tower CTR LFBH CTR La Rochelle Ile de Re","uuid":"artcc-low-tower-ctr-lfbh-ctr-la-rochelle-ile-de-re"}},{"type":"Feature","geometry":{"type":"LineString","coordinates":[[-154167.3523061894,5812830.319128693],[-153200.3260740844,5816441.732472151]]},"properties":{"type":"artcc-low","section":"Tower CTR LFBH CTR La Rochelle Ile de Re","uuid":"artcc-low-tower-ctr-lfbh-ctr-la-rochelle-ile-de-re"}},{"type":"Feature","geometry":{"type":"LineString","coordinates":[[-153200.3260740844,5816441.732472151],[-151621.19725302025,5819831.501460689]]},"properties":{"type":"artcc-low","section":"Tower CTR LFBH CTR La Rochelle Ile de Re","uuid":"artcc-low-tower-ctr-lfbh-ctr-la-rochelle-ile-de-re"}},{"type":"Feature","geometry":{"type":"LineString","coordinates":[[-151621.19725302025,5819831.501460689],[-149478.04967860354,5822896.494136091]]},"properties":{"type":"artcc-low","section":"Tower CTR LFBH CTR La Rochelle Ile de Re","uuid":"artcc-low-tower-ctr-lfbh-ctr-la-rochelle-ile-de-re"}},{"type":"Feature","geometry":{"type":"LineString","coordinates":[[-149478.04967860354,5822896.494136091],[-149260.85298323352,5823186.117087967]]},"properties":{"type":"artcc-low","section":"Tower CTR LFBH CTR La Rochelle Ile de Re","uuid":"artcc-low-tower-ctr-lfbh-ctr-la-rochelle-ile-de-re"}},{"type":"Feature","geometry":{"type":"LineString","coordinates":[[-149260.85298323352,5823186.117087967],[-113020.17431386781,5821754.91313383]]},"properties":{"type":"artcc-low","section":"Tower CTR LFBH CTR La Rochelle Ile de Re","uuid":"artcc-low-tower-ctr-lfbh-ctr-la-rochelle-ile-de-re"}},{"type":"Feature","geometry":{"type":"LineString","coordinates":[[36951.88652721164,5900550.455863705],[39162.81530268916,5900897.928967569]]},"properties":{"type":"artcc-low","section":"Tower CTR LFBI CTR 1 Poitiers Biard","uuid":"artcc-low-tower-ctr-lfbi-ctr-1-poitiers-biard"}},{"type":"Feature","geometry":{"type":"LineString","coordinates":[[39162.81530268916,5900897.928967569],[41256.24017121822,5900329.343793889]]},"properties":{"type":"artcc-low","section":"Tower CTR LFBI CTR 1 Poitiers Biard","uuid":"artcc-low-tower-ctr-lfbi-ctr-1-poitiers-biard"}},{"type":"Feature","geometry":{"type":"LineString","coordinates":[[41256.24017121822,5900329.343793889],[43294.005294350645,5899571.287647606]]},"properties":{"type":"artcc-low","section":"Tower CTR LFBI CTR 1 Poitiers Biard","uuid":"artcc-low-tower-ctr-lfbi-ctr-1-poitiers-biard"}},{"type":"Feature","geometry":{"type":"LineString","coordinates":[[43294.005294350645,5899571.287647606],[45263.74183977607,5898623.809721636]]},"properties":{"type":"artcc-low","section":"Tower CTR LFBI CTR 1 Poitiers Biard","uuid":"artcc-low-tower-ctr-lfbi-ctr-1-poitiers-biard"}},{"type":"Feature","geometry":{"type":"LineString","coordinates":[[45263.74183977607,5898623.809721636],[47146.89655902895,5897495.99342329]]},"properties":{"type":"artcc-low","section":"Tower CTR LFBI CTR 1 Poitiers Biard","uuid":"artcc-low-tower-ctr-lfbi-ctr-1-poitiers-biard"}},{"type":"Feature","geometry":{"type":"LineString","coordinates":[[47146.89655902895,5897495.99342329],[48931.10061979892,5896196.929003605]]},"properties":{"type":"artcc-low","section":"Tower CTR LFBI CTR 1 Poitiers Biard","uuid":"artcc-low-tower-ctr-lfbi-ctr-1-poitiers-biard"}},{"type":"Feature","geometry":{"type":"LineString","coordinates":[[48931.10061979892,5896196.929003605],[50603.98518977561,5894735.711730004]]},"properties":{"type":"artcc-low","section":"Tower CTR LFBI CTR 1 Poitiers Biard","uuid":"artcc-low-tower-ctr-lfbi-ctr-1-poitiers-biard"}},{"type":"Feature","geometry":{"type":"LineString","coordinates":[[50603.98518977561,5894735.711730004],[52153.181436648665,5893125.948877579]]},"properties":{"type":"artcc-low","section":"Tower CTR LFBI CTR 1 Poitiers Biard","uuid":"artcc-low-tower-ctr-lfbi-ctr-1-poitiers-biard"}},{"type":"Feature","geometry":{"type":"LineString","coordinates":[[52153.181436648665,5893125.948877579],[53563.22832003013,5891381.245763121]]},"properties":{"type":"artcc-low","section":"Tower CTR LFBI CTR 1 Poitiers Biard","uuid":"artcc-low-tower-ctr-lfbi-ctr-1-poitiers-biard"}},{"type":"Feature","geometry":{"type":"LineString","coordinates":[[53563.22832003013,5891381.245763121],[54824.84921568724,5889506.1898148665]]},"properties":{"type":"artcc-low","section":"Tower CTR LFBI CTR 1 Poitiers Biard","uuid":"artcc-low-tower-ctr-lfbi-ctr-1-poitiers-biard"}},{"type":"Feature","geometry":{"type":"LineString","coordinates":[[54824.84921568724,5889506.1898148665],[55931.859707464784,5887523.393854268]]},"properties":{"type":"artcc-low","section":"Tower CTR LFBI CTR 1 Poitiers Biard","uuid":"artcc-low-tower-ctr-lfbi-ctr-1-poitiers-biard"}},{"type":"Feature","geometry":{"type":"LineString","coordinates":[[55931.859707464784,5887523.393854268],[56868.798754974836,5885446.445282502]]},"properties":{"type":"artcc-low","section":"Tower CTR LFBI CTR 1 Poitiers Biard","uuid":"artcc-low-tower-ctr-lfbi-ctr-1-poitiers-biard"}},{"type":"Feature","geometry":{"type":"LineString","coordinates":[[56868.798754974836,5885446.445282502],[57824.29105095044,5884860.843690855]]},"properties":{"type":"artcc-low","section":"Tower CTR LFBI CTR 1 Poitiers Biard","uuid":"artcc-low-tower-ctr-lfbi-ctr-1-poitiers-biard"}},{"type":"Feature","geometry":{"type":"LineString","coordinates":[[57824.29105095044,5884860.843690855],[36240.67866936573,5848584.737371973]]},"properties":{"type":"artcc-low","section":"Tower CTR LFBI CTR 1 Poitiers Biard","uuid":"artcc-low-tower-ctr-lfbi-ctr-1-poitiers-biard"}},{"type":"Feature","geometry":{"type":"LineString","coordinates":[[36240.67866936573,5848584.737371973],[34171.991465457395,5847795.250732977]]},"properties":{"type":"artcc-low","section":"Tower CTR LFBI CTR 1 Poitiers Biard","uuid":"artcc-low-tower-ctr-lfbi-ctr-1-poitiers-biard"}},{"type":"Feature","geometry":{"type":"LineString","coordinates":[[34171.991465457395,5847795.250732977],[32022.9068515317,5847799.736252551]]},"properties":{"type":"artcc-low","section":"Tower CTR LFBI CTR 1 Poitiers Biard","uuid":"artcc-low-tower-ctr-lfbi-ctr-1-poitiers-biard"}},{"type":"Feature","geometry":{"type":"LineString","coordinates":[[32022.9068515317,5847799.736252551],[29883.09886183877,5848006.072623191]]},"properties":{"type":"artcc-low","section":"Tower CTR LFBI CTR 1 Poitiers Biard","uuid":"artcc-low-tower-ctr-lfbi-ctr-1-poitiers-biard"}},{"type":"Feature","geometry":{"type":"LineString","coordinates":[[29883.09886183877,5848006.072623191],[27768.02853676657,5848414.274036907]]},"properties":{"type":"artcc-low","section":"Tower CTR LFBI CTR 1 Poitiers Biard","uuid":"artcc-low-tower-ctr-lfbi-ctr-1-poitiers-biard"}},{"type":"Feature","geometry":{"type":"LineString","coordinates":[[27768.02853676657,5848414.274036907],[25696.24912478065,5849010.910150166]]},"properties":{"type":"artcc-low","section":"Tower CTR LFBI CTR 1 Poitiers Biard","uuid":"artcc-low-tower-ctr-lfbi-ctr-1-poitiers-biard"}},{"type":"Feature","geometry":{"type":"LineString","coordinates":[[25696.24912478065,5849010.910150166],[23677.037250113775,5849800.505817117]]},"properties":{"type":"artcc-low","section":"Tower CTR LFBI CTR 1 Poitiers Biard","uuid":"artcc-low-tower-ctr-lfbi-ctr-1-poitiers-biard"}},{"type":"Feature","geometry":{"type":"LineString","coordinates":[[23677.037250113775,5849800.505817117],[21735.130577386662,5850774.1388896005]]},"properties":{"type":"artcc-low","section":"Tower CTR LFBI CTR 1 Poitiers Biard","uuid":"artcc-low-tower-ctr-lfbi-ctr-1-poitiers-biard"}},{"type":"Feature","geometry":{"type":"LineString","coordinates":[[21735.130577386662,5850774.1388896005],[19876.713522754515,5851922.895197893]]},"properties":{"type":"artcc-low","section":"Tower CTR LFBI CTR 1 Poitiers Biard","uuid":"artcc-low-tower-ctr-lfbi-ctr-1-poitiers-biard"}},{"type":"Feature","geometry":{"type":"LineString","coordinates":[[19876.713522754515,5851922.895197893],[18120.339334682863,5853242.355029293]]},"properties":{"type":"artcc-low","section":"Tower CTR LFBI CTR 1 Poitiers Biard","uuid":"artcc-low-tower-ctr-lfbi-ctr-1-poitiers-biard"}},{"type":"Feature","geometry":{"type":"LineString","coordinates":[[18120.339334682863,5853242.355029293],[16478.37684548208,5854719.1280262405]]},"properties":{"type":"artcc-low","section":"Tower CTR LFBI CTR 1 Poitiers Biard","uuid":"artcc-low-tower-ctr-lfbi-ctr-1-poitiers-biard"}},{"type":"Feature","geometry":{"type":"LineString","coordinates":[[16478.37684548208,5854719.1280262405],[14966.287095540112,5856339.823776179]]},"properties":{"type":"artcc-low","section":"Tower CTR LFBI CTR 1 Poitiers Biard","uuid":"artcc-low-tower-ctr-lfbi-ctr-1-poitiers-biard"}},{"type":"Feature","geometry":{"type":"LineString","coordinates":[[14966.287095540112,5856339.823776179],[13590.254501012148,5858100.031061527]]},"properties":{"type":"artcc-low","section":"Tower CTR LFBI CTR 1 Poitiers Biard","uuid":"artcc-low-tower-ctr-lfbi-ctr-1-poitiers-biard"}},{"type":"Feature","geometry":{"type":"LineString","coordinates":[[13590.254501012148,5858100.031061527],[12362.647894208549,5859977.374962652]]},"properties":{"type":"artcc-low","section":"Tower CTR LFBI CTR 1 Poitiers Biard","uuid":"artcc-low-tower-ctr-lfbi-ctr-1-poitiers-biard"}},{"type":"Feature","geometry":{"type":"LineString","coordinates":[[12362.647894208549,5859977.374962652],[11193.793240879177,5860884.751796014]]},"properties":{"type":"artcc-low","section":"Tower CTR LFBI CTR 1 Poitiers Biard","uuid":"artcc-low-tower-ctr-lfbi-ctr-1-poitiers-biard"}},{"type":"Feature","geometry":{"type":"LineString","coordinates":[[11750.390694845544,5867445.8061935],[25046.885428486552,5872977.074402308]]},"properties":{"type":"artcc-low","section":"Tower CTR LFBI CTR 1 Poitiers Biard","uuid":"artcc-low-tower-ctr-lfbi-ctr-1-poitiers-biard"}},{"type":"Feature","geometry":{"type":"LineString","coordinates":[[25046.885428486552,5872977.074402308],[28757.535121595676,5876126.50669716]]},"properties":{"type":"artcc-low","section":"Tower CTR LFBI CTR 1 Poitiers Biard","uuid":"artcc-low-tower-ctr-lfbi-ctr-1-poitiers-biard"}},{"type":"Feature","geometry":{"type":"LineString","coordinates":[[28757.535121595676,5876126.50669716],[31540.522391427512,5886482.605428461]]},"properties":{"type":"artcc-low","section":"Tower CTR LFBI CTR 1 Poitiers Biard","uuid":"artcc-low-tower-ctr-lfbi-ctr-1-poitiers-biard"}},{"type":"Feature","geometry":{"type":"LineString","coordinates":[[31540.522391427512,5886482.605428461],[28448.314313836578,5892521.800480246]]},"properties":{"type":"artcc-low","section":"Tower CTR LFBI CTR 1 Poitiers Biard","uuid":"artcc-low-tower-ctr-lfbi-ctr-1-poitiers-biard"}},{"type":"Feature","geometry":{"type":"LineString","coordinates":[[28448.314313836578,5892521.800480246],[36951.88652721164,5900550.455863705]]},"properties":{"type":"artcc-low","section":"Tower CTR LFBI CTR 1 Poitiers Biard","uuid":"artcc-low-tower-ctr-lfbi-ctr-1-poitiers-biard"}},{"type":"Feature","geometry":{"type":"LineString","coordinates":[[12678.053118122825,5877386.596013864],[28448.314313836578,5892521.800480246]]},"properties":{"type":"artcc-low","section":"Tower CTR LFBI CTR 2 Poitiers Biard","uuid":"artcc-low-tower-ctr-lfbi-ctr-2-poitiers-biard"}},{"type":"Feature","geometry":{"type":"LineString","coordinates":[[28448.314313836578,5892521.800480246],[31540.522391427512,5886482.605428461]]},"properties":{"type":"artcc-low","section":"Tower CTR LFBI CTR 2 Poitiers Biard","uuid":"artcc-low-tower-ctr-lfbi-ctr-2-poitiers-biard"}},{"type":"Feature","geometry":{"type":"LineString","coordinates":[[31540.522391427512,5886482.605428461],[28757.535121595676,5876126.50669716]]},"properties":{"type":"artcc-low","section":"Tower CTR LFBI CTR 2 Poitiers Biard","uuid":"artcc-low-tower-ctr-lfbi-ctr-2-poitiers-biard"}},{"type":"Feature","geometry":{"type":"LineString","coordinates":[[28757.535121595676,5876126.50669716],[25046.885428486552,5872977.074402308]]},"properties":{"type":"artcc-low","section":"Tower CTR LFBI CTR 2 Poitiers Biard","uuid":"artcc-low-tower-ctr-lfbi-ctr-2-poitiers-biard"}},{"type":"Feature","geometry":{"type":"LineString","coordinates":[[25046.885428486552,5872977.074402308],[11750.390694845544,5867445.8061935]]},"properties":{"type":"artcc-low","section":"Tower CTR LFBI CTR 2 Poitiers Biard","uuid":"artcc-low-tower-ctr-lfbi-ctr-2-poitiers-biard"}},{"type":"Feature","geometry":{"type":"LineString","coordinates":[[11750.390694845544,5867445.8061935],[12678.053118122825,5877386.596013864]]},"properties":{"type":"artcc-low","section":"Tower CTR LFBI CTR 2 Poitiers Biard","uuid":"artcc-low-tower-ctr-lfbi-ctr-2-poitiers-biard"}},{"type":"Feature","geometry":{"type":"LineString","coordinates":[[131387.85937267717,5775408.28726426],[134394.75342940734,5775144.736616062]]},"properties":{"type":"artcc-low","section":"Tower CTR LFBL Limoges Bellegarde 1","uuid":"artcc-low-tower-ctr-lfbl-limoges-bellegarde-1"}},{"type":"Feature","geometry":{"type":"LineString","coordinates":[[134394.75342940734,5775144.736616062],[137310.27273744476,5774362.049800489]]},"properties":{"type":"artcc-low","section":"Tower CTR LFBL Limoges Bellegarde 1","uuid":"artcc-low-tower-ctr-lfbl-limoges-bellegarde-1"}},{"type":"Feature","geometry":{"type":"LineString","coordinates":[[137310.27273744476,5774362.049800489],[140045.82553536637,5773084.20417086]]},"properties":{"type":"artcc-low","section":"Tower CTR LFBL Limoges Bellegarde 1","uuid":"artcc-low-tower-ctr-lfbl-limoges-bellegarde-1"}},{"type":"Feature","geometry":{"type":"LineString","coordinates":[[140045.82553536637,5773084.20417086],[142518.32419212727,5771350.190444944]]},"properties":{"type":"artcc-low","section":"Tower CTR LFBL Limoges Bellegarde 1","uuid":"artcc-low-tower-ctr-lfbl-limoges-bellegarde-1"}},{"type":"Feature","geometry":{"type":"LineString","coordinates":[[142518.32419212727,5771350.190444944],[144652.65897352286,5769212.95880041]]},"properties":{"type":"artcc-low","section":"Tower CTR LFBL Limoges Bellegarde 1","uuid":"artcc-low-tower-ctr-lfbl-limoges-bellegarde-1"}},{"type":"Feature","geometry":{"type":"LineString","coordinates":[[144652.65897352286,5769212.95880041],[146383.8935099237,5766737.691098244]]},"properties":{"type":"artcc-low","section":"Tower CTR LFBL Limoges Bellegarde 1","uuid":"artcc-low-tower-ctr-lfbl-limoges-bellegarde-1"}},{"type":"Feature","geometry":{"type":"LineString","coordinates":[[146383.8935099237,5766737.691098244],[147659.5221081723,5763999.893268222]]},"properties":{"type":"artcc-low","section":"Tower CTR LFBL Limoges Bellegarde 1","uuid":"artcc-low-tower-ctr-lfbl-limoges-bellegarde-1"}},{"type":"Feature","geometry":{"type":"LineString","coordinates":[[147659.5221081723,5763999.893268222],[148440.73755689486,5761082.957298815]]},"properties":{"type":"artcc-low","section":"Tower CTR LFBL Limoges Bellegarde 1","uuid":"artcc-low-tower-ctr-lfbl-limoges-bellegarde-1"}},{"type":"Feature","geometry":{"type":"LineString","coordinates":[[148440.73755689486,5761082.957298815],[148703.79169805552,5758075.553390648]]},"properties":{"type":"artcc-low","section":"Tower CTR LFBL Limoges Bellegarde 1","uuid":"artcc-low-tower-ctr-lfbl-limoges-bellegarde-1"}},{"type":"Feature","geometry":{"type":"LineString","coordinates":[[148703.79169805552,5758075.553390648],[148440.73755689486,5755069.211185551]]},"properties":{"type":"artcc-low","section":"Tower CTR LFBL Limoges Bellegarde 1","uuid":"artcc-low-tower-ctr-lfbl-limoges-bellegarde-1"}},{"type":"Feature","geometry":{"type":"LineString","coordinates":[[148440.73755689486,5755069.211185551],[147659.5221081723,5752155.20436376]]},"properties":{"type":"artcc-low","section":"Tower CTR LFBL Limoges Bellegarde 1","uuid":"artcc-low-tower-ctr-lfbl-limoges-bellegarde-1"}},{"type":"Feature","geometry":{"type":"LineString","coordinates":[[147659.5221081723,5752155.20436376],[146383.8935099237,5749421.894288139]]},"properties":{"type":"artcc-low","section":"Tower CTR LFBL Limoges Bellegarde 1","uuid":"artcc-low-tower-ctr-lfbl-limoges-bellegarde-1"}},{"type":"Feature","geometry":{"type":"LineString","coordinates":[[146383.8935099237,5749421.894288139],[144652.65897352286,5746952.1317048855]]},"properties":{"type":"artcc-low","section":"Tower CTR LFBL Limoges Bellegarde 1","uuid":"artcc-low-tower-ctr-lfbl-limoges-bellegarde-1"}},{"type":"Feature","geometry":{"type":"LineString","coordinates":[[144652.65897352286,5746952.1317048855],[142518.32419212727,5744820.758447106]]},"properties":{"type":"artcc-low","section":"Tower CTR LFBL Limoges Bellegarde 1","uuid":"artcc-low-tower-ctr-lfbl-limoges-bellegarde-1"}},{"type":"Feature","geometry":{"type":"LineString","coordinates":[[142518.32419212727,5744820.758447106],[140045.82553536637,5743092.249809619]]},"properties":{"type":"artcc-low","section":"Tower CTR LFBL Limoges Bellegarde 1","uuid":"artcc-low-tower-ctr-lfbl-limoges-bellegarde-1"}},{"type":"Feature","geometry":{"type":"LineString","coordinates":[[140045.82553536637,5743092.249809619],[137310.27273744476,5741818.891922208]]},"properties":{"type":"artcc-low","section":"Tower CTR LFBL Limoges Bellegarde 1","uuid":"artcc-low-tower-ctr-lfbl-limoges-bellegarde-1"}},{"type":"Feature","geometry":{"type":"LineString","coordinates":[[137310.27273744476,5741818.891922208],[134394.75342940734,5741039.13435013]]},"properties":{"type":"artcc-low","section":"Tower CTR LFBL Limoges Bellegarde 1","uuid":"artcc-low-tower-ctr-lfbl-limoges-bellegarde-1"}},{"type":"Feature","geometry":{"type":"LineString","coordinates":[[134394.75342940734,5741039.13435013],[131387.85937267717,5740776.600902011]]},"properties":{"type":"artcc-low","section":"Tower CTR LFBL Limoges Bellegarde 1","uuid":"artcc-low-tower-ctr-lfbl-limoges-bellegarde-1"}},{"type":"Feature","geometry":{"type":"LineString","coordinates":[[131387.85937267717,5740776.600902011],[128380.99623802774,5741039.13435013]]},"properties":{"type":"artcc-low","section":"Tower CTR LFBL Limoges Bellegarde 1","uuid":"artcc-low-tower-ctr-lfbl-limoges-bellegarde-1"}},{"type":"Feature","geometry":{"type":"LineString","coordinates":[[128380.99623802774,5741039.13435013],[125465.47692999037,5741818.891922208]]},"properties":{"type":"artcc-low","section":"Tower CTR LFBL Limoges Bellegarde 1","uuid":"artcc-low-tower-ctr-lfbl-limoges-bellegarde-1"}},{"type":"Feature","geometry":{"type":"LineString","coordinates":[[125465.47692999037,5741818.891922208],[122729.92413206877,5743092.249809619]]},"properties":{"type":"artcc-low","section":"Tower CTR LFBL Limoges Bellegarde 1","uuid":"artcc-low-tower-ctr-lfbl-limoges-bellegarde-1"}},{"type":"Feature","geometry":{"type":"LineString","coordinates":[[122729.92413206877,5743092.249809619],[120257.42547530784,5744820.758447106]]},"properties":{"type":"artcc-low","section":"Tower CTR LFBL Limoges Bellegarde 1","uuid":"artcc-low-tower-ctr-lfbl-limoges-bellegarde-1"}},{"type":"Feature","geometry":{"type":"LineString","coordinates":[[120257.42547530784,5744820.758447106],[118123.09069391225,5746952.1317048855]]},"properties":{"type":"artcc-low","section":"Tower CTR LFBL Limoges Bellegarde 1","uuid":"artcc-low-tower-ctr-lfbl-limoges-bellegarde-1"}},{"type":"Feature","geometry":{"type":"LineString","coordinates":[[118123.09069391225,5746952.1317048855],[116391.85615751143,5749421.894288139]]},"properties":{"type":"artcc-low","section":"Tower CTR LFBL Limoges Bellegarde 1","uuid":"artcc-low-tower-ctr-lfbl-limoges-bellegarde-1"}},{"type":"Feature","geometry":{"type":"LineString","coordinates":[[116391.85615751143,5749421.894288139],[115116.22755926281,5752155.20436376]]},"properties":{"type":"artcc-low","section":"Tower CTR LFBL Limoges Bellegarde 1","uuid":"artcc-low-tower-ctr-lfbl-limoges-bellegarde-1"}},{"type":"Feature","geometry":{"type":"LineString","coordinates":[[115116.22755926281,5752155.20436376],[114335.01211054025,5755069.211185551]]},"properties":{"type":"artcc-low","section":"Tower CTR LFBL Limoges Bellegarde 1","uuid":"artcc-low-tower-ctr-lfbl-limoges-bellegarde-1"}},{"type":"Feature","geometry":{"type":"LineString","coordinates":[[114335.01211054025,5755069.211185551],[114071.95796937958,5758075.553390648]]},"properties":{"type":"artcc-low","section":"Tower CTR LFBL Limoges Bellegarde 1","uuid":"artcc-low-tower-ctr-lfbl-limoges-bellegarde-1"}},{"type":"Feature","geometry":{"type":"LineString","coordinates":[[114071.95796937958,5758075.553390648],[114335.01211054025,5761082.957298815]]},"properties":{"type":"artcc-low","section":"Tower CTR LFBL Limoges Bellegarde 1","uuid":"artcc-low-tower-ctr-lfbl-limoges-bellegarde-1"}},{"type":"Feature","geometry":{"type":"LineString","coordinates":[[114335.01211054025,5761082.957298815],[115116.22755926281,5763999.893268222]]},"properties":{"type":"artcc-low","section":"Tower CTR LFBL Limoges Bellegarde 1","uuid":"artcc-low-tower-ctr-lfbl-limoges-bellegarde-1"}},{"type":"Feature","geometry":{"type":"LineString","coordinates":[[115116.22755926281,5763999.893268222],[116391.85615751143,5766737.691098244]]},"properties":{"type":"artcc-low","section":"Tower CTR LFBL Limoges Bellegarde 1","uuid":"artcc-low-tower-ctr-lfbl-limoges-bellegarde-1"}},{"type":"Feature","geometry":{"type":"LineString","coordinates":[[116391.85615751143,5766737.691098244],[118123.09069391225,5769212.95880041]]},"properties":{"type":"artcc-low","section":"Tower CTR LFBL Limoges Bellegarde 1","uuid":"artcc-low-tower-ctr-lfbl-limoges-bellegarde-1"}},{"type":"Feature","geometry":{"type":"LineString","coordinates":[[118123.09069391225,5769212.95880041],[120257.42547530784,5771350.190444944]]},"properties":{"type":"artcc-low","section":"Tower CTR LFBL Limoges Bellegarde 1","uuid":"artcc-low-tower-ctr-lfbl-limoges-bellegarde-1"}},{"type":"Feature","geometry":{"type":"LineString","coordinates":[[120257.42547530784,5771350.190444944],[122729.92413206877,5773084.20417086]]},"properties":{"type":"artcc-low","section":"Tower CTR LFBL Limoges Bellegarde 1","uuid":"artcc-low-tower-ctr-lfbl-limoges-bellegarde-1"}},{"type":"Feature","geometry":{"type":"LineString","coordinates":[[122729.92413206877,5773084.20417086],[125465.47692999037,5774362.049800489]]},"properties":{"type":"artcc-low","section":"Tower CTR LFBL Limoges Bellegarde 1","uuid":"artcc-low-tower-ctr-lfbl-limoges-bellegarde-1"}},{"type":"Feature","geometry":{"type":"LineString","coordinates":[[125465.47692999037,5774362.049800489],[128380.99623802774,5775144.736616062]]},"properties":{"type":"artcc-low","section":"Tower CTR LFBL Limoges Bellegarde 1","uuid":"artcc-low-tower-ctr-lfbl-limoges-bellegarde-1"}},{"type":"Feature","geometry":{"type":"LineString","coordinates":[[142179.7274076311,5789479.307958147],[155785.44294903116,5781061.474201404]]},"properties":{"type":"artcc-low","section":"Tower CTR LFBL Limoges Bellegarde 2","uuid":"artcc-low-tower-ctr-lfbl-limoges-bellegarde-2"}},{"type":"Feature","geometry":{"type":"LineString","coordinates":[[155785.44294903116,5781061.474201404],[123781.08934596505,5732182.284630777]]},"properties":{"type":"artcc-low","section":"Tower CTR LFBL Limoges Bellegarde 2","uuid":"artcc-low-tower-ctr-lfbl-limoges-bellegarde-2"}},{"type":"Feature","geometry":{"type":"LineString","coordinates":[[123781.08934596505,5732182.284630777],[113112.97147827632,5732315.106221693]]},"properties":{"type":"artcc-low","section":"Tower CTR LFBL Limoges Bellegarde 2","uuid":"artcc-low-tower-ctr-lfbl-limoges-bellegarde-2"}},{"type":"Feature","geometry":{"type":"LineString","coordinates":[[113112.97147827632,5732315.106221693],[107299.62029240535,5736079.207585211]]},"properties":{"type":"artcc-low","section":"Tower CTR LFBL Limoges Bellegarde 2","uuid":"artcc-low-tower-ctr-lfbl-limoges-bellegarde-2"}},{"type":"Feature","geometry":{"type":"LineString","coordinates":[[107299.62029240535,5736079.207585211],[142179.7274076311,5789479.307958147]]},"properties":{"type":"artcc-low","section":"Tower CTR LFBL Limoges Bellegarde 2","uuid":"artcc-low-tower-ctr-lfbl-limoges-bellegarde-2"}},{"type":"Feature","geometry":{"type":"LineString","coordinates":[[-57051.11534322959,5423924.863079214],[-55968.935282315106,5423929.827101582]]},"properties":{"type":"artcc-low","section":"Tower CTR LFBM CTR Mont-de Marsan","uuid":"artcc-low-tower-ctr-lfbm-ctr-mont-de-marsan"}},{"type":"Feature","geometry":{"type":"LineString","coordinates":[[-55968.935282315106,5423929.827101582],[-51139.86484962212,5424351.094040422]]},"properties":{"type":"artcc-low","section":"Tower CTR LFBM CTR Mont-de Marsan","uuid":"artcc-low-tower-ctr-lfbm-ctr-mont-de-marsan"}},{"type":"Feature","geometry":{"type":"LineString","coordinates":[[-51139.86484962212,5424351.094040422],[-46457.6743006147,5425602.041551633]]},"properties":{"type":"artcc-low","section":"Tower CTR LFBM CTR Mont-de Marsan","uuid":"artcc-low-tower-ctr-lfbm-ctr-mont-de-marsan"}},{"type":"Feature","geometry":{"type":"LineString","coordinates":[[-46457.6743006147,5425602.041551633],[-42064.357830215835,5427645.034211654]]},"properties":{"type":"artcc-low","section":"Tower CTR LFBM CTR Mont-de Marsan","uuid":"artcc-low-tower-ctr-lfbm-ctr-mont-de-marsan"}},{"type":"Feature","geometry":{"type":"LineString","coordinates":[[-42064.357830215835,5427645.034211654],[-38093.62251570054,5430418.461554018]]},"properties":{"type":"artcc-low","section":"Tower CTR LFBM CTR Mont-de Marsan","uuid":"artcc-low-tower-ctr-lfbm-ctr-mont-de-marsan"}},{"type":"Feature","geometry":{"type":"LineString","coordinates":[[-38093.62251570054,5430418.461554018],[-34666.06447209487,5433838.889069629]]},"properties":{"type":"artcc-low","section":"Tower CTR LFBM CTR Mont-de Marsan","uuid":"artcc-low-tower-ctr-lfbm-ctr-mont-de-marsan"}},{"type":"Feature","geometry":{"type":"LineString","coordinates":[[-34666.06447209487,5433838.889069629],[-31885.70557912899,5437802.80686261]]},"properties":{"type":"artcc-low","section":"Tower CTR LFBM CTR Mont-de Marsan","uuid":"artcc-low-tower-ctr-lfbm-ctr-mont-de-marsan"}},{"type":"Feature","geometry":{"type":"LineString","coordinates":[[-31885.70557912899,5437802.80686261],[-29837.117727724995,5442190.471370499]]},"properties":{"type":"artcc-low","section":"Tower CTR LFBM CTR Mont-de Marsan","uuid":"artcc-low-tower-ctr-lfbm-ctr-mont-de-marsan"}},{"type":"Feature","geometry":{"type":"LineString","coordinates":[[-29837.117727724995,5442190.471370499],[-28582.423378161697,5446869.026021129]]},"properties":{"type":"artcc-low","section":"Tower CTR LFBM CTR Mont-de Marsan","uuid":"artcc-low-tower-ctr-lfbm-ctr-mont-de-marsan"}},{"type":"Feature","geometry":{"type":"LineString","coordinates":[[-28582.423378161697,5446869.026021129],[-28159.996832682,5451696.71151768]]},"properties":{"type":"artcc-low","section":"Tower CTR LFBM CTR Mont-de Marsan","uuid":"artcc-low-tower-ctr-lfbm-ctr-mont-de-marsan"}},{"type":"Feature","geometry":{"type":"LineString","coordinates":[[-28159.996832682,5451696.71151768],[-28582.423378161697,5456526.803801844]]},"properties":{"type":"artcc-low","section":"Tower CTR LFBM CTR Mont-de Marsan","uuid":"artcc-low-tower-ctr-lfbm-ctr-mont-de-marsan"}},{"type":"Feature","geometry":{"type":"LineString","coordinates":[[-28582.423378161697,5456526.803801844],[-29837.117727724995,5461212.745307579]]},"properties":{"type":"artcc-low","section":"Tower CTR LFBM CTR Mont-de Marsan","uuid":"artcc-low-tower-ctr-lfbm-ctr-mont-de-marsan"}},{"type":"Feature","geometry":{"type":"LineString","coordinates":[[-29837.117727724995,5461212.745307579],[-31885.70557912899,5465611.552683247]]},"properties":{"type":"artcc-low","section":"Tower CTR LFBM CTR Mont-de Marsan","uuid":"artcc-low-tower-ctr-lfbm-ctr-mont-de-marsan"}},{"type":"Feature","geometry":{"type":"LineString","coordinates":[[-31885.70557912899,5465611.552683247],[-34666.06447209487,5469589.191973226]]},"properties":{"type":"artcc-low","section":"Tower CTR LFBM CTR Mont-de Marsan","uuid":"artcc-low-tower-ctr-lfbm-ctr-mont-de-marsan"}},{"type":"Feature","geometry":{"type":"LineString","coordinates":[[-34666.06447209487,5469589.191973226],[-38093.62251570054,5473024.049905804]]},"properties":{"type":"artcc-low","section":"Tower CTR LFBM CTR Mont-de Marsan","uuid":"artcc-low-tower-ctr-lfbm-ctr-mont-de-marsan"}},{"type":"Feature","geometry":{"type":"LineString","coordinates":[[-38093.62251570054,5473024.049905804],[-42064.357830215835,5475811.370482925]]},"properties":{"type":"artcc-low","section":"Tower CTR LFBM CTR Mont-de Marsan","uuid":"artcc-low-tower-ctr-lfbm-ctr-mont-de-marsan"}},{"type":"Feature","geometry":{"type":"LineString","coordinates":[[-42064.357830215835,5475811.370482925],[-46457.6743006147,5477865.5058459975]]},"properties":{"type":"artcc-low","section":"Tower CTR LFBM CTR Mont-de Marsan","uuid":"artcc-low-tower-ctr-lfbm-ctr-mont-de-marsan"}},{"type":"Feature","geometry":{"type":"LineString","coordinates":[[-46457.6743006147,5477865.5058459975],[-51139.86484962212,5479123.754369003]]},"properties":{"type":"artcc-low","section":"Tower CTR LFBM CTR Mont-de Marsan","uuid":"artcc-low-tower-ctr-lfbm-ctr-mont-de-marsan"}},{"type":"Feature","geometry":{"type":"LineString","coordinates":[[-51139.86484962212,5479123.754369003],[-55968.935282315106,5479552.680560885]]},"properties":{"type":"artcc-low","section":"Tower CTR LFBM CTR Mont-de Marsan","uuid":"artcc-low-tower-ctr-lfbm-ctr-mont-de-marsan"}},{"type":"Feature","geometry":{"type":"LineString","coordinates":[[-57051.11534322959,5423924.863079214],[-60797.82018252343,5424351.094040422]]},"properties":{"type":"artcc-low","section":"Tower CTR LFBM CTR Mont-de Marsan","uuid":"artcc-low-tower-ctr-lfbm-ctr-mont-de-marsan"}},{"type":"Feature","geometry":{"type":"LineString","coordinates":[[-60797.82018252343,5424351.094040422],[-65480.13441985396,5425602.041551633]]},"properties":{"type":"artcc-low","section":"Tower CTR LFBM CTR Mont-de Marsan","uuid":"artcc-low-tower-ctr-lfbm-ctr-mont-de-marsan"}},{"type":"Feature","geometry":{"type":"LineString","coordinates":[[-65480.13441985396,5425602.041551633],[-69873.3581240105,5427645.034211654]]},"properties":{"type":"artcc-low","section":"Tower CTR LFBM CTR Mont-de Marsan","uuid":"artcc-low-tower-ctr-lfbm-ctr-mont-de-marsan"}},{"type":"Feature","geometry":{"type":"LineString","coordinates":[[-69873.3581240105,5427645.034211654],[-72976.11063114602,5429832.2275124425]]},"properties":{"type":"artcc-low","section":"Tower CTR LFBM CTR Mont-de Marsan","uuid":"artcc-low-tower-ctr-lfbm-ctr-mont-de-marsan"}},{"type":"Feature","geometry":{"type":"LineString","coordinates":[[-72976.11063114602,5429832.2275124425],[-73844.12436060657,5430418.461554018]]},"properties":{"type":"artcc-low","section":"Tower CTR LFBM CTR Mont-de Marsan","uuid":"artcc-low-tower-ctr-lfbm-ctr-mont-de-marsan"}},{"type":"Feature","geometry":{"type":"LineString","coordinates":[[-73844.12436060657,5430418.461554018],[-77271.77517045455,5433838.889069629]]},"properties":{"type":"artcc-low","section":"Tower CTR LFBM CTR Mont-de Marsan","uuid":"artcc-low-tower-ctr-lfbm-ctr-mont-de-marsan"}},{"type":"Feature","geometry":{"type":"LineString","coordinates":[[-77271.77517045455,5433838.889069629],[-80051.97945301655,5437802.80686261]]},"properties":{"type":"artcc-low","section":"Tower CTR LFBM CTR Mont-de Marsan","uuid":"artcc-low-tower-ctr-lfbm-ctr-mont-de-marsan"}},{"type":"Feature","geometry":{"type":"LineString","coordinates":[[-80051.97945301655,5437802.80686261],[-82100.69099274366,5442190.471370499]]},"properties":{"type":"artcc-low","section":"Tower CTR LFBM CTR Mont-de Marsan","uuid":"artcc-low-tower-ctr-lfbm-ctr-mont-de-marsan"}},{"type":"Feature","geometry":{"type":"LineString","coordinates":[[-82100.69099274366,5442190.471370499],[-83355.16888774153,5446869.026021129]]},"properties":{"type":"artcc-low","section":"Tower CTR LFBM CTR Mont-de Marsan","uuid":"artcc-low-tower-ctr-lfbm-ctr-mont-de-marsan"}},{"type":"Feature","geometry":{"type":"LineString","coordinates":[[-83355.16888774153,5446869.026021129],[-83777.71912154432,5451696.71151768]]},"properties":{"type":"artcc-low","section":"Tower CTR LFBM CTR Mont-de Marsan","uuid":"artcc-low-tower-ctr-lfbm-ctr-mont-de-marsan"}},{"type":"Feature","geometry":{"type":"LineString","coordinates":[[-83777.71912154432,5451696.71151768],[-83355.16888774153,5456526.803801844]]},"properties":{"type":"artcc-low","section":"Tower CTR LFBM CTR Mont-de Marsan","uuid":"artcc-low-tower-ctr-lfbm-ctr-mont-de-marsan"}},{"type":"Feature","geometry":{"type":"LineString","coordinates":[[-83355.16888774153,5456526.803801844],[-82100.69099274366,5461212.745307579]]},"properties":{"type":"artcc-low","section":"Tower CTR LFBM CTR Mont-de Marsan","uuid":"artcc-low-tower-ctr-lfbm-ctr-mont-de-marsan"}},{"type":"Feature","geometry":{"type":"LineString","coordinates":[[-82100.69099274366,5461212.745307579],[-80051.97945301655,5465611.552683247]]},"properties":{"type":"artcc-low","section":"Tower CTR LFBM CTR Mont-de Marsan","uuid":"artcc-low-tower-ctr-lfbm-ctr-mont-de-marsan"}},{"type":"Feature","geometry":{"type":"LineString","coordinates":[[-80051.97945301655,5465611.552683247],[-77271.77517045455,5469589.191973226]]},"properties":{"type":"artcc-low","section":"Tower CTR LFBM CTR Mont-de Marsan","uuid":"artcc-low-tower-ctr-lfbm-ctr-mont-de-marsan"}},{"type":"Feature","geometry":{"type":"LineString","coordinates":[[-77271.77517045455,5469589.191973226],[-73844.12436060657,5473024.049905804]]},"properties":{"type":"artcc-low","section":"Tower CTR LFBM CTR Mont-de Marsan","uuid":"artcc-low-tower-ctr-lfbm-ctr-mont-de-marsan"}},{"type":"Feature","geometry":{"type":"LineString","coordinates":[[-73844.12436060657,5473024.049905804],[-69873.3581240105,5475811.370482925]]},"properties":{"type":"artcc-low","section":"Tower CTR LFBM CTR Mont-de Marsan","uuid":"artcc-low-tower-ctr-lfbm-ctr-mont-de-marsan"}},{"type":"Feature","geometry":{"type":"LineString","coordinates":[[-69873.3581240105,5475811.370482925],[-65480.13441985396,5477865.5058459975]]},"properties":{"type":"artcc-low","section":"Tower CTR LFBM CTR Mont-de Marsan","uuid":"artcc-low-tower-ctr-lfbm-ctr-mont-de-marsan"}},{"type":"Feature","geometry":{"type":"LineString","coordinates":[[-65480.13441985396,5477865.5058459975],[-60797.82018252343,5479123.754369003]]},"properties":{"type":"artcc-low","section":"Tower CTR LFBM CTR Mont-de Marsan","uuid":"artcc-low-tower-ctr-lfbm-ctr-mont-de-marsan"}},{"type":"Feature","geometry":{"type":"LineString","coordinates":[[-60797.82018252343,5479123.754369003],[-55968.935282315106,5479552.680560885]]},"properties":{"type":"artcc-low","section":"Tower CTR LFBM CTR Mont-de Marsan","uuid":"artcc-low-tower-ctr-lfbm-ctr-mont-de-marsan"}},{"type":"Feature","geometry":{"type":"LineString","coordinates":[[144900.8705159111,5440114.9299136475],[150281.31257091934,5431973.511237901]]},"properties":{"type":"artcc-low","section":"Tower CTR LFBO CTR Blagnac","uuid":"artcc-low-tower-ctr-lfbo-ctr-blagnac"}},{"type":"Feature","geometry":{"type":"LineString","coordinates":[[150281.31257091934,5431973.511237901],[171462.93790241718,5419689.300060248]]},"properties":{"type":"artcc-low","section":"Tower CTR LFBO CTR Blagnac","uuid":"artcc-low-tower-ctr-lfbo-ctr-blagnac"}},{"type":"Feature","geometry":{"type":"LineString","coordinates":[[171462.93790241718,5419689.300060248],[164505.46972783763,5409130.247310254]]},"properties":{"type":"artcc-low","section":"Tower CTR LFBO CTR Blagnac","uuid":"artcc-low-tower-ctr-lfbo-ctr-blagnac"}},{"type":"Feature","geometry":{"type":"LineString","coordinates":[[164505.46972783763,5409130.247310254],[162155.3915888685,5403961.993595083]]},"properties":{"type":"artcc-low","section":"Tower CTR LFBO CTR Blagnac","uuid":"artcc-low-tower-ctr-lfbo-ctr-blagnac"}},{"type":"Feature","geometry":{"type":"LineString","coordinates":[[162155.3915888685,5403961.993595083],[166298.95041284035,5397303.049411844]]},"properties":{"type":"artcc-low","section":"Tower CTR LFBO CTR Blagnac","uuid":"artcc-low-tower-ctr-lfbo-ctr-blagnac"}},{"type":"Feature","geometry":{"type":"LineString","coordinates":[[166298.95041284035,5397303.049411844],[168679.95063258536,5395340.4289923]]},"properties":{"type":"artcc-low","section":"Tower CTR LFBO CTR Blagnac","uuid":"artcc-low-tower-ctr-lfbo-ctr-blagnac"}},{"type":"Feature","geometry":{"type":"LineString","coordinates":[[168679.95063258536,5395340.4289923],[181698.1466392432,5388346.643784056]]},"properties":{"type":"artcc-low","section":"Tower CTR LFBO CTR Blagnac","uuid":"artcc-low-tower-ctr-lfbo-ctr-blagnac"}},{"type":"Feature","geometry":{"type":"LineString","coordinates":[[181698.1466392432,5388346.643784056],[156713.10537230846,5377354.8972754115]]},"properties":{"type":"artcc-low","section":"Tower CTR LFBO CTR Blagnac","uuid":"artcc-low-tower-ctr-lfbo-ctr-blagnac"}},{"type":"Feature","geometry":{"type":"LineString","coordinates":[[156713.10537230846,5377354.8972754115],[149353.65014764204,5380634.01594589]]},"properties":{"type":"artcc-low","section":"Tower CTR LFBO CTR Blagnac","uuid":"artcc-low-tower-ctr-lfbo-ctr-blagnac"}},{"type":"Feature","geometry":{"type":"LineString","coordinates":[[149353.65014764204,5380634.01594589],[130491.18087433737,5389071.364058429]]},"properties":{"type":"artcc-low","section":"Tower CTR LFBO CTR Blagnac","uuid":"artcc-low-tower-ctr-lfbo-ctr-blagnac"}},{"type":"Feature","geometry":{"type":"LineString","coordinates":[[130491.18087433737,5389071.364058429],[118864.47850259543,5431845.020187572]]},"properties":{"type":"artcc-low","section":"Tower CTR LFBO CTR Blagnac","uuid":"artcc-low-tower-ctr-lfbo-ctr-blagnac"}},{"type":"Feature","geometry":{"type":"LineString","coordinates":[[118864.47850259543,5431845.020187572],[144900.8705159111,5440114.9299136475]]},"properties":{"type":"artcc-low","section":"Tower CTR LFBO CTR Blagnac","uuid":"artcc-low-tower-ctr-lfbo-ctr-blagnac"}},{"type":"Feature","geometry":{"type":"LineString","coordinates":[[-61287.564097852286,5385661.40982616],[-44465.952155757615,5389028.731884836]]},"properties":{"type":"artcc-low","section":"Tower CTR LFBP CTR Pau-Pyrenees","uuid":"artcc-low-tower-ctr-lfbp-ctr-pau-pyrenees"}},{"type":"Feature","geometry":{"type":"LineString","coordinates":[[-44465.952155757615,5389028.731884836],[-26964.05443659293,5375609.34579956]]},"properties":{"type":"artcc-low","section":"Tower CTR LFBP CTR Pau-Pyrenees","uuid":"artcc-low-tower-ctr-lfbp-ctr-pau-pyrenees"}},{"type":"Feature","geometry":{"type":"LineString","coordinates":[[-26964.05443659293,5375609.34579956],[-26608.45050766997,5373851.353880323]]},"properties":{"type":"artcc-low","section":"Tower CTR LFBP CTR Pau-Pyrenees","uuid":"artcc-low-tower-ctr-lfbp-ctr-pau-pyrenees"}},{"type":"Feature","geometry":{"type":"LineString","coordinates":[[-26608.45050766997,5373851.353880323],[-26351.79723722993,5372076.6731543625]]},"properties":{"type":"artcc-low","section":"Tower CTR LFBP CTR Pau-Pyrenees","uuid":"artcc-low-tower-ctr-lfbp-ctr-pau-pyrenees"}},{"type":"Feature","geometry":{"type":"LineString","coordinates":[[-26351.79723722993,5372076.6731543625],[-26249.754370669427,5370289.567785097]]},"properties":{"type":"artcc-low","section":"Tower CTR LFBP CTR Pau-Pyrenees","uuid":"artcc-low-tower-ctr-lfbp-ctr-pau-pyrenees"}},{"type":"Feature","geometry":{"type":"LineString","coordinates":[[-26249.754370669427,5370289.567785097],[-26302.321907988473,5368498.552498708]]},"properties":{"type":"artcc-low","section":"Tower CTR LFBP CTR Pau-Pyrenees","uuid":"artcc-low-tower-ctr-lfbp-ctr-pau-pyrenees"}},{"type":"Feature","geometry":{"type":"LineString","coordinates":[[-26302.321907988473,5368498.552498708],[-26506.407641109476,5366716.388440473]]},"properties":{"type":"artcc-low","section":"Tower CTR LFBP CTR Pau-Pyrenees","uuid":"artcc-low-tower-ctr-lfbp-ctr-pau-pyrenees"}},{"type":"Feature","geometry":{"type":"LineString","coordinates":[[-26506.407641109476,5366716.388440473],[-26865.103778110024,5364964.331309661]]},"properties":{"type":"artcc-low","section":"Tower CTR LFBP CTR Pau-Pyrenees","uuid":"artcc-low-tower-ctr-lfbp-ctr-pau-pyrenees"}},{"type":"Feature","geometry":{"type":"LineString","coordinates":[[-26865.103778110024,5364964.331309661],[-27375.318110912525,5363250.8668290535]]},"properties":{"type":"artcc-low","section":"Tower CTR LFBP CTR Pau-Pyrenees","uuid":"artcc-low-tower-ctr-lfbp-ctr-pau-pyrenees"}},{"type":"Feature","geometry":{"type":"LineString","coordinates":[[-27375.318110912525,5363250.8668290535],[-28030.866223361805,5361584.474883422]]},"properties":{"type":"artcc-low","section":"Tower CTR LFBP CTR Pau-Pyrenees","uuid":"artcc-low-tower-ctr-lfbp-ctr-pau-pyrenees"}},{"type":"Feature","geometry":{"type":"LineString","coordinates":[[-28030.866223361805,5361584.474883422],[-28828.65590738026,5359986.379571736]]},"properties":{"type":"artcc-low","section":"Tower CTR LFBP CTR Pau-Pyrenees","uuid":"artcc-low-tower-ctr-lfbp-ctr-pau-pyrenees"}},{"type":"Feature","geometry":{"type":"LineString","coordinates":[[-28828.65590738026,5359986.379571736],[-29762.502746812723,5358465.044058195]]},"properties":{"type":"artcc-low","section":"Tower CTR LFBP CTR Pau-Pyrenees","uuid":"artcc-low-tower-ctr-lfbp-ctr-pau-pyrenees"}},{"type":"Feature","geometry":{"type":"LineString","coordinates":[[-29762.502746812723,5358465.044058195],[-30820.037909348823,5357028.927739641]]},"properties":{"type":"artcc-low","section":"Tower CTR LFBP CTR Pau-Pyrenees","uuid":"artcc-low-tower-ctr-lfbp-ctr-pau-pyrenees"}},{"type":"Feature","geometry":{"type":"LineString","coordinates":[[-30820.037909348823,5357028.927739641],[-32001.26139498856,5355694.982836541]]},"properties":{"type":"artcc-low","section":"Tower CTR LFBP CTR Pau-Pyrenees","uuid":"artcc-low-tower-ctr-lfbp-ctr-pau-pyrenees"}},{"type":"Feature","geometry":{"type":"LineString","coordinates":[[-32001.26139498856,5355694.982836541],[-33293.80437142157,5354467.412763186]]},"properties":{"type":"artcc-low","section":"Tower CTR LFBP CTR Pau-Pyrenees","uuid":"artcc-low-tower-ctr-lfbp-ctr-pau-pyrenees"}},{"type":"Feature","geometry":{"type":"LineString","coordinates":[[-33293.80437142157,5354467.412763186],[-34685.298006337485,5353354.66912948]]},"properties":{"type":"artcc-low","section":"Tower CTR LFBP CTR Pau-Pyrenees","uuid":"artcc-low-tower-ctr-lfbp-ctr-pau-pyrenees"}},{"type":"Feature","geometry":{"type":"LineString","coordinates":[[-34685.298006337485,5353354.66912948],[-35436.70456919209,5352904.512947581]]},"properties":{"type":"artcc-low","section":"Tower CTR LFBP CTR Pau-Pyrenees","uuid":"artcc-low-tower-ctr-lfbp-ctr-pau-pyrenees"}},{"type":"Feature","geometry":{"type":"LineString","coordinates":[[-35436.70456919209,5352904.512947581],[-68647.0193225187,5365398.062254725]]},"properties":{"type":"artcc-low","section":"Tower CTR LFBP CTR Pau-Pyrenees","uuid":"artcc-low-tower-ctr-lfbp-ctr-pau-pyrenees"}},{"type":"Feature","geometry":{"type":"LineString","coordinates":[[-68647.0193225187,5365398.062254725],[-61287.564097852286,5385661.40982616]]},"properties":{"type":"artcc-low","section":"Tower CTR LFBP CTR Pau-Pyrenees","uuid":"artcc-low-tower-ctr-lfbp-ctr-pau-pyrenees"}},{"type":"Feature","geometry":{"type":"LineString","coordinates":[[-8256.195567167788,5354773.228219471],[-6982.2058392003255,5355448.6062996965]]},"properties":{"type":"artcc-low","section":"Tower CTR LFBT CTR Tarbes-Lourdes","uuid":"artcc-low-tower-ctr-lfbt-ctr-tarbes-lourdes"}},{"type":"Feature","geometry":{"type":"LineString","coordinates":[[-6982.2058392003255,5355448.6062996965],[-5643.279741603453,5355975.350281759]]},"properties":{"type":"artcc-low","section":"Tower CTR LFBT CTR Tarbes-Lourdes","uuid":"artcc-low-tower-ctr-lfbt-ctr-tarbes-lourdes"}},{"type":"Feature","geometry":{"type":"LineString","coordinates":[[-5643.279741603453,5355975.350281759],[-4261.0627309203055,5356383.172560488]]},"properties":{"type":"artcc-low","section":"Tower CTR LFBT CTR Tarbes-Lourdes","uuid":"artcc-low-tower-ctr-lfbt-ctr-tarbes-lourdes"}},{"type":"Feature","geometry":{"type":"LineString","coordinates":[[-4261.0627309203055,5356383.172560488],[-2851.01584753884,5356667.809120541]]},"properties":{"type":"artcc-low","section":"Tower CTR LFBT CTR Tarbes-Lourdes","uuid":"artcc-low-tower-ctr-lfbt-ctr-tarbes-lourdes"}},{"type":"Feature","geometry":{"type":"LineString","coordinates":[[-2851.01584753884,5356667.809120541],[-1419.3235076142378,5356829.248652621]]},"properties":{"type":"artcc-low","section":"Tower CTR LFBT CTR Tarbes-Lourdes","uuid":"artcc-low-tower-ctr-lfbt-ctr-tarbes-lourdes"}},{"type":"Feature","geometry":{"type":"LineString","coordinates":[[-1419.3235076142378,5356829.248652621],[18.553248465545593,5356863.23627959]]},"properties":{"type":"artcc-low","section":"Tower CTR LFBT CTR Tarbes-Lourdes","uuid":"artcc-low-tower-ctr-lfbt-ctr-tarbes-lourdes"}},{"type":"Feature","geometry":{"type":"LineString","coordinates":[[18.553248465545593,5356863.23627959],[1456.4300045453292,5356769.7706042705]]},"properties":{"type":"artcc-low","section":"Tower CTR LFBT CTR Tarbes-Lourdes","uuid":"artcc-low-tower-ctr-lfbt-ctr-tarbes-lourdes"}},{"type":"Feature","geometry":{"type":"LineString","coordinates":[[1456.4300045453292,5356769.7706042705],[2878.8457202371583,5356553.103787345]]},"properties":{"type":"artcc-low","section":"Tower CTR LFBT CTR Tarbes-Lourdes","uuid":"artcc-low-tower-ctr-lfbt-ctr-tarbes-lourdes"}},{"type":"Feature","geometry":{"type":"LineString","coordinates":[[2878.8457202371583,5356553.103787345],[4276.52377130826,5356213.244438057]]},"properties":{"type":"artcc-low","section":"Tower CTR LFBT CTR Tarbes-Lourdes","uuid":"artcc-low-tower-ctr-lfbt-ctr-tarbes-lourdes"}},{"type":"Feature","geometry":{"type":"LineString","coordinates":[[4276.52377130826,5356213.244438057],[5643.279741603453,5355750.206058972]]},"properties":{"type":"artcc-low","section":"Tower CTR LFBT CTR Tarbes-Lourdes","uuid":"artcc-low-tower-ctr-lfbt-ctr-tarbes-lourdes"}},{"type":"Feature","geometry":{"type":"LineString","coordinates":[[5643.279741603453,5355750.206058972],[6960.560382657189,5355168.254729313]]},"properties":{"type":"artcc-low","section":"Tower CTR LFBT CTR Tarbes-Lourdes","uuid":"artcc-low-tower-ctr-lfbt-ctr-tarbes-lourdes"}},{"type":"Feature","geometry":{"type":"LineString","coordinates":[[6960.560382657189,5355168.254729313],[8222.18127831429,5354471.660131241]]},"properties":{"type":"artcc-low","section":"Tower CTR LFBT CTR Tarbes-Lourdes","uuid":"artcc-low-tower-ctr-lfbt-ctr-tarbes-lourdes"}},{"type":"Feature","geometry":{"type":"LineString","coordinates":[[8222.18127831429,5354471.660131241],[9421.95801241957,5353668.942014371]]},"properties":{"type":"artcc-low","section":"Tower CTR LFBT CTR Tarbes-Lourdes","uuid":"artcc-low-tower-ctr-lfbt-ctr-tarbes-lourdes"}},{"type":"Feature","geometry":{"type":"LineString","coordinates":[[9421.95801241957,5353668.942014371],[10547.521752662671,5352764.374430251]]},"properties":{"type":"artcc-low","section":"Tower CTR LFBT CTR Tarbes-Lourdes","uuid":"artcc-low-tower-ctr-lfbt-ctr-tarbes-lourdes"}},{"type":"Feature","geometry":{"type":"LineString","coordinates":[[10547.521752662671,5352764.374430251],[11586.503666733224,5351762.233207463]]},"properties":{"type":"artcc-low","section":"Tower CTR LFBT CTR Tarbes-Lourdes","uuid":"artcc-low-tower-ctr-lfbt-ctr-tarbes-lourdes"}},{"type":"Feature","geometry":{"type":"LineString","coordinates":[[11586.503666733224,5351762.233207463],[12538.903754631232,5350675.2867619665]]},"properties":{"type":"artcc-low","section":"Tower CTR LFBT CTR Tarbes-Lourdes","uuid":"artcc-low-tower-ctr-lfbt-ctr-tarbes-lourdes"}},{"type":"Feature","geometry":{"type":"LineString","coordinates":[[12538.903754631232,5350675.2867619665],[13110.962248985554,5349974.783074882]]},"properties":{"type":"artcc-low","section":"Tower CTR LFBT CTR Tarbes-Lourdes","uuid":"artcc-low-tower-ctr-lfbt-ctr-tarbes-lourdes"}},{"type":"Feature","geometry":{"type":"LineString","coordinates":[[13110.962248985554,5349974.783074882],[6184.416155181866,5345009.086429725]]},"properties":{"type":"artcc-low","section":"Tower CTR LFBT CTR Tarbes-Lourdes","uuid":"artcc-low-tower-ctr-lfbt-ctr-tarbes-lourdes"}},{"type":"Feature","geometry":{"type":"LineString","coordinates":[[6184.416155181866,5345009.086429725],[6184.416155181866,5321913.074337196]]},"properties":{"type":"artcc-low","section":"Tower CTR LFBT CTR Tarbes-Lourdes","uuid":"artcc-low-tower-ctr-lfbt-ctr-tarbes-lourdes"}},{"type":"Feature","geometry":{"type":"LineString","coordinates":[[6184.416155181866,5321913.074337196],[-5782.429105095043,5324664.643974361]]},"properties":{"type":"artcc-low","section":"Tower CTR LFBT CTR Tarbes-Lourdes","uuid":"artcc-low-tower-ctr-lfbt-ctr-tarbes-lourdes"}},{"type":"Feature","geometry":{"type":"LineString","coordinates":[[-5782.429105095043,5324664.643974361],[-17842.04060769968,5336738.802945448]]},"properties":{"type":"artcc-low","section":"Tower CTR LFBT CTR Tarbes-Lourdes","uuid":"artcc-low-tower-ctr-lfbt-ctr-tarbes-lourdes"}},{"type":"Feature","geometry":{"type":"LineString","coordinates":[[-17842.04060769968,5336738.802945448],[-8256.195567167788,5354773.228219471]]},"properties":{"type":"artcc-low","section":"Tower CTR LFBT CTR Tarbes-Lourdes","uuid":"artcc-low-tower-ctr-lfbt-ctr-tarbes-lourdes"}},{"type":"Feature","geometry":{"type":"LineString","coordinates":[[-198519.75858133787,5401784.503720829],[-176163.09418035543,5407592.283108587]]},"properties":{"type":"artcc-low","section":"Tower CTR LFBZ CTR Biarritz Bayonne Anglet","uuid":"artcc-low-tower-ctr-lfbz-ctr-biarritz-bayonne-anglet"}},{"type":"Feature","geometry":{"type":"LineString","coordinates":[[-176163.09418035543,5407592.283108587],[-148580.5981282443,5388687.681557841]]},"properties":{"type":"artcc-low","section":"Tower CTR LFBZ CTR Biarritz Bayonne Anglet","uuid":"artcc-low-tower-ctr-lfbz-ctr-biarritz-bayonne-anglet"}},{"type":"Feature","geometry":{"type":"LineString","coordinates":[[-148580.5981282443,5388687.681557841],[-148580.5981282443,5381017.365234918]]},"properties":{"type":"artcc-low","section":"Tower CTR LFBZ CTR Biarritz Bayonne Anglet","uuid":"artcc-low-tower-ctr-lfbz-ctr-biarritz-bayonne-anglet"}},{"type":"Feature","geometry":{"type":"LineString","coordinates":[[-148580.5981282443,5381017.365234918],[-162031.70326576487,5369225.977861061]]},"properties":{"type":"artcc-low","section":"Tower CTR LFBZ CTR Biarritz Bayonne Anglet","uuid":"artcc-low-tower-ctr-lfbz-ctr-biarritz-bayonne-anglet"}},{"type":"Feature","geometry":{"type":"LineString","coordinates":[[-162031.70326576487,5369225.977861061],[-182996.87403183142,5370459.753478088]]},"properties":{"type":"artcc-low","section":"Tower CTR LFBZ CTR Biarritz Bayonne Anglet","uuid":"artcc-low-tower-ctr-lfbz-ctr-biarritz-bayonne-anglet"}},{"type":"Feature","geometry":{"type":"LineString","coordinates":[[-182996.87403183142,5370459.753478088],[-187171.35493657913,5373310.827656198]]},"properties":{"type":"artcc-low","section":"Tower CTR LFBZ CTR Biarritz Bayonne Anglet","uuid":"artcc-low-tower-ctr-lfbz-ctr-biarritz-bayonne-anglet"}},{"type":"Feature","geometry":{"type":"LineString","coordinates":[[-187171.35493657913,5373310.827656198],[-198519.75858133787,5384851.730035673]]},"properties":{"type":"artcc-low","section":"Tower CTR LFBZ CTR Biarritz Bayonne Anglet","uuid":"artcc-low-tower-ctr-lfbz-ctr-biarritz-bayonne-anglet"}},{"type":"Feature","geometry":{"type":"LineString","coordinates":[[-198519.75858133787,5384851.730035673],[-198519.75858133787,5401784.503720829]]},"properties":{"type":"artcc-low","section":"Tower CTR LFBZ CTR Biarritz Bayonne Anglet","uuid":"artcc-low-tower-ctr-lfbz-ctr-biarritz-bayonne-anglet"}},{"type":"Feature","geometry":{"type":"LineString","coordinates":[[296264.45591398724,5523183.024913873],[295466.04778835323,5520614.416742429]]},"properties":{"type":"artcc-low","section":"Tower CTR LFCR CTR Rodez Marcillac","uuid":"artcc-low-tower-ctr-lfcr-ctr-rodez-marcillac"}},{"type":"Feature","geometry":{"type":"LineString","coordinates":[[295466.04778835323,5520614.416742429],[294243.91438984696,5518113.502030135]]},"properties":{"type":"artcc-low","section":"Tower CTR LFCR CTR Rodez Marcillac","uuid":"artcc-low-tower-ctr-lfcr-ctr-rodez-marcillac"}},{"type":"Feature","geometry":{"type":"LineString","coordinates":[[294243.91438984696,5518113.502030135],[292684.9467654488,5515807.907623169]]},"properties":{"type":"artcc-low","section":"Tower CTR LFCR CTR Rodez Marcillac","uuid":"artcc-low-tower-ctr-lfcr-ctr-rodez-marcillac"}},{"type":"Feature","geometry":{"type":"LineString","coordinates":[[292684.9467654488,5515807.907623169],[290819.51039848046,5513742.168834245]]},"properties":{"type":"artcc-low","section":"Tower CTR LFCR CTR Rodez Marcillac","uuid":"artcc-low-tower-ctr-lfcr-ctr-rodez-marcillac"}},{"type":"Feature","geometry":{"type":"LineString","coordinates":[[290819.51039848046,5513742.168834245],[288683.8768896923,5511956.131247542]]},"properties":{"type":"artcc-low","section":"Tower CTR LFCR CTR Rodez Marcillac","uuid":"artcc-low-tower-ctr-lfcr-ctr-rodez-marcillac"}},{"type":"Feature","geometry":{"type":"LineString","coordinates":[[288683.8768896923,5511956.131247542],[286319.60551564704,5510484.232874507]]},"properties":{"type":"artcc-low","section":"Tower CTR LFCR CTR Rodez Marcillac","uuid":"artcc-low-tower-ctr-lfcr-ctr-rodez-marcillac"}},{"type":"Feature","geometry":{"type":"LineString","coordinates":[[286319.60551564704,5510484.232874507],[283772.77017670084,5509354.829437648]]},"properties":{"type":"artcc-low","section":"Tower CTR LFCR CTR Rodez Marcillac","uuid":"artcc-low-tower-ctr-lfcr-ctr-rodez-marcillac"}},{"type":"Feature","geometry":{"type":"LineString","coordinates":[[283772.77017670084,5509354.829437648],[281092.8771241759,5508589.604708857]]},"properties":{"type":"artcc-low","section":"Tower CTR LFCR CTR Rodez Marcillac","uuid":"artcc-low-tower-ctr-lfcr-ctr-rodez-marcillac"}},{"type":"Feature","geometry":{"type":"LineString","coordinates":[[281092.8771241759,5508589.604708857],[278332.12283042195,5508203.28062374]]},"properties":{"type":"artcc-low","section":"Tower CTR LFCR CTR Rodez Marcillac","uuid":"artcc-low-tower-ctr-lfcr-ctr-rodez-marcillac"}},{"type":"Feature","geometry":{"type":"LineString","coordinates":[[278332.12283042195,5508203.28062374],[275544.21894974675,5508203.28062374]]},"properties":{"type":"artcc-low","section":"Tower CTR LFCR CTR Rodez Marcillac","uuid":"artcc-low-tower-ctr-lfcr-ctr-rodez-marcillac"}},{"type":"Feature","geometry":{"type":"LineString","coordinates":[[275544.21894974675,5508203.28062374],[274990.0643401617,5508227.725017446]]},"properties":{"type":"artcc-low","section":"Tower CTR LFCR CTR Rodez Marcillac","uuid":"artcc-low-tower-ctr-lfcr-ctr-rodez-marcillac"}},{"type":"Feature","geometry":{"type":"LineString","coordinates":[[274990.0643401617,5508227.725017446],[254705.17935116508,5524524.147761466]]},"properties":{"type":"artcc-low","section":"Tower CTR LFCR CTR Rodez Marcillac","uuid":"artcc-low-tower-ctr-lfcr-ctr-rodez-marcillac"}},{"type":"Feature","geometry":{"type":"LineString","coordinates":[[254705.17935116508,5524524.147761466],[254483.71540864804,5525728.514371233]]},"properties":{"type":"artcc-low","section":"Tower CTR LFCR CTR Rodez Marcillac","uuid":"artcc-low-tower-ctr-lfcr-ctr-rodez-marcillac"}},{"type":"Feature","geometry":{"type":"LineString","coordinates":[[254483.71540864804,5525728.514371233],[254373.7874114897,5528875.935503563]]},"properties":{"type":"artcc-low","section":"Tower CTR LFCR CTR Rodez Marcillac","uuid":"artcc-low-tower-ctr-lfcr-ctr-rodez-marcillac"}},{"type":"Feature","geometry":{"type":"LineString","coordinates":[[254373.7874114897,5528875.935503563],[254703.04572759155,5532010.241205158]]},"properties":{"type":"artcc-low","section":"Tower CTR LFCR CTR Rodez Marcillac","uuid":"artcc-low-tower-ctr-lfcr-ctr-rodez-marcillac"}},{"type":"Feature","geometry":{"type":"LineString","coordinates":[[254703.04572759155,5532010.241205158],[255465.08948623305,5535070.256538679]]},"properties":{"type":"artcc-low","section":"Tower CTR LFCR CTR Rodez Marcillac","uuid":"artcc-low-tower-ctr-lfcr-ctr-rodez-marcillac"}},{"type":"Feature","geometry":{"type":"LineString","coordinates":[[255465.08948623305,5535070.256538679],[256645.045166561,5537996.198753415]]},"properties":{"type":"artcc-low","section":"Tower CTR LFCR CTR Rodez Marcillac","uuid":"artcc-low-tower-ctr-lfcr-ctr-rodez-marcillac"}},{"type":"Feature","geometry":{"type":"LineString","coordinates":[[256645.045166561,5537996.198753415],[258220.03042880114,5540730.900002322]]},"properties":{"type":"artcc-low","section":"Tower CTR LFCR CTR Rodez Marcillac","uuid":"artcc-low-tower-ctr-lfcr-ctr-rodez-marcillac"}},{"type":"Feature","geometry":{"type":"LineString","coordinates":[[258220.03042880114,5540730.900002322],[260159.30872466235,5543220.645408561]]},"properties":{"type":"artcc-low","section":"Tower CTR LFCR CTR Rodez Marcillac","uuid":"artcc-low-tower-ctr-lfcr-ctr-rodez-marcillac"}},{"type":"Feature","geometry":{"type":"LineString","coordinates":[[260159.30872466235,5543220.645408561],[262425.1860376786,5545416.535330977]]},"properties":{"type":"artcc-low","section":"Tower CTR LFCR CTR Rodez Marcillac","uuid":"artcc-low-tower-ctr-lfcr-ctr-rodez-marcillac"}},{"type":"Feature","geometry":{"type":"LineString","coordinates":[[262425.1860376786,5545416.535330977],[264973.53655858285,5547275.460523933]]},"properties":{"type":"artcc-low","section":"Tower CTR LFCR CTR Rodez Marcillac","uuid":"artcc-low-tower-ctr-lfcr-ctr-rodez-marcillac"}},{"type":"Feature","geometry":{"type":"LineString","coordinates":[[264973.53655858285,5547275.460523933],[265929.89467282017,5547830.613944074]]},"properties":{"type":"artcc-low","section":"Tower CTR LFCR CTR Rodez Marcillac","uuid":"artcc-low-tower-ctr-lfcr-ctr-rodez-marcillac"}},{"type":"Feature","geometry":{"type":"LineString","coordinates":[[265929.89467282017,5547830.613944074],[296264.45591398724,5523183.024913873]]},"properties":{"type":"artcc-low","section":"Tower CTR LFCR CTR Rodez Marcillac","uuid":"artcc-low-tower-ctr-lfcr-ctr-rodez-marcillac"}},{"type":"Feature","geometry":{"type":"LineString","coordinates":[[719494.9754938582,6289013.1643912345],[723762.2226409336,6262239.1565214]]},"properties":{"type":"artcc-low","section":"Tower CTR LFJL CTR Metz Lorraine 1","uuid":"artcc-low-tower-ctr-lfjl-ctr-metz-lorraine-1"}},{"type":"Feature","geometry":{"type":"LineString","coordinates":[[723762.2226409336,6262239.1565214],[704466.8442367661,6231984.838674081]]},"properties":{"type":"artcc-low","section":"Tower CTR LFJL CTR Metz Lorraine 1","uuid":"artcc-low-tower-ctr-lfjl-ctr-metz-lorraine-1"}},{"type":"Feature","geometry":{"type":"LineString","coordinates":[[704466.8442367661,6231984.838674081],[696736.3240427889,6233063.492511]]},"properties":{"type":"artcc-low","section":"Tower CTR LFJL CTR Metz Lorraine 1","uuid":"artcc-low-tower-ctr-lfjl-ctr-metz-lorraine-1"}},{"type":"Feature","geometry":{"type":"LineString","coordinates":[[696736.3240427889,6233063.492511],[673977.6725917195,6253113.899945719]]},"properties":{"type":"artcc-low","section":"Tower CTR LFJL CTR Metz Lorraine 1","uuid":"artcc-low-tower-ctr-lfjl-ctr-metz-lorraine-1"}},{"type":"Feature","geometry":{"type":"LineString","coordinates":[[673977.6725917195,6253113.899945719],[702827.973955643,6289013.1643912345]]},"properties":{"type":"artcc-low","section":"Tower CTR LFJL CTR Metz Lorraine 1","uuid":"artcc-low-tower-ctr-lfjl-ctr-metz-lorraine-1"}},{"type":"Feature","geometry":{"type":"LineString","coordinates":[[702827.973955643,6289013.1643912345],[719494.9754938582,6289013.1643912345]]},"properties":{"type":"artcc-low","section":"Tower CTR LFJL CTR Metz Lorraine 1","uuid":"artcc-low-tower-ctr-lfjl-ctr-metz-lorraine-1"}},{"type":"Feature","geometry":{"type":"LineString","coordinates":[[719494.9754938582,6289013.1643912345],[723762.2226409336,6262239.1565214]]},"properties":{"type":"artcc-low","section":"Tower CTR LFJL CTR Metz Lorraine 1 , 2","uuid":"artcc-low-tower-ctr-lfjl-ctr-metz-lorraine-1-2"}},{"type":"Feature","geometry":{"type":"LineString","coordinates":[[723762.2226409336,6262239.1565214],[704466.8442367661,6231984.838674081]]},"properties":{"type":"artcc-low","section":"Tower CTR LFJL CTR Metz Lorraine 1 , 2","uuid":"artcc-low-tower-ctr-lfjl-ctr-metz-lorraine-1-2"}},{"type":"Feature","geometry":{"type":"LineString","coordinates":[[704466.8442367661,6231984.838674081],[696736.3240427889,6233063.492511]]},"properties":{"type":"artcc-low","section":"Tower CTR LFJL CTR Metz Lorraine 1 , 2","uuid":"artcc-low-tower-ctr-lfjl-ctr-metz-lorraine-1-2"}},{"type":"Feature","geometry":{"type":"LineString","coordinates":[[696736.3240427889,6233063.492511],[673977.6725917195,6253113.899945719]]},"properties":{"type":"artcc-low","section":"Tower CTR LFJL CTR Metz Lorraine 1 , 2","uuid":"artcc-low-tower-ctr-lfjl-ctr-metz-lorraine-1-2"}},{"type":"Feature","geometry":{"type":"LineString","coordinates":[[673977.6725917195,6253113.899945719],[668133.3993250728,6258616.098743142]]},"properties":{"type":"artcc-low","section":"Tower CTR LFJL CTR Metz Lorraine 1 , 2","uuid":"artcc-low-tower-ctr-lfjl-ctr-metz-lorraine-1-2"}},{"type":"Feature","geometry":{"type":"LineString","coordinates":[[668133.3993250728,6258616.098743142],[687954.4531024307,6270526.262849146]]},"properties":{"type":"artcc-low","section":"Tower CTR LFJL CTR Metz Lorraine 1 , 2","uuid":"artcc-low-tower-ctr-lfjl-ctr-metz-lorraine-1-2"}},{"type":"Feature","geometry":{"type":"LineString","coordinates":[[687954.4531024307,6270526.262849146],[702827.973955643,6289013.1643912345]]},"properties":{"type":"artcc-low","section":"Tower CTR LFJL CTR Metz Lorraine 1 , 2","uuid":"artcc-low-tower-ctr-lfjl-ctr-metz-lorraine-1-2"}},{"type":"Feature","geometry":{"type":"LineString","coordinates":[[702827.973955643,6289013.1643912345],[719494.9754938582,6289013.1643912345]]},"properties":{"type":"artcc-low","section":"Tower CTR LFJL CTR Metz Lorraine 1 , 2","uuid":"artcc-low-tower-ctr-lfjl-ctr-metz-lorraine-1-2"}},{"type":"Feature","geometry":{"type":"LineString","coordinates":[[-62493.525248112746,6050292.5574655365],[-10977.33867544781,6042353.851462826]]},"properties":{"type":"artcc-low","section":"Tower CTR LFJR CTR Angers Marce","uuid":"artcc-low-tower-ctr-lfjr-ctr-angers-marce"}},{"type":"Feature","geometry":{"type":"LineString","coordinates":[[-10977.33867544781,6042353.851462826],[-9524.00087898007,6033047.787369767]]},"properties":{"type":"artcc-low","section":"Tower CTR LFJR CTR Angers Marce","uuid":"artcc-low-tower-ctr-lfjr-ctr-angers-marce"}},{"type":"Feature","geometry":{"type":"LineString","coordinates":[[-9524.00087898007,6033047.787369767],[-57515.07024319135,6019587.775690376]]},"properties":{"type":"artcc-low","section":"Tower CTR LFJR CTR Angers Marce","uuid":"artcc-low-tower-ctr-lfjr-ctr-angers-marce"}},{"type":"Feature","geometry":{"type":"LineString","coordinates":[[-57515.07024319135,6019587.775690376],[-62493.525248112746,6050292.5574655365]]},"properties":{"type":"artcc-low","section":"Tower CTR LFJR CTR Angers Marce","uuid":"artcc-low-tower-ctr-lfjr-ctr-angers-marce"}},{"type":"Feature","geometry":{"type":"LineString","coordinates":[[1046403.2134567717,5264358.211392924],[1048243.0772629383,5265098.611403158]]},"properties":{"type":"artcc-low","section":"Tower CTR LFKB CTR Bastia Poretta","uuid":"artcc-low-tower-ctr-lfkb-ctr-bastia-poretta"}},{"type":"Feature","geometry":{"type":"LineString","coordinates":[[1048243.0772629383,5265098.611403158],[1050141.693022579,5265679.193084485]]},"properties":{"type":"artcc-low","section":"Tower CTR LFKB CTR Bastia Poretta","uuid":"artcc-low-tower-ctr-lfkb-ctr-bastia-poretta"}},{"type":"Feature","geometry":{"type":"LineString","coordinates":[[1050141.693022579,5265679.193084485],[1052083.599695306,5266091.511982215]]},"properties":{"type":"artcc-low","section":"Tower CTR LFKB CTR Bastia Poretta","uuid":"artcc-low-tower-ctr-lfkb-ctr-bastia-poretta"}},{"type":"Feature","geometry":{"type":"LineString","coordinates":[[1052083.599695306,5266091.511982215],[1054053.3362407316,5266331.338430839]]},"properties":{"type":"artcc-low","section":"Tower CTR LFKB CTR Bastia Poretta","uuid":"artcc-low-tower-ctr-lfkb-ctr-bastia-poretta"}},{"type":"Feature","geometry":{"type":"LineString","coordinates":[[1054053.3362407316,5266331.338430839],[1056035.4416184672,5266398.659234952]]},"properties":{"type":"artcc-low","section":"Tower CTR LFKB CTR Bastia Poretta","uuid":"artcc-low-tower-ctr-lfkb-ctr-bastia-poretta"}},{"type":"Feature","geometry":{"type":"LineString","coordinates":[[1056035.4416184672,5266398.659234952],[1058017.546996203,5266297.678209477]]},"properties":{"type":"artcc-low","section":"Tower CTR LFKB CTR Bastia Poretta","uuid":"artcc-low-tower-ctr-lfkb-ctr-bastia-poretta"}},{"type":"Feature","geometry":{"type":"LineString","coordinates":[[1058017.546996203,5266297.678209477],[1059984.191333551,5266019.98597968]]},"properties":{"type":"artcc-low","section":"Tower CTR LFKB CTR Bastia Poretta","uuid":"artcc-low-tower-ctr-lfkb-ctr-bastia-poretta"}},{"type":"Feature","geometry":{"type":"LineString","coordinates":[[1059984.191333551,5266019.98597968],[1061916.8213820453,5265574.012585704]]},"properties":{"type":"artcc-low","section":"Tower CTR LFKB CTR Bastia Poretta","uuid":"artcc-low-tower-ctr-lfkb-ctr-bastia-poretta"}},{"type":"Feature","geometry":{"type":"LineString","coordinates":[[1061916.8213820453,5265574.012585704],[1063806.1605174534,5264959.78196224]]},"properties":{"type":"artcc-low","section":"Tower CTR LFKB CTR Bastia Poretta","uuid":"artcc-low-tower-ctr-lfkb-ctr-bastia-poretta"}},{"type":"Feature","geometry":{"type":"LineString","coordinates":[[1063806.1605174534,5264959.78196224],[1065633.6554913095,5264185.740213456]]},"properties":{"type":"artcc-low","section":"Tower CTR LFKB CTR Bastia Poretta","uuid":"artcc-low-tower-ctr-lfkb-ctr-bastia-poretta"}},{"type":"Feature","geometry":{"type":"LineString","coordinates":[[1065633.6554913095,5264185.740213456],[1067383.845263226,5263256.132940364]]},"properties":{"type":"artcc-low","section":"Tower CTR LFKB CTR Bastia Poretta","uuid":"artcc-low-tower-ctr-lfkb-ctr-bastia-poretta"}},{"type":"Feature","geometry":{"type":"LineString","coordinates":[[1067383.845263226,5263256.132940364],[1069047.45320897,5262179.417600543]]},"properties":{"type":"artcc-low","section":"Tower CTR LFKB CTR Bastia Poretta","uuid":"artcc-low-tower-ctr-lfkb-ctr-bastia-poretta"}},{"type":"Feature","geometry":{"type":"LineString","coordinates":[[1069047.45320897,5262179.417600543],[1070612.110496231,5260959.849815239]]},"properties":{"type":"artcc-low","section":"Tower CTR LFKB CTR Bastia Poretta","uuid":"artcc-low-tower-ctr-lfkb-ctr-bastia-poretta"}},{"type":"Feature","geometry":{"type":"LineString","coordinates":[[1070612.110496231,5260959.849815239],[1072065.4482926987,5259610.0986906905]]},"properties":{"type":"artcc-low","section":"Tower CTR LFKB CTR Bastia Poretta","uuid":"artcc-low-tower-ctr-lfkb-ctr-bastia-poretta"}},{"type":"Feature","geometry":{"type":"LineString","coordinates":[[1072065.4482926987,5259610.0986906905],[1073392.005557985,5258138.627958525]]},"properties":{"type":"artcc-low","section":"Tower CTR LFKB CTR Bastia Poretta","uuid":"artcc-low-tower-ctr-lfkb-ctr-bastia-poretta"}},{"type":"Feature","geometry":{"type":"LineString","coordinates":[[1073392.005557985,5258138.627958525],[1074585.5978759353,5256558.104170622]]},"properties":{"type":"artcc-low","section":"Tower CTR LFKB CTR Bastia Poretta","uuid":"artcc-low-tower-ctr-lfkb-ctr-bastia-poretta"}},{"type":"Feature","geometry":{"type":"LineString","coordinates":[[1074585.5978759353,5256558.104170622],[1075636.9486223164,5254881.18947165]]},"properties":{"type":"artcc-low","section":"Tower CTR LFKB CTR Bastia Poretta","uuid":"artcc-low-tower-ctr-lfkb-ctr-bastia-poretta"}},{"type":"Feature","geometry":{"type":"LineString","coordinates":[[1075636.9486223164,5254881.18947165],[1076536.781172895,5253120.5402221]]},"properties":{"type":"artcc-low","section":"Tower CTR LFKB CTR Bastia Poretta","uuid":"artcc-low-tower-ctr-lfkb-ctr-bastia-poretta"}},{"type":"Feature","geometry":{"type":"LineString","coordinates":[[1076536.781172895,5253120.5402221],[1077282.0033195945,5251284.604977384]]},"properties":{"type":"artcc-low","section":"Tower CTR LFKB CTR Bastia Poretta","uuid":"artcc-low-tower-ctr-lfkb-ctr-bastia-poretta"}},{"type":"Feature","geometry":{"type":"LineString","coordinates":[[1077282.0033195945,5251284.604977384],[1077860.2462301042,5249394.427564153]]},"properties":{"type":"artcc-low","section":"Tower CTR LFKB CTR Bastia Poretta","uuid":"artcc-low-tower-ctr-lfkb-ctr-bastia-poretta"}},{"type":"Feature","geometry":{"type":"LineString","coordinates":[[1077860.2462301042,5249394.427564153],[1078274.6021125014,5247462.6379253855]]},"properties":{"type":"artcc-low","section":"Tower CTR LFKB CTR Bastia Poretta","uuid":"artcc-low-tower-ctr-lfkb-ctr-bastia-poretta"}},{"type":"Feature","geometry":{"type":"LineString","coordinates":[[1078274.6021125014,5247462.6379253855],[1078515.7943425532,5245497.6580927735]]},"properties":{"type":"artcc-low","section":"Tower CTR LFKB CTR Bastia Poretta","uuid":"artcc-low-tower-ctr-lfkb-ctr-bastia-poretta"}},{"type":"Feature","geometry":{"type":"LineString","coordinates":[[1078515.7943425532,5245497.6580927735],[1078583.8229202605,5243524.692916713]]},"properties":{"type":"artcc-low","section":"Tower CTR LFKB CTR Bastia Poretta","uuid":"artcc-low-tower-ctr-lfkb-ctr-bastia-poretta"}},{"type":"Feature","geometry":{"type":"LineString","coordinates":[[1078583.8229202605,5243524.692916713],[1078478.6878456224,5241552.140350635]]},"properties":{"type":"artcc-low","section":"Tower CTR LFKB CTR Bastia Poretta","uuid":"artcc-low-tower-ctr-lfkb-ctr-bastia-poretta"}},{"type":"Feature","geometry":{"type":"LineString","coordinates":[[1078478.6878456224,5241552.140350635],[1078203.4813267167,5239596.782552895]]},"properties":{"type":"artcc-low","section":"Tower CTR LFKB CTR Bastia Poretta","uuid":"artcc-low-tower-ctr-lfkb-ctr-bastia-poretta"}},{"type":"Feature","geometry":{"type":"LineString","coordinates":[[1078203.4813267167,5239596.782552895],[1077758.2033635436,5237671.193081009]]},"properties":{"type":"artcc-low","section":"Tower CTR LFKB CTR Bastia Poretta","uuid":"artcc-low-tower-ctr-lfkb-ctr-bastia-poretta"}},{"type":"Feature","geometry":{"type":"LineString","coordinates":[[1077758.2033635436,5237671.193081009],[1077142.8539561029,5235796.323296845]]},"properties":{"type":"artcc-low","section":"Tower CTR LFKB CTR Bastia Poretta","uuid":"artcc-low-tower-ctr-lfkb-ctr-bastia-poretta"}},{"type":"Feature","geometry":{"type":"LineString","coordinates":[[1077142.8539561029,5235796.323296845],[1076366.7097286277,5233976.336089396]]},"properties":{"type":"artcc-low","section":"Tower CTR LFKB CTR Bastia Poretta","uuid":"artcc-low-tower-ctr-lfkb-ctr-bastia-poretta"}},{"type":"Feature","geometry":{"type":"LineString","coordinates":[[1076366.7097286277,5233976.336089396],[1075435.9550972728,5232236.353740076]]},"properties":{"type":"artcc-low","section":"Tower CTR LFKB CTR Bastia Poretta","uuid":"artcc-low-tower-ctr-lfkb-ctr-bastia-poretta"}},{"type":"Feature","geometry":{"type":"LineString","coordinates":[[1075435.9550972728,5232236.353740076],[1074353.6822701162,5230580.523637495]]},"properties":{"type":"artcc-low","section":"Tower CTR LFKB CTR Bastia Poretta","uuid":"artcc-low-tower-ctr-lfkb-ctr-bastia-poretta"}},{"type":"Feature","geometry":{"type":"LineString","coordinates":[[1074353.6822701162,5230580.523637495],[1073132.2600794674,5229025.565187595]]},"properties":{"type":"artcc-low","section":"Tower CTR LFKB CTR Bastia Poretta","uuid":"artcc-low-tower-ctr-lfkb-ctr-bastia-poretta"}},{"type":"Feature","geometry":{"type":"LineString","coordinates":[[1073132.2600794674,5229025.565187595],[1071777.8729414828,5227583.999418942]]},"properties":{"type":"artcc-low","section":"Tower CTR LFKB CTR Bastia Poretta","uuid":"artcc-low-tower-ctr-lfkb-ctr-bastia-poretta"}},{"type":"Feature","geometry":{"type":"LineString","coordinates":[[1071777.8729414828,5227583.999418942],[1070302.8896884718,5226264.153827665]]},"properties":{"type":"artcc-low","section":"Tower CTR LFKB CTR Bastia Poretta","uuid":"artcc-low-tower-ctr-lfkb-ctr-bastia-poretta"}},{"type":"Feature","geometry":{"type":"LineString","coordinates":[[1070302.8896884718,5226264.153827665],[1068716.5869446676,5225078.544924042]]},"properties":{"type":"artcc-low","section":"Tower CTR LFKB CTR Bastia Poretta","uuid":"artcc-low-tower-ctr-lfkb-ctr-bastia-poretta"}},{"type":"Feature","geometry":{"type":"LineString","coordinates":[[1068716.5869446676,5225078.544924042],[1067034.4257504584,5224035.499614808]]},"properties":{"type":"artcc-low","section":"Tower CTR LFKB CTR Bastia Poretta","uuid":"artcc-low-tower-ctr-lfkb-ctr-bastia-poretta"}},{"type":"Feature","geometry":{"type":"LineString","coordinates":[[1067034.4257504584,5224035.499614808],[1065265.6827300764,5223139.15902953]]},"properties":{"type":"artcc-low","section":"Tower CTR LFKB CTR Bastia Poretta","uuid":"artcc-low-tower-ctr-lfkb-ctr-bastia-poretta"}},{"type":"Feature","geometry":{"type":"LineString","coordinates":[[1065265.6827300764,5223139.15902953],[1063425.8189239097,5222402.045391562]]},"properties":{"type":"artcc-low","section":"Tower CTR LFKB CTR Bastia Poretta","uuid":"artcc-low-tower-ctr-lfkb-ctr-bastia-poretta"}},{"type":"Feature","geometry":{"type":"LineString","coordinates":[[1063425.8189239097,5222402.045391562],[1061527.2031642688,5221824.121470874]]},"properties":{"type":"artcc-low","section":"Tower CTR LFKB CTR Bastia Poretta","uuid":"artcc-low-tower-ctr-lfkb-ctr-bastia-poretta"}},{"type":"Feature","geometry":{"type":"LineString","coordinates":[[1061527.2031642688,5221824.121470874],[1059585.2964915417,5221413.733172548]]},"properties":{"type":"artcc-low","section":"Tower CTR LFKB CTR Bastia Poretta","uuid":"artcc-low-tower-ctr-lfkb-ctr-bastia-poretta"}},{"type":"Feature","geometry":{"type":"LineString","coordinates":[[1059585.2964915417,5221413.733172548],[1057615.5599461163,5221175.046127779]]},"properties":{"type":"artcc-low","section":"Tower CTR LFKB CTR Bastia Poretta","uuid":"artcc-low-tower-ctr-lfkb-ctr-bastia-poretta"}},{"type":"Feature","geometry":{"type":"LineString","coordinates":[[1057615.5599461163,5221175.046127779],[1055633.4545683805,5221108.047338207]]},"properties":{"type":"artcc-low","section":"Tower CTR LFKB CTR Bastia Poretta","uuid":"artcc-low-tower-ctr-lfkb-ctr-bastia-poretta"}},{"type":"Feature","geometry":{"type":"LineString","coordinates":[[1055633.4545683805,5221108.047338207],[1053651.3491906447,5221208.545700533]]},"properties":{"type":"artcc-low","section":"Tower CTR LFKB CTR Bastia Poretta","uuid":"artcc-low-tower-ctr-lfkb-ctr-bastia-poretta"}},{"type":"Feature","geometry":{"type":"LineString","coordinates":[[1053651.3491906447,5221208.545700533],[1051684.704853297,5221484.921702885]]},"properties":{"type":"artcc-low","section":"Tower CTR LFKB CTR Bastia Poretta","uuid":"artcc-low-tower-ctr-lfkb-ctr-bastia-poretta"}},{"type":"Feature","geometry":{"type":"LineString","coordinates":[[1051684.704853297,5221484.921702885],[1049752.0748048024,5221928.81521405]]},"properties":{"type":"artcc-low","section":"Tower CTR LFKB CTR Bastia Poretta","uuid":"artcc-low-tower-ctr-lfkb-ctr-bastia-poretta"}},{"type":"Feature","geometry":{"type":"LineString","coordinates":[[1049752.0748048024,5221928.81521405],[1047862.7356693946,5222540.249822393]]},"properties":{"type":"artcc-low","section":"Tower CTR LFKB CTR Bastia Poretta","uuid":"artcc-low-tower-ctr-lfkb-ctr-bastia-poretta"}},{"type":"Feature","geometry":{"type":"LineString","coordinates":[[1047862.7356693946,5222540.249822393],[1046403.2134567717,5223139.15902953]]},"properties":{"type":"artcc-low","section":"Tower CTR LFKB CTR Bastia Poretta","uuid":"artcc-low-tower-ctr-lfkb-ctr-bastia-poretta"}},{"type":"Feature","geometry":{"type":"LineString","coordinates":[[1046403.2134567717,5223139.15902953],[1046403.2134567717,5264358.211392924]]},"properties":{"type":"artcc-low","section":"Tower CTR LFKB CTR Bastia Poretta","uuid":"artcc-low-tower-ctr-lfkb-ctr-bastia-poretta"}},{"type":"Feature","geometry":{"type":"LineString","coordinates":[[964768.9202083709,5256999.4471471505],[966386.1450329509,5258142.83183301]]},"properties":{"type":"artcc-low","section":"Tower CTR LFKC CTR Calvi Sainte-Catherine","uuid":"artcc-low-tower-ctr-lfkc-ctr-calvi-sainte-catherine"}},{"type":"Feature","geometry":{"type":"LineString","coordinates":[[966386.1450329509,5258142.83183301],[968086.8594756261,5259151.816000994]]},"properties":{"type":"artcc-low","section":"Tower CTR LFKC CTR Calvi Sainte-Catherine","uuid":"artcc-low-tower-ctr-lfkc-ctr-calvi-sainte-catherine"}},{"type":"Feature","geometry":{"type":"LineString","coordinates":[[968086.8594756261,5259151.816000994],[969871.0635363958,5260009.537581581]]},"properties":{"type":"artcc-low","section":"Tower CTR LFKC CTR Calvi Sainte-Catherine","uuid":"artcc-low-tower-ctr-lfkc-ctr-calvi-sainte-catherine"}},{"type":"Feature","geometry":{"type":"LineString","coordinates":[[969871.0635363958,5260009.537581581],[971723.2961748729,5260711.750198251]]},"properties":{"type":"artcc-low","section":"Tower CTR LFKC CTR Calvi Sainte-Catherine","uuid":"artcc-low-tower-ctr-lfkc-ctr-calvi-sainte-catherine"}},{"type":"Feature","geometry":{"type":"LineString","coordinates":[[971723.2961748729,5260711.750198251],[973628.0963506689,5261250.0085119875]]},"properties":{"type":"artcc-low","section":"Tower CTR LFKC CTR Calvi Sainte-Catherine","uuid":"artcc-low-tower-ctr-lfkc-ctr-calvi-sainte-catherine"}},{"type":"Feature","geometry":{"type":"LineString","coordinates":[[973628.0963506689,5261250.0085119875],[975573.0952314737,5261615.873533305]]},"properties":{"type":"artcc-low","section":"Tower CTR LFKC CTR Calvi Sainte-Catherine","uuid":"artcc-low-tower-ctr-lfkc-ctr-calvi-sainte-catherine"}},{"type":"Feature","geometry":{"type":"LineString","coordinates":[[975573.0952314737,5261615.873533305],[977545.9239849768,5261817.736185629]]},"properties":{"type":"artcc-low","section":"Tower CTR LFKC CTR Calvi Sainte-Catherine","uuid":"artcc-low-tower-ctr-lfkc-ctr-calvi-sainte-catherine"}},{"type":"Feature","geometry":{"type":"LineString","coordinates":[[977545.9239849768,5261817.736185629],[979524.9371546347,5261842.969321633]]},"properties":{"type":"artcc-low","section":"Tower CTR LFKC CTR Calvi Sainte-Catherine","uuid":"artcc-low-tower-ctr-lfkc-ctr-calvi-sainte-catherine"}},{"type":"Feature","geometry":{"type":"LineString","coordinates":[[979524.9371546347,5261842.969321633],[981500.8581162154,5261695.776982085]]},"properties":{"type":"artcc-low","section":"Tower CTR LFKC CTR Calvi Sainte-Catherine","uuid":"artcc-low-tower-ctr-lfkc-ctr-calvi-sainte-catherine"}},{"type":"Feature","geometry":{"type":"LineString","coordinates":[[981500.8581162154,5261695.776982085],[983455.133621253,5261380.372578109]]},"properties":{"type":"artcc-low","section":"Tower CTR LFKC CTR Calvi Sainte-Catherine","uuid":"artcc-low-tower-ctr-lfkc-ctr-calvi-sainte-catherine"}},{"type":"Feature","geometry":{"type":"LineString","coordinates":[[983455.133621253,5261380.372578109],[985375.3948374367,5260892.567916858]]},"properties":{"type":"artcc-low","section":"Tower CTR LFKC CTR Calvi Sainte-Catherine","uuid":"artcc-low-tower-ctr-lfkc-ctr-calvi-sainte-catherine"}},{"type":"Feature","geometry":{"type":"LineString","coordinates":[[985375.3948374367,5260892.567916858],[987246.1807243794,5260245.004237459]]},"properties":{"type":"artcc-low","section":"Tower CTR LFKC CTR Calvi Sainte-Catherine","uuid":"artcc-low-tower-ctr-lfkc-ctr-calvi-sainte-catherine"}},{"type":"Feature","geometry":{"type":"LineString","coordinates":[[987246.1807243794,5260245.004237459],[989052.0302416926,5259433.510057961]]},"properties":{"type":"artcc-low","section":"Tower CTR LFKC CTR Calvi Sainte-Catherine","uuid":"artcc-low-tower-ctr-lfkc-ctr-calvi-sainte-catherine"}},{"type":"Feature","geometry":{"type":"LineString","coordinates":[[989052.0302416926,5259433.510057961],[990780.574557066,5258466.535805371]]},"properties":{"type":"artcc-low","section":"Tower CTR LFKC CTR Calvi Sainte-Catherine","uuid":"artcc-low-tower-ctr-lfkc-ctr-calvi-sainte-catherine"}},{"type":"Feature","geometry":{"type":"LineString","coordinates":[[990780.574557066,5258466.535805371],[992416.3526301115,5257356.739946435]]},"properties":{"type":"artcc-low","section":"Tower CTR LFKC CTR Calvi Sainte-Catherine","uuid":"artcc-low-tower-ctr-lfkc-ctr-calvi-sainte-catherine"}},{"type":"Feature","geometry":{"type":"LineString","coordinates":[[992416.3526301115,5257356.739946435],[993681.0657338463,5256326.932771281]]},"properties":{"type":"artcc-low","section":"Tower CTR LFKC CTR Calvi Sainte-Catherine","uuid":"artcc-low-tower-ctr-lfkc-ctr-calvi-sainte-catherine"}},{"type":"Feature","geometry":{"type":"LineString","coordinates":[[993681.0657338463,5256326.932771281],[985177.493520471,5250906.53916375]]},"properties":{"type":"artcc-low","section":"Tower CTR LFKC CTR Calvi Sainte-Catherine","uuid":"artcc-low-tower-ctr-lfkc-ctr-calvi-sainte-catherine"}},{"type":"Feature","geometry":{"type":"LineString","coordinates":[[985177.493520471,5250906.53916375],[985177.493520471,5232777.18138935]]},"properties":{"type":"artcc-low","section":"Tower CTR LFKC CTR Calvi Sainte-Catherine","uuid":"artcc-low-tower-ctr-lfkc-ctr-calvi-sainte-catherine"}},{"type":"Feature","geometry":{"type":"LineString","coordinates":[[985177.493520471,5232777.18138935],[984589.9739857288,5232253.1231244495]]},"properties":{"type":"artcc-low","section":"Tower CTR LFKC CTR Calvi Sainte-Catherine","uuid":"artcc-low-tower-ctr-lfkc-ctr-calvi-sainte-catherine"}},{"type":"Feature","geometry":{"type":"LineString","coordinates":[[984589.9739857288,5232253.1231244495],[983952.9791217451,5231779.39947472]]},"properties":{"type":"artcc-low","section":"Tower CTR LFKC CTR Calvi Sainte-Catherine","uuid":"artcc-low-tower-ctr-lfkc-ctr-calvi-sainte-catherine"}},{"type":"Feature","geometry":{"type":"LineString","coordinates":[[983952.9791217451,5231779.39947472],[983281.9699689079,5231364.386774394]]},"properties":{"type":"artcc-low","section":"Tower CTR LFKC CTR Calvi Sainte-Catherine","uuid":"artcc-low-tower-ctr-lfkc-ctr-calvi-sainte-catherine"}},{"type":"Feature","geometry":{"type":"LineString","coordinates":[[983281.9699689079,5231364.386774394],[982573.8543191396,5231008.077285611]]},"properties":{"type":"artcc-low","section":"Tower CTR LFKC CTR Calvi Sainte-Catherine","uuid":"artcc-low-tower-ctr-lfkc-ctr-calvi-sainte-catherine"}},{"type":"Feature","geometry":{"type":"LineString","coordinates":[[982573.8543191396,5231008.077285611],[981841.0010047505,5230718.847700357]]},"properties":{"type":"artcc-low","section":"Tower CTR LFKC CTR Calvi Sainte-Catherine","uuid":"artcc-low-tower-ctr-lfkc-ctr-calvi-sainte-catherine"}},{"type":"Feature","geometry":{"type":"LineString","coordinates":[[981841.0010047505,5230718.847700357],[981080.3178176632,5230488.30872071]]},"properties":{"type":"artcc-low","section":"Tower CTR LFKC CTR Calvi Sainte-Catherine","uuid":"artcc-low-tower-ctr-lfkc-ctr-calvi-sainte-catherine"}},{"type":"Feature","geometry":{"type":"LineString","coordinates":[[981080.3178176632,5230488.30872071],[980307.2657982655,5230329.0305298865]]},"properties":{"type":"artcc-low","section":"Tower CTR LFKC CTR Calvi Sainte-Catherine","uuid":"artcc-low-tower-ctr-lfkc-ctr-calvi-sainte-catherine"}},{"type":"Feature","geometry":{"type":"LineString","coordinates":[[980307.2657982655,5230329.0305298865],[979521.8449465572,5230236.818067775]]},"properties":{"type":"artcc-low","section":"Tower CTR LFKC CTR Calvi Sainte-Catherine","uuid":"artcc-low-tower-ctr-lfkc-ctr-calvi-sainte-catherine"}},{"type":"Feature","geometry":{"type":"LineString","coordinates":[[979521.8449465572,5230236.818067775],[978730.2396786939,5230211.669370667]]},"properties":{"type":"artcc-low","section":"Tower CTR LFKC CTR Calvi Sainte-Catherine","uuid":"artcc-low-tower-ctr-lfkc-ctr-calvi-sainte-catherine"}},{"type":"Feature","geometry":{"type":"LineString","coordinates":[[978730.2396786939,5230211.669370667],[977938.6344108308,5230253.583903034]]},"properties":{"type":"artcc-low","section":"Tower CTR LFKC CTR Calvi Sainte-Catherine","uuid":"artcc-low-tower-ctr-lfkc-ctr-calvi-sainte-catherine"}},{"type":"Feature","geometry":{"type":"LineString","coordinates":[[977938.6344108308,5230253.583903034],[977156.3057672004,5230366.754069251]]},"properties":{"type":"artcc-low","section":"Tower CTR LFKC CTR Calvi Sainte-Catherine","uuid":"artcc-low-tower-ctr-lfkc-ctr-calvi-sainte-catherine"}},{"type":"Feature","geometry":{"type":"LineString","coordinates":[[977156.3057672004,5230366.754069251],[976383.2537478026,5230546.990836341]]},"properties":{"type":"artcc-low","section":"Tower CTR LFKC CTR Calvi Sainte-Catherine","uuid":"artcc-low-tower-ctr-lfkc-ctr-calvi-sainte-catherine"}},{"type":"Feature","geometry":{"type":"LineString","coordinates":[[976383.2537478026,5230546.990836341],[975631.8471849479,5230790.106341332]]},"properties":{"type":"artcc-low","section":"Tower CTR LFKC CTR Calvi Sainte-Catherine","uuid":"artcc-low-tower-ctr-lfkc-ctr-calvi-sainte-catherine"}},{"type":"Feature","geometry":{"type":"LineString","coordinates":[[975631.8471849479,5230790.106341332],[974905.178286714,5231100.297276037]]},"properties":{"type":"artcc-low","section":"Tower CTR LFKC CTR Calvi Sainte-Catherine","uuid":"artcc-low-tower-ctr-lfkc-ctr-calvi-sainte-catherine"}},{"type":"Feature","geometry":{"type":"LineString","coordinates":[[974905.178286714,5231100.297276037],[974206.3392611785,5231473.378243391]]},"properties":{"type":"artcc-low","section":"Tower CTR LFKC CTR Calvi Sainte-Catherine","uuid":"artcc-low-tower-ctr-lfkc-ctr-calvi-sainte-catherine"}},{"type":"Feature","geometry":{"type":"LineString","coordinates":[[974206.3392611785,5231473.378243391],[973550.7911487292,5231896.780111887]]},"properties":{"type":"artcc-low","section":"Tower CTR LFKC CTR Calvi Sainte-Catherine","uuid":"artcc-low-tower-ctr-lfkc-ctr-calvi-sainte-catherine"}},{"type":"Feature","geometry":{"type":"LineString","coordinates":[[973550.7911487292,5231896.780111887],[964768.9202083709,5238271.06226697]]},"properties":{"type":"artcc-low","section":"Tower CTR LFKC CTR Calvi Sainte-Catherine","uuid":"artcc-low-tower-ctr-lfkc-ctr-calvi-sainte-catherine"}},{"type":"Feature","geometry":{"type":"LineString","coordinates":[[964768.9202083709,5238271.06226697],[964768.9202083709,5256999.4471471505]]},"properties":{"type":"artcc-low","section":"Tower CTR LFKC CTR Calvi Sainte-Catherine","uuid":"artcc-low-tower-ctr-lfkc-ctr-calvi-sainte-catherine"}},{"type":"Feature","geometry":{"type":"LineString","coordinates":[[983322.1686739166,5061633.279527884],[983322.1686739166,5076469.881096306]]},"properties":{"type":"artcc-low","section":"Tower CTR LFKF CTR Figari Sud Corse","uuid":"artcc-low-tower-ctr-lfkf-ctr-figari-sud-corse"}},{"type":"Feature","geometry":{"type":"LineString","coordinates":[[983322.1686739166,5076469.881096306],[1025066.9777213939,5111177.772150795]]},"properties":{"type":"artcc-low","section":"Tower CTR LFKF CTR Figari Sud Corse","uuid":"artcc-low-tower-ctr-lfkf-ctr-figari-sud-corse"}},{"type":"Feature","geometry":{"type":"LineString","coordinates":[[1025066.9777213939,5111177.772150795],[1035178.4981351164,5119542.932869393]]},"properties":{"type":"artcc-low","section":"Tower CTR LFKF CTR Figari Sud Corse","uuid":"artcc-low-tower-ctr-lfkf-ctr-figari-sud-corse"}},{"type":"Feature","geometry":{"type":"LineString","coordinates":[[1035178.4981351164,5119542.932869393],[1038981.9140705534,5101248.438166104]]},"properties":{"type":"artcc-low","section":"Tower CTR LFKF CTR Figari Sud Corse","uuid":"artcc-low-tower-ctr-lfkf-ctr-figari-sud-corse"}},{"type":"Feature","geometry":{"type":"LineString","coordinates":[[1038981.9140705534,5101248.438166104],[1027849.9649912259,5081420.492287053]]},"properties":{"type":"artcc-low","section":"Tower CTR LFKF CTR Figari Sud Corse","uuid":"artcc-low-tower-ctr-lfkf-ctr-figari-sud-corse"}},{"type":"Feature","geometry":{"type":"LineString","coordinates":[[1027849.9649912259,5081420.492287053],[1011152.041372235,5061633.279527884]]},"properties":{"type":"artcc-low","section":"Tower CTR LFKF CTR Figari Sud Corse","uuid":"artcc-low-tower-ctr-lfkf-ctr-figari-sud-corse"}},{"type":"Feature","geometry":{"type":"LineString","coordinates":[[1011152.041372235,5061633.279527884],[983322.1686739166,5061633.279527884]]},"properties":{"type":"artcc-low","section":"Tower CTR LFKF CTR Figari Sud Corse","uuid":"artcc-low-tower-ctr-lfkf-ctr-figari-sud-corse"}},{"type":"Feature","geometry":{"type":"LineString","coordinates":[[948070.99658938,5160979.444049783],[992598.7929066892,5160979.444049783]]},"properties":{"type":"artcc-low","section":"Tower CTR LFKJ CTR Ajaccio Napoleon Bonaparte","uuid":"artcc-low-tower-ctr-lfkj-ctr-ajaccio-napoleon-bonaparte"}},{"type":"Feature","geometry":{"type":"LineString","coordinates":[[992598.7929066892,5160979.444049783],[983322.1686739166,5116146.294557266]]},"properties":{"type":"artcc-low","section":"Tower CTR LFKJ CTR Ajaccio Napoleon Bonaparte","uuid":"artcc-low-tower-ctr-lfkj-ctr-ajaccio-napoleon-bonaparte"}},{"type":"Feature","geometry":{"type":"LineString","coordinates":[[983322.1686739166,5116146.294557266],[977756.1941342528,5116146.294557266]]},"properties":{"type":"artcc-low","section":"Tower CTR LFKJ CTR Ajaccio Napoleon Bonaparte","uuid":"artcc-low-tower-ctr-lfkj-ctr-ajaccio-napoleon-bonaparte"}},{"type":"Feature","geometry":{"type":"LineString","coordinates":[[977756.1941342528,5116146.294557266],[977756.1941342528,5111177.772150795]]},"properties":{"type":"artcc-low","section":"Tower CTR LFKJ CTR Ajaccio Napoleon Bonaparte","uuid":"artcc-low-tower-ctr-lfkj-ctr-ajaccio-napoleon-bonaparte"}},{"type":"Feature","geometry":{"type":"LineString","coordinates":[[977756.1941342528,5111177.772150795],[948070.99658938,5111177.772150795]]},"properties":{"type":"artcc-low","section":"Tower CTR LFKJ CTR Ajaccio Napoleon Bonaparte","uuid":"artcc-low-tower-ctr-lfkj-ctr-ajaccio-napoleon-bonaparte"}},{"type":"Feature","geometry":{"type":"LineString","coordinates":[[948070.99658938,5111177.772150795],[948070.99658938,5160979.444049783]]},"properties":{"type":"artcc-low","section":"Tower CTR LFKJ CTR Ajaccio Napoleon Bonaparte","uuid":"artcc-low-tower-ctr-lfkj-ctr-ajaccio-napoleon-bonaparte"}},{"type":"Feature","geometry":{"type":"LineString","coordinates":[[659475.2167078183,5739268.867504542],[660217.3466464401,5724835.905955736]]},"properties":{"type":"artcc-low","section":"Tower CTR LFLB CTR 1 Chambery","uuid":"artcc-low-tower-ctr-lflb-ctr-1-chambery"}},{"type":"Feature","geometry":{"type":"LineString","coordinates":[[660217.3466464401,5724835.905955736],[660371.9570503195,5721695.6269894615]]},"properties":{"type":"artcc-low","section":"Tower CTR LFLB CTR 1 Chambery","uuid":"artcc-low-tower-ctr-lflb-ctr-1-chambery"}},{"type":"Feature","geometry":{"type":"LineString","coordinates":[[660371.9570503195,5721695.6269894615],[658640.3205268687,5721695.6269894615]]},"properties":{"type":"artcc-low","section":"Tower CTR LFLB CTR 1 Chambery","uuid":"artcc-low-tower-ctr-lflb-ctr-1-chambery"}},{"type":"Feature","geometry":{"type":"LineString","coordinates":[[658640.3205268687,5721695.6269894615],[658516.6322037651,5717628.176364436]]},"properties":{"type":"artcc-low","section":"Tower CTR LFLB CTR 1 Chambery","uuid":"artcc-low-tower-ctr-lflb-ctr-1-chambery"}},{"type":"Feature","geometry":{"type":"LineString","coordinates":[[658516.6322037651,5717628.176364436],[660588.411615751,5717716.579495396]]},"properties":{"type":"artcc-low","section":"Tower CTR LFLB CTR 1 Chambery","uuid":"artcc-low-tower-ctr-lflb-ctr-1-chambery"}},{"type":"Feature","geometry":{"type":"LineString","coordinates":[[660588.411615751,5717716.579495396],[661856.2169275633,5717716.579495396]]},"properties":{"type":"artcc-low","section":"Tower CTR LFLB CTR 1 Chambery","uuid":"artcc-low-tower-ctr-lflb-ctr-1-chambery"}},{"type":"Feature","geometry":{"type":"LineString","coordinates":[[661856.2169275633,5717716.579495396],[662258.20397765,5710028.779782808]]},"properties":{"type":"artcc-low","section":"Tower CTR LFLB CTR 1 Chambery","uuid":"artcc-low-tower-ctr-lflb-ctr-1-chambery"}},{"type":"Feature","geometry":{"type":"LineString","coordinates":[[662258.20397765,5710028.779782808],[659042.3075769555,5704995.530718701]]},"properties":{"type":"artcc-low","section":"Tower CTR LFLB CTR 1 Chambery","uuid":"artcc-low-tower-ctr-lflb-ctr-1-chambery"}},{"type":"Feature","geometry":{"type":"LineString","coordinates":[[659042.3075769555,5704995.530718701],[657551.8632835567,5704655.667832277]]},"properties":{"type":"artcc-low","section":"Tower CTR LFLB CTR 1 Chambery","uuid":"artcc-low-tower-ctr-lflb-ctr-1-chambery"}},{"type":"Feature","geometry":{"type":"LineString","coordinates":[[657551.8632835567,5704655.667832277],[656036.681325537,5704452.639026952]]},"properties":{"type":"artcc-low","section":"Tower CTR LFLB CTR 1 Chambery","uuid":"artcc-low-tower-ctr-lflb-ctr-1-chambery"}},{"type":"Feature","geometry":{"type":"LineString","coordinates":[[656036.681325537,5704452.639026952],[654512.2227432848,5704386.434978786]]},"properties":{"type":"artcc-low","section":"Tower CTR LFLB CTR 1 Chambery","uuid":"artcc-low-tower-ctr-lflb-ctr-1-chambery"}},{"type":"Feature","geometry":{"type":"LineString","coordinates":[[654512.2227432848,5704386.434978786],[652987.7641610324,5704461.4662704235]]},"properties":{"type":"artcc-low","section":"Tower CTR LFLB CTR 1 Chambery","uuid":"artcc-low-tower-ctr-lflb-ctr-1-chambery"}},{"type":"Feature","geometry":{"type":"LineString","coordinates":[[652987.7641610324,5704461.4662704235],[651475.6744110903,5704673.322728945]]},"properties":{"type":"artcc-low","section":"Tower CTR LFLB CTR 1 Chambery","uuid":"artcc-low-tower-ctr-lflb-ctr-1-chambery"}},{"type":"Feature","geometry":{"type":"LineString","coordinates":[[651475.6744110903,5704673.322728945],[649988.3223257692,5705022.014083745]]},"properties":{"type":"artcc-low","section":"Tower CTR LFLB CTR 1 Chambery","uuid":"artcc-low-tower-ctr-lflb-ctr-1-chambery"}},{"type":"Feature","geometry":{"type":"LineString","coordinates":[[649988.3223257692,5705022.014083745],[649363.6962940958,5705216.22782516]]},"properties":{"type":"artcc-low","section":"Tower CTR LFLB CTR 1 Chambery","uuid":"artcc-low-tower-ctr-lflb-ctr-1-chambery"}},{"type":"Feature","geometry":{"type":"LineString","coordinates":[[649363.6962940958,5705216.22782516],[649363.6962940958,5739180.250413481]]},"properties":{"type":"artcc-low","section":"Tower CTR LFLB CTR 1 Chambery","uuid":"artcc-low-tower-ctr-lflb-ctr-1-chambery"}},{"type":"Feature","geometry":{"type":"LineString","coordinates":[[649363.6962940958,5739180.250413481],[650752.0977209341,5739592.327370626]]},"properties":{"type":"artcc-low","section":"Tower CTR LFLB CTR 1 Chambery","uuid":"artcc-low-tower-ctr-lflb-ctr-1-chambery"}},{"type":"Feature","geometry":{"type":"LineString","coordinates":[[650752.0977209341,5739592.327370626],[652168.3290204707,5739875.918289055]]},"properties":{"type":"artcc-low","section":"Tower CTR LFLB CTR 1 Chambery","uuid":"artcc-low-tower-ctr-lflb-ctr-1-chambery"}},{"type":"Feature","geometry":{"type":"LineString","coordinates":[[652168.3290204707,5739875.918289055],[653600.0213603954,5740031.01089276]]},"properties":{"type":"artcc-low","section":"Tower CTR LFLB CTR 1 Chambery","uuid":"artcc-low-tower-ctr-lflb-ctr-1-chambery"}},{"type":"Feature","geometry":{"type":"LineString","coordinates":[[653600.0213603954,5740031.01089276],[655040.9903245528,5740048.735933753]]},"properties":{"type":"artcc-low","section":"Tower CTR LFLB CTR 1 Chambery","uuid":"artcc-low-tower-ctr-lflb-ctr-1-chambery"}},{"type":"Feature","geometry":{"type":"LineString","coordinates":[[655040.9903245528,5740048.735933753],[656478.8670806325,5739942.38621702]]},"properties":{"type":"artcc-low","section":"Tower CTR LFLB CTR 1 Chambery","uuid":"artcc-low-tower-ctr-lflb-ctr-1-chambery"}},{"type":"Feature","geometry":{"type":"LineString","coordinates":[[656478.8670806325,5739942.38621702],[657901.2827963245,5739698.672906669]]},"properties":{"type":"artcc-low","section":"Tower CTR LFLB CTR 1 Chambery","uuid":"artcc-low-tower-ctr-lflb-ctr-1-chambery"}},{"type":"Feature","geometry":{"type":"LineString","coordinates":[[657901.2827963245,5739698.672906669],[659298.9608473955,5739326.469086619]]},"properties":{"type":"artcc-low","section":"Tower CTR LFLB CTR 1 Chambery","uuid":"artcc-low-tower-ctr-lflb-ctr-1-chambery"}},{"type":"Feature","geometry":{"type":"LineString","coordinates":[[659298.9608473955,5739326.469086619],[659475.2167078183,5739268.867504542]]},"properties":{"type":"artcc-low","section":"Tower CTR LFLB CTR 1 Chambery","uuid":"artcc-low-tower-ctr-lflb-ctr-1-chambery"}},{"type":"Feature","geometry":{"type":"LineString","coordinates":[[660371.9570503195,5721695.6269894615],[660588.411615751,5717716.579495396]]},"properties":{"type":"artcc-low","section":"Tower CTR LFLB CTR 2 Chambery","uuid":"artcc-low-tower-ctr-lflb-ctr-2-chambery"}},{"type":"Feature","geometry":{"type":"LineString","coordinates":[[660588.411615751,5717716.579495396],[658516.6322037651,5717628.176364436]]},"properties":{"type":"artcc-low","section":"Tower CTR LFLB CTR 2 Chambery","uuid":"artcc-low-tower-ctr-lflb-ctr-2-chambery"}},{"type":"Feature","geometry":{"type":"LineString","coordinates":[[658516.6322037651,5717628.176364436],[658640.3205268687,5721695.6269894615]]},"properties":{"type":"artcc-low","section":"Tower CTR LFLB CTR 2 Chambery","uuid":"artcc-low-tower-ctr-lflb-ctr-2-chambery"}},{"type":"Feature","geometry":{"type":"LineString","coordinates":[[658640.3205268687,5721695.6269894615],[660371.9570503195,5721695.6269894615]]},"properties":{"type":"artcc-low","section":"Tower CTR LFLB CTR 2 Chambery","uuid":"artcc-low-tower-ctr-lflb-ctr-2-chambery"}},{"type":"Feature","geometry":{"type":"LineString","coordinates":[[355944.0718114922,5762961.263631652],[376352.6451235924,5758164.447704786]]},"properties":{"type":"artcc-low","section":"Tower CTR LFLC CTR Clermont-Ferrand","uuid":"artcc-low-tower-ctr-lflc-ctr-clermont-ferrand"}},{"type":"Feature","geometry":{"type":"LineString","coordinates":[[376352.6451235924,5758164.447704786],[377110.23610260215,5757986.837573989]]},"properties":{"type":"artcc-low","section":"Tower CTR LFLC CTR Clermont-Ferrand","uuid":"artcc-low-tower-ctr-lflc-ctr-clermont-ferrand"}},{"type":"Feature","geometry":{"type":"LineString","coordinates":[[377110.23610260215,5757986.837573989],[377833.81279275846,5757684.908497151]]},"properties":{"type":"artcc-low","section":"Tower CTR LFLC CTR Clermont-Ferrand","uuid":"artcc-low-tower-ctr-lflc-ctr-clermont-ferrand"}},{"type":"Feature","geometry":{"type":"LineString","coordinates":[[377833.81279275846,5757684.908497151],[378532.65181829396,5757320.831192691]]},"properties":{"type":"artcc-low","section":"Tower CTR LFLC CTR Clermont-Ferrand","uuid":"artcc-low-tower-ctr-lflc-ctr-clermont-ferrand"}},{"type":"Feature","geometry":{"type":"LineString","coordinates":[[378532.65181829396,5757320.831192691],[379194.38434689847,5756894.613297357]]},"properties":{"type":"artcc-low","section":"Tower CTR LFLC CTR Clermont-Ferrand","uuid":"artcc-low-tower-ctr-lflc-ctr-clermont-ferrand"}},{"type":"Feature","geometry":{"type":"LineString","coordinates":[[379194.38434689847,5756894.613297357],[379822.1025866494,5756410.70317029]]},"properties":{"type":"artcc-low","section":"Tower CTR LFLC CTR Clermont-Ferrand","uuid":"artcc-low-tower-ctr-lflc-ctr-clermont-ferrand"}},{"type":"Feature","geometry":{"type":"LineString","coordinates":[[379822.1025866494,5756410.70317029],[380403.4377052365,5755869.110233047]]},"properties":{"type":"artcc-low","section":"Tower CTR LFLC CTR Clermont-Ferrand","uuid":"artcc-low-tower-ctr-lflc-ctr-clermont-ferrand"}},{"type":"Feature","geometry":{"type":"LineString","coordinates":[[380403.4377052365,5755869.110233047],[380941.48191073735,5755274.283880887]]},"properties":{"type":"artcc-low","section":"Tower CTR LFLC CTR Clermont-Ferrand","uuid":"artcc-low-tower-ctr-lflc-ctr-clermont-ferrand"}},{"type":"Feature","geometry":{"type":"LineString","coordinates":[[380941.48191073735,5755274.283880887],[381423.8663708415,5754635.111864026]]},"properties":{"type":"artcc-low","section":"Tower CTR LFLC CTR Clermont-Ferrand","uuid":"artcc-low-tower-ctr-lflc-ctr-clermont-ferrand"}},{"type":"Feature","geometry":{"type":"LineString","coordinates":[[381423.8663708415,5754635.111864026],[381853.68329362664,5753951.603746155]]},"properties":{"type":"artcc-low","section":"Tower CTR LFLC CTR Clermont-Ferrand","uuid":"artcc-low-tower-ctr-lflc-ctr-clermont-ferrand"}},{"type":"Feature","geometry":{"type":"LineString","coordinates":[[381853.68329362664,5753951.603746155],[382227.8404710152,5753232.645416863]]},"properties":{"type":"artcc-low","section":"Tower CTR LFLC CTR Clermont-Ferrand","uuid":"artcc-low-tower-ctr-lflc-ctr-clermont-ferrand"}},{"type":"Feature","geometry":{"type":"LineString","coordinates":[[382227.8404710152,5753232.645416863],[382537.0612787743,5752482.682934111]]},"properties":{"type":"artcc-low","section":"Tower CTR LFLC CTR Clermont-Ferrand","uuid":"artcc-low-tower-ctr-lflc-ctr-clermont-ferrand"}},{"type":"Feature","geometry":{"type":"LineString","coordinates":[[382537.0612787743,5752482.682934111],[382784.4379249816,5751706.161213721]]},"properties":{"type":"artcc-low","section":"Tower CTR LFLC CTR Clermont-Ferrand","uuid":"artcc-low-tower-ctr-lflc-ctr-clermont-ferrand"}},{"type":"Feature","geometry":{"type":"LineString","coordinates":[[382784.4379249816,5751706.161213721],[382966.8782015594,5750911.960561978]]},"properties":{"type":"artcc-low","section":"Tower CTR LFLC CTR Clermont-Ferrand","uuid":"artcc-low-tower-ctr-lflc-ctr-clermont-ferrand"}},{"type":"Feature","geometry":{"type":"LineString","coordinates":[[382966.8782015594,5750911.960561978],[383084.38210850785,5750104.5219878405]]},"properties":{"type":"artcc-low","section":"Tower CTR LFLC CTR Clermont-Ferrand","uuid":"artcc-low-tower-ctr-lflc-ctr-clermont-ferrand"}},{"type":"Feature","geometry":{"type":"LineString","coordinates":[[383084.38210850785,5750104.5219878405],[383130.7652296717,5749283.849096314]]},"properties":{"type":"artcc-low","section":"Tower CTR LFLC CTR Clermont-Ferrand","uuid":"artcc-low-tower-ctr-lflc-ctr-clermont-ferrand"}},{"type":"Feature","geometry":{"type":"LineString","coordinates":[[383130.7652296717,5749283.849096314],[383112.2119812062,5748467.687364974]]},"properties":{"type":"artcc-low","section":"Tower CTR LFLC CTR Clermont-Ferrand","uuid":"artcc-low-tower-ctr-lflc-ctr-clermont-ferrand"}},{"type":"Feature","geometry":{"type":"LineString","coordinates":[[383112.2119812062,5748467.687364974],[383025.63015503366,5747656.035552766]]},"properties":{"type":"artcc-low","section":"Tower CTR LFLC CTR Clermont-Ferrand","uuid":"artcc-low-tower-ctr-lflc-ctr-clermont-ferrand"}},{"type":"Feature","geometry":{"type":"LineString","coordinates":[[383025.63015503366,5747656.035552766],[382871.0197511541,5746853.327078247]]},"properties":{"type":"artcc-low","section":"Tower CTR LFLC CTR Clermont-Ferrand","uuid":"artcc-low-tower-ctr-lflc-ctr-clermont-ferrand"}},{"type":"Feature","geometry":{"type":"LineString","coordinates":[[382871.0197511541,5746853.327078247],[382651.4729776451,5746068.428041751]]},"properties":{"type":"artcc-low","section":"Tower CTR LFLC CTR Clermont-Ferrand","uuid":"artcc-low-tower-ctr-lflc-ctr-clermont-ferrand"}},{"type":"Feature","geometry":{"type":"LineString","coordinates":[[382651.4729776451,5746068.428041751],[382366.98983450676,5745305.767612685]]},"properties":{"type":"artcc-low","section":"Tower CTR LFLC CTR Clermont-Ferrand","uuid":"artcc-low-tower-ctr-lflc-ctr-clermont-ferrand"}},{"type":"Feature","geometry":{"type":"LineString","coordinates":[[382366.98983450676,5745305.767612685],[382020.66252981656,5744574.20710579]]},"properties":{"type":"artcc-low","section":"Tower CTR LFLC CTR Clermont-Ferrand","uuid":"artcc-low-tower-ctr-lflc-ctr-clermont-ferrand"}},{"type":"Feature","geometry":{"type":"LineString","coordinates":[[382020.66252981656,5744574.20710579],[381615.5832716521,5743878.172023186]]},"properties":{"type":"artcc-low","section":"Tower CTR LFLC CTR Clermont-Ferrand","uuid":"artcc-low-tower-ctr-lflc-ctr-clermont-ferrand"}},{"type":"Feature","geometry":{"type":"LineString","coordinates":[[381615.5832716521,5743878.172023186],[381154.8442680911,5743217.654031678]]},"properties":{"type":"artcc-low","section":"Tower CTR LFLC CTR Clermont-Ferrand","uuid":"artcc-low-tower-ctr-lflc-ctr-clermont-ferrand"}},{"type":"Feature","geometry":{"type":"LineString","coordinates":[[381154.8442680911,5743217.654031678],[380638.4455191334,5742605.942828484]]},"properties":{"type":"artcc-low","section":"Tower CTR LFLC CTR Clermont-Ferrand","uuid":"artcc-low-tower-ctr-lflc-ctr-clermont-ferrand"}},{"type":"Feature","geometry":{"type":"LineString","coordinates":[[380638.4455191334,5742605.942828484],[380075.66364901187,5742043.028353119]]},"properties":{"type":"artcc-low","section":"Tower CTR LFLC CTR Clermont-Ferrand","uuid":"artcc-low-tower-ctr-lflc-ctr-clermont-ferrand"}},{"type":"Feature","geometry":{"type":"LineString","coordinates":[[380075.66364901187,5742043.028353119],[379466.49865772645,5741533.333352502]]},"properties":{"type":"artcc-low","section":"Tower CTR LFLC CTR Clermont-Ferrand","uuid":"artcc-low-tower-ctr-lflc-ctr-clermont-ferrand"}},{"type":"Feature","geometry":{"type":"LineString","coordinates":[[379466.49865772645,5741533.333352502],[378820.2271695099,5741081.280464407]]},"properties":{"type":"artcc-low","section":"Tower CTR LFLC CTR Clermont-Ferrand","uuid":"artcc-low-tower-ctr-lflc-ctr-clermont-ferrand"}},{"type":"Feature","geometry":{"type":"LineString","coordinates":[[378820.2271695099,5741081.280464407],[378640.8791010097,5740908.442778457]]},"properties":{"type":"artcc-low","section":"Tower CTR LFLC CTR Clermont-Ferrand","uuid":"artcc-low-tower-ctr-lflc-ctr-clermont-ferrand"}},{"type":"Feature","geometry":{"type":"LineString","coordinates":[[378640.8791010097,5740908.442778457],[360273.16312011954,5730942.711892674]]},"properties":{"type":"artcc-low","section":"Tower CTR LFLC CTR Clermont-Ferrand","uuid":"artcc-low-tower-ctr-lflc-ctr-clermont-ferrand"}},{"type":"Feature","geometry":{"type":"LineString","coordinates":[[360273.16312011954,5730942.711892674],[359023.91105677286,5730163.640112986]]},"properties":{"type":"artcc-low","section":"Tower CTR LFLC CTR Clermont-Ferrand","uuid":"artcc-low-tower-ctr-lflc-ctr-clermont-ferrand"}},{"type":"Feature","geometry":{"type":"LineString","coordinates":[[359023.91105677286,5730163.640112986],[357675.70833494316,5729583.80702114]]},"properties":{"type":"artcc-low","section":"Tower CTR LFLC CTR Clermont-Ferrand","uuid":"artcc-low-tower-ctr-lflc-ctr-clermont-ferrand"}},{"type":"Feature","geometry":{"type":"LineString","coordinates":[[357675.70833494316,5729583.80702114],[356284.21470002725,5729132.3600404775]]},"properties":{"type":"artcc-low","section":"Tower CTR LFLC CTR Clermont-Ferrand","uuid":"artcc-low-tower-ctr-lflc-ctr-clermont-ferrand"}},{"type":"Feature","geometry":{"type":"LineString","coordinates":[[356284.21470002725,5729132.3600404775],[354858.7067762578,5728809.279667635]]},"properties":{"type":"artcc-low","section":"Tower CTR LFLC CTR Clermont-Ferrand","uuid":"artcc-low-tower-ctr-lflc-ctr-clermont-ferrand"}},{"type":"Feature","geometry":{"type":"LineString","coordinates":[[354858.7067762578,5728809.279667635],[353414.6456040228,5728618.9775301]]},"properties":{"type":"artcc-low","section":"Tower CTR LFLC CTR Clermont-Ferrand","uuid":"artcc-low-tower-ctr-lflc-ctr-clermont-ferrand"}},{"type":"Feature","geometry":{"type":"LineString","coordinates":[[353414.6456040228,5728618.9775301],[351961.3078075551,5728561.445125393]]},"properties":{"type":"artcc-low","section":"Tower CTR LFLC CTR Clermont-Ferrand","uuid":"artcc-low-tower-ctr-lflc-ctr-clermont-ferrand"}},{"type":"Feature","geometry":{"type":"LineString","coordinates":[[351961.3078075551,5728561.445125393],[350504.87780300976,5728632.254291607]]},"properties":{"type":"artcc-low","section":"Tower CTR LFLC CTR Clermont-Ferrand","uuid":"artcc-low-tower-ctr-lflc-ctr-clermont-ferrand"}},{"type":"Feature","geometry":{"type":"LineString","coordinates":[[350504.87780300976,5728632.254291607],[349063.90883885237,5728840.25946984]]},"properties":{"type":"artcc-low","section":"Tower CTR LFLC CTR Clermont-Ferrand","uuid":"artcc-low-tower-ctr-lflc-ctr-clermont-ferrand"}},{"type":"Feature","geometry":{"type":"LineString","coordinates":[[349063.90883885237,5728840.25946984],[347644.58533123817,5729181.044399407]]},"properties":{"type":"artcc-low","section":"Tower CTR LFLC CTR Clermont-Ferrand","uuid":"artcc-low-tower-ctr-lflc-ctr-clermont-ferrand"}},{"type":"Feature","geometry":{"type":"LineString","coordinates":[[347644.58533123817,5729181.044399407],[346256.18390439986,5729645.772116539]]},"properties":{"type":"artcc-low","section":"Tower CTR LFLC CTR Clermont-Ferrand","uuid":"artcc-low-tower-ctr-lflc-ctr-clermont-ferrand"}},{"type":"Feature","geometry":{"type":"LineString","coordinates":[[346256.18390439986,5729645.772116539],[344914.1655987254,5730238.888393603]]},"properties":{"type":"artcc-low","section":"Tower CTR LFLC CTR Clermont-Ferrand","uuid":"artcc-low-tower-ctr-lflc-ctr-clermont-ferrand"}},{"type":"Feature","geometry":{"type":"LineString","coordinates":[[344914.1655987254,5730238.888393603],[343627.8070384476,5730951.565372381]]},"properties":{"type":"artcc-low","section":"Tower CTR LFLC CTR Clermont-Ferrand","uuid":"artcc-low-tower-ctr-lflc-ctr-clermont-ferrand"}},{"type":"Feature","geometry":{"type":"LineString","coordinates":[[343627.8070384476,5730951.565372381],[342403.29263972153,5731779.404580295]]},"properties":{"type":"artcc-low","section":"Tower CTR LFLC CTR Clermont-Ferrand","uuid":"artcc-low-tower-ctr-lflc-ctr-clermont-ferrand"}},{"type":"Feature","geometry":{"type":"LineString","coordinates":[[342403.29263972153,5731779.404580295],[341317.92760448705,5732536.479938988]]},"properties":{"type":"artcc-low","section":"Tower CTR LFLC CTR Clermont-Ferrand","uuid":"artcc-low-tower-ctr-lflc-ctr-clermont-ferrand"}},{"type":"Feature","geometry":{"type":"LineString","coordinates":[[341317.92760448705,5732536.479938988],[339756.3625253037,5737106.862168125]]},"properties":{"type":"artcc-low","section":"Tower CTR LFLC CTR Clermont-Ferrand","uuid":"artcc-low-tower-ctr-lflc-ctr-clermont-ferrand"}},{"type":"Feature","geometry":{"type":"LineString","coordinates":[[339756.3625253037,5737106.862168125],[338754.48710816423,5741856.8754921295]]},"properties":{"type":"artcc-low","section":"Tower CTR LFLC CTR Clermont-Ferrand","uuid":"artcc-low-tower-ctr-lflc-ctr-clermont-ferrand"}},{"type":"Feature","geometry":{"type":"LineString","coordinates":[[338754.48710816423,5741856.8754921295],[338148.41432495636,5746684.811844199]]},"properties":{"type":"artcc-low","section":"Tower CTR LFLC CTR Clermont-Ferrand","uuid":"artcc-low-tower-ctr-lflc-ctr-clermont-ferrand"}},{"type":"Feature","geometry":{"type":"LineString","coordinates":[[338148.41432495636,5746684.811844199],[337947.42079991294,5751546.428010879]]},"properties":{"type":"artcc-low","section":"Tower CTR LFLC CTR Clermont-Ferrand","uuid":"artcc-low-tower-ctr-lflc-ctr-clermont-ferrand"}},{"type":"Feature","geometry":{"type":"LineString","coordinates":[[337947.42079991294,5751546.428010879],[337947.42079991294,5756166.538335145]]},"properties":{"type":"artcc-low","section":"Tower CTR LFLC CTR Clermont-Ferrand","uuid":"artcc-low-tower-ctr-lflc-ctr-clermont-ferrand"}},{"type":"Feature","geometry":{"type":"LineString","coordinates":[[337947.42079991294,5756166.538335145],[339048.24687553535,5757236.47394533]]},"properties":{"type":"artcc-low","section":"Tower CTR LFLC CTR Clermont-Ferrand","uuid":"artcc-low-tower-ctr-lflc-ctr-clermont-ferrand"}},{"type":"Feature","geometry":{"type":"LineString","coordinates":[[339048.24687553535,5757236.47394533],[340022.2924199765,5758390.905769463]]},"properties":{"type":"artcc-low","section":"Tower CTR LFLC CTR Clermont-Ferrand","uuid":"artcc-low-tower-ctr-lflc-ctr-clermont-ferrand"}},{"type":"Feature","geometry":{"type":"LineString","coordinates":[[340022.2924199765,5758390.905769463],[341086.0119986678,5759447.786378317]]},"properties":{"type":"artcc-low","section":"Tower CTR LFLC CTR Clermont-Ferrand","uuid":"artcc-low-tower-ctr-lflc-ctr-clermont-ferrand"}},{"type":"Feature","geometry":{"type":"LineString","coordinates":[[341086.0119986678,5759447.786378317],[342233.22119545407,5760402.6395432195]]},"properties":{"type":"artcc-low","section":"Tower CTR LFLC CTR Clermont-Ferrand","uuid":"artcc-low-tower-ctr-lflc-ctr-clermont-ferrand"}},{"type":"Feature","geometry":{"type":"LineString","coordinates":[[342233.22119545407,5760402.6395432195],[343454.64338610246,5761246.548686969]]},"properties":{"type":"artcc-low","section":"Tower CTR LFLC CTR Clermont-Ferrand","uuid":"artcc-low-tower-ctr-lflc-ctr-clermont-ferrand"}},{"type":"Feature","geometry":{"type":"LineString","coordinates":[[343454.64338610246,5761246.548686969],[344744.0941544579,5761979.482191928]]},"properties":{"type":"artcc-low","section":"Tower CTR LFLC CTR Clermont-Ferrand","uuid":"artcc-low-tower-ctr-lflc-ctr-clermont-ferrand"}},{"type":"Feature","geometry":{"type":"LineString","coordinates":[[344744.0941544579,5761979.482191928],[346086.11246013234,5762588.085052294]]},"properties":{"type":"artcc-low","section":"Tower CTR LFLC CTR Clermont-Ferrand","uuid":"artcc-low-tower-ctr-lflc-ctr-clermont-ferrand"}},{"type":"Feature","geometry":{"type":"LineString","coordinates":[[346086.11246013234,5762588.085052294],[347474.5138869707,5763072.33171237]]},"properties":{"type":"artcc-low","section":"Tower CTR LFLC CTR Clermont-Ferrand","uuid":"artcc-low-tower-ctr-lflc-ctr-clermont-ferrand"}},{"type":"Feature","geometry":{"type":"LineString","coordinates":[[347474.5138869707,5763072.33171237],[348896.9296026625,5763427.758903503]]},"properties":{"type":"artcc-low","section":"Tower CTR LFLC CTR Clermont-Ferrand","uuid":"artcc-low-tower-ctr-lflc-ctr-clermont-ferrand"}},{"type":"Feature","geometry":{"type":"LineString","coordinates":[[348896.9296026625,5763427.758903503],[350344.0829829751,5763654.351161361]]},"properties":{"type":"artcc-low","section":"Tower CTR LFLC CTR Clermont-Ferrand","uuid":"artcc-low-tower-ctr-lflc-ctr-clermont-ferrand"}},{"type":"Feature","geometry":{"type":"LineString","coordinates":[[350344.0829829751,5763654.351161361],[351803.605195598,5763743.212448255]]},"properties":{"type":"artcc-low","section":"Tower CTR LFLC CTR Clermont-Ferrand","uuid":"artcc-low-tower-ctr-lflc-ctr-clermont-ferrand"}},{"type":"Feature","geometry":{"type":"LineString","coordinates":[[351803.605195598,5763743.212448255],[353266.2196162985,5763698.781693683]]},"properties":{"type":"artcc-low","section":"Tower CTR LFLC CTR Clermont-Ferrand","uuid":"artcc-low-tower-ctr-lflc-ctr-clermont-ferrand"}},{"type":"Feature","geometry":{"type":"LineString","coordinates":[[353266.2196162985,5763698.781693683],[354719.5574127662,5763516.617923528]]},"properties":{"type":"artcc-low","section":"Tower CTR LFLC CTR Clermont-Ferrand","uuid":"artcc-low-tower-ctr-lflc-ctr-clermont-ferrand"}},{"type":"Feature","geometry":{"type":"LineString","coordinates":[[354719.5574127662,5763516.617923528],[355944.0718114922,5762961.263631652]]},"properties":{"type":"artcc-low","section":"Tower CTR LFLC CTR Clermont-Ferrand","uuid":"artcc-low-tower-ctr-lflc-ctr-clermont-ferrand"}},{"type":"Feature","geometry":{"type":"LineString","coordinates":[[578861.3521250226,5754390.995789902],[583499.664241409,5714225.321318037]]},"properties":{"type":"artcc-low","section":"Tower CTR LFLL CTR Saint-Exupery","uuid":"artcc-low-tower-ctr-lfll-ctr-saint-exupery"}},{"type":"Feature","geometry":{"type":"LineString","coordinates":[[583499.664241409,5714225.321318037],[581195.9692236037,5713019.165878884]]},"properties":{"type":"artcc-low","section":"Tower CTR LFLL CTR Saint-Exupery","uuid":"artcc-low-tower-ctr-lfll-ctr-saint-exupery"}},{"type":"Feature","geometry":{"type":"LineString","coordinates":[[581195.9692236037,5713019.165878884],[578926.2884946519,5711791.087066421]]},"properties":{"type":"artcc-low","section":"Tower CTR LFLL CTR Saint-Exupery","uuid":"artcc-low-tower-ctr-lfll-ctr-saint-exupery"}},{"type":"Feature","geometry":{"type":"LineString","coordinates":[[578926.2884946519,5711791.087066421],[576563.8415233726,5710779.595012077]]},"properties":{"type":"artcc-low","section":"Tower CTR LFLL CTR Saint-Exupery","uuid":"artcc-low-tower-ctr-lfll-ctr-saint-exupery"}},{"type":"Feature","geometry":{"type":"LineString","coordinates":[[576563.8415233726,5710779.595012077],[574127.1815582309,5709989.032500078]]},"properties":{"type":"artcc-low","section":"Tower CTR LFLL CTR Saint-Exupery","uuid":"artcc-low-tower-ctr-lfll-ctr-saint-exupery"}},{"type":"Feature","geometry":{"type":"LineString","coordinates":[[574127.1815582309,5709989.032500078],[571634.8618476926,5709419.340880214]]},"properties":{"type":"artcc-low","section":"Tower CTR LFLL CTR Saint-Exupery","uuid":"artcc-low-tower-ctr-lfll-ctr-saint-exupery"}},{"type":"Feature","geometry":{"type":"LineString","coordinates":[[571634.8618476926,5709419.340880214],[569102.3434321455,5709083.725613308]]},"properties":{"type":"artcc-low","section":"Tower CTR LFLL CTR Saint-Exupery","uuid":"artcc-low-tower-ctr-lfll-ctr-saint-exupery"}},{"type":"Feature","geometry":{"type":"LineString","coordinates":[[569102.3434321455,5709083.725613308],[566551.271768133,5708977.744464065]]},"properties":{"type":"artcc-low","section":"Tower CTR LFLL CTR Saint-Exupery","uuid":"artcc-low-tower-ctr-lfll-ctr-saint-exupery"}},{"type":"Feature","geometry":{"type":"LineString","coordinates":[[566551.271768133,5708977.744464065],[564003.2923121982,5709105.8051776355]]},"properties":{"type":"artcc-low","section":"Tower CTR LFLL CTR Saint-Exupery","uuid":"artcc-low-tower-ctr-lfll-ctr-saint-exupery"}},{"type":"Feature","geometry":{"type":"LineString","coordinates":[[564003.2923121982,5709105.8051776355],[563647.6883832752,5709410.508737977]]},"properties":{"type":"artcc-low","section":"Tower CTR LFLL CTR Saint-Exupery","uuid":"artcc-low-tower-ctr-lfll-ctr-saint-exupery"}},{"type":"Feature","geometry":{"type":"LineString","coordinates":[[563647.6883832752,5709410.508737977],[556813.9085317992,5739135.942198638]]},"properties":{"type":"artcc-low","section":"Tower CTR LFLL CTR Saint-Exupery","uuid":"artcc-low-tower-ctr-lfll-ctr-saint-exupery"}},{"type":"Feature","geometry":{"type":"LineString","coordinates":[[556813.9085317992,5739135.942198638],[556597.4539663679,5748356.801602935]]},"properties":{"type":"artcc-low","section":"Tower CTR LFLL CTR Saint-Exupery","uuid":"artcc-low-tower-ctr-lfll-ctr-saint-exupery"}},{"type":"Feature","geometry":{"type":"LineString","coordinates":[[556597.4539663679,5748356.801602935],[550505.8040535138,5758741.705144695]]},"properties":{"type":"artcc-low","section":"Tower CTR LFLL CTR Saint-Exupery","uuid":"artcc-low-tower-ctr-lfll-ctr-saint-exupery"}},{"type":"Feature","geometry":{"type":"LineString","coordinates":[[550505.8040535138,5758741.705144695],[552280.7314900509,5759967.391421343]]},"properties":{"type":"artcc-low","section":"Tower CTR LFLL CTR Saint-Exupery","uuid":"artcc-low-tower-ctr-lfll-ctr-saint-exupery"}},{"type":"Feature","geometry":{"type":"LineString","coordinates":[[552280.7314900509,5759967.391421343],[554015.4602215795,5761211.014053874]]},"properties":{"type":"artcc-low","section":"Tower CTR LFLL CTR Saint-Exupery","uuid":"artcc-low-tower-ctr-lfll-ctr-saint-exupery"}},{"type":"Feature","geometry":{"type":"LineString","coordinates":[[554015.4602215795,5761211.014053874],[555849.1396115909,5762290.4419477405]]},"properties":{"type":"artcc-low","section":"Tower CTR LFLL CTR Saint-Exupery","uuid":"artcc-low-tower-ctr-lfll-ctr-saint-exupery"}},{"type":"Feature","geometry":{"type":"LineString","coordinates":[[555849.1396115909,5762290.4419477405],[557763.2164116196,5763201.172425866]]},"properties":{"type":"artcc-low","section":"Tower CTR LFLL CTR Saint-Exupery","uuid":"artcc-low-tower-ctr-lfll-ctr-saint-exupery"}},{"type":"Feature","geometry":{"type":"LineString","coordinates":[[557763.2164116196,5763201.172425866],[559748.413997433,5763929.824044509]]},"properties":{"type":"artcc-low","section":"Tower CTR LFLL CTR Saint-Exupery","uuid":"artcc-low-tower-ctr-lfll-ctr-saint-exupery"}},{"type":"Feature","geometry":{"type":"LineString","coordinates":[[559748.413997433,5763929.824044509],[561783.0869124879,5764471.908536811]]},"properties":{"type":"artcc-low","section":"Tower CTR LFLL CTR Saint-Exupery","uuid":"artcc-low-tower-ctr-lfll-ctr-saint-exupery"}},{"type":"Feature","geometry":{"type":"LineString","coordinates":[[561783.0869124879,5764471.908536811],[563854.8663244738,5764827.391739735]]},"properties":{"type":"artcc-low","section":"Tower CTR LFLL CTR Saint-Exupery","uuid":"artcc-low-tower-ctr-lfll-ctr-saint-exupery"}},{"type":"Feature","geometry":{"type":"LineString","coordinates":[[563854.8663244738,5764827.391739735],[565951.3834010804,5764991.807533394]]},"properties":{"type":"artcc-low","section":"Tower CTR LFLL CTR Saint-Exupery","uuid":"artcc-low-tower-ctr-lfll-ctr-saint-exupery"}},{"type":"Feature","geometry":{"type":"LineString","coordinates":[[565951.3834010804,5764991.807533394],[568050.9926857647,5764960.701609242]]},"properties":{"type":"artcc-low","section":"Tower CTR LFLL CTR Saint-Exupery","uuid":"artcc-low-tower-ctr-lfll-ctr-saint-exupery"}},{"type":"Feature","geometry":{"type":"LineString","coordinates":[[568050.9926857647,5764960.701609242],[570141.3253462161,5764738.519605068]]},"properties":{"type":"artcc-low","section":"Tower CTR LFLL CTR Saint-Exupery","uuid":"artcc-low-tower-ctr-lfll-ctr-saint-exupery"}},{"type":"Feature","geometry":{"type":"LineString","coordinates":[[570141.3253462161,5764738.519605068],[572203.8281339693,5764325.275860623]]},"properties":{"type":"artcc-low","section":"Tower CTR LFLL CTR Saint-Exupery","uuid":"artcc-low-tower-ctr-lfll-ctr-saint-exupery"}},{"type":"Feature","geometry":{"type":"LineString","coordinates":[[572203.8281339693,5764325.275860623],[573078.9230199275,5763849.847166032]]},"properties":{"type":"artcc-low","section":"Tower CTR LFLL CTR Saint-Exupery","uuid":"artcc-low-tower-ctr-lfll-ctr-saint-exupery"}},{"type":"Feature","geometry":{"type":"LineString","coordinates":[[573078.9230199275,5763849.847166032],[573697.3646354458,5757010.045292626]]},"properties":{"type":"artcc-low","section":"Tower CTR LFLL CTR Saint-Exupery","uuid":"artcc-low-tower-ctr-lfll-ctr-saint-exupery"}},{"type":"Feature","geometry":{"type":"LineString","coordinates":[[573697.3646354458,5757010.045292626],[578861.3521250226,5754390.995789902]]},"properties":{"type":"artcc-low","section":"Tower CTR LFLL CTR Saint-Exupery","uuid":"artcc-low-tower-ctr-lfll-ctr-saint-exupery"}},{"type":"Feature","geometry":{"type":"LineString","coordinates":[[685635.2970442375,5788187.163191881],[694880.9991962344,5777945.785486823]]},"properties":{"type":"artcc-low","section":"Tower CTR LFLP CTR Annecy Methet","uuid":"artcc-low-tower-ctr-lflp-ctr-annecy-methet"}},{"type":"Feature","geometry":{"type":"LineString","coordinates":[[694880.9991962344,5777945.785486823],[672555.2568760279,5749953.689939639]]},"properties":{"type":"artcc-low","section":"Tower CTR LFLP CTR Annecy Methet","uuid":"artcc-low-tower-ctr-lflp-ctr-annecy-methet"}},{"type":"Feature","geometry":{"type":"LineString","coordinates":[[672555.2568760279,5749953.689939639],[670851.4502252752,5750157.75743903]]},"properties":{"type":"artcc-low","section":"Tower CTR LFLP CTR Annecy Methet","uuid":"artcc-low-tower-ctr-lflp-ctr-annecy-methet"}},{"type":"Feature","geometry":{"type":"LineString","coordinates":[[670851.4502252752,5750157.75743903],[669339.3604753333,5750925.27060311]]},"properties":{"type":"artcc-low","section":"Tower CTR LFLP CTR Annecy Methet","uuid":"artcc-low-tower-ctr-lflp-ctr-annecy-methet"}},{"type":"Feature","geometry":{"type":"LineString","coordinates":[[669339.3604753333,5750925.27060311],[667895.2993030983,5751830.400132733]]},"properties":{"type":"artcc-low","section":"Tower CTR LFLP CTR Annecy Methet","uuid":"artcc-low-tower-ctr-lflp-ctr-annecy-methet"}},{"type":"Feature","geometry":{"type":"LineString","coordinates":[[667895.2993030983,5751830.400132733],[666531.6355408807,5752864.312743511]]},"properties":{"type":"artcc-low","section":"Tower CTR LFLP CTR Annecy Methet","uuid":"artcc-low-tower-ctr-lflp-ctr-annecy-methet"}},{"type":"Feature","geometry":{"type":"LineString","coordinates":[[666531.6355408807,5752864.312743511],[665260.7380209907,5754018.176902491]]},"properties":{"type":"artcc-low","section":"Tower CTR LFLP CTR Annecy Methet","uuid":"artcc-low-tower-ctr-lflp-ctr-annecy-methet"}},{"type":"Feature","geometry":{"type":"LineString","coordinates":[[665260.7380209907,5754018.176902491],[664088.7911595838,5755283.161593567]]},"properties":{"type":"artcc-low","section":"Tower CTR LFLP CTR Annecy Methet","uuid":"artcc-low-tower-ctr-lflp-ctr-annecy-methet"}},{"type":"Feature","geometry":{"type":"LineString","coordinates":[[664088.7911595838,5755283.161593567],[663028.1637889702,5756654.874712315]]},"properties":{"type":"artcc-low","section":"Tower CTR LFLP CTR Annecy Methet","uuid":"artcc-low-tower-ctr-lflp-ctr-annecy-methet"}},{"type":"Feature","geometry":{"type":"LineString","coordinates":[[663028.1637889702,5756654.874712315],[662081.9481172273,5758115.604564983]]},"properties":{"type":"artcc-low","section":"Tower CTR LFLP CTR Annecy Methet","uuid":"artcc-low-tower-ctr-lflp-ctr-annecy-methet"}},{"type":"Feature","geometry":{"type":"LineString","coordinates":[[662081.9481172273,5758115.604564983],[661262.5129766657,5759660.95400243]]},"properties":{"type":"artcc-low","section":"Tower CTR LFLP CTR Annecy Methet","uuid":"artcc-low-tower-ctr-lflp-ctr-annecy-methet"}},{"type":"Feature","geometry":{"type":"LineString","coordinates":[[661262.5129766657,5759660.95400243],[660572.950575363,5761273.199755056]]},"properties":{"type":"artcc-low","section":"Tower CTR LFLP CTR Annecy Methet","uuid":"artcc-low-tower-ctr-lflp-ctr-annecy-methet"}},{"type":"Feature","geometry":{"type":"LineString","coordinates":[[660572.950575363,5761273.199755056],[660022.5375375518,5762943.492867614]]},"properties":{"type":"artcc-low","section":"Tower CTR LFLP CTR Annecy Methet","uuid":"artcc-low-tower-ctr-lflp-ctr-annecy-methet"}},{"type":"Feature","geometry":{"type":"LineString","coordinates":[[660022.5375375518,5762943.492867614],[659608.1816551546,5764662.97898982]]},"properties":{"type":"artcc-low","section":"Tower CTR LFLP CTR Annecy Methet","uuid":"artcc-low-tower-ctr-lflp-ctr-annecy-methet"}},{"type":"Feature","geometry":{"type":"LineString","coordinates":[[659608.1816551546,5764662.97898982],[659339.1595524042,5766409.464564706]]},"properties":{"type":"artcc-low","section":"Tower CTR LFLP CTR Annecy Methet","uuid":"artcc-low-tower-ctr-lflp-ctr-annecy-methet"}},{"type":"Feature","geometry":{"type":"LineString","coordinates":[[659339.1595524042,5766409.464564706],[659215.4712293006,5768174.07490983]]},"properties":{"type":"artcc-low","section":"Tower CTR LFLP CTR Annecy Methet","uuid":"artcc-low-tower-ctr-lflp-ctr-annecy-methet"}},{"type":"Feature","geometry":{"type":"LineString","coordinates":[[659215.4712293006,5768174.07490983],[658794.9309307482,5769538.888163365]]},"properties":{"type":"artcc-low","section":"Tower CTR LFLP CTR Annecy Methet","uuid":"artcc-low-tower-ctr-lflp-ctr-annecy-methet"}},{"type":"Feature","geometry":{"type":"LineString","coordinates":[[658794.9309307482,5769538.888163365],[685635.2970442375,5788187.163191881]]},"properties":{"type":"artcc-low","section":"Tower CTR LFLP CTR Annecy Methet","uuid":"artcc-low-tower-ctr-lflp-ctr-annecy-methet"}},{"type":"Feature","geometry":{"type":"LineString","coordinates":[[614916.4983097328,5692292.561313659],[617359.3426910297,5692292.561313659]]},"properties":{"type":"artcc-low","section":"Tower CTR LFLS CTR Grenoble Isere","uuid":"artcc-low-tower-ctr-lfls-ctr-grenoble-isere"}},{"type":"Feature","geometry":{"type":"LineString","coordinates":[[617359.3426910297,5692292.561313659],[621564.7456765533,5688502.807609479]]},"properties":{"type":"artcc-low","section":"Tower CTR LFLS CTR Grenoble Isere","uuid":"artcc-low-tower-ctr-lfls-ctr-grenoble-isere"}},{"type":"Feature","geometry":{"type":"LineString","coordinates":[[621564.7456765533,5688502.807609479],[621564.7456765533,5673359.805813827]]},"properties":{"type":"artcc-low","section":"Tower CTR LFLS CTR Grenoble Isere","uuid":"artcc-low-tower-ctr-lfls-ctr-grenoble-isere"}},{"type":"Feature","geometry":{"type":"LineString","coordinates":[[621564.7456765533,5673359.805813827],[603320.7180187667,5665578.156600582]]},"properties":{"type":"artcc-low","section":"Tower CTR LFLS CTR Grenoble Isere","uuid":"artcc-low-tower-ctr-lfls-ctr-grenoble-isere"}},{"type":"Feature","geometry":{"type":"LineString","coordinates":[[603320.7180187667,5665578.156600582],[568038.6238534542,5665578.156600582]]},"properties":{"type":"artcc-low","section":"Tower CTR LFLS CTR Grenoble Isere","uuid":"artcc-low-tower-ctr-lfls-ctr-grenoble-isere"}},{"type":"Feature","geometry":{"type":"LineString","coordinates":[[568038.6238534542,5665578.156600582],[568038.6238534542,5688767.1569798635]]},"properties":{"type":"artcc-low","section":"Tower CTR LFLS CTR Grenoble Isere","uuid":"artcc-low-tower-ctr-lfls-ctr-grenoble-isere"}},{"type":"Feature","geometry":{"type":"LineString","coordinates":[[568038.6238534542,5688767.1569798635],[576851.4168745885,5691146.652611954]]},"properties":{"type":"artcc-low","section":"Tower CTR LFLS CTR Grenoble Isere","uuid":"artcc-low-tower-ctr-lfls-ctr-grenoble-isere"}},{"type":"Feature","geometry":{"type":"LineString","coordinates":[[576851.4168745885,5691146.652611954],[614916.4983097328,5692292.561313659]]},"properties":{"type":"artcc-low","section":"Tower CTR LFLS CTR Grenoble Isere","uuid":"artcc-low-tower-ctr-lfls-ctr-grenoble-isere"}},{"type":"Feature","geometry":{"type":"LineString","coordinates":[[552020.9860115332,5626333.116404633],[553344.4510687422,5626512.5086296545]]},"properties":{"type":"artcc-low","section":"Tower CTR LFLU CTR Valence Chabeuil","uuid":"artcc-low-tower-ctr-lflu-ctr-valence-chabeuil"}},{"type":"Feature","geometry":{"type":"LineString","coordinates":[[553344.4510687422,5626512.5086296545],[554680.2849582614,5626460.003218684]]},"properties":{"type":"artcc-low","section":"Tower CTR LFLU CTR Valence Chabeuil","uuid":"artcc-low-tower-ctr-lflu-ctr-valence-chabeuil"}},{"type":"Feature","geometry":{"type":"LineString","coordinates":[[554680.2849582614,5626460.003218684],[556003.7500154704,5626289.362744911]]},"properties":{"type":"artcc-low","section":"Tower CTR LFLU CTR Valence Chabeuil","uuid":"artcc-low-tower-ctr-lflu-ctr-valence-chabeuil"}},{"type":"Feature","geometry":{"type":"LineString","coordinates":[[556003.7500154704,5626289.362744911],[557311.7540322914,5625996.218702122]]},"properties":{"type":"artcc-low","section":"Tower CTR LFLU CTR Valence Chabeuil","uuid":"artcc-low-tower-ctr-lflu-ctr-valence-chabeuil"}},{"type":"Feature","geometry":{"type":"LineString","coordinates":[[557311.7540322914,5625996.218702122],[558585.7437602588,5625589.333066509]]},"properties":{"type":"artcc-low","section":"Tower CTR LFLU CTR Valence Chabeuil","uuid":"artcc-low-tower-ctr-lflu-ctr-valence-chabeuil"}},{"type":"Feature","geometry":{"type":"LineString","coordinates":[[558585.7437602588,5625589.333066509],[559825.7191993728,5625064.346474481]]},"properties":{"type":"artcc-low","section":"Tower CTR LFLU CTR Valence Chabeuil","uuid":"artcc-low-tower-ctr-lflu-ctr-valence-chabeuil"}},{"type":"Feature","geometry":{"type":"LineString","coordinates":[[559825.7191993728,5625064.346474481],[561013.1271011677,5624434.402910153]]},"properties":{"type":"artcc-low","section":"Tower CTR LFLU CTR Valence Chabeuil","uuid":"artcc-low-tower-ctr-lflu-ctr-valence-chabeuil"}},{"type":"Feature","geometry":{"type":"LineString","coordinates":[[561013.1271011677,5624434.402910153],[562144.875257566,5623695.150271108]]},"properties":{"type":"artcc-low","section":"Tower CTR LFLU CTR Valence Chabeuil","uuid":"artcc-low-tower-ctr-lflu-ctr-valence-chabeuil"}},{"type":"Feature","geometry":{"type":"LineString","coordinates":[[562144.875257566,5623695.150271108],[563208.5948362573,5622859.736502053]]},"properties":{"type":"artcc-low","section":"Tower CTR LFLU CTR Valence Chabeuil","uuid":"artcc-low-tower-ctr-lflu-ctr-valence-chabeuil"}},{"type":"Feature","geometry":{"type":"LineString","coordinates":[[563208.5948362573,5622859.736502053],[563647.6883832752,5622614.813103813]]},"properties":{"type":"artcc-low","section":"Tower CTR LFLU CTR Valence Chabeuil","uuid":"artcc-low-tower-ctr-lflu-ctr-valence-chabeuil"}},{"type":"Feature","geometry":{"type":"LineString","coordinates":[[563647.6883832752,5622614.813103813],[557772.4930358524,5585428.634528162]]},"properties":{"type":"artcc-low","section":"Tower CTR LFLU CTR Valence Chabeuil","uuid":"artcc-low-tower-ctr-lflu-ctr-valence-chabeuil"}},{"type":"Feature","geometry":{"type":"LineString","coordinates":[[557772.4930358524,5585428.634528162],[555886.2461085219,5585014.860629845]]},"properties":{"type":"artcc-low","section":"Tower CTR LFLU CTR Valence Chabeuil","uuid":"artcc-low-tower-ctr-lflu-ctr-valence-chabeuil"}},{"type":"Feature","geometry":{"type":"LineString","coordinates":[[555886.2461085219,5585014.860629845],[553962.8926842604,5584845.001028897]]},"properties":{"type":"artcc-low","section":"Tower CTR LFLU CTR Valence Chabeuil","uuid":"artcc-low-tower-ctr-lflu-ctr-valence-chabeuil"}},{"type":"Feature","geometry":{"type":"LineString","coordinates":[[553962.8926842604,5584845.001028897],[552030.2626357661,5584849.3563634865]]},"properties":{"type":"artcc-low","section":"Tower CTR LFLU CTR Valence Chabeuil","uuid":"artcc-low-tower-ctr-lflu-ctr-valence-chabeuil"}},{"type":"Feature","geometry":{"type":"LineString","coordinates":[[552030.2626357661,5584849.3563634865],[550110.001419582,5585027.9268849455]]},"properties":{"type":"artcc-low","section":"Tower CTR LFLU CTR Valence Chabeuil","uuid":"artcc-low-tower-ctr-lflu-ctr-valence-chabeuil"}},{"type":"Feature","geometry":{"type":"LineString","coordinates":[[550110.001419582,5585027.9268849455],[548208.2934518637,5585380.722898505]]},"properties":{"type":"artcc-low","section":"Tower CTR LFLU CTR Valence Chabeuil","uuid":"artcc-low-tower-ctr-lflu-ctr-valence-chabeuil"}},{"type":"Feature","geometry":{"type":"LineString","coordinates":[[548208.2934518637,5585380.722898505],[546343.6919810764,5585899.053081116]]},"properties":{"type":"artcc-low","section":"Tower CTR LFLU CTR Valence Chabeuil","uuid":"artcc-low-tower-ctr-lflu-ctr-valence-chabeuil"}},{"type":"Feature","geometry":{"type":"LineString","coordinates":[[546343.6919810764,5585899.053081116],[544531.658047608,5586582.945858696]]},"properties":{"type":"artcc-low","section":"Tower CTR LFLU CTR Valence Chabeuil","uuid":"artcc-low-tower-ctr-lflu-ctr-valence-chabeuil"}},{"type":"Feature","geometry":{"type":"LineString","coordinates":[[544531.658047608,5586582.945858696],[542784.5604837692,5587432.438746836]]},"properties":{"type":"artcc-low","section":"Tower CTR LFLU CTR Valence Chabeuil","uuid":"artcc-low-tower-ctr-lflu-ctr-valence-chabeuil"}},{"type":"Feature","geometry":{"type":"LineString","coordinates":[[542784.5604837692,5587432.438746836],[542094.9980824664,5587737.4043528335]]},"properties":{"type":"artcc-low","section":"Tower CTR LFLU CTR Valence Chabeuil","uuid":"artcc-low-tower-ctr-lflu-ctr-valence-chabeuil"}},{"type":"Feature","geometry":{"type":"LineString","coordinates":[[542094.9980824664,5587737.4043528335],[547846.5051067856,5621740.14097232]]},"properties":{"type":"artcc-low","section":"Tower CTR LFLU CTR Valence Chabeuil","uuid":"artcc-low-tower-ctr-lflu-ctr-valence-chabeuil"}},{"type":"Feature","geometry":{"type":"LineString","coordinates":[[547846.5051067856,5621740.14097232],[552020.9860115332,5626333.116404633]]},"properties":{"type":"artcc-low","section":"Tower CTR LFLU CTR Valence Chabeuil","uuid":"artcc-low-tower-ctr-lflu-ctr-valence-chabeuil"}},{"type":"Feature","geometry":{"type":"LineString","coordinates":[[194128.82311115877,5947153.676900761],[216083.50046205436,5934188.407545759]]},"properties":{"type":"artcc-low","section":"Tower CTR LFLX CTR Chateauroux Deols","uuid":"artcc-low-tower-ctr-lflx-ctr-chateauroux-deols"}},{"type":"Feature","geometry":{"type":"LineString","coordinates":[[216083.50046205436,5934188.407545759],[215217.6822003289,5926445.637765376]]},"properties":{"type":"artcc-low","section":"Tower CTR LFLX CTR Chateauroux Deols","uuid":"artcc-low-tower-ctr-lflx-ctr-chateauroux-deols"}},{"type":"Feature","geometry":{"type":"LineString","coordinates":[[215217.6822003289,5926445.637765376],[190387.25133727372,5887203.484695813]]},"properties":{"type":"artcc-low","section":"Tower CTR LFLX CTR Chateauroux Deols","uuid":"artcc-low-tower-ctr-lflx-ctr-chateauroux-deols"}},{"type":"Feature","geometry":{"type":"LineString","coordinates":[[190387.25133727372,5887203.484695813],[174400.53557612858,5895948.865688435]]},"properties":{"type":"artcc-low","section":"Tower CTR LFLX CTR Chateauroux Deols","uuid":"artcc-low-tower-ctr-lflx-ctr-chateauroux-deols"}},{"type":"Feature","geometry":{"type":"LineString","coordinates":[[174400.53557612858,5895948.865688435],[165989.7296050813,5903890.378405388]]},"properties":{"type":"artcc-low","section":"Tower CTR LFLX CTR Chateauroux Deols","uuid":"artcc-low-tower-ctr-lflx-ctr-chateauroux-deols"}},{"type":"Feature","geometry":{"type":"LineString","coordinates":[[165989.7296050813,5903890.378405388],[194128.82311115877,5947153.676900761]]},"properties":{"type":"artcc-low","section":"Tower CTR LFLX CTR Chateauroux Deols","uuid":"artcc-low-tower-ctr-lflx-ctr-chateauroux-deols"}},{"type":"Feature","geometry":{"type":"LineString","coordinates":[[550505.8040535138,5758652.893867215],[556597.4539663679,5748356.801602935]]},"properties":{"type":"artcc-low","section":"Tower CTR LFLY CTR Lyon Bron","uuid":"artcc-low-tower-ctr-lfly-ctr-lyon-bron"}},{"type":"Feature","geometry":{"type":"LineString","coordinates":[[556597.4539663679,5748356.801602935],[556813.9085317992,5739135.942198638]]},"properties":{"type":"artcc-low","section":"Tower CTR LFLY CTR Lyon Bron","uuid":"artcc-low-tower-ctr-lfly-ctr-lyon-bron"}},{"type":"Feature","geometry":{"type":"LineString","coordinates":[[556813.9085317992,5739135.942198638],[563122.0130100846,5711751.3319410635]]},"properties":{"type":"artcc-low","section":"Tower CTR LFLY CTR Lyon Bron","uuid":"artcc-low-tower-ctr-lfly-ctr-lyon-bron"}},{"type":"Feature","geometry":{"type":"LineString","coordinates":[[563122.0130100846,5711751.3319410635],[561006.9426850125,5710784.011758957]]},"properties":{"type":"artcc-low","section":"Tower CTR LFLY CTR Lyon Bron","uuid":"artcc-low-tower-ctr-lfly-ctr-lyon-bron"}},{"type":"Feature","geometry":{"type":"LineString","coordinates":[[561006.9426850125,5710784.011758957],[558848.581446854,5709949.2853942]]},"properties":{"type":"artcc-low","section":"Tower CTR LFLY CTR Lyon Bron","uuid":"artcc-low-tower-ctr-lfly-ctr-lyon-bron"}},{"type":"Feature","geometry":{"type":"LineString","coordinates":[[558848.581446854,5709949.2853942],[556628.3760471437,5709308.93972983]]},"properties":{"type":"artcc-low","section":"Tower CTR LFLY CTR Lyon Bron","uuid":"artcc-low-tower-ctr-lfly-ctr-lyon-bron"}},{"type":"Feature","geometry":{"type":"LineString","coordinates":[[556628.3760471437,5709308.93972983],[554361.7875262697,5708876.180375734]]},"properties":{"type":"artcc-low","section":"Tower CTR LFLY CTR Lyon Bron","uuid":"artcc-low-tower-ctr-lfly-ctr-lyon-bron"}},{"type":"Feature","geometry":{"type":"LineString","coordinates":[[554361.7875262697,5708876.180375734],[553443.401727225,5708836.438220671]]},"properties":{"type":"artcc-low","section":"Tower CTR LFLY CTR Lyon Bron","uuid":"artcc-low-tower-ctr-lfly-ctr-lyon-bron"}},{"type":"Feature","geometry":{"type":"LineString","coordinates":[[553443.401727225,5708836.438220671],[539095.5562472031,5755456.278762869]]},"properties":{"type":"artcc-low","section":"Tower CTR LFLY CTR Lyon Bron","uuid":"artcc-low-tower-ctr-lfly-ctr-lyon-bron"}},{"type":"Feature","geometry":{"type":"LineString","coordinates":[[539095.5562472031,5755456.278762869],[540814.8239383437,5756277.521519723]]},"properties":{"type":"artcc-low","section":"Tower CTR LFLY CTR Lyon Bron","uuid":"artcc-low-tower-ctr-lfly-ctr-lyon-bron"}},{"type":"Feature","geometry":{"type":"LineString","coordinates":[[540814.8239383437,5756277.521519723],[542506.261756786,5757116.599234193]]},"properties":{"type":"artcc-low","section":"Tower CTR LFLY CTR Lyon Bron","uuid":"artcc-low-tower-ctr-lfly-ctr-lyon-bron"}},{"type":"Feature","geometry":{"type":"LineString","coordinates":[[542506.261756786,5757116.599234193],[544262.6359448575,5757791.4705295395]]},"properties":{"type":"artcc-low","section":"Tower CTR LFLY CTR Lyon Bron","uuid":"artcc-low-tower-ctr-lfly-ctr-lyon-bron"}},{"type":"Feature","geometry":{"type":"LineString","coordinates":[[544262.6359448575,5757791.4705295395],[546068.4854621708,5758306.538365051]]},"properties":{"type":"artcc-low","section":"Tower CTR LFLY CTR Lyon Bron","uuid":"artcc-low-tower-ctr-lfly-ctr-lyon-bron"}},{"type":"Feature","geometry":{"type":"LineString","coordinates":[[546068.4854621708,5758306.538365051],[547911.4414764149,5758652.893867215]]},"properties":{"type":"artcc-low","section":"Tower CTR LFLY CTR Lyon Bron","uuid":"artcc-low-tower-ctr-lfly-ctr-lyon-bron"}},{"type":"Feature","geometry":{"type":"LineString","coordinates":[[547911.4414764149,5758652.893867215],[549772.9507391247,5758826.076680386]]},"properties":{"type":"artcc-low","section":"Tower CTR LFLY CTR Lyon Bron","uuid":"artcc-low-tower-ctr-lfly-ctr-lyon-bron"}},{"type":"Feature","geometry":{"type":"LineString","coordinates":[[549772.9507391247,5758826.076680386],[550505.8040535138,5758652.893867215]]},"properties":{"type":"artcc-low","section":"Tower CTR LFLY CTR Lyon Bron","uuid":"artcc-low-tower-ctr-lfly-ctr-lyon-bron"}},{"type":"Feature","geometry":{"type":"LineString","coordinates":[[598002.1201253104,5399479.484716406],[600568.652829711,5398796.626381653]]},"properties":{"type":"artcc-low","section":"Tower CTR LFMA CTR Aix-les-milles","uuid":"artcc-low-tower-ctr-lfma-ctr-aix-les-milles"}},{"type":"Feature","geometry":{"type":"LineString","coordinates":[[600568.652829711,5398796.626381653],[608299.1730236883,5385576.177043802]]},"properties":{"type":"artcc-low","section":"Tower CTR LFMA CTR Aix-les-milles","uuid":"artcc-low-tower-ctr-lfma-ctr-aix-les-milles"}},{"type":"Feature","geometry":{"type":"LineString","coordinates":[[608299.1730236883,5385576.177043802],[602083.8347877305,5381145.151852669]]},"properties":{"type":"artcc-low","section":"Tower CTR LFMA CTR Aix-les-milles","uuid":"artcc-low-tower-ctr-lfma-ctr-aix-les-milles"}},{"type":"Feature","geometry":{"type":"LineString","coordinates":[[602083.8347877305,5381145.151852669],[597074.4577020332,5381315.536748755]]},"properties":{"type":"artcc-low","section":"Tower CTR LFMA CTR Aix-les-milles","uuid":"artcc-low-tower-ctr-lfma-ctr-aix-les-milles"}},{"type":"Feature","geometry":{"type":"LineString","coordinates":[[597074.4577020332,5381315.536748755],[589343.9375080557,5391117.939137619]]},"properties":{"type":"artcc-low","section":"Tower CTR LFMA CTR Aix-les-milles","uuid":"artcc-low-tower-ctr-lfma-ctr-aix-les-milles"}},{"type":"Feature","geometry":{"type":"LineString","coordinates":[[589343.9375080557,5391117.939137619],[590488.0544967644,5398796.626381653]]},"properties":{"type":"artcc-low","section":"Tower CTR LFMA CTR Aix-les-milles","uuid":"artcc-low-tower-ctr-lfma-ctr-aix-les-milles"}},{"type":"Feature","geometry":{"type":"LineString","coordinates":[[590488.0544967644,5398796.626381653],[592776.2884741818,5398199.16666935]]},"properties":{"type":"artcc-low","section":"Tower CTR LFMA CTR Aix-les-milles","uuid":"artcc-low-tower-ctr-lfma-ctr-aix-les-milles"}},{"type":"Feature","geometry":{"type":"LineString","coordinates":[[592776.2884741818,5398199.16666935],[594044.093785994,5397943.124313648]]},"properties":{"type":"artcc-low","section":"Tower CTR LFMA CTR Aix-les-milles","uuid":"artcc-low-tower-ctr-lfma-ctr-aix-les-milles"}},{"type":"Feature","geometry":{"type":"LineString","coordinates":[[594044.093785994,5397943.124313648],[598002.1201253104,5399479.484716406]]},"properties":{"type":"artcc-low","section":"Tower CTR LFMA CTR Aix-les-milles","uuid":"artcc-low-tower-ctr-lfma-ctr-aix-les-milles"}},{"type":"Feature","geometry":{"type":"LineString","coordinates":[[779236.435552915,5410241.15840622],[785173.4750618895,5394273.961944302]]},"properties":{"type":"artcc-low","section":"Tower CTR LFMD CTR 1 Mandelieu","uuid":"artcc-low-tower-ctr-lfmd-ctr-1-mandelieu"}},{"type":"Feature","geometry":{"type":"LineString","coordinates":[[785173.4750618895,5394273.961944302],[790368.3846322423,5391587.009616006]]},"properties":{"type":"artcc-low","section":"Tower CTR LFMD CTR 1 Mandelieu","uuid":"artcc-low-tower-ctr-lfmd-ctr-1-mandelieu"}},{"type":"Feature","geometry":{"type":"LineString","coordinates":[[790368.3846322423,5391587.009616006],[766805.7590809993,5376205.350848484]]},"properties":{"type":"artcc-low","section":"Tower CTR LFMD CTR 1 Mandelieu","uuid":"artcc-low-tower-ctr-lfmd-ctr-1-mandelieu"}},{"type":"Feature","geometry":{"type":"LineString","coordinates":[[766805.7590809993,5376205.350848484],[763466.1743572013,5380974.770086949]]},"properties":{"type":"artcc-low","section":"Tower CTR LFMD CTR 1 Mandelieu","uuid":"artcc-low-tower-ctr-lfmd-ctr-1-mandelieu"}},{"type":"Feature","geometry":{"type":"LineString","coordinates":[[763466.1743572013,5380974.770086949],[760373.9662796103,5390222.506906604]]},"properties":{"type":"artcc-low","section":"Tower CTR LFMD CTR 1 Mandelieu","uuid":"artcc-low-tower-ctr-lfmd-ctr-1-mandelieu"}},{"type":"Feature","geometry":{"type":"LineString","coordinates":[[760373.9662796103,5390222.506906604],[761734.5378337502,5392525.221846096]]},"properties":{"type":"artcc-low","section":"Tower CTR LFMD CTR 1 Mandelieu","uuid":"artcc-low-tower-ctr-lfmd-ctr-1-mandelieu"}},{"type":"Feature","geometry":{"type":"LineString","coordinates":[[761734.5378337502,5392525.221846096],[761470.8343288933,5393544.569221634]]},"properties":{"type":"artcc-low","section":"Tower CTR LFMD CTR 1 Mandelieu","uuid":"artcc-low-tower-ctr-lfmd-ctr-1-mandelieu"}},{"type":"Feature","geometry":{"type":"LineString","coordinates":[[761470.8343288933,5393544.569221634],[761313.3790935824,5395544.906089155]]},"properties":{"type":"artcc-low","section":"Tower CTR LFMD CTR 1 Mandelieu","uuid":"artcc-low-tower-ctr-lfmd-ctr-1-mandelieu"}},{"type":"Feature","geometry":{"type":"LineString","coordinates":[[761313.3790935824,5395544.906089155],[761470.8343288933,5397546.144646246]]},"properties":{"type":"artcc-low","section":"Tower CTR LFMD CTR 1 Mandelieu","uuid":"artcc-low-tower-ctr-lfmd-ctr-1-mandelieu"}},{"type":"Feature","geometry":{"type":"LineString","coordinates":[[761470.8343288933,5397546.144646246],[761939.36569681,5399498.946917488]]},"properties":{"type":"artcc-low","section":"Tower CTR LFMD CTR 1 Mandelieu","uuid":"artcc-low-tower-ctr-lfmd-ctr-1-mandelieu"}},{"type":"Feature","geometry":{"type":"LineString","coordinates":[[761939.36569681,5399498.946917488],[762707.3774170411,5401355.086377263]]},"properties":{"type":"artcc-low","section":"Tower CTR LFMD CTR 1 Mandelieu","uuid":"artcc-low-tower-ctr-lfmd-ctr-1-mandelieu"}},{"type":"Feature","geometry":{"type":"LineString","coordinates":[[762707.3774170411,5401355.086377263],[763756.0379423946,5403068.776474679]]},"properties":{"type":"artcc-low","section":"Tower CTR LFMD CTR 1 Mandelieu","uuid":"artcc-low-tower-ctr-lfmd-ctr-1-mandelieu"}},{"type":"Feature","geometry":{"type":"LineString","coordinates":[[763756.0379423946,5403068.776474679],[765059.4654912609,5404597.661127639]]},"properties":{"type":"artcc-low","section":"Tower CTR LFMD CTR 1 Mandelieu","uuid":"artcc-low-tower-ctr-lfmd-ctr-1-mandelieu"}},{"type":"Feature","geometry":{"type":"LineString","coordinates":[[765059.4654912609,5404597.661127639],[766585.5938658749,5405903.807644661]]},"properties":{"type":"artcc-low","section":"Tower CTR LFMD CTR 1 Mandelieu","uuid":"artcc-low-tower-ctr-lfmd-ctr-1-mandelieu"}},{"type":"Feature","geometry":{"type":"LineString","coordinates":[[766585.5938658749,5405903.807644661],[768296.8218160139,5406954.914664273]]},"properties":{"type":"artcc-low","section":"Tower CTR LFMD CTR 1 Mandelieu","uuid":"artcc-low-tower-ctr-lfmd-ctr-1-mandelieu"}},{"type":"Feature","geometry":{"type":"LineString","coordinates":[[768296.8218160139,5406954.914664273],[770151.0334676604,5407724.922438381]]},"properties":{"type":"artcc-low","section":"Tower CTR LFMD CTR 1 Mandelieu","uuid":"artcc-low-tower-ctr-lfmd-ctr-1-mandelieu"}},{"type":"Feature","geometry":{"type":"LineString","coordinates":[[770151.0334676604,5407724.922438381],[770701.9412587641,5407848.592706674]]},"properties":{"type":"artcc-low","section":"Tower CTR LFMD CTR 1 Mandelieu","uuid":"artcc-low-tower-ctr-lfmd-ctr-1-mandelieu"}},{"type":"Feature","geometry":{"type":"LineString","coordinates":[[770701.9412587641,5407848.592706674],[779236.435552915,5410241.15840622]]},"properties":{"type":"artcc-low","section":"Tower CTR LFMD CTR 1 Mandelieu","uuid":"artcc-low-tower-ctr-lfmd-ctr-1-mandelieu"}},{"type":"Feature","geometry":{"type":"LineString","coordinates":[[790368.3846322423,5391587.009616006],[790368.3846322423,5385448.329339802]]},"properties":{"type":"artcc-low","section":"Tower CTR LFMD CTR 2 Mandelieu","uuid":"artcc-low-tower-ctr-lfmd-ctr-2-mandelieu"}},{"type":"Feature","geometry":{"type":"LineString","coordinates":[[790368.3846322423,5385448.329339802],[770238.1100471255,5371268.17811874]]},"properties":{"type":"artcc-low","section":"Tower CTR LFMD CTR 2 Mandelieu","uuid":"artcc-low-tower-ctr-lfmd-ctr-2-mandelieu"}},{"type":"Feature","geometry":{"type":"LineString","coordinates":[[770238.1100471255,5371268.17811874],[766805.7590809993,5376205.350848484]]},"properties":{"type":"artcc-low","section":"Tower CTR LFMD CTR 2 Mandelieu","uuid":"artcc-low-tower-ctr-lfmd-ctr-2-mandelieu"}},{"type":"Feature","geometry":{"type":"LineString","coordinates":[[766805.7590809993,5376205.350848484],[790368.3846322423,5391587.009616006]]},"properties":{"type":"artcc-low","section":"Tower CTR LFMD CTR 2 Mandelieu","uuid":"artcc-low-tower-ctr-lfmd-ctr-2-mandelieu"}},{"type":"Feature","geometry":{"type":"LineString","coordinates":[[487301.070947555,5730101.671417667],[490671.57775212923,5693262.290971227]]},"properties":{"type":"artcc-low","section":"Tower CTR LFMH CTR Saint-Etienne Boutheon","uuid":"artcc-low-tower-ctr-lfmh-ctr-saint-etienne-boutheon"}},{"type":"Feature","geometry":{"type":"LineString","coordinates":[[490671.57775212923,5693262.290971227],[489586.2127168948,5692160.333591542]]},"properties":{"type":"artcc-low","section":"Tower CTR LFMH CTR Saint-Etienne Boutheon","uuid":"artcc-low-tower-ctr-lfmh-ctr-saint-etienne-boutheon"}},{"type":"Feature","geometry":{"type":"LineString","coordinates":[[489586.2127168948,5692160.333591542],[488389.52819086716,5691190.723311056]]},"properties":{"type":"artcc-low","section":"Tower CTR LFMH CTR Saint-Etienne Boutheon","uuid":"artcc-low-tower-ctr-lfmh-ctr-saint-etienne-boutheon"}},{"type":"Feature","geometry":{"type":"LineString","coordinates":[[488389.52819086716,5691190.723311056],[487115.5384628995,5690331.383811441]]},"properties":{"type":"artcc-low","section":"Tower CTR LFMH CTR Saint-Etienne Boutheon","uuid":"artcc-low-tower-ctr-lfmh-ctr-saint-etienne-boutheon"}},{"type":"Feature","geometry":{"type":"LineString","coordinates":[[487115.5384628995,5690331.383811441],[485776.61236530275,5689595.502217368]]},"properties":{"type":"artcc-low","section":"Tower CTR LFMH CTR Saint-Etienne Boutheon","uuid":"artcc-low-tower-ctr-lfmh-ctr-saint-etienne-boutheon"}},{"type":"Feature","geometry":{"type":"LineString","coordinates":[[485776.61236530275,5689595.502217368],[484382.0265223092,5688983.048088632]]},"properties":{"type":"artcc-low","section":"Tower CTR LFMH CTR Saint-Etienne Boutheon","uuid":"artcc-low-tower-ctr-lfmh-ctr-saint-etienne-boutheon"}},{"type":"Feature","geometry":{"type":"LineString","coordinates":[[484382.0265223092,5688983.048088632],[482941.0575581518,5688498.401852763]]},"properties":{"type":"artcc-low","section":"Tower CTR LFMH CTR Saint-Etienne Boutheon","uuid":"artcc-low-tower-ctr-lfmh-ctr-saint-etienne-boutheon"}},{"type":"Feature","geometry":{"type":"LineString","coordinates":[[482941.0575581518,5688498.401852763],[481462.98209706333,5688150.353921935]]},"properties":{"type":"artcc-low","section":"Tower CTR LFMH CTR Saint-Etienne Boutheon","uuid":"artcc-low-tower-ctr-lfmh-ctr-saint-etienne-boutheon"}},{"type":"Feature","geometry":{"type":"LineString","coordinates":[[481462.98209706333,5688150.353921935],[479963.26117943175,5687934.482888988]]},"properties":{"type":"artcc-low","section":"Tower CTR LFMH CTR Saint-Etienne Boutheon","uuid":"artcc-low-tower-ctr-lfmh-ctr-saint-etienne-boutheon"}},{"type":"Feature","geometry":{"type":"LineString","coordinates":[[479963.26117943175,5687934.482888988],[478451.17142948986,5687859.59007308]]},"properties":{"type":"artcc-low","section":"Tower CTR LFMH CTR Saint-Etienne Boutheon","uuid":"artcc-low-tower-ctr-lfmh-ctr-saint-etienne-boutheon"}},{"type":"Feature","geometry":{"type":"LineString","coordinates":[[478451.17142948986,5687859.59007308],[476935.9894714702,5687921.266464197]]},"properties":{"type":"artcc-low","section":"Tower CTR LFMH CTR Saint-Etienne Boutheon","uuid":"artcc-low-tower-ctr-lfmh-ctr-saint-etienne-boutheon"}},{"type":"Feature","geometry":{"type":"LineString","coordinates":[[476935.9894714702,5687921.266464197],[475436.2685538386,5688119.514884319]]},"properties":{"type":"artcc-low","section":"Tower CTR LFMH CTR Saint-Etienne Boutheon","uuid":"artcc-low-tower-ctr-lfmh-ctr-saint-etienne-boutheon"}},{"type":"Feature","geometry":{"type":"LineString","coordinates":[[475436.2685538386,5688119.514884319],[473955.1008846726,5688454.344404795]]},"properties":{"type":"artcc-low","section":"Tower CTR LFMH CTR Saint-Etienne Boutheon","uuid":"artcc-low-tower-ctr-lfmh-ctr-saint-etienne-boutheon"}},{"type":"Feature","geometry":{"type":"LineString","coordinates":[[473955.1008846726,5688454.344404795],[472507.94750436005,5688921.364383517]]},"properties":{"type":"artcc-low","section":"Tower CTR LFMH CTR Saint-Etienne Boutheon","uuid":"artcc-low-tower-ctr-lfmh-ctr-saint-etienne-boutheon"}},{"type":"Feature","geometry":{"type":"LineString","coordinates":[[472507.94750436005,5688921.364383517],[471107.1772452113,5689520.595506916]]},"properties":{"type":"artcc-low","section":"Tower CTR LFMH CTR Saint-Etienne Boutheon","uuid":"artcc-low-tower-ctr-lfmh-ctr-saint-etienne-boutheon"}},{"type":"Feature","geometry":{"type":"LineString","coordinates":[[471107.1772452113,5689520.595506916],[469758.9745233818,5690243.25109089]]},"properties":{"type":"artcc-low","section":"Tower CTR LFMH CTR Saint-Etienne Boutheon","uuid":"artcc-low-tower-ctr-lfmh-ctr-saint-etienne-boutheon"}},{"type":"Feature","geometry":{"type":"LineString","coordinates":[[469758.9745233818,5690243.25109089],[468478.800379259,5691089.361027493]]},"properties":{"type":"artcc-low","section":"Tower CTR LFMH CTR Saint-Etienne Boutheon","uuid":"artcc-low-tower-ctr-lfmh-ctr-saint-etienne-boutheon"}},{"type":"Feature","geometry":{"type":"LineString","coordinates":[[468478.800379259,5691089.361027493],[467272.8392289986,5692045.73781246]]},"properties":{"type":"artcc-low","section":"Tower CTR LFMH CTR Saint-Etienne Boutheon","uuid":"artcc-low-tower-ctr-lfmh-ctr-saint-etienne-boutheon"}},{"type":"Feature","geometry":{"type":"LineString","coordinates":[[467272.8392289986,5692045.73781246],[466153.45990491076,5693108.008769919]]},"properties":{"type":"artcc-low","section":"Tower CTR LFMH CTR Saint-Etienne Boutheon","uuid":"artcc-low-tower-ctr-lfmh-ctr-saint-etienne-boutheon"}},{"type":"Feature","geometry":{"type":"LineString","coordinates":[[466153.45990491076,5693108.008769919],[465123.75461507286,5694271.803012461]]},"properties":{"type":"artcc-low","section":"Tower CTR LFMH CTR Saint-Etienne Boutheon","uuid":"artcc-low-tower-ctr-lfmh-ctr-saint-etienne-boutheon"}},{"type":"Feature","geometry":{"type":"LineString","coordinates":[[465123.75461507286,5694271.803012461],[464758.87406191725,5694672.994440935]]},"properties":{"type":"artcc-low","section":"Tower CTR LFMH CTR Saint-Etienne Boutheon","uuid":"artcc-low-tower-ctr-lfmh-ctr-saint-etienne-boutheon"}},{"type":"Feature","geometry":{"type":"LineString","coordinates":[[464758.87406191725,5694672.994440935],[455822.3927176793,5718202.812367113]]},"properties":{"type":"artcc-low","section":"Tower CTR LFMH CTR Saint-Etienne Boutheon","uuid":"artcc-low-tower-ctr-lfmh-ctr-saint-etienne-boutheon"}},{"type":"Feature","geometry":{"type":"LineString","coordinates":[[455822.3927176793,5718202.812367113],[457223.16297682805,5720015.368299235]]},"properties":{"type":"artcc-low","section":"Tower CTR LFMH CTR Saint-Etienne Boutheon","uuid":"artcc-low-tower-ctr-lfmh-ctr-saint-etienne-boutheon"}},{"type":"Feature","geometry":{"type":"LineString","coordinates":[[457223.16297682805,5720015.368299235],[458469.3228320971,5721894.625947955]]},"properties":{"type":"artcc-low","section":"Tower CTR LFMH CTR Saint-Etienne Boutheon","uuid":"artcc-low-tower-ctr-lfmh-ctr-saint-etienne-boutheon"}},{"type":"Feature","geometry":{"type":"LineString","coordinates":[[458469.3228320971,5721894.625947955],[459867.0008831683,5723654.854449832]]},"properties":{"type":"artcc-low","section":"Tower CTR LFMH CTR Saint-Etienne Boutheon","uuid":"artcc-low-tower-ctr-lfmh-ctr-saint-etienne-boutheon"}},{"type":"Feature","geometry":{"type":"LineString","coordinates":[[459867.0008831683,5723654.854449832],[461403.828297731,5725278.287601918]]},"properties":{"type":"artcc-low","section":"Tower CTR LFMH CTR Saint-Etienne Boutheon","uuid":"artcc-low-tower-ctr-lfmh-ctr-saint-etienne-boutheon"}},{"type":"Feature","geometry":{"type":"LineString","coordinates":[[461403.828297731,5725278.287601918],[463070.5284515525,5726756.001364694]]},"properties":{"type":"artcc-low","section":"Tower CTR LFMH CTR Saint-Etienne Boutheon","uuid":"artcc-low-tower-ctr-lfmh-ctr-saint-etienne-boutheon"}},{"type":"Feature","geometry":{"type":"LineString","coordinates":[[463070.5284515525,5726756.001364694],[464854.73251232255,5728074.647330778]]},"properties":{"type":"artcc-low","section":"Tower CTR LFMH CTR Saint-Etienne Boutheon","uuid":"artcc-low-tower-ctr-lfmh-ctr-saint-etienne-boutheon"}},{"type":"Feature","geometry":{"type":"LineString","coordinates":[[464854.73251232255,5728074.647330778],[466740.979439653,5729225.30313824]]},"properties":{"type":"artcc-low","section":"Tower CTR LFMH CTR Saint-Etienne Boutheon","uuid":"artcc-low-tower-ctr-lfmh-ctr-saint-etienne-boutheon"}},{"type":"Feature","geometry":{"type":"LineString","coordinates":[[466740.979439653,5729225.30313824],[468713.808193156,5730203.477358891]]},"properties":{"type":"artcc-low","section":"Tower CTR LFMH CTR Saint-Etienne Boutheon","uuid":"artcc-low-tower-ctr-lfmh-ctr-saint-etienne-boutheon"}},{"type":"Feature","geometry":{"type":"LineString","coordinates":[[468713.808193156,5730203.477358891],[470760.8499405212,5730991.4061399065]]},"properties":{"type":"artcc-low","section":"Tower CTR LFMH CTR Saint-Etienne Boutheon","uuid":"artcc-low-tower-ctr-lfmh-ctr-saint-etienne-boutheon"}},{"type":"Feature","geometry":{"type":"LineString","coordinates":[[470760.8499405212,5730991.4061399065],[472866.64364136057,5731593.466083953]]},"properties":{"type":"artcc-low","section":"Tower CTR LFMH CTR Saint-Etienne Boutheon","uuid":"artcc-low-tower-ctr-lfmh-ctr-saint-etienne-boutheon"}},{"type":"Feature","geometry":{"type":"LineString","coordinates":[[472866.64364136057,5731593.466083953],[475015.72825528623,5732000.7649911195]]},"properties":{"type":"artcc-low","section":"Tower CTR LFMH CTR Saint-Etienne Boutheon","uuid":"artcc-low-tower-ctr-lfmh-ctr-saint-etienne-boutheon"}},{"type":"Feature","geometry":{"type":"LineString","coordinates":[[475015.72825528623,5732000.7649911195],[477189.55053383263,5732204.421425129]]},"properties":{"type":"artcc-low","section":"Tower CTR LFMH CTR Saint-Etienne Boutheon","uuid":"artcc-low-tower-ctr-lfmh-ctr-saint-etienne-boutheon"}},{"type":"Feature","geometry":{"type":"LineString","coordinates":[[477189.55053383263,5732204.421425129],[479369.55722853425,5732213.276158269]]},"properties":{"type":"artcc-low","section":"Tower CTR LFMH CTR Saint-Etienne Boutheon","uuid":"artcc-low-tower-ctr-lfmh-ctr-saint-etienne-boutheon"}},{"type":"Feature","geometry":{"type":"LineString","coordinates":[[479369.55722853425,5732213.276158269],[481546.47171515826,5732022.9013346]]},"properties":{"type":"artcc-low","section":"Tower CTR LFMH CTR Saint-Etienne Boutheon","uuid":"artcc-low-tower-ctr-lfmh-ctr-saint-etienne-boutheon"}},{"type":"Feature","geometry":{"type":"LineString","coordinates":[[481546.47171515826,5732022.9013346],[483695.556329084,5731633.309720897]]},"properties":{"type":"artcc-low","section":"Tower CTR LFMH CTR Saint-Etienne Boutheon","uuid":"artcc-low-tower-ctr-lfmh-ctr-saint-etienne-boutheon"}},{"type":"Feature","geometry":{"type":"LineString","coordinates":[[483695.556329084,5731633.309720897],[485804.442238001,5731044.527440297]]},"properties":{"type":"artcc-low","section":"Tower CTR LFMH CTR Saint-Etienne Boutheon","uuid":"artcc-low-tower-ctr-lfmh-ctr-saint-etienne-boutheon"}},{"type":"Feature","geometry":{"type":"LineString","coordinates":[[485804.442238001,5731044.527440297],[487301.070947555,5730101.671417667]]},"properties":{"type":"artcc-low","section":"Tower CTR LFMH CTR Saint-Etienne Boutheon","uuid":"artcc-low-tower-ctr-lfmh-ctr-saint-etienne-boutheon"}},{"type":"Feature","geometry":{"type":"LineString","coordinates":[[516955.34641165205,5434543.708480056],[532972.9842535731,5420715.924736413]]},"properties":{"type":"artcc-low","section":"Tower CTR LFMI CTR Istres le tube","uuid":"artcc-low-tower-ctr-lfmi-ctr-istres-le-tube"}},{"type":"Feature","geometry":{"type":"LineString","coordinates":[[532972.9842535731,5420715.924736413],[556968.5189356788,5399351.444940303]]},"properties":{"type":"artcc-low","section":"Tower CTR LFMI CTR Istres le tube","uuid":"artcc-low-tower-ctr-lfmi-ctr-istres-le-tube"}},{"type":"Feature","geometry":{"type":"LineString","coordinates":[[556968.5189356788,5399351.444940303],[557661.1735450592,5398472.286323319]]},"properties":{"type":"artcc-low","section":"Tower CTR LFMI CTR Istres le tube","uuid":"artcc-low-tower-ctr-lfmi-ctr-istres-le-tube"}},{"type":"Feature","geometry":{"type":"LineString","coordinates":[[557661.1735450592,5398472.286323319],[557803.4151166283,5398284.515695388]]},"properties":{"type":"artcc-low","section":"Tower CTR LFMI CTR Istres le tube","uuid":"artcc-low-tower-ctr-lfmi-ctr-istres-le-tube"}},{"type":"Feature","geometry":{"type":"LineString","coordinates":[[557803.4151166283,5398284.515695388],[563091.0909293088,5373055.471883489]]},"properties":{"type":"artcc-low","section":"Tower CTR LFMI CTR Istres le tube","uuid":"artcc-low-tower-ctr-lfmi-ctr-istres-le-tube"}},{"type":"Feature","geometry":{"type":"LineString","coordinates":[[563091.0909293088,5373055.471883489],[573295.3775853589,5350526.690665535]]},"properties":{"type":"artcc-low","section":"Tower CTR LFMI CTR Istres le tube","uuid":"artcc-low-tower-ctr-lfmi-ctr-istres-le-tube"}},{"type":"Feature","geometry":{"type":"LineString","coordinates":[[573295.3775853589,5350526.690665535],[499391.60453093564,5350526.690665535]]},"properties":{"type":"artcc-low","section":"Tower CTR LFMI CTR Istres le tube","uuid":"artcc-low-tower-ctr-lfmi-ctr-istres-le-tube"}},{"type":"Feature","geometry":{"type":"LineString","coordinates":[[499391.60453093564,5350526.690665535],[500968.630650507,5397815.105792015]]},"properties":{"type":"artcc-low","section":"Tower CTR LFMI CTR Istres le tube","uuid":"artcc-low-tower-ctr-lfmi-ctr-istres-le-tube"}},{"type":"Feature","geometry":{"type":"LineString","coordinates":[[500968.630650507,5397815.105792015],[516955.34641165205,5434543.708480056]]},"properties":{"type":"artcc-low","section":"Tower CTR LFMI CTR Istres le tube","uuid":"artcc-low-tower-ctr-lfmi-ctr-istres-le-tube"}},{"type":"Feature","geometry":{"type":"LineString","coordinates":[[233307.0994542359,5359659.143938223],[274495.3110477471,5359659.143938223]]},"properties":{"type":"artcc-low","section":"Tower CTR LFMK CTR Carcassonne","uuid":"artcc-low-tower-ctr-lfmk-ctr-carcassonne"}},{"type":"Feature","geometry":{"type":"LineString","coordinates":[[274495.3110477471,5359659.143938223],[275738.37869493867,5358086.873576908]]},"properties":{"type":"artcc-low","section":"Tower CTR LFMK CTR Carcassonne","uuid":"artcc-low-tower-ctr-lfmk-ctr-carcassonne"}},{"type":"Feature","geometry":{"type":"LineString","coordinates":[[275738.37869493867,5358086.873576908],[276808.2826897851,5356391.669048096]]},"properties":{"type":"artcc-low","section":"Tower CTR LFMK CTR Carcassonne","uuid":"artcc-low-tower-ctr-lfmk-ctr-carcassonne"}},{"type":"Feature","geometry":{"type":"LineString","coordinates":[[276808.2826897851,5356391.669048096],[277729.76069690724,5354607.57693283]]},"properties":{"type":"artcc-low","section":"Tower CTR LFMK CTR Carcassonne","uuid":"artcc-low-tower-ctr-lfmk-ctr-carcassonne"}},{"type":"Feature","geometry":{"type":"LineString","coordinates":[[277729.76069690724,5354607.57693283],[278493.53609207214,5352747.388086707]]},"properties":{"type":"artcc-low","section":"Tower CTR LFMK CTR Carcassonne","uuid":"artcc-low-tower-ctr-lfmk-ctr-carcassonne"}},{"type":"Feature","geometry":{"type":"LineString","coordinates":[[278493.53609207214,5352747.388086707],[279093.4244591248,5350832.376643391]]},"properties":{"type":"artcc-low","section":"Tower CTR LFMK CTR Carcassonne","uuid":"artcc-low-tower-ctr-lfmk-ctr-carcassonne"}},{"type":"Feature","geometry":{"type":"LineString","coordinates":[[279093.4244591248,5350832.376643391],[279523.24138190993,5348871.066047436]]},"properties":{"type":"artcc-low","section":"Tower CTR LFMK CTR Carcassonne","uuid":"artcc-low-tower-ctr-lfmk-ctr-carcassonne"}},{"type":"Feature","geometry":{"type":"LineString","coordinates":[[279523.24138190993,5348871.066047436],[279782.98686042754,5346880.461152971]]},"properties":{"type":"artcc-low","section":"Tower CTR LFMK CTR Carcassonne","uuid":"artcc-low-tower-ctr-lfmk-ctr-carcassonne"}},{"type":"Feature","geometry":{"type":"LineString","coordinates":[[279782.98686042754,5346880.461152971],[279869.56868660013,5344873.309697342]]},"properties":{"type":"artcc-low","section":"Tower CTR LFMK CTR Carcassonne","uuid":"artcc-low-tower-ctr-lfmk-ctr-carcassonne"}},{"type":"Feature","geometry":{"type":"LineString","coordinates":[[279869.56868660013,5344873.309697342],[279875.7531027553,5343693.8326082695]]},"properties":{"type":"artcc-low","section":"Tower CTR LFMK CTR Carcassonne","uuid":"artcc-low-tower-ctr-lfmk-ctr-carcassonne"}},{"type":"Feature","geometry":{"type":"LineString","coordinates":[[279875.7531027553,5343693.8326082695],[274588.0772900748,5337374.71812649]]},"properties":{"type":"artcc-low","section":"Tower CTR LFMK CTR Carcassonne","uuid":"artcc-low-tower-ctr-lfmk-ctr-carcassonne"}},{"type":"Feature","geometry":{"type":"LineString","coordinates":[[274588.0772900748,5337374.71812649],[259436.25770987922,5337374.71812649]]},"properties":{"type":"artcc-low","section":"Tower CTR LFMK CTR Carcassonne","uuid":"artcc-low-tower-ctr-lfmk-ctr-carcassonne"}},{"type":"Feature","geometry":{"type":"LineString","coordinates":[[259436.25770987922,5337374.71812649],[256003.90674375326,5333347.9875343675]]},"properties":{"type":"artcc-low","section":"Tower CTR LFMK CTR Carcassonne","uuid":"artcc-low-tower-ctr-lfmk-ctr-carcassonne"}},{"type":"Feature","geometry":{"type":"LineString","coordinates":[[256003.90674375326,5333347.9875343675],[243665.99651416545,5334619.398840846]]},"properties":{"type":"artcc-low","section":"Tower CTR LFMK CTR Carcassonne","uuid":"artcc-low-tower-ctr-lfmk-ctr-carcassonne"}},{"type":"Feature","geometry":{"type":"LineString","coordinates":[[243665.99651416545,5334619.398840846],[229751.06016500626,5338858.688923375]]},"properties":{"type":"artcc-low","section":"Tower CTR LFMK CTR Carcassonne","uuid":"artcc-low-tower-ctr-lfmk-ctr-carcassonne"}},{"type":"Feature","geometry":{"type":"LineString","coordinates":[[229751.06016500626,5338858.688923375],[229345.98090684187,5341271.705813236]]},"properties":{"type":"artcc-low","section":"Tower CTR LFMK CTR Carcassonne","uuid":"artcc-low-tower-ctr-lfmk-ctr-carcassonne"}},{"type":"Feature","geometry":{"type":"LineString","coordinates":[[229345.98090684187,5341271.705813236],[229138.80296564326,5343710.802442759]]},"properties":{"type":"artcc-low","section":"Tower CTR LFMK CTR Carcassonne","uuid":"artcc-low-tower-ctr-lfmk-ctr-carcassonne"}},{"type":"Feature","geometry":{"type":"LineString","coordinates":[[229138.80296564326,5343710.802442759],[229144.98738179842,5346154.781420967]]},"properties":{"type":"artcc-low","section":"Tower CTR LFMK CTR Carcassonne","uuid":"artcc-low-tower-ctr-lfmk-ctr-carcassonne"}},{"type":"Feature","geometry":{"type":"LineString","coordinates":[[229144.98738179842,5346154.781420967],[229361.44194722982,5348595.157234872]]},"properties":{"type":"artcc-low","section":"Tower CTR LFMK CTR Carcassonne","uuid":"artcc-low-tower-ctr-lfmk-ctr-carcassonne"}},{"type":"Feature","geometry":{"type":"LineString","coordinates":[[229361.44194722982,5348595.157234872],[229788.16666193734,5351006.452311415]]},"properties":{"type":"artcc-low","section":"Tower CTR LFMK CTR Carcassonne","uuid":"artcc-low-tower-ctr-lfmk-ctr-carcassonne"}},{"type":"Feature","geometry":{"type":"LineString","coordinates":[[229788.16666193734,5351006.452311415],[230422.06931784353,5353371.656581619]]},"properties":{"type":"artcc-low","section":"Tower CTR LFMK CTR Carcassonne","uuid":"artcc-low-tower-ctr-lfmk-ctr-carcassonne"}},{"type":"Feature","geometry":{"type":"LineString","coordinates":[[230422.06931784353,5353371.656581619],[231256.96549879308,5355669.495305992]]},"properties":{"type":"artcc-low","section":"Tower CTR LFMK CTR Carcassonne","uuid":"artcc-low-tower-ctr-lfmk-ctr-carcassonne"}},{"type":"Feature","geometry":{"type":"LineString","coordinates":[[231256.96549879308,5355669.495305992],[232289.76299670842,5357887.171774717]]},"properties":{"type":"artcc-low","section":"Tower CTR LFMK CTR Carcassonne","uuid":"artcc-low-tower-ctr-lfmk-ctr-carcassonne"}},{"type":"Feature","geometry":{"type":"LineString","coordinates":[[232289.76299670842,5357887.171774717],[233307.0994542359,5359659.143938223]]},"properties":{"type":"artcc-low","section":"Tower CTR LFMK CTR Carcassonne","uuid":"artcc-low-tower-ctr-lfmk-ctr-carcassonne"}},{"type":"Feature","geometry":{"type":"LineString","coordinates":[[562627.2597176702,5400973.413033259],[570017.6370231125,5391842.876253425]]},"properties":{"type":"artcc-low","section":"Tower CTR LFML CTR Provence","uuid":"artcc-low-tower-ctr-lfml-ctr-provence"}},{"type":"Feature","geometry":{"type":"LineString","coordinates":[[570017.6370231125,5391842.876253425],[571093.7254341141,5391923.902162197]]},"properties":{"type":"artcc-low","section":"Tower CTR LFML CTR Provence","uuid":"artcc-low-tower-ctr-lfml-ctr-provence"}},{"type":"Feature","geometry":{"type":"LineString","coordinates":[[571093.7254341141,5391923.902162197],[572138.89176434,5392188.307426716]]},"properties":{"type":"artcc-low","section":"Tower CTR LFML CTR Provence","uuid":"artcc-low-tower-ctr-lfml-ctr-provence"}},{"type":"Feature","geometry":{"type":"LineString","coordinates":[[572138.89176434,5392188.307426716],[573156.2282218673,5392542.281130047]]},"properties":{"type":"artcc-low","section":"Tower CTR LFML CTR Provence","uuid":"artcc-low-tower-ctr-lfml-ctr-provence"}},{"type":"Feature","geometry":{"type":"LineString","coordinates":[[573156.2282218673,5392542.281130047],[574142.6425986189,5392985.833542983]]},"properties":{"type":"artcc-low","section":"Tower CTR LFML CTR Provence","uuid":"artcc-low-tower-ctr-lfml-ctr-provence"}},{"type":"Feature","geometry":{"type":"LineString","coordinates":[[574142.6425986189,5392985.833542983],[575085.7660622841,5393514.712264069]]},"properties":{"type":"artcc-low","section":"Tower CTR LFML CTR Provence","uuid":"artcc-low-tower-ctr-lfml-ctr-provence"}},{"type":"Feature","geometry":{"type":"LineString","coordinates":[[575085.7660622841,5393514.712264069],[575979.4141967078,5394124.666359626]]},"properties":{"type":"artcc-low","section":"Tower CTR LFML CTR Provence","uuid":"artcc-low-tower-ctr-lfml-ctr-provence"}},{"type":"Feature","geometry":{"type":"LineString","coordinates":[[575979.4141967078,5394124.666359626],[576814.3103776574,5394811.445982215]]},"properties":{"type":"artcc-low","section":"Tower CTR LFML CTR Provence","uuid":"artcc-low-tower-ctr-lfml-ctr-provence"}},{"type":"Feature","geometry":{"type":"LineString","coordinates":[[576814.3103776574,5394811.445982215],[577590.4546051327,5395566.535789571]]},"properties":{"type":"artcc-low","section":"Tower CTR LFML CTR Provence","uuid":"artcc-low-tower-ctr-lfml-ctr-provence"}},{"type":"Feature","geometry":{"type":"LineString","coordinates":[[577590.4546051327,5395566.535789571],[578298.570254901,5396389.952498286]]},"properties":{"type":"artcc-low","section":"Tower CTR LFML CTR Provence","uuid":"artcc-low-tower-ctr-lfml-ctr-provence"}},{"type":"Feature","geometry":{"type":"LineString","coordinates":[[578298.570254901,5396389.952498286],[578932.4729108072,5397273.1803307645]]},"properties":{"type":"artcc-low","section":"Tower CTR LFML CTR Provence","uuid":"artcc-low-tower-ctr-lfml-ctr-provence"}},{"type":"Feature","geometry":{"type":"LineString","coordinates":[[578932.4729108072,5397273.1803307645],[579485.978156696,5398207.701536532]]},"properties":{"type":"artcc-low","section":"Tower CTR LFML CTR Provence","uuid":"artcc-low-tower-ctr-lfml-ctr-provence"}},{"type":"Feature","geometry":{"type":"LineString","coordinates":[[579485.978156696,5398207.701536532],[579959.0859925674,5399189.263767162]]},"properties":{"type":"artcc-low","section":"Tower CTR LFML CTR Provence","uuid":"artcc-low-tower-ctr-lfml-ctr-provence"}},{"type":"Feature","geometry":{"type":"LineString","coordinates":[[579959.0859925674,5399189.263767162],[580345.6120022662,5400209.345273092]]},"properties":{"type":"artcc-low","section":"Tower CTR LFML CTR Provence","uuid":"artcc-low-tower-ctr-lfml-ctr-provence"}},{"type":"Feature","geometry":{"type":"LineString","coordinates":[[580345.6120022662,5400209.345273092],[580642.463977715,5401259.42110659]]},"properties":{"type":"artcc-low","section":"Tower CTR LFML CTR Provence","uuid":"artcc-low-tower-ctr-lfml-ctr-provence"}},{"type":"Feature","geometry":{"type":"LineString","coordinates":[[580642.463977715,5401259.42110659],[580747.5990523531,5401314.916234604]]},"properties":{"type":"artcc-low","section":"Tower CTR LFML CTR Provence","uuid":"artcc-low-tower-ctr-lfml-ctr-provence"}},{"type":"Feature","geometry":{"type":"LineString","coordinates":[[580747.5990523531,5401314.916234604],[590488.0544967644,5398796.626381653]]},"properties":{"type":"artcc-low","section":"Tower CTR LFML CTR Provence","uuid":"artcc-low-tower-ctr-lfml-ctr-provence"}},{"type":"Feature","geometry":{"type":"LineString","coordinates":[[590488.0544967644,5398796.626381653],[589343.9375080557,5391117.939137619]]},"properties":{"type":"artcc-low","section":"Tower CTR LFML CTR Provence","uuid":"artcc-low-tower-ctr-lfml-ctr-provence"}},{"type":"Feature","geometry":{"type":"LineString","coordinates":[[589343.9375080557,5391117.939137619],[597074.4577020332,5381315.536748755]]},"properties":{"type":"artcc-low","section":"Tower CTR LFML CTR Provence","uuid":"artcc-low-tower-ctr-lfml-ctr-provence"}},{"type":"Feature","geometry":{"type":"LineString","coordinates":[[597074.4577020332,5381315.536748755],[602083.8347877305,5381145.151852669]]},"properties":{"type":"artcc-low","section":"Tower CTR LFML CTR Provence","uuid":"artcc-low-tower-ctr-lfml-ctr-provence"}},{"type":"Feature","geometry":{"type":"LineString","coordinates":[[602083.8347877305,5381145.151852669],[602083.8347877305,5352649.717213055]]},"properties":{"type":"artcc-low","section":"Tower CTR LFML CTR Provence","uuid":"artcc-low-tower-ctr-lfml-ctr-provence"}},{"type":"Feature","geometry":{"type":"LineString","coordinates":[[602083.8347877305,5352649.717213055],[572213.1047582021,5352649.717213055]]},"properties":{"type":"artcc-low","section":"Tower CTR LFML CTR Provence","uuid":"artcc-low-tower-ctr-lfml-ctr-provence"}},{"type":"Feature","geometry":{"type":"LineString","coordinates":[[572213.1047582021,5352649.717213055],[563091.0909293088,5373055.471883489]]},"properties":{"type":"artcc-low","section":"Tower CTR LFML CTR Provence","uuid":"artcc-low-tower-ctr-lfml-ctr-provence"}},{"type":"Feature","geometry":{"type":"LineString","coordinates":[[563091.0909293088,5373055.471883489],[559998.8828517179,5392013.457938702]]},"properties":{"type":"artcc-low","section":"Tower CTR LFML CTR Provence","uuid":"artcc-low-tower-ctr-lfml-ctr-provence"}},{"type":"Feature","geometry":{"type":"LineString","coordinates":[[559998.8828517179,5392013.457938702],[557834.3371974042,5394359.274787778]]},"properties":{"type":"artcc-low","section":"Tower CTR LFML CTR Provence","uuid":"artcc-low-tower-ctr-lfml-ctr-provence"}},{"type":"Feature","geometry":{"type":"LineString","coordinates":[[557834.3371974042,5394359.274787778],[562627.2597176702,5400973.413033259]]},"properties":{"type":"artcc-low","section":"Tower CTR LFML CTR Provence","uuid":"artcc-low-tower-ctr-lfml-ctr-provence"}},{"type":"Feature","geometry":{"type":"LineString","coordinates":[[827474.8815633336,5427092.109770967],[827474.8815633336,5405114.989929207]]},"properties":{"type":"artcc-low","section":"Tower CTR LFMN CTR 1 Nice Cote d'Azur","uuid":"artcc-low-tower-ctr-lfmn-ctr-1-nice-cote-d-azur"}},{"type":"Feature","geometry":{"type":"LineString","coordinates":[[827474.8815633336,5405114.989929207],[797078.4761606146,5387707.231788041]]},"properties":{"type":"artcc-low","section":"Tower CTR LFMN CTR 1 Nice Cote d'Azur","uuid":"artcc-low-tower-ctr-lfmn-ctr-1-nice-cote-d-azur"}},{"type":"Feature","geometry":{"type":"LineString","coordinates":[[797078.4761606146,5387707.231788041],[792780.3069327632,5386258.06124973]]},"properties":{"type":"artcc-low","section":"Tower CTR LFMN CTR 1 Nice Cote d'Azur","uuid":"artcc-low-tower-ctr-lfmn-ctr-1-nice-cote-d-azur"}},{"type":"Feature","geometry":{"type":"LineString","coordinates":[[792780.3069327632,5386258.06124973],[792811.2290135392,5392397.27821808]]},"properties":{"type":"artcc-low","section":"Tower CTR LFMN CTR 1 Nice Cote d'Azur","uuid":"artcc-low-tower-ctr-lfmn-ctr-1-nice-cote-d-azur"}},{"type":"Feature","geometry":{"type":"LineString","coordinates":[[792811.2290135392,5392397.27821808],[792007.2549133654,5395767.050210954]]},"properties":{"type":"artcc-low","section":"Tower CTR LFMN CTR 1 Nice Cote d'Azur","uuid":"artcc-low-tower-ctr-lfmn-ctr-1-nice-cote-d-azur"}},{"type":"Feature","geometry":{"type":"LineString","coordinates":[[792007.2549133654,5395767.050210954],[792062.9146587622,5395967.568975461]]},"properties":{"type":"artcc-low","section":"Tower CTR LFMN CTR 1 Nice Cote d'Azur","uuid":"artcc-low-tower-ctr-lfmn-ctr-1-nice-cote-d-azur"}},{"type":"Feature","geometry":{"type":"LineString","coordinates":[[792062.9146587622,5395967.568975461],[792103.1133637709,5396172.358579682]]},"properties":{"type":"artcc-low","section":"Tower CTR LFMN CTR 1 Nice Cote d'Azur","uuid":"artcc-low-tower-ctr-lfmn-ctr-1-nice-cote-d-azur"}},{"type":"Feature","geometry":{"type":"LineString","coordinates":[[792103.1133637709,5396172.358579682],[792124.7588203141,5396377.1527144285]]},"properties":{"type":"artcc-low","section":"Tower CTR LFMN CTR 1 Nice Cote d'Azur","uuid":"artcc-low-tower-ctr-lfmn-ctr-1-nice-cote-d-azur"}},{"type":"Feature","geometry":{"type":"LineString","coordinates":[[792124.7588203141,5396377.1527144285],[792130.9432364692,5396581.951380009]]},"properties":{"type":"artcc-low","section":"Tower CTR LFMN CTR 1 Nice Cote d'Azur","uuid":"artcc-low-tower-ctr-lfmn-ctr-1-nice-cote-d-azur"}},{"type":"Feature","geometry":{"type":"LineString","coordinates":[[792130.9432364692,5396581.951380009],[792115.4821960812,5396791.0213581845]]},"properties":{"type":"artcc-low","section":"Tower CTR LFMN CTR 1 Nice Cote d'Azur","uuid":"artcc-low-tower-ctr-lfmn-ctr-1-nice-cote-d-azur"}},{"type":"Feature","geometry":{"type":"LineString","coordinates":[[792115.4821960812,5396791.0213581845],[792084.5601153054,5396995.829180781]]},"properties":{"type":"artcc-low","section":"Tower CTR LFMN CTR 1 Nice Cote d'Azur","uuid":"artcc-low-tower-ctr-lfmn-ctr-1-nice-cote-d-azur"}},{"type":"Feature","geometry":{"type":"LineString","coordinates":[[792084.5601153054,5396995.829180781],[792038.1769941414,5397196.374564872]]},"properties":{"type":"artcc-low","section":"Tower CTR LFMN CTR 1 Nice Cote d'Azur","uuid":"artcc-low-tower-ctr-lfmn-ctr-1-nice-cote-d-azur"}},{"type":"Feature","geometry":{"type":"LineString","coordinates":[[792038.1769941414,5397196.374564872],[791970.1484164345,5397392.657233418]]},"properties":{"type":"artcc-low","section":"Tower CTR LFMN CTR 1 Nice Cote d'Azur","uuid":"artcc-low-tower-ctr-lfmn-ctr-1-nice-cote-d-azur"}},{"type":"Feature","geometry":{"type":"LineString","coordinates":[[791970.1484164345,5397392.657233418],[791889.751006417,5397584.67691522]]},"properties":{"type":"artcc-low","section":"Tower CTR LFMN CTR 1 Nice Cote d'Azur","uuid":"artcc-low-tower-ctr-lfmn-ctr-1-nice-cote-d-azur"}},{"type":"Feature","geometry":{"type":"LineString","coordinates":[[791889.751006417,5397584.67691522],[791790.8003479341,5397763.898879169]]},"properties":{"type":"artcc-low","section":"Tower CTR LFMN CTR 1 Nice Cote d'Azur","uuid":"artcc-low-tower-ctr-lfmn-ctr-1-nice-cote-d-azur"}},{"type":"Feature","geometry":{"type":"LineString","coordinates":[[791790.8003479341,5397763.898879169],[791676.3886490633,5397938.857001063]]},"properties":{"type":"artcc-low","section":"Tower CTR LFMN CTR 1 Nice Cote d'Azur","uuid":"artcc-low-tower-ctr-lfmn-ctr-1-nice-cote-d-azur"}},{"type":"Feature","geometry":{"type":"LineString","coordinates":[[791676.3886490633,5397938.857001063],[791549.6081178822,5398101.016262434]]},"properties":{"type":"artcc-low","section":"Tower CTR LFMN CTR 1 Nice Cote d'Azur","uuid":"artcc-low-tower-ctr-lfmn-ctr-1-nice-cote-d-azur"}},{"type":"Feature","geometry":{"type":"LineString","coordinates":[[791549.6081178822,5398101.016262434],[791407.3665463128,5398250.375990519]]},"properties":{"type":"artcc-low","section":"Tower CTR LFMN CTR 1 Nice Cote d'Azur","uuid":"artcc-low-tower-ctr-lfmn-ctr-1-nice-cote-d-azur"}},{"type":"Feature","geometry":{"type":"LineString","coordinates":[[791407.3665463128,5398250.375990519],[791252.7561424333,5398386.935565615]]},"properties":{"type":"artcc-low","section":"Tower CTR LFMN CTR 1 Nice Cote d'Azur","uuid":"artcc-low-tower-ctr-lfmn-ctr-1-nice-cote-d-azur"}},{"type":"Feature","geometry":{"type":"LineString","coordinates":[[791252.7561424333,5398386.935565615],[791088.8691143211,5398510.694421097]]},"properties":{"type":"artcc-low","section":"Tower CTR LFMN CTR 1 Nice Cote d'Azur","uuid":"artcc-low-tower-ctr-lfmn-ctr-1-nice-cote-d-azur"}},{"type":"Feature","geometry":{"type":"LineString","coordinates":[[791088.8691143211,5398510.694421097],[790912.6132538983,5398617.384417954]]},"properties":{"type":"artcc-low","section":"Tower CTR LFMN CTR 1 Nice Cote d'Azur","uuid":"artcc-low-tower-ctr-lfmn-ctr-1-nice-cote-d-azur"}},{"type":"Feature","geometry":{"type":"LineString","coordinates":[[790912.6132538983,5398617.384417954],[790730.1729773205,5398711.272632635]]},"properties":{"type":"artcc-low","section":"Tower CTR LFMN CTR 1 Nice Cote d'Azur","uuid":"artcc-low-tower-ctr-lfmn-ctr-1-nice-cote-d-azur"}},{"type":"Feature","geometry":{"type":"LineString","coordinates":[[790730.1729773205,5398711.272632635],[790538.4560765099,5398783.823269116]]},"properties":{"type":"artcc-low","section":"Tower CTR LFMN CTR 1 Nice Cote d'Azur","uuid":"artcc-low-tower-ctr-lfmn-ctr-1-nice-cote-d-azur"}},{"type":"Feature","geometry":{"type":"LineString","coordinates":[[790538.4560765099,5398783.823269116],[790343.6469676216,5398843.571279175]]},"properties":{"type":"artcc-low","section":"Tower CTR LFMN CTR 1 Nice Cote d'Azur","uuid":"artcc-low-tower-ctr-lfmn-ctr-1-nice-cote-d-azur"}},{"type":"Feature","geometry":{"type":"LineString","coordinates":[[790343.6469676216,5398843.571279175],[790142.6534425783,5398886.248665393]]},"properties":{"type":"artcc-low","section":"Tower CTR LFMN CTR 1 Nice Cote d'Azur","uuid":"artcc-low-tower-ctr-lfmn-ctr-1-nice-cote-d-azur"}},{"type":"Feature","geometry":{"type":"LineString","coordinates":[[790142.6534425783,5398886.248665393],[789938.5677094571,5398907.587432309]]},"properties":{"type":"artcc-low","section":"Tower CTR LFMN CTR 1 Nice Cote d'Azur","uuid":"artcc-low-tower-ctr-lfmn-ctr-1-nice-cote-d-azur"}},{"type":"Feature","geometry":{"type":"LineString","coordinates":[[789938.5677094571,5398907.587432309],[789731.3897682586,5398911.855191592]]},"properties":{"type":"artcc-low","section":"Tower CTR LFMN CTR 1 Nice Cote d'Azur","uuid":"artcc-low-tower-ctr-lfmn-ctr-1-nice-cote-d-azur"}},{"type":"Feature","geometry":{"type":"LineString","coordinates":[[789731.3897682586,5398911.855191592],[789527.3040351375,5398899.051919635]]},"properties":{"type":"artcc-low","section":"Tower CTR LFMN CTR 1 Nice Cote d'Azur","uuid":"artcc-low-tower-ctr-lfmn-ctr-1-nice-cote-d-azur"}},{"type":"Feature","geometry":{"type":"LineString","coordinates":[[789527.3040351375,5398899.051919635],[789326.3105100942,5398869.177687289]]},"properties":{"type":"artcc-low","section":"Tower CTR LFMN CTR 1 Nice Cote d'Azur","uuid":"artcc-low-tower-ctr-lfmn-ctr-1-nice-cote-d-azur"}},{"type":"Feature","geometry":{"type":"LineString","coordinates":[[789326.3105100942,5398869.177687289],[789125.3169850508,5398817.964941915]]},"properties":{"type":"artcc-low","section":"Tower CTR LFMN CTR 1 Nice Cote d'Azur","uuid":"artcc-low-tower-ctr-lfmn-ctr-1-nice-cote-d-azur"}},{"type":"Feature","geometry":{"type":"LineString","coordinates":[[789125.3169850508,5398817.964941915],[788933.6000842401,5398749.681722272]]},"properties":{"type":"artcc-low","section":"Tower CTR LFMN CTR 1 Nice Cote d'Azur","uuid":"artcc-low-tower-ctr-lfmn-ctr-1-nice-cote-d-azur"}},{"type":"Feature","geometry":{"type":"LineString","coordinates":[[788933.6000842401,5398749.681722272],[788744.9753915071,5398668.596053336]]},"properties":{"type":"artcc-low","section":"Tower CTR LFMN CTR 1 Nice Cote d'Azur","uuid":"artcc-low-tower-ctr-lfmn-ctr-1-nice-cote-d-azur"}},{"type":"Feature","geometry":{"type":"LineString","coordinates":[[788744.9753915071,5398668.596053336],[788565.6273230067,5398570.440667803]]},"properties":{"type":"artcc-low","section":"Tower CTR LFMN CTR 1 Nice Cote d'Azur","uuid":"artcc-low-tower-ctr-lfmn-ctr-1-nice-cote-d-azur"}},{"type":"Feature","geometry":{"type":"LineString","coordinates":[[788565.6273230067,5398570.440667803],[788395.5558787393,5398455.216108811]]},"properties":{"type":"artcc-low","section":"Tower CTR LFMN CTR 1 Nice Cote d'Azur","uuid":"artcc-low-tower-ctr-lfmn-ctr-1-nice-cote-d-azur"}},{"type":"Feature","geometry":{"type":"LineString","coordinates":[[788395.5558787393,5398455.216108811],[788234.7610587047,5398322.923013899]]},"properties":{"type":"artcc-low","section":"Tower CTR LFMN CTR 1 Nice Cote d'Azur","uuid":"artcc-low-tower-ctr-lfmn-ctr-1-nice-cote-d-azur"}},{"type":"Feature","geometry":{"type":"LineString","coordinates":[[788234.7610587047,5398322.923013899],[788086.3350709801,5398182.09695859]]},"properties":{"type":"artcc-low","section":"Tower CTR LFMN CTR 1 Nice Cote d'Azur","uuid":"artcc-low-tower-ctr-lfmn-ctr-1-nice-cote-d-azur"}},{"type":"Feature","geometry":{"type":"LineString","coordinates":[[788086.3350709801,5398182.09695859],[787950.2779155661,5398024.203626566]]},"properties":{"type":"artcc-low","section":"Tower CTR LFMN CTR 1 Nice Cote d'Azur","uuid":"artcc-low-tower-ctr-lfmn-ctr-1-nice-cote-d-azur"}},{"type":"Feature","geometry":{"type":"LineString","coordinates":[[787950.2779155661,5398024.203626566],[787832.7740086177,5397857.77843581]]},"properties":{"type":"artcc-low","section":"Tower CTR LFMN CTR 1 Nice Cote d'Azur","uuid":"artcc-low-tower-ctr-lfmn-ctr-1-nice-cote-d-azur"}},{"type":"Feature","geometry":{"type":"LineString","coordinates":[[787832.7740086177,5397857.77843581],[785173.4750618895,5394273.961944302]]},"properties":{"type":"artcc-low","section":"Tower CTR LFMN CTR 1 Nice Cote d'Azur","uuid":"artcc-low-tower-ctr-lfmn-ctr-1-nice-cote-d-azur"}},{"type":"Feature","geometry":{"type":"LineString","coordinates":[[785173.4750618895,5394273.961944302],[779236.435552915,5410241.15840622]]},"properties":{"type":"artcc-low","section":"Tower CTR LFMN CTR 1 Nice Cote d'Azur","uuid":"artcc-low-tower-ctr-lfmn-ctr-1-nice-cote-d-azur"}},{"type":"Feature","geometry":{"type":"LineString","coordinates":[[779236.435552915,5410241.15840622],[810282.2046519279,5427092.109770967]]},"properties":{"type":"artcc-low","section":"Tower CTR LFMN CTR 1 Nice Cote d'Azur","uuid":"artcc-low-tower-ctr-lfmn-ctr-1-nice-cote-d-azur"}},{"type":"Feature","geometry":{"type":"LineString","coordinates":[[810282.2046519279,5427092.109770967],[827474.8815633336,5427092.109770967]]},"properties":{"type":"artcc-low","section":"Tower CTR LFMN CTR 1 Nice Cote d'Azur","uuid":"artcc-low-tower-ctr-lfmn-ctr-1-nice-cote-d-azur"}},{"type":"Feature","geometry":{"type":"LineString","coordinates":[[787832.7740086177,5397857.77843581],[787950.2779155661,5398028.470978501]]},"properties":{"type":"artcc-low","section":"Tower CTR LFMN CTR 2 Nice Cote d'Azur","uuid":"artcc-low-tower-ctr-lfmn-ctr-2-nice-cote-d-azur"}},{"type":"Feature","geometry":{"type":"LineString","coordinates":[[787950.2779155661,5398028.470978501],[788086.3350709801,5398182.09695859]]},"properties":{"type":"artcc-low","section":"Tower CTR LFMN CTR 2 Nice Cote d'Azur","uuid":"artcc-low-tower-ctr-lfmn-ctr-2-nice-cote-d-azur"}},{"type":"Feature","geometry":{"type":"LineString","coordinates":[[788086.3350709801,5398182.09695859],[788234.7610587047,5398327.190503572]]},"properties":{"type":"artcc-low","section":"Tower CTR LFMN CTR 2 Nice Cote d'Azur","uuid":"artcc-low-tower-ctr-lfmn-ctr-2-nice-cote-d-azur"}},{"type":"Feature","geometry":{"type":"LineString","coordinates":[[788234.7610587047,5398327.190503572],[788395.5558787393,5398455.216108811]]},"properties":{"type":"artcc-low","section":"Tower CTR LFMN CTR 2 Nice Cote d'Azur","uuid":"artcc-low-tower-ctr-lfmn-ctr-2-nice-cote-d-azur"}},{"type":"Feature","geometry":{"type":"LineString","coordinates":[[788395.5558787393,5398455.216108811],[788565.6273230067,5398570.440667803]]},"properties":{"type":"artcc-low","section":"Tower CTR LFMN CTR 2 Nice Cote d'Azur","uuid":"artcc-low-tower-ctr-lfmn-ctr-2-nice-cote-d-azur"}},{"type":"Feature","geometry":{"type":"LineString","coordinates":[[788565.6273230067,5398570.440667803],[788744.9753915071,5398668.596053336]]},"properties":{"type":"artcc-low","section":"Tower CTR LFMN CTR 2 Nice Cote d'Azur","uuid":"artcc-low-tower-ctr-lfmn-ctr-2-nice-cote-d-azur"}},{"type":"Feature","geometry":{"type":"LineString","coordinates":[[788744.9753915071,5398668.596053336],[788933.6000842401,5398753.949408741]]},"properties":{"type":"artcc-low","section":"Tower CTR LFMN CTR 2 Nice Cote d'Azur","uuid":"artcc-low-tower-ctr-lfmn-ctr-2-nice-cote-d-azur"}},{"type":"Feature","geometry":{"type":"LineString","coordinates":[[788933.6000842401,5398753.949408741],[789128.4091931285,5398817.964941915]]},"properties":{"type":"artcc-low","section":"Tower CTR LFMN CTR 2 Nice Cote d'Azur","uuid":"artcc-low-tower-ctr-lfmn-ctr-2-nice-cote-d-azur"}},{"type":"Feature","geometry":{"type":"LineString","coordinates":[[789128.4091931285,5398817.964941915],[789326.3105100942,5398869.177687289]]},"properties":{"type":"artcc-low","section":"Tower CTR LFMN CTR 2 Nice Cote d'Azur","uuid":"artcc-low-tower-ctr-lfmn-ctr-2-nice-cote-d-azur"}},{"type":"Feature","geometry":{"type":"LineString","coordinates":[[789326.3105100942,5398869.177687289],[789530.3962432151,5398899.051919635]]},"properties":{"type":"artcc-low","section":"Tower CTR LFMN CTR 2 Nice Cote d'Azur","uuid":"artcc-low-tower-ctr-lfmn-ctr-2-nice-cote-d-azur"}},{"type":"Feature","geometry":{"type":"LineString","coordinates":[[789530.3962432151,5398899.051919635],[789734.4819763362,5398911.855191592]]},"properties":{"type":"artcc-low","section":"Tower CTR LFMN CTR 2 Nice Cote d'Azur","uuid":"artcc-low-tower-ctr-lfmn-ctr-2-nice-cote-d-azur"}},{"type":"Feature","geometry":{"type":"LineString","coordinates":[[789734.4819763362,5398911.855191592],[789938.5677094571,5398907.587432309]]},"properties":{"type":"artcc-low","section":"Tower CTR LFMN CTR 2 Nice Cote d'Azur","uuid":"artcc-low-tower-ctr-lfmn-ctr-2-nice-cote-d-azur"}},{"type":"Feature","geometry":{"type":"LineString","coordinates":[[789938.5677094571,5398907.587432309],[790142.6534425783,5398881.980917914]]},"properties":{"type":"artcc-low","section":"Tower CTR LFMN CTR 2 Nice Cote d'Azur","uuid":"artcc-low-tower-ctr-lfmn-ctr-2-nice-cote-d-azur"}},{"type":"Feature","geometry":{"type":"LineString","coordinates":[[790142.6534425783,5398881.980917914],[790343.6469676216,5398843.571279175]]},"properties":{"type":"artcc-low","section":"Tower CTR LFMN CTR 2 Nice Cote d'Azur","uuid":"artcc-low-tower-ctr-lfmn-ctr-2-nice-cote-d-azur"}},{"type":"Feature","geometry":{"type":"LineString","coordinates":[[790343.6469676216,5398843.571279175],[790541.5482845873,5398783.823269116]]},"properties":{"type":"artcc-low","section":"Tower CTR LFMN CTR 2 Nice Cote d'Azur","uuid":"artcc-low-tower-ctr-lfmn-ctr-2-nice-cote-d-azur"}},{"type":"Feature","geometry":{"type":"LineString","coordinates":[[790541.5482845873,5398783.823269116],[790730.1729773205,5398707.004965848]]},"properties":{"type":"artcc-low","section":"Tower CTR LFMN CTR 2 Nice Cote d'Azur","uuid":"artcc-low-tower-ctr-lfmn-ctr-2-nice-cote-d-azur"}},{"type":"Feature","geometry":{"type":"LineString","coordinates":[[790730.1729773205,5398707.004965848],[790915.7054619759,5398617.384417954]]},"properties":{"type":"artcc-low","section":"Tower CTR LFMN CTR 2 Nice Cote d'Azur","uuid":"artcc-low-tower-ctr-lfmn-ctr-2-nice-cote-d-azur"}},{"type":"Feature","geometry":{"type":"LineString","coordinates":[[790915.7054619759,5398617.384417954],[791088.8691143211,5398510.694421097]]},"properties":{"type":"artcc-low","section":"Tower CTR LFMN CTR 2 Nice Cote d'Azur","uuid":"artcc-low-tower-ctr-lfmn-ctr-2-nice-cote-d-azur"}},{"type":"Feature","geometry":{"type":"LineString","coordinates":[[791088.8691143211,5398510.694421097],[791255.8483505109,5398386.935565615]]},"properties":{"type":"artcc-low","section":"Tower CTR LFMN CTR 2 Nice Cote d'Azur","uuid":"artcc-low-tower-ctr-lfmn-ctr-2-nice-cote-d-azur"}},{"type":"Feature","geometry":{"type":"LineString","coordinates":[[791255.8483505109,5398386.935565615],[791407.3665463128,5398250.375990519]]},"properties":{"type":"artcc-low","section":"Tower CTR LFMN CTR 2 Nice Cote d'Azur","uuid":"artcc-low-tower-ctr-lfmn-ctr-2-nice-cote-d-azur"}},{"type":"Feature","geometry":{"type":"LineString","coordinates":[[791407.3665463128,5398250.375990519],[791549.6081178822,5398101.016262434]]},"properties":{"type":"artcc-low","section":"Tower CTR LFMN CTR 2 Nice Cote d'Azur","uuid":"artcc-low-tower-ctr-lfmn-ctr-2-nice-cote-d-azur"}},{"type":"Feature","geometry":{"type":"LineString","coordinates":[[791549.6081178822,5398101.016262434],[791679.4808571409,5397938.857001063]]},"properties":{"type":"artcc-low","section":"Tower CTR LFMN CTR 2 Nice Cote d'Azur","uuid":"artcc-low-tower-ctr-lfmn-ctr-2-nice-cote-d-azur"}},{"type":"Feature","geometry":{"type":"LineString","coordinates":[[791679.4808571409,5397938.857001063],[791790.8003479341,5397763.898879169]]},"properties":{"type":"artcc-low","section":"Tower CTR LFMN CTR 2 Nice Cote d'Azur","uuid":"artcc-low-tower-ctr-lfmn-ctr-2-nice-cote-d-azur"}},{"type":"Feature","geometry":{"type":"LineString","coordinates":[[791790.8003479341,5397763.898879169],[791889.751006417,5397580.409767899]]},"properties":{"type":"artcc-low","section":"Tower CTR LFMN CTR 2 Nice Cote d'Azur","uuid":"artcc-low-tower-ctr-lfmn-ctr-2-nice-cote-d-azur"}},{"type":"Feature","geometry":{"type":"LineString","coordinates":[[791889.751006417,5397580.409767899],[791973.240624512,5397392.657233418]]},"properties":{"type":"artcc-low","section":"Tower CTR LFMN CTR 2 Nice Cote d'Azur","uuid":"artcc-low-tower-ctr-lfmn-ctr-2-nice-cote-d-azur"}},{"type":"Feature","geometry":{"type":"LineString","coordinates":[[791973.240624512,5397392.657233418],[792038.1769941414,5397196.374564872]]},"properties":{"type":"artcc-low","section":"Tower CTR LFMN CTR 2 Nice Cote d'Azur","uuid":"artcc-low-tower-ctr-lfmn-ctr-2-nice-cote-d-azur"}},{"type":"Feature","geometry":{"type":"LineString","coordinates":[[792038.1769941414,5397196.374564872],[792084.5601153054,5396995.829180781]]},"properties":{"type":"artcc-low","section":"Tower CTR LFMN CTR 2 Nice Cote d'Azur","uuid":"artcc-low-tower-ctr-lfmn-ctr-2-nice-cote-d-azur"}},{"type":"Feature","geometry":{"type":"LineString","coordinates":[[792084.5601153054,5396995.829180781],[792115.4821960812,5396791.0213581845]]},"properties":{"type":"artcc-low","section":"Tower CTR LFMN CTR 2 Nice Cote d'Azur","uuid":"artcc-low-tower-ctr-lfmn-ctr-2-nice-cote-d-azur"}},{"type":"Feature","geometry":{"type":"LineString","coordinates":[[792115.4821960812,5396791.0213581845],[792130.9432364692,5396581.951380009]]},"properties":{"type":"artcc-low","section":"Tower CTR LFMN CTR 2 Nice Cote d'Azur","uuid":"artcc-low-tower-ctr-lfmn-ctr-2-nice-cote-d-azur"}},{"type":"Feature","geometry":{"type":"LineString","coordinates":[[792130.9432364692,5396581.951380009],[792124.7588203141,5396372.886123746]]},"properties":{"type":"artcc-low","section":"Tower CTR LFMN CTR 2 Nice Cote d'Azur","uuid":"artcc-low-tower-ctr-lfmn-ctr-2-nice-cote-d-azur"}},{"type":"Feature","geometry":{"type":"LineString","coordinates":[[792124.7588203141,5396372.886123746],[792103.1133637709,5396168.092083388]]},"properties":{"type":"artcc-low","section":"Tower CTR LFMN CTR 2 Nice Cote d'Azur","uuid":"artcc-low-tower-ctr-lfmn-ctr-2-nice-cote-d-azur"}},{"type":"Feature","geometry":{"type":"LineString","coordinates":[[792103.1133637709,5396168.092083388],[792062.9146587622,5395967.568975461]]},"properties":{"type":"artcc-low","section":"Tower CTR LFMN CTR 2 Nice Cote d'Azur","uuid":"artcc-low-tower-ctr-lfmn-ctr-2-nice-cote-d-azur"}},{"type":"Feature","geometry":{"type":"LineString","coordinates":[[792062.9146587622,5395967.568975461],[792007.2549133654,5395767.050210954]]},"properties":{"type":"artcc-low","section":"Tower CTR LFMN CTR 2 Nice Cote d'Azur","uuid":"artcc-low-tower-ctr-lfmn-ctr-2-nice-cote-d-azur"}},{"type":"Feature","geometry":{"type":"LineString","coordinates":[[792007.2549133654,5395767.050210954],[792811.2290135392,5392397.27821808]]},"properties":{"type":"artcc-low","section":"Tower CTR LFMN CTR 2 Nice Cote d'Azur","uuid":"artcc-low-tower-ctr-lfmn-ctr-2-nice-cote-d-azur"}},{"type":"Feature","geometry":{"type":"LineString","coordinates":[[792811.2290135392,5392397.27821808],[792780.3069327632,5386258.06124973]]},"properties":{"type":"artcc-low","section":"Tower CTR LFMN CTR 2 Nice Cote d'Azur","uuid":"artcc-low-tower-ctr-lfmn-ctr-2-nice-cote-d-azur"}},{"type":"Feature","geometry":{"type":"LineString","coordinates":[[792780.3069327632,5386258.06124973],[790368.3846322423,5385448.329339802]]},"properties":{"type":"artcc-low","section":"Tower CTR LFMN CTR 2 Nice Cote d'Azur","uuid":"artcc-low-tower-ctr-lfmn-ctr-2-nice-cote-d-azur"}},{"type":"Feature","geometry":{"type":"LineString","coordinates":[[790368.3846322423,5385448.329339802],[790368.3846322423,5391587.009616006]]},"properties":{"type":"artcc-low","section":"Tower CTR LFMN CTR 2 Nice Cote d'Azur","uuid":"artcc-low-tower-ctr-lfmn-ctr-2-nice-cote-d-azur"}},{"type":"Feature","geometry":{"type":"LineString","coordinates":[[790368.3846322423,5391587.009616006],[785173.4750618895,5394273.961944302]]},"properties":{"type":"artcc-low","section":"Tower CTR LFMN CTR 2 Nice Cote d'Azur","uuid":"artcc-low-tower-ctr-lfmn-ctr-2-nice-cote-d-azur"}},{"type":"Feature","geometry":{"type":"LineString","coordinates":[[785173.4750618895,5394273.961944302],[787832.7740086177,5397857.77843581]]},"properties":{"type":"artcc-low","section":"Tower CTR LFMN CTR 2 Nice Cote d'Azur","uuid":"artcc-low-tower-ctr-lfmn-ctr-2-nice-cote-d-azur"}},{"type":"Feature","geometry":{"type":"LineString","coordinates":[[517635.63218872214,5530150.360475277],[520758.762347089,5524956.810110676]]},"properties":{"type":"artcc-low","section":"Tower CTR LFMO CTR Orange","uuid":"artcc-low-tower-ctr-lfmo-ctr-orange"}},{"type":"Feature","geometry":{"type":"LineString","coordinates":[[520758.762347089,5524956.810110676],[537673.1405315114,5511640.216893046]]},"properties":{"type":"artcc-low","section":"Tower CTR LFMO CTR Orange","uuid":"artcc-low-tower-ctr-lfmo-ctr-orange"}},{"type":"Feature","geometry":{"type":"LineString","coordinates":[[537673.1405315114,5511640.216893046],[539853.147226213,5512063.627573439]]},"properties":{"type":"artcc-low","section":"Tower CTR LFMO CTR Orange","uuid":"artcc-low-tower-ctr-lfmo-ctr-orange"}},{"type":"Feature","geometry":{"type":"LineString","coordinates":[[539853.147226213,5512063.627573439],[542070.2604178457,5512137.078363028]]},"properties":{"type":"artcc-low","section":"Tower CTR LFMO CTR Orange","uuid":"artcc-low-tower-ctr-lfmo-ctr-orange"}},{"type":"Feature","geometry":{"type":"LineString","coordinates":[[542070.2604178457,5512137.078363028],[544287.3736094784,5512007.459721191]]},"properties":{"type":"artcc-low","section":"Tower CTR LFMO CTR Orange","uuid":"artcc-low-tower-ctr-lfmo-ctr-orange"}},{"type":"Feature","geometry":{"type":"LineString","coordinates":[[544287.3736094784,5512007.459721191],[546485.9335526455,5511683.421165165]]},"properties":{"type":"artcc-low","section":"Tower CTR LFMO CTR Orange","uuid":"artcc-low-tower-ctr-lfmo-ctr-orange"}},{"type":"Feature","geometry":{"type":"LineString","coordinates":[[546485.9335526455,5511683.421165165],[548647.3869988816,5511164.983388661]]},"properties":{"type":"artcc-low","section":"Tower CTR LFMO CTR Orange","uuid":"artcc-low-tower-ctr-lfmo-ctr-orange"}},{"type":"Feature","geometry":{"type":"LineString","coordinates":[[548647.3869988816,5511164.983388661],[550756.2729077986,5510452.179493876]]},"properties":{"type":"artcc-low","section":"Tower CTR LFMO CTR Orange","uuid":"artcc-low-tower-ctr-lfmo-ctr-orange"}},{"type":"Feature","geometry":{"type":"LineString","coordinates":[[550756.2729077986,5510452.179493876],[552797.1302390087,5509553.693836925]]},"properties":{"type":"artcc-low","section":"Tower CTR LFMO CTR Orange","uuid":"artcc-low-tower-ctr-lfmo-ctr-orange"}},{"type":"Feature","geometry":{"type":"LineString","coordinates":[[552797.1302390087,5509553.693836925],[554751.4057440461,5508482.537962749]]},"properties":{"type":"artcc-low","section":"Tower CTR LFMO CTR Orange","uuid":"artcc-low-tower-ctr-lfmo-ctr-orange"}},{"type":"Feature","geometry":{"type":"LineString","coordinates":[[554751.4057440461,5508482.537962749],[556609.8227986782,5507234.454262282]]},"properties":{"type":"artcc-low","section":"Tower CTR LFMO CTR Orange","uuid":"artcc-low-tower-ctr-lfmo-ctr-orange"}},{"type":"Feature","geometry":{"type":"LineString","coordinates":[[556609.8227986782,5507234.454262282],[558353.8281544395,5505826.785882275]]},"properties":{"type":"artcc-low","section":"Tower CTR LFMO CTR Orange","uuid":"artcc-low-tower-ctr-lfmo-ctr-orange"}},{"type":"Feature","geometry":{"type":"LineString","coordinates":[[558353.8281544395,5505826.785882275],[559971.0529790196,5504272.557346379]]},"properties":{"type":"artcc-low","section":"Tower CTR LFMO CTR Orange","uuid":"artcc-low-tower-ctr-lfmo-ctr-orange"}},{"type":"Feature","geometry":{"type":"LineString","coordinates":[[559971.0529790196,5504272.557346379],[561452.2206481856,5502576.159533888]]},"properties":{"type":"artcc-low","section":"Tower CTR LFMO CTR Orange","uuid":"artcc-low-tower-ctr-lfmo-ctr-orange"}},{"type":"Feature","geometry":{"type":"LineString","coordinates":[[561452.2206481856,5502576.159533888],[561823.2856174966,5502356.039380878]]},"properties":{"type":"artcc-low","section":"Tower CTR LFMO CTR Orange","uuid":"artcc-low-tower-ctr-lfmo-ctr-orange"}},{"type":"Feature","geometry":{"type":"LineString","coordinates":[[561823.2856174966,5502356.039380878],[560926.5452749952,5455989.963373463]]},"properties":{"type":"artcc-low","section":"Tower CTR LFMO CTR Orange","uuid":"artcc-low-tower-ctr-lfmo-ctr-orange"}},{"type":"Feature","geometry":{"type":"LineString","coordinates":[[560926.5452749952,5455989.963373463],[555824.4019469701,5452125.946506693]]},"properties":{"type":"artcc-low","section":"Tower CTR LFMO CTR Orange","uuid":"artcc-low-tower-ctr-lfmo-ctr-orange"}},{"type":"Feature","geometry":{"type":"LineString","coordinates":[[555824.4019469701,5452125.946506693],[544847.0632715222,5460929.683343068]]},"properties":{"type":"artcc-low","section":"Tower CTR LFMO CTR Orange","uuid":"artcc-low-tower-ctr-lfmo-ctr-orange"}},{"type":"Feature","geometry":{"type":"LineString","coordinates":[[544847.0632715222,5460929.683343068],[534240.7895653854,5460929.683343068]]},"properties":{"type":"artcc-low","section":"Tower CTR LFMO CTR Orange","uuid":"artcc-low-tower-ctr-lfmo-ctr-orange"}},{"type":"Feature","geometry":{"type":"LineString","coordinates":[[534240.7895653854,5460929.683343068],[530437.3736299486,5467376.7909258]]},"properties":{"type":"artcc-low","section":"Tower CTR LFMO CTR Orange","uuid":"artcc-low-tower-ctr-lfmo-ctr-orange"}},{"type":"Feature","geometry":{"type":"LineString","coordinates":[[530437.3736299486,5467376.7909258],[512069.65764905844,5484806.642326329]]},"properties":{"type":"artcc-low","section":"Tower CTR LFMO CTR Orange","uuid":"artcc-low-tower-ctr-lfmo-ctr-orange"}},{"type":"Feature","geometry":{"type":"LineString","coordinates":[[512069.65764905844,5484806.642326329],[517635.63218872214,5530150.360475277]]},"properties":{"type":"artcc-low","section":"Tower CTR LFMO CTR Orange","uuid":"artcc-low-tower-ctr-lfmo-ctr-orange"}},{"type":"Feature","geometry":{"type":"LineString","coordinates":[[333958.4723798207,5287860.695463356],[333958.4723798207,5264400.278013918]]},"properties":{"type":"artcc-low","section":"Tower CTR LFMP CTR Perpignan Rivesaltes","uuid":"artcc-low-tower-ctr-lfmp-ctr-perpignan-rivesaltes"}},{"type":"Feature","geometry":{"type":"LineString","coordinates":[[333958.4723798207,5264400.278013918],[333077.1930777073,5263134.155092448]]},"properties":{"type":"artcc-low","section":"Tower CTR LFMP CTR Perpignan Rivesaltes","uuid":"artcc-low-tower-ctr-lfmp-ctr-perpignan-rivesaltes"}},{"type":"Feature","geometry":{"type":"LineString","coordinates":[[333077.1930777073,5263134.155092448],[332069.13324441266,5261969.1360165635]]},"properties":{"type":"artcc-low","section":"Tower CTR LFMP CTR Perpignan Rivesaltes","uuid":"artcc-low-tower-ctr-lfmp-ctr-perpignan-rivesaltes"}},{"type":"Feature","geometry":{"type":"LineString","coordinates":[[332069.13324441266,5261969.1360165635],[330962.1227526351,5260892.567916858]]},"properties":{"type":"artcc-low","section":"Tower CTR LFMP CTR Perpignan Rivesaltes","uuid":"artcc-low-tower-ctr-lfmp-ctr-perpignan-rivesaltes"}},{"type":"Feature","geometry":{"type":"LineString","coordinates":[[330962.1227526351,5260892.567916858],[329765.43822660745,5259921.239104244]]},"properties":{"type":"artcc-low","section":"Tower CTR LFMP CTR Perpignan Rivesaltes","uuid":"artcc-low-tower-ctr-lfmp-ctr-perpignan-rivesaltes"}},{"type":"Feature","geometry":{"type":"LineString","coordinates":[[329765.43822660745,5259921.239104244],[328488.3562905623,5259055.116999567]]},"properties":{"type":"artcc-low","section":"Tower CTR LFMP CTR Perpignan Rivesaltes","uuid":"artcc-low-tower-ctr-lfmp-ctr-perpignan-rivesaltes"}},{"type":"Feature","geometry":{"type":"LineString","coordinates":[[328488.3562905623,5259055.116999567],[327140.1535687327,5258302.580454333]]},"properties":{"type":"artcc-low","section":"Tower CTR LFMP CTR Perpignan Rivesaltes","uuid":"artcc-low-tower-ctr-lfmp-ctr-perpignan-rivesaltes"}},{"type":"Feature","geometry":{"type":"LineString","coordinates":[[327140.1535687327,5258302.580454333],[325733.19889342884,5257667.805894065]]},"properties":{"type":"artcc-low","section":"Tower CTR LFMP CTR Perpignan Rivesaltes","uuid":"artcc-low-tower-ctr-lfmp-ctr-perpignan-rivesaltes"}},{"type":"Feature","geometry":{"type":"LineString","coordinates":[[325733.19889342884,5257667.805894065],[324273.6766808059,5257163.379807142]]},"properties":{"type":"artcc-low","section":"Tower CTR LFMP CTR Perpignan Rivesaltes","uuid":"artcc-low-tower-ctr-lfmp-ctr-perpignan-rivesaltes"}},{"type":"Feature","geometry":{"type":"LineString","coordinates":[[324273.6766808059,5257163.379807142],[322777.04797125194,5256785.077974965]]},"properties":{"type":"artcc-low","section":"Tower CTR LFMP CTR Perpignan Rivesaltes","uuid":"artcc-low-tower-ctr-lfmp-ctr-perpignan-rivesaltes"}},{"type":"Feature","geometry":{"type":"LineString","coordinates":[[322777.04797125194,5256785.077974965],[321252.58938899956,5256537.088354355]]},"properties":{"type":"artcc-low","section":"Tower CTR LFMP CTR Perpignan Rivesaltes","uuid":"artcc-low-tower-ctr-lfmp-ctr-perpignan-rivesaltes"}},{"type":"Feature","geometry":{"type":"LineString","coordinates":[[321252.58938899956,5256537.088354355],[319712.66976635926,5256423.603756992]]},"properties":{"type":"artcc-low","section":"Tower CTR LFMP CTR Perpignan Rivesaltes","uuid":"artcc-low-tower-ctr-lfmp-ctr-perpignan-rivesaltes"}},{"type":"Feature","geometry":{"type":"LineString","coordinates":[[319712.66976635926,5256423.603756992],[318280.9774264347,5256410.9944417095]]},"properties":{"type":"artcc-low","section":"Tower CTR LFMP CTR Perpignan Rivesaltes","uuid":"artcc-low-tower-ctr-lfmp-ctr-perpignan-rivesaltes"}},{"type":"Feature","geometry":{"type":"LineString","coordinates":[[318280.9774264347,5256410.9944417095],[301366.59924201225,5283686.605431303]]},"properties":{"type":"artcc-low","section":"Tower CTR LFMP CTR Perpignan Rivesaltes","uuid":"artcc-low-tower-ctr-lfmp-ctr-perpignan-rivesaltes"}},{"type":"Feature","geometry":{"type":"LineString","coordinates":[[301366.59924201225,5283686.605431303],[302281.8928329792,5285195.809518703]]},"properties":{"type":"artcc-low","section":"Tower CTR LFMP CTR Perpignan Rivesaltes","uuid":"artcc-low-tower-ctr-lfmp-ctr-perpignan-rivesaltes"}},{"type":"Feature","geometry":{"type":"LineString","coordinates":[[302281.8928329792,5285195.809518703],[303317.78253897215,5286625.139978016]]},"properties":{"type":"artcc-low","section":"Tower CTR LFMP CTR Perpignan Rivesaltes","uuid":"artcc-low-tower-ctr-lfmp-ctr-perpignan-rivesaltes"}},{"type":"Feature","geometry":{"type":"LineString","coordinates":[[303317.78253897215,5286625.139978016],[304471.1761519136,5287957.691349755]]},"properties":{"type":"artcc-low","section":"Tower CTR LFMP CTR Perpignan Rivesaltes","uuid":"artcc-low-tower-ctr-lfmp-ctr-perpignan-rivesaltes"}},{"type":"Feature","geometry":{"type":"LineString","coordinates":[[304471.1761519136,5287957.691349755],[305738.98146372585,5289189.204597775]]},"properties":{"type":"artcc-low","section":"Tower CTR LFMP CTR Perpignan Rivesaltes","uuid":"artcc-low-tower-ctr-lfmp-ctr-perpignan-rivesaltes"}},{"type":"Feature","geometry":{"type":"LineString","coordinates":[[305738.98146372585,5289189.204597775],[307105.7374340211,5290302.7667476]]},"properties":{"type":"artcc-low","section":"Tower CTR LFMP CTR Perpignan Rivesaltes","uuid":"artcc-low-tower-ctr-lfmp-ctr-perpignan-rivesaltes"}},{"type":"Feature","geometry":{"type":"LineString","coordinates":[[307105.7374340211,5290302.7667476],[308565.25964664394,5291294.11704098]]},"properties":{"type":"artcc-low","section":"Tower CTR LFMP CTR Perpignan Rivesaltes","uuid":"artcc-low-tower-ctr-lfmp-ctr-perpignan-rivesaltes"}},{"type":"Feature","geometry":{"type":"LineString","coordinates":[[308565.25964664394,5291294.11704098],[310108.2714773618,5292154.778462974]]},"properties":{"type":"artcc-low","section":"Tower CTR LFMP CTR Perpignan Rivesaltes","uuid":"artcc-low-tower-ctr-lfmp-ctr-perpignan-rivesaltes"}},{"type":"Feature","geometry":{"type":"LineString","coordinates":[[310108.2714773618,5292154.778462974],[311719.3118857867,5292876.276121473]]},"properties":{"type":"artcc-low","section":"Tower CTR LFMP CTR Perpignan Rivesaltes","uuid":"artcc-low-tower-ctr-lfmp-ctr-perpignan-rivesaltes"}},{"type":"Feature","geometry":{"type":"LineString","coordinates":[[311719.3118857867,5292876.276121473],[313386.0120396082,5293454.358174485]]},"properties":{"type":"artcc-low","section":"Tower CTR LFMP CTR Perpignan Rivesaltes","uuid":"artcc-low-tower-ctr-lfmp-ctr-perpignan-rivesaltes"}},{"type":"Feature","geometry":{"type":"LineString","coordinates":[[313386.0120396082,5293454.358174485],[315096.003106516,5293884.778185311]]},"properties":{"type":"artcc-low","section":"Tower CTR LFMP CTR Perpignan Rivesaltes","uuid":"artcc-low-tower-ctr-lfmp-ctr-perpignan-rivesaltes"}},{"type":"Feature","geometry":{"type":"LineString","coordinates":[[315096.003106516,5293884.778185311],[316840.0084622773,5294167.515811132]]},"properties":{"type":"artcc-low","section":"Tower CTR LFMP CTR Perpignan Rivesaltes","uuid":"artcc-low-tower-ctr-lfmp-ctr-perpignan-rivesaltes"}},{"type":"Feature","geometry":{"type":"LineString","coordinates":[[316840.0084622773,5294167.515811132],[318599.4748584266,5294294.117512602]]},"properties":{"type":"artcc-low","section":"Tower CTR LFMP CTR Perpignan Rivesaltes","uuid":"artcc-low-tower-ctr-lfmp-ctr-perpignan-rivesaltes"}},{"type":"Feature","geometry":{"type":"LineString","coordinates":[[318599.4748584266,5294294.117512602],[320362.0334626534,5294268.797035505]]},"properties":{"type":"artcc-low","section":"Tower CTR LFMP CTR Perpignan Rivesaltes","uuid":"artcc-low-tower-ctr-lfmp-ctr-perpignan-rivesaltes"}},{"type":"Feature","geometry":{"type":"LineString","coordinates":[[320362.0334626534,5294268.797035505],[322118.40765072504,5294087.335618016]]},"properties":{"type":"artcc-low","section":"Tower CTR LFMP CTR Perpignan Rivesaltes","uuid":"artcc-low-tower-ctr-lfmp-ctr-perpignan-rivesaltes"}},{"type":"Feature","geometry":{"type":"LineString","coordinates":[[322118.40765072504,5294087.335618016],[323850.04417417594,5293753.962169769]]},"properties":{"type":"artcc-low","section":"Tower CTR LFMP CTR Perpignan Rivesaltes","uuid":"artcc-low-tower-ctr-lfmp-ctr-perpignan-rivesaltes"}},{"type":"Feature","geometry":{"type":"LineString","coordinates":[[323850.04417417594,5293753.962169769],[325547.66640877334,5293272.912523463]]},"properties":{"type":"artcc-low","section":"Tower CTR LFMP CTR Perpignan Rivesaltes","uuid":"artcc-low-tower-ctr-lfmp-ctr-perpignan-rivesaltes"}},{"type":"Feature","geometry":{"type":"LineString","coordinates":[[325547.66640877334,5293272.912523463],[327198.9055222069,5292644.209413187]]},"properties":{"type":"artcc-low","section":"Tower CTR LFMP CTR Perpignan Rivesaltes","uuid":"artcc-low-tower-ctr-lfmp-ctr-perpignan-rivesaltes"}},{"type":"Feature","geometry":{"type":"LineString","coordinates":[[327198.9055222069,5292644.209413187],[328785.20826601115,5291872.101537572]]},"properties":{"type":"artcc-low","section":"Tower CTR LFMP CTR Perpignan Rivesaltes","uuid":"artcc-low-tower-ctr-lfmp-ctr-perpignan-rivesaltes"}},{"type":"Feature","geometry":{"type":"LineString","coordinates":[[328785.20826601115,5291872.101537572],[330300.39022403065,5290969.280080555]]},"properties":{"type":"artcc-low","section":"Tower CTR LFMP CTR Perpignan Rivesaltes","uuid":"artcc-low-tower-ctr-lfmp-ctr-perpignan-rivesaltes"}},{"type":"Feature","geometry":{"type":"LineString","coordinates":[[330300.39022403065,5290969.280080555],[331728.9903558777,5289931.5646718955]]},"properties":{"type":"artcc-low","section":"Tower CTR LFMP CTR Perpignan Rivesaltes","uuid":"artcc-low-tower-ctr-lfmp-ctr-perpignan-rivesaltes"}},{"type":"Feature","geometry":{"type":"LineString","coordinates":[[331728.9903558777,5289931.5646718955],[333064.82424539694,5288780.088082465]]},"properties":{"type":"artcc-low","section":"Tower CTR LFMP CTR Perpignan Rivesaltes","uuid":"artcc-low-tower-ctr-lfmp-ctr-perpignan-rivesaltes"}},{"type":"Feature","geometry":{"type":"LineString","coordinates":[[333064.82424539694,5288780.088082465],[333958.4723798207,5287860.695463356]]},"properties":{"type":"artcc-low","section":"Tower CTR LFMP CTR Perpignan Rivesaltes","uuid":"artcc-low-tower-ctr-lfmp-ctr-perpignan-rivesaltes"}},{"type":"Feature","geometry":{"type":"LineString","coordinates":[[440546.88481438014,5421186.4992095195],[454245.36659810797,5401955.268716771]]},"properties":{"type":"artcc-low","section":"Tower CTR LFMT CTR Montpellier Mediterannee","uuid":"artcc-low-tower-ctr-lfmt-ctr-montpellier-mediterannee"}},{"type":"Feature","geometry":{"type":"LineString","coordinates":[[454245.36659810797,5401955.268716771],[462470.64008449984,5401357.605021139]]},"properties":{"type":"artcc-low","section":"Tower CTR LFMT CTR Montpellier Mediterannee","uuid":"artcc-low-tower-ctr-lfmt-ctr-montpellier-mediterannee"}},{"type":"Feature","geometry":{"type":"LineString","coordinates":[[462470.64008449984,5401357.605021139],[462377.87384217215,5399560.577490967]]},"properties":{"type":"artcc-low","section":"Tower CTR LFMT CTR Montpellier Mediterannee","uuid":"artcc-low-tower-ctr-lfmt-ctr-montpellier-mediterannee"}},{"type":"Feature","geometry":{"type":"LineString","coordinates":[[462377.87384217215,5399560.577490967],[462201.6179817495,5397772.433344966]]},"properties":{"type":"artcc-low","section":"Tower CTR LFMT CTR Montpellier Mediterannee","uuid":"artcc-low-tower-ctr-lfmt-ctr-montpellier-mediterannee"}},{"type":"Feature","geometry":{"type":"LineString","coordinates":[[462201.6179817495,5397772.433344966],[461870.75171744725,5396005.96668117]]},"properties":{"type":"artcc-low","section":"Tower CTR LFMT CTR Montpellier Mediterannee","uuid":"artcc-low-tower-ctr-lfmt-ctr-montpellier-mediterannee"}},{"type":"Feature","geometry":{"type":"LineString","coordinates":[[461870.75171744725,5396005.96668117],[461388.3672573431,5394278.227567808]]},"properties":{"type":"artcc-low","section":"Tower CTR LFMT CTR Montpellier Mediterannee","uuid":"artcc-low-tower-ctr-lfmt-ctr-montpellier-mediterannee"}},{"type":"Feature","geometry":{"type":"LineString","coordinates":[[461388.3672573431,5394278.227567808],[460760.6490175921,5392597.724019905]]},"properties":{"type":"artcc-low","section":"Tower CTR LFMT CTR Montpellier Mediterannee","uuid":"artcc-low-tower-ctr-lfmt-ctr-montpellier-mediterannee"}},{"type":"Feature","geometry":{"type":"LineString","coordinates":[[460760.6490175921,5392597.724019905],[459990.6892062719,5390981.486731371]]},"properties":{"type":"artcc-low","section":"Tower CTR LFMT CTR Montpellier Mediterannee","uuid":"artcc-low-tower-ctr-lfmt-ctr-montpellier-mediterannee"}},{"type":"Feature","geometry":{"type":"LineString","coordinates":[[459990.6892062719,5390981.486731371],[459084.6722395377,5389438.0088494895]]},"properties":{"type":"artcc-low","section":"Tower CTR LFMT CTR Montpellier Mediterannee","uuid":"artcc-low-tower-ctr-lfmt-ctr-montpellier-mediterannee"}},{"type":"Feature","geometry":{"type":"LineString","coordinates":[[459084.6722395377,5389438.0088494895],[458045.6903254672,5387980.042176353]]},"properties":{"type":"artcc-low","section":"Tower CTR LFMT CTR Montpellier Mediterannee","uuid":"artcc-low-tower-ctr-lfmt-ctr-montpellier-mediterannee"}},{"type":"Feature","geometry":{"type":"LineString","coordinates":[[458045.6903254672,5387980.042176353],[456889.2045044482,5386620.332640232]]},"properties":{"type":"artcc-low","section":"Tower CTR LFMT CTR Montpellier Mediterannee","uuid":"artcc-low-tower-ctr-lfmt-ctr-montpellier-mediterannee"}},{"type":"Feature","geometry":{"type":"LineString","coordinates":[[456889.2045044482,5386620.332640232],[455618.30698455835,5385367.360039332]]},"properties":{"type":"artcc-low","section":"Tower CTR LFMT CTR Montpellier Mediterannee","uuid":"artcc-low-tower-ctr-lfmt-ctr-montpellier-mediterannee"}},{"type":"Feature","geometry":{"type":"LineString","coordinates":[[455618.30698455835,5385367.360039332],[454242.2743900303,5384233.864089526]]},"properties":{"type":"artcc-low","section":"Tower CTR LFMT CTR Montpellier Mediterannee","uuid":"artcc-low-tower-ctr-lfmt-ctr-montpellier-mediterannee"}},{"type":"Feature","geometry":{"type":"LineString","coordinates":[[454242.2743900303,5384233.864089526],[453379.54833638255,5383701.254082647]]},"properties":{"type":"artcc-low","section":"Tower CTR LFMT CTR Montpellier Mediterannee","uuid":"artcc-low-tower-ctr-lfmt-ctr-montpellier-mediterannee"}},{"type":"Feature","geometry":{"type":"LineString","coordinates":[[453379.54833638255,5383701.254082647],[434146.0140937669,5385831.877742236]]},"properties":{"type":"artcc-low","section":"Tower CTR LFMT CTR Montpellier Mediterannee","uuid":"artcc-low-tower-ctr-lfmt-ctr-montpellier-mediterannee"}},{"type":"Feature","geometry":{"type":"LineString","coordinates":[[434146.0140937669,5385831.877742236],[430991.96185462415,5383530.825342636]]},"properties":{"type":"artcc-low","section":"Tower CTR LFMT CTR Montpellier Mediterannee","uuid":"artcc-low-tower-ctr-lfmt-ctr-montpellier-mediterannee"}},{"type":"Feature","geometry":{"type":"LineString","coordinates":[[430991.96185462415,5383530.825342636],[429560.2695146996,5384583.272875559]]},"properties":{"type":"artcc-low","section":"Tower CTR LFMT CTR Montpellier Mediterannee","uuid":"artcc-low-tower-ctr-lfmt-ctr-montpellier-mediterannee"}},{"type":"Feature","geometry":{"type":"LineString","coordinates":[[429560.2695146996,5384583.272875559],[428218.25120902515,5385742.381695375]]},"properties":{"type":"artcc-low","section":"Tower CTR LFMT CTR Montpellier Mediterannee","uuid":"artcc-low-tower-ctr-lfmt-ctr-montpellier-mediterannee"}},{"type":"Feature","geometry":{"type":"LineString","coordinates":[[428218.25120902515,5385742.381695375],[426981.3679779888,5387020.978668183]]},"properties":{"type":"artcc-low","section":"Tower CTR LFMT CTR Montpellier Mediterannee","uuid":"artcc-low-tower-ctr-lfmt-ctr-montpellier-mediterannee"}},{"type":"Feature","geometry":{"type":"LineString","coordinates":[[426981.3679779888,5387020.978668183],[425858.8964458232,5388402.061568151]]},"properties":{"type":"artcc-low","section":"Tower CTR LFMT CTR Montpellier Mediterannee","uuid":"artcc-low-tower-ctr-lfmt-ctr-montpellier-mediterannee"}},{"type":"Feature","geometry":{"type":"LineString","coordinates":[[425858.8964458232,5388402.061568151],[424860.1132367613,5389877.149033093]]},"properties":{"type":"artcc-low","section":"Tower CTR LFMT CTR Montpellier Mediterannee","uuid":"artcc-low-tower-ctr-lfmt-ctr-montpellier-mediterannee"}},{"type":"Feature","geometry":{"type":"LineString","coordinates":[[424860.1132367613,5389877.149033093],[423991.2027669583,5391433.493026264]]},"properties":{"type":"artcc-low","section":"Tower CTR LFMT CTR Montpellier Mediterannee","uuid":"artcc-low-tower-ctr-lfmt-ctr-montpellier-mediterannee"}},{"type":"Feature","geometry":{"type":"LineString","coordinates":[[423991.2027669583,5391433.493026264],[423258.3494525692,5393062.604386519]]},"properties":{"type":"artcc-low","section":"Tower CTR LFMT CTR Montpellier Mediterannee","uuid":"artcc-low-tower-ctr-lfmt-ctr-montpellier-mediterannee"}},{"type":"Feature","geometry":{"type":"LineString","coordinates":[[423258.3494525692,5393062.604386519],[422670.829917827,5394747.458151078]]},"properties":{"type":"artcc-low","section":"Tower CTR LFMT CTR Montpellier Mediterannee","uuid":"artcc-low-tower-ctr-lfmt-ctr-montpellier-mediterannee"}},{"type":"Feature","geometry":{"type":"LineString","coordinates":[[422670.829917827,5394747.458151078],[422231.7363708091,5396479.551480848]]},"properties":{"type":"artcc-low","section":"Tower CTR LFMT CTR Montpellier Mediterannee","uuid":"artcc-low-tower-ctr-lfmt-ctr-montpellier-mediterannee"}},{"type":"Feature","geometry":{"type":"LineString","coordinates":[[422231.7363708091,5396479.551480848],[421941.0688115155,5398246.108536265]]},"properties":{"type":"artcc-low","section":"Tower CTR LFMT CTR Montpellier Mediterannee","uuid":"artcc-low-tower-ctr-lfmt-ctr-montpellier-mediterannee"}},{"type":"Feature","geometry":{"type":"LineString","coordinates":[[421941.0688115155,5398246.108536265],[421805.01165610144,5400030.075943133]]},"properties":{"type":"artcc-low","section":"Tower CTR LFMT CTR Montpellier Mediterannee","uuid":"artcc-low-tower-ctr-lfmt-ctr-montpellier-mediterannee"}},{"type":"Feature","geometry":{"type":"LineString","coordinates":[[421805.01165610144,5400030.075943133],[421823.564904567,5401818.656467844]]},"properties":{"type":"artcc-low","section":"Tower CTR LFMT CTR Montpellier Mediterannee","uuid":"artcc-low-tower-ctr-lfmt-ctr-montpellier-mediterannee"}},{"type":"Feature","geometry":{"type":"LineString","coordinates":[[421823.564904567,5401818.656467844],[421996.72855691216,5403603.312939619]]},"properties":{"type":"artcc-low","section":"Tower CTR LFMT CTR Montpellier Mediterannee","uuid":"artcc-low-tower-ctr-lfmt-ctr-montpellier-mediterannee"}},{"type":"Feature","geometry":{"type":"LineString","coordinates":[[421996.72855691216,5403603.312939619],[422321.41040505917,5405362.689381646]]},"properties":{"type":"artcc-low","section":"Tower CTR LFMT CTR Montpellier Mediterannee","uuid":"artcc-low-tower-ctr-lfmt-ctr-montpellier-mediterannee"}},{"type":"Feature","geometry":{"type":"LineString","coordinates":[[422321.41040505917,5405362.689381646],[422794.51824093057,5407088.228295223]]},"properties":{"type":"artcc-low","section":"Tower CTR LFMT CTR Montpellier Mediterannee","uuid":"artcc-low-tower-ctr-lfmt-ctr-montpellier-mediterannee"}},{"type":"Feature","geometry":{"type":"LineString","coordinates":[[422794.51824093057,5407088.228295223],[423416.05206452636,5408762.821487181]]},"properties":{"type":"artcc-low","section":"Tower CTR LFMT CTR Montpellier Mediterannee","uuid":"artcc-low-tower-ctr-lfmt-ctr-montpellier-mediterannee"}},{"type":"Feature","geometry":{"type":"LineString","coordinates":[[423416.05206452636,5408762.821487181],[424179.8274596913,5410382.168211077]]},"properties":{"type":"artcc-low","section":"Tower CTR LFMT CTR Montpellier Mediterannee","uuid":"artcc-low-tower-ctr-lfmt-ctr-montpellier-mediterannee"}},{"type":"Feature","geometry":{"type":"LineString","coordinates":[[424179.8274596913,5410382.168211077],[425079.6600102703,5411924.870548519]]},"properties":{"type":"artcc-low","section":"Tower CTR LFMT CTR Montpellier Mediterannee","uuid":"artcc-low-tower-ctr-lfmt-ctr-montpellier-mediterannee"}},{"type":"Feature","geometry":{"type":"LineString","coordinates":[[425079.6600102703,5411924.870548519],[426109.3653001081,5413382.341214329]]},"properties":{"type":"artcc-low","section":"Tower CTR LFMT CTR Montpellier Mediterannee","uuid":"artcc-low-tower-ctr-lfmt-ctr-montpellier-mediterannee"}},{"type":"Feature","geometry":{"type":"LineString","coordinates":[[426109.3653001081,5413382.341214329],[427259.6667049719,5414741.714636272]]},"properties":{"type":"artcc-low","section":"Tower CTR LFMT CTR Montpellier Mediterannee","uuid":"artcc-low-tower-ctr-lfmt-ctr-montpellier-mediterannee"}},{"type":"Feature","geometry":{"type":"LineString","coordinates":[[427259.6667049719,5414741.714636272],[428521.28760062903,5415998.671843796]]},"properties":{"type":"artcc-low","section":"Tower CTR LFMT CTR Montpellier Mediterannee","uuid":"artcc-low-tower-ctr-lfmt-ctr-montpellier-mediterannee"}},{"type":"Feature","geometry":{"type":"LineString","coordinates":[[428521.28760062903,5415998.671843796],[429888.04357092426,5417136.066271818]]},"properties":{"type":"artcc-low","section":"Tower CTR LFMT CTR Montpellier Mediterannee","uuid":"artcc-low-tower-ctr-lfmt-ctr-montpellier-mediterannee"}},{"type":"Feature","geometry":{"type":"LineString","coordinates":[[429888.04357092426,5417136.066271818],[431347.5657835471,5418149.577083763]]},"properties":{"type":"artcc-low","section":"Tower CTR LFMT CTR Montpellier Mediterannee","uuid":"artcc-low-tower-ctr-lfmt-ctr-montpellier-mediterannee"}},{"type":"Feature","geometry":{"type":"LineString","coordinates":[[431347.5657835471,5418149.577083763],[432887.4854061874,5419030.60935709]]},"properties":{"type":"artcc-low","section":"Tower CTR LFMT CTR Montpellier Mediterannee","uuid":"artcc-low-tower-ctr-lfmt-ctr-montpellier-mediterannee"}},{"type":"Feature","geometry":{"type":"LineString","coordinates":[[432887.4854061874,5419030.60935709],[434495.43360653473,5419770.570352169]]},"properties":{"type":"artcc-low","section":"Tower CTR LFMT CTR Montpellier Mediterannee","uuid":"artcc-low-tower-ctr-lfmt-ctr-montpellier-mediterannee"}},{"type":"Feature","geometry":{"type":"LineString","coordinates":[[434495.43360653473,5419770.570352169],[436165.2259684338,5420369.426143038]]},"properties":{"type":"artcc-low","section":"Tower CTR LFMT CTR Montpellier Mediterannee","uuid":"artcc-low-tower-ctr-lfmt-ctr-montpellier-mediterannee"}},{"type":"Feature","geometry":{"type":"LineString","coordinates":[[436165.2259684338,5420369.426143038],[437875.21703534166,5420814.315597045]]},"properties":{"type":"artcc-low","section":"Tower CTR LFMT CTR Montpellier Mediterannee","uuid":"artcc-low-tower-ctr-lfmt-ctr-montpellier-mediterannee"}},{"type":"Feature","geometry":{"type":"LineString","coordinates":[[437875.21703534166,5420814.315597045],[439622.3145991805,5421109.494472147]]},"properties":{"type":"artcc-low","section":"Tower CTR LFMT CTR Montpellier Mediterannee","uuid":"artcc-low-tower-ctr-lfmt-ctr-montpellier-mediterannee"}},{"type":"Feature","geometry":{"type":"LineString","coordinates":[[439622.3145991805,5421109.494472147],[440546.88481438014,5421186.4992095195]]},"properties":{"type":"artcc-low","section":"Tower CTR LFMT CTR Montpellier Mediterannee","uuid":"artcc-low-tower-ctr-lfmt-ctr-montpellier-mediterannee"}},{"type":"Feature","geometry":{"type":"LineString","coordinates":[[373291.3591267774,5379185.950497681],[395060.50399301754,5379143.363759562]]},"properties":{"type":"artcc-low","section":"Tower CTR LFMU CTR 1 Beziers Vias","uuid":"artcc-low-tower-ctr-lfmu-ctr-1-beziers-vias"}},{"type":"Feature","geometry":{"type":"LineString","coordinates":[[395060.50399301754,5379143.363759562],[396513.8417894853,5361104.167364065]]},"properties":{"type":"artcc-low","section":"Tower CTR LFMU CTR 1 Beziers Vias","uuid":"artcc-low-tower-ctr-lfmu-ctr-1-beziers-vias"}},{"type":"Feature","geometry":{"type":"LineString","coordinates":[[396513.8417894853,5361104.167364065],[390855.10100749385,5353371.656581619]]},"properties":{"type":"artcc-low","section":"Tower CTR LFMU CTR 1 Beziers Vias","uuid":"artcc-low-tower-ctr-lfmu-ctr-1-beziers-vias"}},{"type":"Feature","geometry":{"type":"LineString","coordinates":[[390855.10100749385,5353371.656581619],[385969.4122449002,5354008.7084257165]]},"properties":{"type":"artcc-low","section":"Tower CTR LFMU CTR 1 Beziers Vias","uuid":"artcc-low-tower-ctr-lfmu-ctr-1-beziers-vias"}},{"type":"Feature","geometry":{"type":"LineString","coordinates":[[385969.4122449002,5354008.7084257165],[381609.39885549695,5356302.45631526]]},"properties":{"type":"artcc-low","section":"Tower CTR LFMU CTR 1 Beziers Vias","uuid":"artcc-low-tower-ctr-lfmu-ctr-1-beziers-vias"}},{"type":"Feature","geometry":{"type":"LineString","coordinates":[[381609.39885549695,5356302.45631526],[356624.3575885623,5354943.13003897]]},"properties":{"type":"artcc-low","section":"Tower CTR LFMU CTR 1 Beziers Vias","uuid":"artcc-low-tower-ctr-lfmu-ctr-1-beziers-vias"}},{"type":"Feature","geometry":{"type":"LineString","coordinates":[[356624.3575885623,5354943.13003897],[356191.4484576995,5356446.89640675]]},"properties":{"type":"artcc-low","section":"Tower CTR LFMU CTR 1 Beziers Vias","uuid":"artcc-low-tower-ctr-lfmu-ctr-1-beziers-vias"}},{"type":"Feature","geometry":{"type":"LineString","coordinates":[[356191.4484576995,5356446.89640675],[355835.8445287765,5357967.901774108]]},"properties":{"type":"artcc-low","section":"Tower CTR LFMU CTR 1 Beziers Vias","uuid":"artcc-low-tower-ctr-lfmu-ctr-1-beziers-vias"}},{"type":"Feature","geometry":{"type":"LineString","coordinates":[[355835.8445287765,5357967.901774108],[355613.20554719004,5359514.653947259]]},"properties":{"type":"artcc-low","section":"Tower CTR LFMU CTR 1 Beziers Vias","uuid":"artcc-low-tower-ctr-lfmu-ctr-1-beziers-vias"}},{"type":"Feature","geometry":{"type":"LineString","coordinates":[[355613.20554719004,5359514.653947259],[355523.53151293984,5361074.414617165]]},"properties":{"type":"artcc-low","section":"Tower CTR LFMU CTR 1 Beziers Vias","uuid":"artcc-low-tower-ctr-lfmu-ctr-1-beziers-vias"}},{"type":"Feature","geometry":{"type":"LineString","coordinates":[[355523.53151293984,5361074.414617165],[355569.9146341037,5362634.437032403]]},"properties":{"type":"artcc-low","section":"Tower CTR LFMU CTR 1 Beziers Vias","uuid":"artcc-low-tower-ctr-lfmu-ctr-1-beziers-vias"}},{"type":"Feature","geometry":{"type":"LineString","coordinates":[[355569.9146341037,5362634.437032403],[355752.35491068155,5364186.217708599]]},"properties":{"type":"artcc-low","section":"Tower CTR LFMU CTR 1 Beziers Vias","uuid":"artcc-low-tower-ctr-lfmu-ctr-1-beziers-vias"}},{"type":"Feature","geometry":{"type":"LineString","coordinates":[[355752.35491068155,5364186.217708599],[356067.76013459585,5365716.994984724]]},"properties":{"type":"artcc-low","section":"Tower CTR LFMU CTR 1 Beziers Vias","uuid":"artcc-low-tower-ctr-lfmu-ctr-1-beziers-vias"}},{"type":"Feature","geometry":{"type":"LineString","coordinates":[[356067.76013459585,5365716.994984724],[356513.03809776896,5367213.998890059]]},"properties":{"type":"artcc-low","section":"Tower CTR LFMU CTR 1 Beziers Vias","uuid":"artcc-low-tower-ctr-lfmu-ctr-1-beziers-vias"}},{"type":"Feature","geometry":{"type":"LineString","coordinates":[[356513.03809776896,5367213.998890059],[357088.18880020094,5368668.705373446]]},"properties":{"type":"artcc-low","section":"Tower CTR LFMU CTR 1 Beziers Vias","uuid":"artcc-low-tower-ctr-lfmu-ctr-1-beziers-vias"}},{"type":"Feature","geometry":{"type":"LineString","coordinates":[[357088.18880020094,5368668.705373446],[357783.9356176589,5370064.076546048]]},"properties":{"type":"artcc-low","section":"Tower CTR LFMU CTR 1 Beziers Vias","uuid":"artcc-low-tower-ctr-lfmu-ctr-1-beziers-vias"}},{"type":"Feature","geometry":{"type":"LineString","coordinates":[[357783.9356176589,5370064.076546048],[358600.2785501429,5371395.83054914]]},"properties":{"type":"artcc-low","section":"Tower CTR LFMU CTR 1 Beziers Vias","uuid":"artcc-low-tower-ctr-lfmu-ctr-1-beziers-vias"}},{"type":"Feature","geometry":{"type":"LineString","coordinates":[[358600.2785501429,5371395.83054914],[359524.84876534255,5372646.917257269]]},"properties":{"type":"artcc-low","section":"Tower CTR LFMU CTR 1 Beziers Vias","uuid":"artcc-low-tower-ctr-lfmu-ctr-1-beziers-vias"}},{"type":"Feature","geometry":{"type":"LineString","coordinates":[[359524.84876534255,5372646.917257269],[360557.6462632579,5373817.30405537]]},"properties":{"type":"artcc-low","section":"Tower CTR LFMU CTR 1 Beziers Vias","uuid":"artcc-low-tower-ctr-lfmu-ctr-1-beziers-vias"}},{"type":"Feature","geometry":{"type":"LineString","coordinates":[[360557.6462632579,5373817.30405537],[361686.30221157864,5374889.933550968]]},"properties":{"type":"artcc-low","section":"Tower CTR LFMU CTR 1 Beziers Vias","uuid":"artcc-low-tower-ctr-lfmu-ctr-1-beziers-vias"}},{"type":"Feature","geometry":{"type":"LineString","coordinates":[[361686.30221157864,5374889.933550968],[362901.5399860718,5375860.514689128]]},"properties":{"type":"artcc-low","section":"Tower CTR LFMU CTR 1 Beziers Vias","uuid":"artcc-low-tower-ctr-lfmu-ctr-1-beziers-vias"}},{"type":"Feature","geometry":{"type":"LineString","coordinates":[[362901.5399860718,5375860.514689128],[364197.1751705824,5376716.242789179]]},"properties":{"type":"artcc-low","section":"Tower CTR LFMU CTR 1 Beziers Vias","uuid":"artcc-low-tower-ctr-lfmu-ctr-1-beziers-vias"}},{"type":"Feature","geometry":{"type":"LineString","coordinates":[[364197.1751705824,5376716.242789179],[365563.9311408776,5377457.0860728985]]},"properties":{"type":"artcc-low","section":"Tower CTR LFMU CTR 1 Beziers Vias","uuid":"artcc-low-tower-ctr-lfmu-ctr-1-beziers-vias"}},{"type":"Feature","geometry":{"type":"LineString","coordinates":[[365563.9311408776,5377457.0860728985],[366986.34685656946,5378078.75884218]]},"properties":{"type":"artcc-low","section":"Tower CTR LFMU CTR 1 Beziers Vias","uuid":"artcc-low-tower-ctr-lfmu-ctr-1-beziers-vias"}},{"type":"Feature","geometry":{"type":"LineString","coordinates":[[366986.34685656946,5378078.75884218],[368458.23790150275,5378568.461930002]]},"properties":{"type":"artcc-low","section":"Tower CTR LFMU CTR 1 Beziers Vias","uuid":"artcc-low-tower-ctr-lfmu-ctr-1-beziers-vias"}},{"type":"Feature","geometry":{"type":"LineString","coordinates":[[368458.23790150275,5378568.461930002],[369967.2354433671,5378926.174436363]]},"properties":{"type":"artcc-low","section":"Tower CTR LFMU CTR 1 Beziers Vias","uuid":"artcc-low-tower-ctr-lfmu-ctr-1-beziers-vias"}},{"type":"Feature","geometry":{"type":"LineString","coordinates":[[369967.2354433671,5378926.174436363],[371500.97064985224,5379151.881091546]]},"properties":{"type":"artcc-low","section":"Tower CTR LFMU CTR 1 Beziers Vias","uuid":"artcc-low-tower-ctr-lfmu-ctr-1-beziers-vias"}},{"type":"Feature","geometry":{"type":"LineString","coordinates":[[371500.97064985224,5379151.881091546],[373050.1668967253,5379241.3135495335]]},"properties":{"type":"artcc-low","section":"Tower CTR LFMU CTR 1 Beziers Vias","uuid":"artcc-low-tower-ctr-lfmu-ctr-1-beziers-vias"}},{"type":"Feature","geometry":{"type":"LineString","coordinates":[[373050.1668967253,5379241.3135495335],[373291.3591267774,5379185.950497681]]},"properties":{"type":"artcc-low","section":"Tower CTR LFMU CTR 1 Beziers Vias","uuid":"artcc-low-tower-ctr-lfmu-ctr-1-beziers-vias"}},{"type":"Feature","geometry":{"type":"LineString","coordinates":[[356624.3575885623,5354943.13003897],[381609.39885549695,5356302.45631526]]},"properties":{"type":"artcc-low","section":"Tower CTR LFMU CTR 2 Beziers Vias","uuid":"artcc-low-tower-ctr-lfmu-ctr-2-beziers-vias"}},{"type":"Feature","geometry":{"type":"LineString","coordinates":[[381609.39885549695,5356302.45631526],[385969.4122449002,5354008.7084257165]]},"properties":{"type":"artcc-low","section":"Tower CTR LFMU CTR 2 Beziers Vias","uuid":"artcc-low-tower-ctr-lfmu-ctr-2-beziers-vias"}},{"type":"Feature","geometry":{"type":"LineString","coordinates":[[385969.4122449002,5354008.7084257165],[390855.10100749385,5353371.656581619]]},"properties":{"type":"artcc-low","section":"Tower CTR LFMU CTR 2 Beziers Vias","uuid":"artcc-low-tower-ctr-lfmu-ctr-2-beziers-vias"}},{"type":"Feature","geometry":{"type":"LineString","coordinates":[[390855.10100749385,5353371.656581619],[380094.21689747745,5343736.2572524445]]},"properties":{"type":"artcc-low","section":"Tower CTR LFMU CTR 2 Beziers Vias","uuid":"artcc-low-tower-ctr-lfmu-ctr-2-beziers-vias"}},{"type":"Feature","geometry":{"type":"LineString","coordinates":[[380094.21689747745,5343736.2572524445],[373291.3591267774,5343481.712285355]]},"properties":{"type":"artcc-low","section":"Tower CTR LFMU CTR 2 Beziers Vias","uuid":"artcc-low-tower-ctr-lfmu-ctr-2-beziers-vias"}},{"type":"Feature","geometry":{"type":"LineString","coordinates":[[373291.3591267774,5343481.712285355],[371742.1628799043,5343490.19700554]]},"properties":{"type":"artcc-low","section":"Tower CTR LFMU CTR 2 Beziers Vias","uuid":"artcc-low-tower-ctr-lfmu-ctr-2-beziers-vias"}},{"type":"Feature","geometry":{"type":"LineString","coordinates":[[371742.1628799043,5343490.19700554],[370205.33546534163,5343693.8326082695]]},"properties":{"type":"artcc-low","section":"Tower CTR LFMU CTR 2 Beziers Vias","uuid":"artcc-low-tower-ctr-lfmu-ctr-2-beziers-vias"}},{"type":"Feature","geometry":{"type":"LineString","coordinates":[[370205.33546534163,5343693.8326082695],[368693.2457153997,5344033.23517152]]},"properties":{"type":"artcc-low","section":"Tower CTR LFMU CTR 2 Beziers Vias","uuid":"artcc-low-tower-ctr-lfmu-ctr-2-beziers-vias"}},{"type":"Feature","geometry":{"type":"LineString","coordinates":[[368693.2457153997,5344033.23517152],[367215.17025431123,5344499.933888064]]},"properties":{"type":"artcc-low","section":"Tower CTR LFMU CTR 2 Beziers Vias","uuid":"artcc-low-tower-ctr-lfmu-ctr-2-beziers-vias"}},{"type":"Feature","geometry":{"type":"LineString","coordinates":[[367215.17025431123,5344499.933888064],[365783.4779143866,5345098.190985987]]},"properties":{"type":"artcc-low","section":"Tower CTR LFMU CTR 2 Beziers Vias","uuid":"artcc-low-tower-ctr-lfmu-ctr-2-beziers-vias"}},{"type":"Feature","geometry":{"type":"LineString","coordinates":[[365783.4779143866,5345098.190985987],[364407.4453198586,5345819.544967475]]},"properties":{"type":"artcc-low","section":"Tower CTR LFMU CTR 2 Beziers Vias","uuid":"artcc-low-tower-ctr-lfmu-ctr-2-beziers-vias"}},{"type":"Feature","geometry":{"type":"LineString","coordinates":[[364407.4453198586,5345819.544967475],[363099.4413030377,5346655.536826234]]},"properties":{"type":"artcc-low","section":"Tower CTR LFMU CTR 2 Beziers Vias","uuid":"artcc-low-tower-ctr-lfmu-ctr-2-beziers-vias"}},{"type":"Feature","geometry":{"type":"LineString","coordinates":[[363099.4413030377,5346655.536826234],[361868.7424881564,5347606.197439399]]},"properties":{"type":"artcc-low","section":"Tower CTR LFMU CTR 2 Beziers Vias","uuid":"artcc-low-tower-ctr-lfmu-ctr-2-beziers-vias"}},{"type":"Feature","geometry":{"type":"LineString","coordinates":[[361868.7424881564,5347606.197439399],[360727.7177075255,5348658.827773584]]},"properties":{"type":"artcc-low","section":"Tower CTR LFMU CTR 2 Beziers Vias","uuid":"artcc-low-tower-ctr-lfmu-ctr-2-beziers-vias"}},{"type":"Feature","geometry":{"type":"LineString","coordinates":[[360727.7177075255,5348658.827773584],[359679.4591692221,5349809.217178357]]},"properties":{"type":"artcc-low","section":"Tower CTR LFMU CTR 2 Beziers Vias","uuid":"artcc-low-tower-ctr-lfmu-ctr-2-beziers-vias"}},{"type":"Feature","geometry":{"type":"LineString","coordinates":[[359679.4591692221,5349809.217178357],[358736.3357055569,5351048.910285289]]},"properties":{"type":"artcc-low","section":"Tower CTR LFMU CTR 2 Beziers Vias","uuid":"artcc-low-tower-ctr-lfmu-ctr-2-beziers-vias"}},{"type":"Feature","geometry":{"type":"LineString","coordinates":[[358736.3357055569,5351048.910285289],[357904.53173268493,5352365.203554]]},"properties":{"type":"artcc-low","section":"Tower CTR LFMU CTR 2 Beziers Vias","uuid":"artcc-low-tower-ctr-lfmu-ctr-2-beziers-vias"}},{"type":"Feature","geometry":{"type":"LineString","coordinates":[[357904.53173268493,5352365.203554],[357187.1394586838,5353749.63541365]]},"properties":{"type":"artcc-low","section":"Tower CTR LFMU CTR 2 Beziers Vias","uuid":"artcc-low-tower-ctr-lfmu-ctr-2-beziers-vias"}},{"type":"Feature","geometry":{"type":"LineString","coordinates":[[357187.1394586838,5353749.63541365],[356624.3575885623,5354943.13003897]]},"properties":{"type":"artcc-low","section":"Tower CTR LFMU CTR 2 Beziers Vias","uuid":"artcc-low-tower-ctr-lfmu-ctr-2-beziers-vias"}},{"type":"Feature","geometry":{"type":"LineString","coordinates":[[529695.2436913268,5480930.477499096],[552484.8172231719,5480930.477499096]]},"properties":{"type":"artcc-low","section":"Tower CTR LFMV CTR Avignon","uuid":"artcc-low-tower-ctr-lfmv-ctr-avignon","lineStyle":{"color":[0,0,0]}}},{"type":"Feature","geometry":{"type":"LineString","coordinates":[[552484.8172231719,5480930.477499096],[555824.4019469701,5452125.946506693]]},"properties":{"type":"artcc-low","section":"Tower CTR LFMV CTR Avignon","uuid":"artcc-low-tower-ctr-lfmv-ctr-avignon","lineStyle":{"color":[0,0,0]}}},{"type":"Feature","geometry":{"type":"LineString","coordinates":[[555824.4019469701,5452125.946506693],[553814.466696536,5437114.622783302]]},"properties":{"type":"artcc-low","section":"Tower CTR LFMV CTR Avignon","uuid":"artcc-low-tower-ctr-lfmv-ctr-avignon","lineStyle":{"color":[0,0,0]}}},{"type":"Feature","geometry":{"type":"LineString","coordinates":[[553814.466696536,5437114.622783302],[538971.8679240996,5435400.6002105195]]},"properties":{"type":"artcc-low","section":"Tower CTR LFMV CTR Avignon","uuid":"artcc-low-tower-ctr-lfmv-ctr-avignon","lineStyle":{"color":[0,0,0]}}},{"type":"Feature","geometry":{"type":"LineString","coordinates":[[538971.8679240996,5435400.6002105195],[532169.0101533995,5437114.622783302]]},"properties":{"type":"artcc-low","section":"Tower CTR LFMV CTR Avignon","uuid":"artcc-low-tower-ctr-lfmv-ctr-avignon","lineStyle":{"color":[0,0,0]}}},{"type":"Feature","geometry":{"type":"LineString","coordinates":[[532169.0101533995,5437114.622783302],[529695.2436913268,5480930.477499096]]},"properties":{"type":"artcc-low","section":"Tower CTR LFMV CTR Avignon","uuid":"artcc-low-tower-ctr-lfmv-ctr-avignon","lineStyle":{"color":[0,0,0]}}},{"type":"Feature","geometry":{"type":"LineString","coordinates":[[292059.0529284636,5978649.781724333],[313086.06785608194,5960229.129326122]]},"properties":{"type":"artcc-low","section":"Tower CTR LFOA Avord Tower","uuid":"artcc-low-tower-ctr-lfoa-avord-tower"}},{"type":"Feature","geometry":{"type":"LineString","coordinates":[[313086.06785608194,5960229.129326122],[314632.1718948774,5942980.927649029]]},"properties":{"type":"artcc-low","section":"Tower CTR LFOA Avord Tower","uuid":"artcc-low-tower-ctr-lfoa-avord-tower"}},{"type":"Feature","geometry":{"type":"LineString","coordinates":[[314632.1718948774,5942980.927649029],[310303.08058625006,5932376.61797643]]},"properties":{"type":"artcc-low","section":"Tower CTR LFOA Avord Tower","uuid":"artcc-low-tower-ctr-lfoa-avord-tower"}},{"type":"Feature","geometry":{"type":"LineString","coordinates":[[310303.08058625006,5932376.61797643],[284761.44186534896,5928618.353784812]]},"properties":{"type":"artcc-low","section":"Tower CTR LFOA Avord Tower","uuid":"artcc-low-tower-ctr-lfoa-avord-tower"}},{"type":"Feature","geometry":{"type":"LineString","coordinates":[[284761.44186534896,5928618.353784812],[282912.30143494956,5929469.481566373]]},"properties":{"type":"artcc-low","section":"Tower CTR LFOA Avord Tower","uuid":"artcc-low-tower-ctr-lfoa-avord-tower"}},{"type":"Feature","geometry":{"type":"LineString","coordinates":[[282912.30143494956,5929469.481566373],[281177.57270342106,5930569.732429733]]},"properties":{"type":"artcc-low","section":"Tower CTR LFOA Avord Tower","uuid":"artcc-low-tower-ctr-lfoa-avord-tower"}},{"type":"Feature","geometry":{"type":"LineString","coordinates":[[281177.57270342106,5930569.732429733],[279538.7024222979,5931824.096988298]]},"properties":{"type":"artcc-low","section":"Tower CTR LFOA Avord Tower","uuid":"artcc-low-tower-ctr-lfoa-avord-tower"}},{"type":"Feature","geometry":{"type":"LineString","coordinates":[[279538.7024222979,5931824.096988298],[278011.151631968,5933232.641681735]]},"properties":{"type":"artcc-low","section":"Tower CTR LFOA Avord Tower","uuid":"artcc-low-tower-ctr-lfoa-avord-tower"}},{"type":"Feature","geometry":{"type":"LineString","coordinates":[[278011.151631968,5933232.641681735],[276598.01254050893,5934772.789892935]]},"properties":{"type":"artcc-low","section":"Tower CTR LFOA Avord Tower","uuid":"artcc-low-tower-ctr-lfoa-avord-tower"}},{"type":"Feature","geometry":{"type":"LineString","coordinates":[[276598.01254050893,5934772.789892935],[275317.8383963863,5936444.611303461]]},"properties":{"type":"artcc-low","section":"Tower CTR LFOA Avord Tower","uuid":"artcc-low-tower-ctr-lfoa-avord-tower"}},{"type":"Feature","geometry":{"type":"LineString","coordinates":[[275317.8383963863,5936444.611303461],[274179.9058238328,5938230.053415435]]},"properties":{"type":"artcc-low","section":"Tower CTR LFOA Avord Tower","uuid":"artcc-low-tower-ctr-lfoa-avord-tower"}},{"type":"Feature","geometry":{"type":"LineString","coordinates":[[274179.9058238328,5938230.053415435],[273190.3992390037,5940115.586915262]]},"properties":{"type":"artcc-low","section":"Tower CTR LFOA Avord Tower","uuid":"artcc-low-tower-ctr-lfoa-avord-tower"}},{"type":"Feature","geometry":{"type":"LineString","coordinates":[[273190.3992390037,5940115.586915262],[272355.5030580542,5942083.140516504]]},"properties":{"type":"artcc-low","section":"Tower CTR LFOA Avord Tower","uuid":"artcc-low-tower-ctr-lfoa-avord-tower"}},{"type":"Feature","geometry":{"type":"LineString","coordinates":[[272355.5030580542,5942083.140516504],[271684.493905217,5944123.699516857]]},"properties":{"type":"artcc-low","section":"Tower CTR LFOA Avord Tower","uuid":"artcc-low-tower-ctr-lfoa-avord-tower"}},{"type":"Feature","geometry":{"type":"LineString","coordinates":[[271684.493905217,5944123.699516857],[271180.4639885696,5946223.706564534]]},"properties":{"type":"artcc-low","section":"Tower CTR LFOA Avord Tower","uuid":"artcc-low-tower-ctr-lfoa-avord-tower"}},{"type":"Feature","geometry":{"type":"LineString","coordinates":[[271180.4639885696,5946223.706564534],[270849.5977242674,5948360.51803379]]},"properties":{"type":"artcc-low","section":"Tower CTR LFOA Avord Tower","uuid":"artcc-low-tower-ctr-lfoa-avord-tower"}},{"type":"Feature","geometry":{"type":"LineString","coordinates":[[270849.5977242674,5948360.51803379],[270691.89511231025,5950520.545667572]]},"properties":{"type":"artcc-low","section":"Tower CTR LFOA Avord Tower","uuid":"artcc-low-tower-ctr-lfoa-avord-tower"}},{"type":"Feature","geometry":{"type":"LineString","coordinates":[[270691.89511231025,5950520.545667572],[270710.4483607757,5952685.6484447485]]},"properties":{"type":"artcc-low","section":"Tower CTR LFOA Avord Tower","uuid":"artcc-low-tower-ctr-lfoa-avord-tower"}},{"type":"Feature","geometry":{"type":"LineString","coordinates":[[270710.4483607757,5952685.6484447485],[270905.25746966404,5954846.748747704]]},"properties":{"type":"artcc-low","section":"Tower CTR LFOA Avord Tower","uuid":"artcc-low-tower-ctr-lfoa-avord-tower"}},{"type":"Feature","geometry":{"type":"LineString","coordinates":[[270905.25746966404,5954846.748747704],[271273.2302308974,5956976.59273261]]},"properties":{"type":"artcc-low","section":"Tower CTR LFOA Avord Tower","uuid":"artcc-low-tower-ctr-lfoa-avord-tower"}},{"type":"Feature","geometry":{"type":"LineString","coordinates":[[271273.2302308974,5956976.59273261],[271811.2744363982,5959066.071656189]]},"properties":{"type":"artcc-low","section":"Tower CTR LFOA Avord Tower","uuid":"artcc-low-tower-ctr-lfoa-avord-tower"}},{"type":"Feature","geometry":{"type":"LineString","coordinates":[[271811.2744363982,5959066.071656189],[272519.39008616644,5961096.980611207]]},"properties":{"type":"artcc-low","section":"Tower CTR LFOA Avord Tower","uuid":"artcc-low-tower-ctr-lfoa-avord-tower"}},{"type":"Feature","geometry":{"type":"LineString","coordinates":[[272519.39008616644,5961096.980611207],[273385.208347892,5963055.643646286]]},"properties":{"type":"artcc-low","section":"Tower CTR LFOA Avord Tower","uuid":"artcc-low-tower-ctr-lfoa-avord-tower"}},{"type":"Feature","geometry":{"type":"LineString","coordinates":[[273385.208347892,5963055.643646286],[274408.72922157455,5964928.374092435]]},"properties":{"type":"artcc-low","section":"Tower CTR LFOA Avord Tower","uuid":"artcc-low-tower-ctr-lfoa-avord-tower"}},{"type":"Feature","geometry":{"type":"LineString","coordinates":[[274408.72922157455,5964928.374092435],[275580.6760829815,5966692.3820449645]]},"properties":{"type":"artcc-low","section":"Tower CTR LFOA Avord Tower","uuid":"artcc-low-tower-ctr-lfoa-avord-tower"}},{"type":"Feature","geometry":{"type":"LineString","coordinates":[[275580.6760829815,5966692.3820449645],[276888.6800998025,5968343.053607153]]},"properties":{"type":"artcc-low","section":"Tower CTR LFOA Avord Tower","uuid":"artcc-low-tower-ctr-lfoa-avord-tower"}},{"type":"Feature","geometry":{"type":"LineString","coordinates":[[276888.6800998025,5968343.053607153],[278323.4646478047,5969866.678625872]]},"properties":{"type":"artcc-low","section":"Tower CTR LFOA Avord Tower","uuid":"artcc-low-tower-ctr-lfoa-avord-tower"}},{"type":"Feature","geometry":{"type":"LineString","coordinates":[[278323.4646478047,5969866.678625872],[279878.8453108329,5971244.993276989]]},"properties":{"type":"artcc-low","section":"Tower CTR LFOA Avord Tower","uuid":"artcc-low-tower-ctr-lfoa-avord-tower"}},{"type":"Feature","geometry":{"type":"LineString","coordinates":[[279878.8453108329,5971244.993276989],[281539.3610484992,5972477.928448312]]},"properties":{"type":"artcc-low","section":"Tower CTR LFOA Avord Tower","uuid":"artcc-low-tower-ctr-lfoa-avord-tower"}},{"type":"Feature","geometry":{"type":"LineString","coordinates":[[281539.3610484992,5972477.928448312],[282349.5195648281,5973096.736712379]]},"properties":{"type":"artcc-low","section":"Tower CTR LFOA Avord Tower","uuid":"artcc-low-tower-ctr-lfoa-avord-tower"}},{"type":"Feature","geometry":{"type":"LineString","coordinates":[[282349.5195648281,5973096.736712379],[292059.0529284636,5978649.781724333]]},"properties":{"type":"artcc-low","section":"Tower CTR LFOA Avord Tower","uuid":"artcc-low-tower-ctr-lfoa-avord-tower"}},{"type":"Feature","geometry":{"type":"LineString","coordinates":[[230338.57969974857,6376239.353968622],[278298.72698318394,6348711.428049048]]},"properties":{"type":"artcc-low","section":"Tower CTR LFOB Beauvais Tille Tower","uuid":"artcc-low-tower-ctr-lfob-beauvais-tille-tower"}},{"type":"Feature","geometry":{"type":"LineString","coordinates":[[278298.72698318394,6348711.428049048],[241192.23005209272,6328053.415888763]]},"properties":{"type":"artcc-low","section":"Tower CTR LFOB Beauvais Tille Tower","uuid":"artcc-low-tower-ctr-lfob-beauvais-tille-tower"}},{"type":"Feature","geometry":{"type":"LineString","coordinates":[[241192.23005209272,6328053.415888763],[211383.34418411614,6348045.780783843]]},"properties":{"type":"artcc-low","section":"Tower CTR LFOB Beauvais Tille Tower","uuid":"artcc-low-tower-ctr-lfob-beauvais-tille-tower"}},{"type":"Feature","geometry":{"type":"LineString","coordinates":[[211383.34418411614,6348045.780783843],[230338.57969974857,6376239.353968622]]},"properties":{"type":"artcc-low","section":"Tower CTR LFOB Beauvais Tille Tower","uuid":"artcc-low-tower-ctr-lfob-beauvais-tille-tower"}},{"type":"Feature","geometry":{"type":"LineString","coordinates":[[149972.0917631602,6131011.658330507],[161815.24870033347,6129389.816495525]]},"properties":{"type":"artcc-low","section":"Tower CTR LFOC Chateaudun Tower","uuid":"artcc-low-tower-ctr-lfoc-chateaudun-tower"}},{"type":"Feature","geometry":{"type":"LineString","coordinates":[[161815.24870033347,6129389.816495525],[162897.52152749032,6129148.883340979]]},"properties":{"type":"artcc-low","section":"Tower CTR LFOC Chateaudun Tower","uuid":"artcc-low-tower-ctr-lfoc-chateaudun-tower"}},{"type":"Feature","geometry":{"type":"LineString","coordinates":[[162897.52152749032,6129148.883340979],[163958.14889810403,6128806.028613838]]},"properties":{"type":"artcc-low","section":"Tower CTR LFOC Chateaudun Tower","uuid":"artcc-low-tower-ctr-lfoc-chateaudun-tower"}},{"type":"Feature","geometry":{"type":"LineString","coordinates":[[163958.14889810403,6128806.028613838],[164987.85418794182,6128365.897393285]]},"properties":{"type":"artcc-low","section":"Tower CTR LFOC Chateaudun Tower","uuid":"artcc-low-tower-ctr-lfoc-chateaudun-tower"}},{"type":"Feature","geometry":{"type":"LineString","coordinates":[[164987.85418794182,6128365.897393285],[165980.4529808485,6127823.872125086]]},"properties":{"type":"artcc-low","section":"Tower CTR LFOC Chateaudun Tower","uuid":"artcc-low-tower-ctr-lfoc-chateaudun-tower"}},{"type":"Feature","geometry":{"type":"LineString","coordinates":[[165980.4529808485,6127823.872125086],[166923.57644451375,6127193.868761946]]},"properties":{"type":"artcc-low","section":"Tower CTR LFOC Chateaudun Tower","uuid":"artcc-low-tower-ctr-lfoc-chateaudun-tower"}},{"type":"Feature","geometry":{"type":"LineString","coordinates":[[166923.57644451375,6127193.868761946],[167814.1323708599,6126475.906713875]]},"properties":{"type":"artcc-low","section":"Tower CTR LFOC Chateaudun Tower","uuid":"artcc-low-tower-ctr-lfoc-chateaudun-tower"}},{"type":"Feature","geometry":{"type":"LineString","coordinates":[[167814.1323708599,6126475.906713875],[168642.84413565428,6125670.008094442]]},"properties":{"type":"artcc-low","section":"Tower CTR LFOC Chateaudun Tower","uuid":"artcc-low-tower-ctr-lfoc-chateaudun-tower"}},{"type":"Feature","geometry":{"type":"LineString","coordinates":[[168642.84413565428,6125670.008094442],[169406.6195308192,6124794.721338798]]},"properties":{"type":"artcc-low","section":"Tower CTR LFOC Chateaudun Tower","uuid":"artcc-low-tower-ctr-lfoc-chateaudun-tower"}},{"type":"Feature","geometry":{"type":"LineString","coordinates":[[169406.6195308192,6124794.721338798],[170096.18193212204,6123845.437312896]]},"properties":{"type":"artcc-low","section":"Tower CTR LFOC Chateaudun Tower","uuid":"artcc-low-tower-ctr-lfoc-chateaudun-tower"}},{"type":"Feature","geometry":{"type":"LineString","coordinates":[[170096.18193212204,6123845.437312896],[170711.53133956259,6122836.070153094]]},"properties":{"type":"artcc-low","section":"Tower CTR LFOC Chateaudun Tower","uuid":"artcc-low-tower-ctr-lfoc-chateaudun-tower"}},{"type":"Feature","geometry":{"type":"LineString","coordinates":[[170711.53133956259,6122836.070153094],[171240.29892083065,6121771.270365032]]},"properties":{"type":"artcc-low","section":"Tower CTR LFOC Chateaudun Tower","uuid":"artcc-low-tower-ctr-lfoc-chateaudun-tower"}},{"type":"Feature","geometry":{"type":"LineString","coordinates":[[171240.29892083065,6121771.270365032],[171685.57688400373,6120660.315958081]]},"properties":{"type":"artcc-low","section":"Tower CTR LFOC Chateaudun Tower","uuid":"artcc-low-tower-ctr-lfoc-chateaudun-tower"}},{"type":"Feature","geometry":{"type":"LineString","coordinates":[[171685.57688400373,6120660.315958081],[172038.08860484912,6119507.852932829]]},"properties":{"type":"artcc-low","section":"Tower CTR LFOC Chateaudun Tower","uuid":"artcc-low-tower-ctr-lfoc-chateaudun-tower"}},{"type":"Feature","geometry":{"type":"LineString","coordinates":[[172038.08860484912,6119507.852932829],[172297.83408336676,6118332.407691625]]},"properties":{"type":"artcc-low","section":"Tower CTR LFOC Chateaudun Tower","uuid":"artcc-low-tower-ctr-lfoc-chateaudun-tower"}},{"type":"Feature","geometry":{"type":"LineString","coordinates":[[172297.83408336676,6118332.407691625],[172464.81331955665,6117129.362918262]]},"properties":{"type":"artcc-low","section":"Tower CTR LFOC Chateaudun Tower","uuid":"artcc-low-tower-ctr-lfoc-chateaudun-tower"}},{"type":"Feature","geometry":{"type":"LineString","coordinates":[[172464.81331955665,6117129.362918262],[172535.93410534126,6115921.860797506]]},"properties":{"type":"artcc-low","section":"Tower CTR LFOC Chateaudun Tower","uuid":"artcc-low-tower-ctr-lfoc-chateaudun-tower"}},{"type":"Feature","geometry":{"type":"LineString","coordinates":[[172535.93410534126,6115921.860797506],[172511.19644072052,6114709.903216618]]},"properties":{"type":"artcc-low","section":"Tower CTR LFOC Chateaudun Tower","uuid":"artcc-low-tower-ctr-lfoc-chateaudun-tower"}},{"type":"Feature","geometry":{"type":"LineString","coordinates":[[172511.19644072052,6114709.903216618],[172387.5081176169,6113502.74169278]]},"properties":{"type":"artcc-low","section":"Tower CTR LFOC Chateaudun Tower","uuid":"artcc-low-tower-ctr-lfoc-chateaudun-tower"}},{"type":"Feature","geometry":{"type":"LineString","coordinates":[[172387.5081176169,6113502.74169278],[172171.0535521855,6112314.246715834]]},"properties":{"type":"artcc-low","section":"Tower CTR LFOC Chateaudun Tower","uuid":"artcc-low-tower-ctr-lfoc-chateaudun-tower"}},{"type":"Feature","geometry":{"type":"LineString","coordinates":[[172171.0535521855,6112314.246715834],[171858.7405363488,6111153.65762401]]},"properties":{"type":"artcc-low","section":"Tower CTR LFOC Chateaudun Tower","uuid":"artcc-low-tower-ctr-lfoc-chateaudun-tower"}},{"type":"Feature","geometry":{"type":"LineString","coordinates":[[171858.7405363488,6111153.65762401],[171456.75348626202,6110020.963097675]]},"properties":{"type":"artcc-low","section":"Tower CTR LFOC Chateaudun Tower","uuid":"artcc-low-tower-ctr-lfoc-chateaudun-tower"}},{"type":"Feature","geometry":{"type":"LineString","coordinates":[[171456.75348626202,6110020.963097675],[170965.09240192507,6108934.641484972]]},"properties":{"type":"artcc-low","section":"Tower CTR LFOC Chateaudun Tower","uuid":"artcc-low-tower-ctr-lfoc-chateaudun-tower"}},{"type":"Feature","geometry":{"type":"LineString","coordinates":[[170965.09240192507,6108934.641484972],[170389.94169949315,6107903.918769367]]},"properties":{"type":"artcc-low","section":"Tower CTR LFOC Chateaudun Tower","uuid":"artcc-low-tower-ctr-lfoc-chateaudun-tower"}},{"type":"Feature","geometry":{"type":"LineString","coordinates":[[170389.94169949315,6107903.918769367],[169737.48579512147,6106924.153651891]]},"properties":{"type":"artcc-low","section":"Tower CTR LFOC Chateaudun Tower","uuid":"artcc-low-tower-ctr-lfoc-chateaudun-tower"}},{"type":"Feature","geometry":{"type":"LineString","coordinates":[[169737.48579512147,6106924.153651891],[169007.72468881,6106018.432565121]]},"properties":{"type":"artcc-low","section":"Tower CTR LFOC Chateaudun Tower","uuid":"artcc-low-tower-ctr-lfoc-chateaudun-tower"}},{"type":"Feature","geometry":{"type":"LineString","coordinates":[[169007.72468881,6106018.432565121],[168206.84279671396,6105182.111740632]]},"properties":{"type":"artcc-low","section":"Tower CTR LFOC Chateaudun Tower","uuid":"artcc-low-tower-ctr-lfoc-chateaudun-tower"}},{"type":"Feature","geometry":{"type":"LineString","coordinates":[[168206.84279671396,6105182.111740632],[167344.1167430661,6104424.410740692]]},"properties":{"type":"artcc-low","section":"Tower CTR LFOC Chateaudun Tower","uuid":"artcc-low-tower-ctr-lfoc-chateaudun-tower"}},{"type":"Feature","geometry":{"type":"LineString","coordinates":[[167344.1167430661,6104424.410740692],[166422.638735944,6103749.928310589]]},"properties":{"type":"artcc-low","section":"Tower CTR LFOC Chateaudun Tower","uuid":"artcc-low-tower-ctr-lfoc-chateaudun-tower"}},{"type":"Feature","geometry":{"type":"LineString","coordinates":[[166422.638735944,6103749.928310589],[165451.68539958043,6103172.502579059]]},"properties":{"type":"artcc-low","section":"Tower CTR LFOC Chateaudun Tower","uuid":"artcc-low-tower-ctr-lfoc-chateaudun-tower"}},{"type":"Feature","geometry":{"type":"LineString","coordinates":[[165451.68539958043,6103172.502579059],[164440.5333582082,6102687.494974372]]},"properties":{"type":"artcc-low","section":"Tower CTR LFOC Chateaudun Tower","uuid":"artcc-low-tower-ctr-lfoc-chateaudun-tower"}},{"type":"Feature","geometry":{"type":"LineString","coordinates":[[164440.5333582082,6102687.494974372],[163392.27481990488,6102299.508615674]]},"properties":{"type":"artcc-low","section":"Tower CTR LFOC Chateaudun Tower","uuid":"artcc-low-tower-ctr-lfoc-chateaudun-tower"}},{"type":"Feature","geometry":{"type":"LineString","coordinates":[[163392.27481990488,6102299.508615674],[162319.2786169808,6102013.148977062]]},"properties":{"type":"artcc-low","section":"Tower CTR LFOC Chateaudun Tower","uuid":"artcc-low-tower-ctr-lfoc-chateaudun-tower"}},{"type":"Feature","geometry":{"type":"LineString","coordinates":[[162319.2786169808,6102013.148977062],[161227.7291655912,6101828.405891174]]},"properties":{"type":"artcc-low","section":"Tower CTR LFOC Chateaudun Tower","uuid":"artcc-low-tower-ctr-lfoc-chateaudun-tower"}},{"type":"Feature","geometry":{"type":"LineString","coordinates":[[161227.7291655912,6101828.405891174],[160123.81088189126,6101754.509769739]]},"properties":{"type":"artcc-low","section":"Tower CTR LFOC Chateaudun Tower","uuid":"artcc-low-tower-ctr-lfoc-chateaudun-tower"}},{"type":"Feature","geometry":{"type":"LineString","coordinates":[[160123.81088189126,6101754.509769739],[159016.80039011373,6101782.220740754]]},"properties":{"type":"artcc-low","section":"Tower CTR LFOC Chateaudun Tower","uuid":"artcc-low-tower-ctr-lfoc-chateaudun-tower"}},{"type":"Feature","geometry":{"type":"LineString","coordinates":[[159016.80039011373,6101782.220740754],[158259.20941110392,6101865.35419037]]},"properties":{"type":"artcc-low","section":"Tower CTR LFOC Chateaudun Tower","uuid":"artcc-low-tower-ctr-lfoc-chateaudun-tower"}},{"type":"Feature","geometry":{"type":"LineString","coordinates":[[158259.20941110392,6101865.35419037],[146199.5979084993,6103528.192236458]]},"properties":{"type":"artcc-low","section":"Tower CTR LFOC Chateaudun Tower","uuid":"artcc-low-tower-ctr-lfoc-chateaudun-tower"}},{"type":"Feature","geometry":{"type":"LineString","coordinates":[[146199.5979084993,6103528.192236458],[145117.32508134245,6103768.406575275]]},"properties":{"type":"artcc-low","section":"Tower CTR LFOC Chateaudun Tower","uuid":"artcc-low-tower-ctr-lfoc-chateaudun-tower"}},{"type":"Feature","geometry":{"type":"LineString","coordinates":[[145117.32508134245,6103768.406575275],[144056.69771072877,6104105.641892247]]},"properties":{"type":"artcc-low","section":"Tower CTR LFOC Chateaudun Tower","uuid":"artcc-low-tower-ctr-lfoc-chateaudun-tower"}},{"type":"Feature","geometry":{"type":"LineString","coordinates":[[144056.69771072877,6104105.641892247],[143026.99242089098,6104544.529609139]]},"properties":{"type":"artcc-low","section":"Tower CTR LFOC Chateaudun Tower","uuid":"artcc-low-tower-ctr-lfoc-chateaudun-tower"}},{"type":"Feature","geometry":{"type":"LineString","coordinates":[[143026.99242089098,6104544.529609139],[142034.3936279843,6105080.465039399]]},"properties":{"type":"artcc-low","section":"Tower CTR LFOC Chateaudun Tower","uuid":"artcc-low-tower-ctr-lfoc-chateaudun-tower"}},{"type":"Feature","geometry":{"type":"LineString","coordinates":[[142034.3936279843,6105080.465039399],[141088.17795624147,6105704.225130243]]},"properties":{"type":"artcc-low","section":"Tower CTR LFOC Chateaudun Tower","uuid":"artcc-low-tower-ctr-lfoc-chateaudun-tower"}},{"type":"Feature","geometry":{"type":"LineString","coordinates":[[141088.17795624147,6105704.225130243],[140197.62202989528,6106420.450026501]]},"properties":{"type":"artcc-low","section":"Tower CTR LFOC Chateaudun Tower","uuid":"artcc-low-tower-ctr-lfoc-chateaudun-tower"}},{"type":"Feature","geometry":{"type":"LineString","coordinates":[[140197.62202989528,6106420.450026501],[139365.81805702334,6107219.920014269]]},"properties":{"type":"artcc-low","section":"Tower CTR LFOC Chateaudun Tower","uuid":"artcc-low-tower-ctr-lfoc-chateaudun-tower"}},{"type":"Feature","geometry":{"type":"LineString","coordinates":[[139365.81805702334,6107219.920014269],[138602.04266185837,6108093.414554523]]},"properties":{"type":"artcc-low","section":"Tower CTR LFOC Chateaudun Tower","uuid":"artcc-low-tower-ctr-lfoc-chateaudun-tower"}},{"type":"Feature","geometry":{"type":"LineString","coordinates":[[138602.04266185837,6108093.414554523],[137909.38805247803,6109036.333843784]]},"properties":{"type":"artcc-low","section":"Tower CTR LFOC Chateaudun Tower","uuid":"artcc-low-tower-ctr-lfoc-chateaudun-tower"}},{"type":"Feature","geometry":{"type":"LineString","coordinates":[[137909.38805247803,6109036.333843784],[137294.0386450374,6110044.077817806]]},"properties":{"type":"artcc-low","section":"Tower CTR LFOC Chateaudun Tower","uuid":"artcc-low-tower-ctr-lfoc-chateaudun-tower"}},{"type":"Feature","geometry":{"type":"LineString","coordinates":[[137294.0386450374,6110044.077817806],[136762.17885569177,6111102.798744919]]},"properties":{"type":"artcc-low","section":"Tower CTR LFOC Chateaudun Tower","uuid":"artcc-low-tower-ctr-lfoc-chateaudun-tower"}},{"type":"Feature","geometry":{"type":"LineString","coordinates":[[136762.17885569177,6111102.798744919],[136316.90089251866,6112212.515497244]]},"properties":{"type":"artcc-low","section":"Tower CTR LFOC Chateaudun Tower","uuid":"artcc-low-tower-ctr-lfoc-chateaudun-tower"}},{"type":"Feature","geometry":{"type":"LineString","coordinates":[[136316.90089251866,6112212.515497244],[135961.2969635957,6113359.373642404]]},"properties":{"type":"artcc-low","section":"Tower CTR LFOC Chateaudun Tower","uuid":"artcc-low-tower-ctr-lfoc-chateaudun-tower"}},{"type":"Feature","geometry":{"type":"LineString","coordinates":[[135961.2969635957,6113359.373642404],[135698.45927700048,6114538.762702571]]},"properties":{"type":"artcc-low","section":"Tower CTR LFOC Chateaudun Tower","uuid":"artcc-low-tower-ctr-lfoc-chateaudun-tower"}},{"type":"Feature","geometry":{"type":"LineString","coordinates":[[135698.45927700048,6114538.762702571],[135528.387832733,6115736.8180267485]]},"properties":{"type":"artcc-low","section":"Tower CTR LFOC Chateaudun Tower","uuid":"artcc-low-tower-ctr-lfoc-chateaudun-tower"}},{"type":"Feature","geometry":{"type":"LineString","coordinates":[[135528.387832733,6115736.8180267485],[135454.17483887082,6116944.294088494]]},"properties":{"type":"artcc-low","section":"Tower CTR LFOC Chateaudun Tower","uuid":"artcc-low-tower-ctr-lfoc-chateaudun-tower"}},{"type":"Feature","geometry":{"type":"LineString","coordinates":[[135454.17483887082,6116944.294088494],[135478.91250349153,6118156.567537502]]},"properties":{"type":"artcc-low","section":"Tower CTR LFOC Chateaudun Tower","uuid":"artcc-low-tower-ctr-lfoc-chateaudun-tower"}},{"type":"Feature","geometry":{"type":"LineString","coordinates":[[135478.91250349153,6118156.567537502],[135596.41641044,6119364.384445434]]},"properties":{"type":"artcc-low","section":"Tower CTR LFOC Chateaudun Tower","uuid":"artcc-low-tower-ctr-lfoc-chateaudun-tower"}},{"type":"Feature","geometry":{"type":"LineString","coordinates":[[135596.41641044,6119364.384445434],[135812.87097587137,6120553.85705474]]},"properties":{"type":"artcc-low","section":"Tower CTR LFOC Chateaudun Tower","uuid":"artcc-low-tower-ctr-lfoc-chateaudun-tower"}},{"type":"Feature","geometry":{"type":"LineString","coordinates":[[135812.87097587137,6120553.85705474],[136122.09178363046,6121715.719224516]]},"properties":{"type":"artcc-low","section":"Tower CTR LFOC Chateaudun Tower","uuid":"artcc-low-tower-ctr-lfoc-chateaudun-tower"}},{"type":"Feature","geometry":{"type":"LineString","coordinates":[[136122.09178363046,6121715.719224516],[136520.9866256397,6122845.329861924]]},"properties":{"type":"artcc-low","section":"Tower CTR LFOC Chateaudun Tower","uuid":"artcc-low-tower-ctr-lfoc-chateaudun-tower"}},{"type":"Feature","geometry":{"type":"LineString","coordinates":[[136520.9866256397,6122845.329861924],[137009.55550189907,6123938.0457591135]]},"properties":{"type":"artcc-low","section":"Tower CTR LFOC Chateaudun Tower","uuid":"artcc-low-tower-ctr-lfoc-chateaudun-tower"}},{"type":"Feature","geometry":{"type":"LineString","coordinates":[[137009.55550189907,6123938.0457591135],[137581.61399625338,6124975.328744286]]},"properties":{"type":"artcc-low","section":"Tower CTR LFOC Chateaudun Tower","uuid":"artcc-low-tower-ctr-lfoc-chateaudun-tower"}},{"type":"Feature","geometry":{"type":"LineString","coordinates":[[137581.61399625338,6124975.328744286],[138234.06990062507,6125952.527141574]]},"properties":{"type":"artcc-low","section":"Tower CTR LFOC Chateaudun Tower","uuid":"artcc-low-tower-ctr-lfoc-chateaudun-tower"}},{"type":"Feature","geometry":{"type":"LineString","coordinates":[[138234.06990062507,6125952.527141574],[138960.73879885892,6126864.988355095]]},"properties":{"type":"artcc-low","section":"Tower CTR LFOC Chateaudun Tower","uuid":"artcc-low-tower-ctr-lfoc-chateaudun-tower"}},{"type":"Feature","geometry":{"type":"LineString","coordinates":[[138960.73879885892,6126864.988355095],[139758.5284828774,6127708.059207375]]},"properties":{"type":"artcc-low","section":"Tower CTR LFOC Chateaudun Tower","uuid":"artcc-low-tower-ctr-lfoc-chateaudun-tower"}},{"type":"Feature","geometry":{"type":"LineString","coordinates":[[139758.5284828774,6127708.059207375],[140621.25453652523,6128467.820505732]]},"properties":{"type":"artcc-low","section":"Tower CTR LFOC Chateaudun Tower","uuid":"artcc-low-tower-ctr-lfoc-chateaudun-tower"}},{"type":"Feature","geometry":{"type":"LineString","coordinates":[[140621.25453652523,6128467.820505732],[141536.54812749216,6129139.61681654]]},"properties":{"type":"artcc-low","section":"Tower CTR LFOC Chateaudun Tower","uuid":"artcc-low-tower-ctr-lfoc-chateaudun-tower"}},{"type":"Feature","geometry":{"type":"LineString","coordinates":[[141536.54812749216,6129139.61681654],[142507.50146385573,6129728.06101473]]},"properties":{"type":"artcc-low","section":"Tower CTR LFOC Chateaudun Tower","uuid":"artcc-low-tower-ctr-lfoc-chateaudun-tower"}},{"type":"Feature","geometry":{"type":"LineString","coordinates":[[142507.50146385573,6129728.06101473],[143515.56129715033,6130214.600531918]]},"properties":{"type":"artcc-low","section":"Tower CTR LFOC Chateaudun Tower","uuid":"artcc-low-tower-ctr-lfoc-chateaudun-tower"}},{"type":"Feature","geometry":{"type":"LineString","coordinates":[[143515.56129715033,6130214.600531918],[144563.81983545367,6130608.486102081]]},"properties":{"type":"artcc-low","section":"Tower CTR LFOC Chateaudun Tower","uuid":"artcc-low-tower-ctr-lfoc-chateaudun-tower"}},{"type":"Feature","geometry":{"type":"LineString","coordinates":[[144563.81983545367,6130608.486102081],[145636.81603837773,6130895.80229828]]},"properties":{"type":"artcc-low","section":"Tower CTR LFOC Chateaudun Tower","uuid":"artcc-low-tower-ctr-lfoc-chateaudun-tower"}},{"type":"Feature","geometry":{"type":"LineString","coordinates":[[145636.81603837773,6130895.80229828],[146728.3654897673,6131081.17270225]]},"properties":{"type":"artcc-low","section":"Tower CTR LFOC Chateaudun Tower","uuid":"artcc-low-tower-ctr-lfoc-chateaudun-tower"}},{"type":"Feature","geometry":{"type":"LineString","coordinates":[[146728.3654897673,6131081.17270225],[147829.19156538972,6131164.590693234]]},"properties":{"type":"artcc-low","section":"Tower CTR LFOC Chateaudun Tower","uuid":"artcc-low-tower-ctr-lfoc-chateaudun-tower"}},{"type":"Feature","geometry":{"type":"LineString","coordinates":[[147829.19156538972,6131164.590693234],[148936.20205716728,6131136.7846059445]]},"properties":{"type":"artcc-low","section":"Tower CTR LFOC Chateaudun Tower","uuid":"artcc-low-tower-ctr-lfoc-chateaudun-tower"}},{"type":"Feature","geometry":{"type":"LineString","coordinates":[[148936.20205716728,6131136.7846059445],[149972.0917631602,6131011.658330507]]},"properties":{"type":"artcc-low","section":"Tower CTR LFOC Chateaudun Tower","uuid":"artcc-low-tower-ctr-lfoc-chateaudun-tower"}},{"type":"Feature","geometry":{"type":"LineString","coordinates":[[138871.0647646088,6304229.180172518],[141004.68833814652,6302053.782076172]]},"properties":{"type":"artcc-low","section":"Tower CTR LFOE Evreux Tower","uuid":"artcc-low-tower-ctr-lfoe-evreux-tower"}},{"type":"Feature","geometry":{"type":"LineString","coordinates":[[141004.68833814652,6302053.782076172],[144653.49386970382,6299453.499195121]]},"properties":{"type":"artcc-low","section":"Tower CTR LFOE Evreux Tower","uuid":"artcc-low-tower-ctr-lfoe-evreux-tower"}},{"type":"Feature","geometry":{"type":"LineString","coordinates":[[144653.49386970382,6299453.499195121],[147529.2473818634,6296145.207469867]]},"properties":{"type":"artcc-low","section":"Tower CTR LFOE Evreux Tower","uuid":"artcc-low-tower-ctr-lfoe-evreux-tower"}},{"type":"Feature","geometry":{"type":"LineString","coordinates":[[147529.2473818634,6296145.207469867],[149539.1826322975,6292932.680341761]]},"properties":{"type":"artcc-low","section":"Tower CTR LFOE Evreux Tower","uuid":"artcc-low-tower-ctr-lfoe-evreux-tower"}},{"type":"Feature","geometry":{"type":"LineString","coordinates":[[149539.1826322975,6292932.680341761],[154363.02723333938,6288446.637968789]]},"properties":{"type":"artcc-low","section":"Tower CTR LFOE Evreux Tower","uuid":"artcc-low-tower-ctr-lfoe-evreux-tower"}},{"type":"Feature","geometry":{"type":"LineString","coordinates":[[154363.02723333938,6288446.637968789],[157702.61195713756,6286180.912418882]]},"properties":{"type":"artcc-low","section":"Tower CTR LFOE Evreux Tower","uuid":"artcc-low-tower-ctr-lfoe-evreux-tower"}},{"type":"Feature","geometry":{"type":"LineString","coordinates":[[157702.61195713756,6286180.912418882],[137294.0386450374,6260733.281789649]]},"properties":{"type":"artcc-low","section":"Tower CTR LFOE Evreux Tower","uuid":"artcc-low-tower-ctr-lfoe-evreux-tower"}},{"type":"Feature","geometry":{"type":"LineString","coordinates":[[137294.0386450374,6260733.281789649],[127089.75198898732,6263557.016809184]]},"properties":{"type":"artcc-low","section":"Tower CTR LFOE Evreux Tower","uuid":"artcc-low-tower-ctr-lfoe-evreux-tower"}},{"type":"Feature","geometry":{"type":"LineString","coordinates":[[127089.75198898732,6263557.016809184],[113174.81563982813,6274861.394006576]]},"properties":{"type":"artcc-low","section":"Tower CTR LFOE Evreux Tower","uuid":"artcc-low-tower-ctr-lfoe-evreux-tower"}},{"type":"Feature","geometry":{"type":"LineString","coordinates":[[113174.81563982813,6274861.394006576],[138871.0647646088,6304229.180172518]]},"properties":{"type":"artcc-low","section":"Tower CTR LFOE Evreux Tower","uuid":"artcc-low-tower-ctr-lfoe-evreux-tower"}},{"type":"Feature","geometry":{"type":"LineString","coordinates":[[203127.14861694834,6122164.767918774],[204178.4993633293,6122567.542949205]]},"properties":{"type":"artcc-low","section":"Tower CTR LFOJ Orleans Bricy Tower","uuid":"artcc-low-tower-ctr-lfoj-orleans-bricy-tower"}},{"type":"Feature","geometry":{"type":"LineString","coordinates":[[204178.4993633293,6122567.542949205],[205260.77219048614,6122863.849309602]]},"properties":{"type":"artcc-low","section":"Tower CTR LFOJ Orleans Bricy Tower","uuid":"artcc-low-tower-ctr-lfoj-orleans-bricy-tower"}},{"type":"Feature","geometry":{"type":"LineString","coordinates":[[205260.77219048614,6122863.849309602],[206364.6904741861,6123053.6759557845]]},"properties":{"type":"artcc-low","section":"Tower CTR LFOJ Orleans Bricy Tower","uuid":"artcc-low-tower-ctr-lfoj-orleans-bricy-tower"}},{"type":"Feature","geometry":{"type":"LineString","coordinates":[[206364.6904741861,6123053.6759557845],[207474.79317404123,6123137.015811653]]},"properties":{"type":"artcc-low","section":"Tower CTR LFOJ Orleans Bricy Tower","uuid":"artcc-low-tower-ctr-lfoj-orleans-bricy-tower"}},{"type":"Feature","geometry":{"type":"LineString","coordinates":[[207474.79317404123,6123137.015811653],[208591.08029005153,6123113.865770389]]},"properties":{"type":"artcc-low","section":"Tower CTR LFOJ Orleans Bricy Tower","uuid":"artcc-low-tower-ctr-lfoj-orleans-bricy-tower"}},{"type":"Feature","geometry":{"type":"LineString","coordinates":[[208591.08029005153,6123113.865770389],[209698.0907818291,6122984.226695013]]},"properties":{"type":"artcc-low","section":"Tower CTR LFOJ Orleans Bricy Tower","uuid":"artcc-low-tower-ctr-lfoj-orleans-bricy-tower"}},{"type":"Feature","geometry":{"type":"LineString","coordinates":[[209698.0907818291,6122984.226695013],[210792.73244129628,6122748.103418227]]},"properties":{"type":"artcc-low","section":"Tower CTR LFOJ Orleans Bricy Tower","uuid":"artcc-low-tower-ctr-lfoj-orleans-bricy-tower"}},{"type":"Feature","geometry":{"type":"LineString","coordinates":[[210792.73244129628,6122748.103418227],[211865.72864422033,6122410.134362132]]},"properties":{"type":"artcc-low","section":"Tower CTR LFOJ Orleans Bricy Tower","uuid":"artcc-low-tower-ctr-lfoj-orleans-bricy-tower"}},{"type":"Feature","geometry":{"type":"LineString","coordinates":[[211865.72864422033,6122410.134362132],[212904.71055829088,6121970.331575354]]},"properties":{"type":"artcc-low","section":"Tower CTR LFOJ Orleans Bricy Tower","uuid":"artcc-low-tower-ctr-lfoj-orleans-bricy-tower"}},{"type":"Feature","geometry":{"type":"LineString","coordinates":[[212904.71055829088,6121970.331575354],[213906.58597543032,6121433.339827233]]},"properties":{"type":"artcc-low","section":"Tower CTR LFOJ Orleans Bricy Tower","uuid":"artcc-low-tower-ctr-lfoj-orleans-bricy-tower"}},{"type":"Feature","geometry":{"type":"LineString","coordinates":[[213906.58597543032,6121433.339827233],[214862.07827140595,6120803.806137311]]},"properties":{"type":"artcc-low","section":"Tower CTR LFOJ Orleans Bricy Tower","uuid":"artcc-low-tower-ctr-lfoj-orleans-bricy-tower"}},{"type":"Feature","geometry":{"type":"LineString","coordinates":[[214862.07827140595,6120803.806137311],[215761.9108219849,6120081.750894975]]},"properties":{"type":"artcc-low","section":"Tower CTR LFOJ Orleans Bricy Tower","uuid":"artcc-low-tower-ctr-lfoj-orleans-bricy-tower"}},{"type":"Feature","geometry":{"type":"LineString","coordinates":[[215761.9108219849,6120081.750894975],[216602.99141908964,6119276.453333487]]},"properties":{"type":"artcc-low","section":"Tower CTR LFOJ Orleans Bricy Tower","uuid":"artcc-low-tower-ctr-lfoj-orleans-bricy-tower"}},{"type":"Feature","geometry":{"type":"LineString","coordinates":[[216602.99141908964,6119276.453333487],[217376.0434384874,6118397.191815426]]},"properties":{"type":"artcc-low","section":"Tower CTR LFOJ Orleans Bricy Tower","uuid":"artcc-low-tower-ctr-lfoj-orleans-bricy-tower"}},{"type":"Feature","geometry":{"type":"LineString","coordinates":[[217376.0434384874,6118397.191815426],[218077.97467210054,6117443.989096668]]},"properties":{"type":"artcc-low","section":"Tower CTR LFOJ Orleans Bricy Tower","uuid":"artcc-low-tower-ctr-lfoj-orleans-bricy-tower"}},{"type":"Feature","geometry":{"type":"LineString","coordinates":[[218077.97467210054,6117443.989096668],[218699.5084956963,6116430.749006983]]},"properties":{"type":"artcc-low","section":"Tower CTR LFOJ Orleans Bricy Tower","uuid":"artcc-low-tower-ctr-lfoj-orleans-bricy-tower"}},{"type":"Feature","geometry":{"type":"LineString","coordinates":[[218699.5084956963,6116430.749006983],[219240.6449092747,6115357.492828934]]},"properties":{"type":"artcc-low","section":"Tower CTR LFOJ Orleans Bricy Tower","uuid":"artcc-low-tower-ctr-lfoj-orleans-bricy-tower"}},{"type":"Feature","geometry":{"type":"LineString","coordinates":[[219240.6449092747,6115357.492828934],[219692.107288603,6114242.743929658]]},"properties":{"type":"artcc-low","section":"Tower CTR LFOJ Orleans Bricy Tower","uuid":"artcc-low-tower-ctr-lfoj-orleans-bricy-tower"}},{"type":"Feature","geometry":{"type":"LineString","coordinates":[[219692.107288603,6114242.743929658],[220053.89563368115,6113086.518489422]]},"properties":{"type":"artcc-low","section":"Tower CTR LFOJ Orleans Bricy Tower","uuid":"artcc-low-tower-ctr-lfoj-orleans-bricy-tower"}},{"type":"Feature","geometry":{"type":"LineString","coordinates":[[220053.89563368115,6113086.518489422],[220322.91773643153,6111898.081176136]]},"properties":{"type":"artcc-low","section":"Tower CTR LFOJ Orleans Bricy Tower","uuid":"artcc-low-tower-ctr-lfoj-orleans-bricy-tower"}},{"type":"Feature","geometry":{"type":"LineString","coordinates":[[220322.91773643153,6111898.081176136],[220496.08138877663,6110691.315265415]]},"properties":{"type":"artcc-low","section":"Tower CTR LFOJ Orleans Bricy Tower","uuid":"artcc-low-tower-ctr-lfoj-orleans-bricy-tower"}},{"type":"Feature","geometry":{"type":"LineString","coordinates":[[220496.08138877663,6110691.315265415],[220573.3865907164,6109470.851134886]]},"properties":{"type":"artcc-low","section":"Tower CTR LFOJ Orleans Bricy Tower","uuid":"artcc-low-tower-ctr-lfoj-orleans-bricy-tower"}},{"type":"Feature","geometry":{"type":"LineString","coordinates":[[220573.3865907164,6109470.851134886],[220551.74113417327,6108250.560574556]]},"properties":{"type":"artcc-low","section":"Tower CTR LFOJ Orleans Bricy Tower","uuid":"artcc-low-tower-ctr-lfoj-orleans-bricy-tower"}},{"type":"Feature","geometry":{"type":"LineString","coordinates":[[220551.74113417327,6108250.560574556],[220434.23722722483,6107035.064843339]]},"properties":{"type":"artcc-low","section":"Tower CTR LFOJ Orleans Bricy Tower","uuid":"artcc-low-tower-ctr-lfoj-orleans-bricy-tower"}},{"type":"Feature","geometry":{"type":"LineString","coordinates":[[220434.23722722483,6107035.064843339],[220220.874869871,6105833.603269285]]},"properties":{"type":"artcc-low","section":"Tower CTR LFOJ Orleans Bricy Tower","uuid":"artcc-low-tower-ctr-lfoj-orleans-bricy-tower"}},{"type":"Feature","geometry":{"type":"LineString","coordinates":[[220220.874869871,6105833.603269285],[219911.65406211195,6104660.030106175]]},"properties":{"type":"artcc-low","section":"Tower CTR LFOJ Orleans Bricy Tower","uuid":"artcc-low-tower-ctr-lfoj-orleans-bricy-tower"}},{"type":"Feature","geometry":{"type":"LineString","coordinates":[[219911.65406211195,6104660.030106175],[219512.75922010274,6103518.953357648]]},"properties":{"type":"artcc-low","section":"Tower CTR LFOJ Orleans Bricy Tower","uuid":"artcc-low-tower-ctr-lfoj-orleans-bricy-tower"}},{"type":"Feature","geometry":{"type":"LineString","coordinates":[[219512.75922010274,6103518.953357648],[219021.09813576573,6102424.21660472]]},"properties":{"type":"artcc-low","section":"Tower CTR LFOJ Orleans Bricy Tower","uuid":"artcc-low-tower-ctr-lfoj-orleans-bricy-tower"}},{"type":"Feature","geometry":{"type":"LineString","coordinates":[[219021.09813576573,6102424.21660472],[218445.94743333384,6101375.80212818]]},"properties":{"type":"artcc-low","section":"Tower CTR LFOJ Orleans Bricy Tower","uuid":"artcc-low-tower-ctr-lfoj-orleans-bricy-tower"}},{"type":"Feature","geometry":{"type":"LineString","coordinates":[[218445.94743333384,6101375.80212818],[217790.39932088455,6100392.163966811]]},"properties":{"type":"artcc-low","section":"Tower CTR LFOJ Orleans Bricy Tower","uuid":"artcc-low-tower-ctr-lfoj-orleans-bricy-tower"}},{"type":"Feature","geometry":{"type":"LineString","coordinates":[[217790.39932088455,6100392.163966811],[217057.54600649548,6099468.662607822]]},"properties":{"type":"artcc-low","section":"Tower CTR LFOJ Orleans Bricy Tower","uuid":"artcc-low-tower-ctr-lfoj-orleans-bricy-tower"}},{"type":"Feature","geometry":{"type":"LineString","coordinates":[[217057.54600649548,6099468.662607822],[216253.5719063219,6098623.745854126]]},"properties":{"type":"artcc-low","section":"Tower CTR LFOJ Orleans Bricy Tower","uuid":"artcc-low-tower-ctr-lfoj-orleans-bricy-tower"}},{"type":"Feature","geometry":{"type":"LineString","coordinates":[[216253.5719063219,6098623.745854126],[215387.7536445964,6097857.390518832]]},"properties":{"type":"artcc-low","section":"Tower CTR LFOJ Orleans Bricy Tower","uuid":"artcc-low-tower-ctr-lfoj-orleans-bricy-tower"}},{"type":"Feature","geometry":{"type":"LineString","coordinates":[[215387.7536445964,6097857.390518832],[214463.1834293967,6097174.191602366]]},"properties":{"type":"artcc-low","section":"Tower CTR LFOJ Orleans Bricy Tower","uuid":"artcc-low-tower-ctr-lfoj-orleans-bricy-tower"}},{"type":"Feature","geometry":{"type":"LineString","coordinates":[[214463.1834293967,6097174.191602366],[213486.04567687798,6096583.3606776735]]},"properties":{"type":"artcc-low","section":"Tower CTR LFOJ Orleans Bricy Tower","uuid":"artcc-low-tower-ctr-lfoj-orleans-bricy-tower"}},{"type":"Feature","geometry":{"type":"LineString","coordinates":[[213486.04567687798,6096583.3606776735],[212496.53909204886,6096094.109574225]]},"properties":{"type":"artcc-low","section":"Tower CTR LFOJ Orleans Bricy Tower","uuid":"artcc-low-tower-ctr-lfoj-orleans-bricy-tower"}},{"type":"Feature","geometry":{"type":"LineString","coordinates":[[212496.53909204886,6096094.109574225],[192304.4203453801,6088758.683686822]]},"properties":{"type":"artcc-low","section":"Tower CTR LFOJ Orleans Bricy Tower","uuid":"artcc-low-tower-ctr-lfoj-orleans-bricy-tower"}},{"type":"Feature","geometry":{"type":"LineString","coordinates":[[192304.4203453801,6088758.683686822],[191401.49558672355,6087808.76565067]]},"properties":{"type":"artcc-low","section":"Tower CTR LFOJ Orleans Bricy Tower","uuid":"artcc-low-tower-ctr-lfoj-orleans-bricy-tower"}},{"type":"Feature","geometry":{"type":"LineString","coordinates":[[191401.49558672355,6087808.76565067],[190272.83963840286,6087499.834342696]]},"properties":{"type":"artcc-low","section":"Tower CTR LFOJ Orleans Bricy Tower","uuid":"artcc-low-tower-ctr-lfoj-orleans-bricy-tower"}},{"type":"Feature","geometry":{"type":"LineString","coordinates":[[190272.83963840286,6087499.834342696],[189125.6304416166,6087301.570843392]]},"properties":{"type":"artcc-low","section":"Tower CTR LFOJ Orleans Bricy Tower","uuid":"artcc-low-tower-ctr-lfoj-orleans-bricy-tower"}},{"type":"Feature","geometry":{"type":"LineString","coordinates":[[189125.6304416166,6087301.570843392],[187969.14462059762,6087209.356819931]]},"properties":{"type":"artcc-low","section":"Tower CTR LFOJ Orleans Bricy Tower","uuid":"artcc-low-tower-ctr-lfoj-orleans-bricy-tower"}},{"type":"Feature","geometry":{"type":"LineString","coordinates":[[187969.14462059762,6087209.356819931],[186806.4743834234,6087232.410233084]]},"properties":{"type":"artcc-low","section":"Tower CTR LFOJ Orleans Bricy Tower","uuid":"artcc-low-tower-ctr-lfoj-orleans-bricy-tower"}},{"type":"Feature","geometry":{"type":"LineString","coordinates":[[186806.4743834234,6087232.410233084],[185653.08077048196,6087361.510488962]]},"properties":{"type":"artcc-low","section":"Tower CTR LFOJ Orleans Bricy Tower","uuid":"artcc-low-tower-ctr-lfoj-orleans-bricy-tower"}},{"type":"Feature","geometry":{"type":"LineString","coordinates":[[185653.08077048196,6087361.510488962],[184512.05598985095,6087601.273249718]]},"properties":{"type":"artcc-low","section":"Tower CTR LFOJ Orleans Bricy Tower","uuid":"artcc-low-tower-ctr-lfoj-orleans-bricy-tower"}},{"type":"Feature","geometry":{"type":"LineString","coordinates":[[184512.05598985095,6087601.273249718],[183395.76887384063,6087951.707773136]]},"properties":{"type":"artcc-low","section":"Tower CTR LFOJ Orleans Bricy Tower","uuid":"artcc-low-tower-ctr-lfoj-orleans-bricy-tower"}},{"type":"Feature","geometry":{"type":"LineString","coordinates":[[183395.76887384063,6087951.707773136],[182310.4038386062,6088403.604953278]]},"properties":{"type":"artcc-low","section":"Tower CTR LFOJ Orleans Bricy Tower","uuid":"artcc-low-tower-ctr-lfoj-orleans-bricy-tower"}},{"type":"Feature","geometry":{"type":"LineString","coordinates":[[182310.4038386062,6088403.604953278],[181265.23750838047,6088961.592404759]]},"properties":{"type":"artcc-low","section":"Tower CTR LFOJ Orleans Bricy Tower","uuid":"artcc-low-tower-ctr-lfoj-orleans-bricy-tower"}},{"type":"Feature","geometry":{"type":"LineString","coordinates":[[181265.23750838047,6088961.592404759],[180269.54650739618,6089611.85487952]]},"properties":{"type":"artcc-low","section":"Tower CTR LFOJ Orleans Bricy Tower","uuid":"artcc-low-tower-ctr-lfoj-orleans-bricy-tower"}},{"type":"Feature","geometry":{"type":"LineString","coordinates":[[180269.54650739618,6089611.85487952],[179329.51525180854,6090359.025682875]]},"properties":{"type":"artcc-low","section":"Tower CTR LFOJ Orleans Bricy Tower","uuid":"artcc-low-tower-ctr-lfoj-orleans-bricy-tower"}},{"type":"Feature","geometry":{"type":"LineString","coordinates":[[179329.51525180854,6090359.025682875],[178451.32815777272,6091189.291640907]]},"properties":{"type":"artcc-low","section":"Tower CTR LFOJ Orleans Bricy Tower","uuid":"artcc-low-tower-ctr-lfoj-orleans-bricy-tower"}},{"type":"Feature","geometry":{"type":"LineString","coordinates":[[178451.32815777272,6091189.291640907],[177644.26184952148,6092102.676834544]]},"properties":{"type":"artcc-low","section":"Tower CTR LFOJ Orleans Bricy Tower","uuid":"artcc-low-tower-ctr-lfoj-orleans-bricy-tower"}},{"type":"Feature","geometry":{"type":"LineString","coordinates":[[177644.26184952148,6092102.676834544],[176911.40853513245,6093089.98009715]]},"properties":{"type":"artcc-low","section":"Tower CTR LFOJ Orleans Bricy Tower","uuid":"artcc-low-tower-ctr-lfoj-orleans-bricy-tower"}},{"type":"Feature","geometry":{"type":"LineString","coordinates":[[176911.40853513245,6093089.98009715],[176262.04483883834,6094141.998107982]]},"properties":{"type":"artcc-low","section":"Tower CTR LFOJ Orleans Bricy Tower","uuid":"artcc-low-tower-ctr-lfoj-orleans-bricy-tower"}},{"type":"Feature","geometry":{"type":"LineString","coordinates":[[176262.04483883834,6094141.998107982],[175699.2629687168,6095254.139641071]]},"properties":{"type":"artcc-low","section":"Tower CTR LFOJ Orleans Bricy Tower","uuid":"artcc-low-tower-ctr-lfoj-orleans-bricy-tower"}},{"type":"Feature","geometry":{"type":"LineString","coordinates":[[175699.2629687168,6095254.139641071],[175223.0629247678,6096412.581183748]]},"properties":{"type":"artcc-low","section":"Tower CTR LFOJ Orleans Bricy Tower","uuid":"artcc-low-tower-ctr-lfoj-orleans-bricy-tower"}},{"type":"Feature","geometry":{"type":"LineString","coordinates":[[175223.0629247678,6096412.581183748],[174845.8135393017,6097617.341464498]]},"properties":{"type":"artcc-low","section":"Tower CTR LFOJ Orleans Bricy Tower","uuid":"artcc-low-tower-ctr-lfoj-orleans-bricy-tower"}},{"type":"Feature","geometry":{"type":"LineString","coordinates":[[174845.8135393017,6097617.341464498],[174561.33039616334,6098849.972246822]]},"properties":{"type":"artcc-low","section":"Tower CTR LFOJ Orleans Bricy Tower","uuid":"artcc-low-tower-ctr-lfoj-orleans-bricy-tower"}},{"type":"Feature","geometry":{"type":"LineString","coordinates":[[174561.33039616334,6098849.972246822],[174378.89011958547,6100105.867924673]]},"properties":{"type":"artcc-low","section":"Tower CTR LFOJ Orleans Bricy Tower","uuid":"artcc-low-tower-ctr-lfoj-orleans-bricy-tower"}},{"type":"Feature","geometry":{"type":"LineString","coordinates":[[174378.89011958547,6100105.867924673],[173813.01604138635,6100526.079907941]]},"properties":{"type":"artcc-low","section":"Tower CTR LFOJ Orleans Bricy Tower","uuid":"artcc-low-tower-ctr-lfoj-orleans-bricy-tower"}},{"type":"Feature","geometry":{"type":"LineString","coordinates":[[173813.01604138635,6100526.079907941],[179131.61393484275,6112725.808049642]]},"properties":{"type":"artcc-low","section":"Tower CTR LFOJ Orleans Bricy Tower","uuid":"artcc-low-tower-ctr-lfoj-orleans-bricy-tower"}},{"type":"Feature","geometry":{"type":"LineString","coordinates":[[179131.61393484275,6112725.808049642],[180130.3971439046,6113345.499442122]]},"properties":{"type":"artcc-low","section":"Tower CTR LFOJ Orleans Bricy Tower","uuid":"artcc-low-tower-ctr-lfoj-orleans-bricy-tower"}},{"type":"Feature","geometry":{"type":"LineString","coordinates":[[180130.3971439046,6113345.499442122],[181076.61281564744,6114016.111462125]]},"properties":{"type":"artcc-low","section":"Tower CTR LFOJ Orleans Bricy Tower","uuid":"artcc-low-tower-ctr-lfoj-orleans-bricy-tower"}},{"type":"Feature","geometry":{"type":"LineString","coordinates":[[181076.61281564744,6114016.111462125],[182075.3960247093,6114594.267359965]]},"properties":{"type":"artcc-low","section":"Tower CTR LFOJ Orleans Bricy Tower","uuid":"artcc-low-tower-ctr-lfoj-orleans-bricy-tower"}},{"type":"Feature","geometry":{"type":"LineString","coordinates":[[182075.3960247093,6114594.267359965],[182935.02987027957,6114807.038541129]]},"properties":{"type":"artcc-low","section":"Tower CTR LFOJ Orleans Bricy Tower","uuid":"artcc-low-tower-ctr-lfoj-orleans-bricy-tower"}},{"type":"Feature","geometry":{"type":"LineString","coordinates":[[182935.02987027957,6114807.038541129],[203127.14861694834,6122164.767918774]]},"properties":{"type":"artcc-low","section":"Tower CTR LFOJ Orleans Bricy Tower","uuid":"artcc-low-tower-ctr-lfoj-orleans-bricy-tower"}},{"type":"Feature","geometry":{"type":"LineString","coordinates":[[465425.05937015335,6254306.962077641],[477960.7472283839,6251784.550196486]]},"properties":{"type":"artcc-low","section":"Tower CTR LFOK Vatry Tower","uuid":"artcc-low-tower-ctr-lfok-vatry-tower"}},{"type":"Feature","geometry":{"type":"LineString","coordinates":[[477960.7472283839,6251784.550196486],[481323.95642189484,6250561.529668958]]},"properties":{"type":"artcc-low","section":"Tower CTR LFOK Vatry Tower","uuid":"artcc-low-tower-ctr-lfok-vatry-tower"}},{"type":"Feature","geometry":{"type":"LineString","coordinates":[[481323.95642189484,6250561.529668958],[483999.273006465,6249109.231238664]]},"properties":{"type":"artcc-low","section":"Tower CTR LFOK Vatry Tower","uuid":"artcc-low-tower-ctr-lfok-vatry-tower"}},{"type":"Feature","geometry":{"type":"LineString","coordinates":[[483999.273006465,6249109.231238664],[486215.922366886,6247121.888232106]]},"properties":{"type":"artcc-low","section":"Tower CTR LFOK Vatry Tower","uuid":"artcc-low-tower-ctr-lfok-vatry-tower"}},{"type":"Feature","geometry":{"type":"LineString","coordinates":[[486215.922366886,6247121.888232106],[488050.4366530785,6244828.786768581]]},"properties":{"type":"artcc-low","section":"Tower CTR LFOK Vatry Tower","uuid":"artcc-low-tower-ctr-lfok-vatry-tower"}},{"type":"Feature","geometry":{"type":"LineString","coordinates":[[488050.4366530785,6244828.786768581],[489120.5571024904,6242841.414348696]]},"properties":{"type":"artcc-low","section":"Tower CTR LFOK Vatry Tower","uuid":"artcc-low-tower-ctr-lfok-vatry-tower"}},{"type":"Feature","geometry":{"type":"LineString","coordinates":[[489120.5571024904,6242841.414348696],[490267.08601349953,6240242.566826558]]},"properties":{"type":"artcc-low","section":"Tower CTR LFOK Vatry Tower","uuid":"artcc-low-tower-ctr-lfok-vatry-tower"}},{"type":"Feature","geometry":{"type":"LineString","coordinates":[[490267.08601349953,6240242.566826558],[490649.28293188976,6237873.003065144]]},"properties":{"type":"artcc-low","section":"Tower CTR LFOK Vatry Tower","uuid":"artcc-low-tower-ctr-lfok-vatry-tower"}},{"type":"Feature","geometry":{"type":"LineString","coordinates":[[490649.28293188976,6237873.003065144],[490878.60108292394,6235197.708420763]]},"properties":{"type":"artcc-low","section":"Tower CTR LFOK Vatry Tower","uuid":"artcc-low-tower-ctr-lfok-vatry-tower"}},{"type":"Feature","geometry":{"type":"LineString","coordinates":[[490878.60108292394,6235197.708420763],[490649.28293188976,6232598.857280361]]},"properties":{"type":"artcc-low","section":"Tower CTR LFOK Vatry Tower","uuid":"artcc-low-tower-ctr-lfok-vatry-tower"}},{"type":"Feature","geometry":{"type":"LineString","coordinates":[[490649.28293188976,6232598.857280361],[489655.6018661559,6229235.642018523]]},"properties":{"type":"artcc-low","section":"Tower CTR LFOK Vatry Tower","uuid":"artcc-low-tower-ctr-lfok-vatry-tower"}},{"type":"Feature","geometry":{"type":"LineString","coordinates":[[489655.6018661559,6229235.642018523],[488356.1632657098,6226942.497333336]]},"properties":{"type":"artcc-low","section":"Tower CTR LFOK Vatry Tower","uuid":"artcc-low-tower-ctr-lfok-vatry-tower"}},{"type":"Feature","geometry":{"type":"LineString","coordinates":[[488356.1632657098,6226942.497333336],[487209.6034326198,6225108.033960981]]},"properties":{"type":"artcc-low","section":"Tower CTR LFOK Vatry Tower","uuid":"artcc-low-tower-ctr-lfok-vatry-tower"}},{"type":"Feature","geometry":{"type":"LineString","coordinates":[[487209.6034326198,6225108.033960981],[485145.832839555,6222738.476837455]]},"properties":{"type":"artcc-low","section":"Tower CTR LFOK Vatry Tower","uuid":"artcc-low-tower-ctr-lfok-vatry-tower"}},{"type":"Feature","geometry":{"type":"LineString","coordinates":[[485145.832839555,6222738.476837455],[482394.07687130675,6220751.120589326]]},"properties":{"type":"artcc-low","section":"Tower CTR LFOK Vatry Tower","uuid":"artcc-low-tower-ctr-lfok-vatry-tower"}},{"type":"Feature","geometry":{"type":"LineString","coordinates":[[482394.07687130675,6220751.120589326],[480712.4722745513,6219910.32272916]]},"properties":{"type":"artcc-low","section":"Tower CTR LFOK Vatry Tower","uuid":"artcc-low-tower-ctr-lfok-vatry-tower"}},{"type":"Feature","geometry":{"type":"LineString","coordinates":[[480712.4722745513,6219910.32272916],[477578.5503099937,6218993.051664523]]},"properties":{"type":"artcc-low","section":"Tower CTR LFOK Vatry Tower","uuid":"artcc-low-tower-ctr-lfok-vatry-tower"}},{"type":"Feature","geometry":{"type":"LineString","coordinates":[[477578.5503099937,6218993.051664523],[474979.7040311824,6218610.888523933]]},"properties":{"type":"artcc-low","section":"Tower CTR LFOK Vatry Tower","uuid":"artcc-low-tower-ctr-lfok-vatry-tower"}},{"type":"Feature","geometry":{"type":"LineString","coordinates":[[474979.7040311824,6218610.888523933],[472151.5086792562,6218687.301047874]]},"properties":{"type":"artcc-low","section":"Tower CTR LFOK Vatry Tower","uuid":"artcc-low-tower-ctr-lfok-vatry-tower"}},{"type":"Feature","geometry":{"type":"LineString","coordinates":[[472151.5086792562,6218687.301047874],[452125.00859722315,6222738.476837455]]},"properties":{"type":"artcc-low","section":"Tower CTR LFOK Vatry Tower","uuid":"artcc-low-tower-ctr-lfok-vatry-tower"}},{"type":"Feature","geometry":{"type":"LineString","coordinates":[[452125.00859722315,6222738.476837455],[447844.5577216563,6224955.140859863]]},"properties":{"type":"artcc-low","section":"Tower CTR LFOK Vatry Tower","uuid":"artcc-low-tower-ctr-lfok-vatry-tower"}},{"type":"Feature","geometry":{"type":"LineString","coordinates":[[447844.5577216563,6224955.140859863],[444710.63575709873,6227783.335728785]]},"properties":{"type":"artcc-low","section":"Tower CTR LFOK Vatry Tower","uuid":"artcc-low-tower-ctr-lfok-vatry-tower"}},{"type":"Feature","geometry":{"type":"LineString","coordinates":[[444710.63575709873,6227783.335728785],[442264.63732356264,6231910.932457761]]},"properties":{"type":"artcc-low","section":"Tower CTR LFOK Vatry Tower","uuid":"artcc-low-tower-ctr-lfok-vatry-tower"}},{"type":"Feature","geometry":{"type":"LineString","coordinates":[[442264.63732356264,6231910.932457761],[440812.35087784135,6236879.322878601]]},"properties":{"type":"artcc-low","section":"Tower CTR LFOK Vatry Tower","uuid":"artcc-low-tower-ctr-lfok-vatry-tower"}},{"type":"Feature","geometry":{"type":"LineString","coordinates":[[440812.35087784135,6236879.322878601],[440888.79026151943,6240624.719648062]]},"properties":{"type":"artcc-low","section":"Tower CTR LFOK Vatry Tower","uuid":"artcc-low-tower-ctr-lfok-vatry-tower"}},{"type":"Feature","geometry":{"type":"LineString","coordinates":[[440888.79026151943,6240624.719648062],[441653.15317621914,6244140.855218691]]},"properties":{"type":"artcc-low","section":"Tower CTR LFOK Vatry Tower","uuid":"artcc-low-tower-ctr-lfok-vatry-tower"}},{"type":"Feature","geometry":{"type":"LineString","coordinates":[[441653.15317621914,6244140.855218691],[443181.8790056185,6247198.323109139]]},"properties":{"type":"artcc-low","section":"Tower CTR LFOK Vatry Tower","uuid":"artcc-low-tower-ctr-lfok-vatry-tower"}},{"type":"Feature","geometry":{"type":"LineString","coordinates":[[443181.8790056185,6247198.323109139],[445322.11990444234,6250332.230043289]]},"properties":{"type":"artcc-low","section":"Tower CTR LFOK Vatry Tower","uuid":"artcc-low-tower-ctr-lfok-vatry-tower"}},{"type":"Feature","geometry":{"type":"LineString","coordinates":[[445322.11990444234,6250332.230043289],[448991.1175547462,6253236.837380092]]},"properties":{"type":"artcc-low","section":"Tower CTR LFOK Vatry Tower","uuid":"artcc-low-tower-ctr-lfok-vatry-tower"}},{"type":"Feature","geometry":{"type":"LineString","coordinates":[[448991.1175547462,6253236.837380092],[453348.0078139911,6254918.462179306]]},"properties":{"type":"artcc-low","section":"Tower CTR LFOK Vatry Tower","uuid":"artcc-low-tower-ctr-lfok-vatry-tower"}},{"type":"Feature","geometry":{"type":"LineString","coordinates":[[453348.0078139911,6254918.462179306],[456711.2479295828,6255377.080973578]]},"properties":{"type":"artcc-low","section":"Tower CTR LFOK Vatry Tower","uuid":"artcc-low-tower-ctr-lfok-vatry-tower"}},{"type":"Feature","geometry":{"type":"LineString","coordinates":[[456711.2479295828,6255377.080973578],[460380.2146578061,6255147.791982617]]},"properties":{"type":"artcc-low","section":"Tower CTR LFOK Vatry Tower","uuid":"artcc-low-tower-ctr-lfok-vatry-tower"}},{"type":"Feature","geometry":{"type":"LineString","coordinates":[[460380.2146578061,6255147.791982617],[465501.49875383143,6254001.205079537]]},"properties":{"type":"artcc-low","section":"Tower CTR LFOK Vatry Tower","uuid":"artcc-low-tower-ctr-lfok-vatry-tower"}},{"type":"Feature","geometry":{"type":"LineString","coordinates":[[465501.49875383143,6254001.205079537],[465425.05937015335,6254306.962077641]]},"properties":{"type":"artcc-low","section":"Tower CTR LFOK Vatry Tower","uuid":"artcc-low-tower-ctr-lfok-vatry-tower"}},{"type":"Feature","geometry":{"type":"LineString","coordinates":[[133119.55774028963,6374856.039024931],[153466.28689083798,6363464.303717228]]},"properties":{"type":"artcc-low","section":"Tower CTR LFOP Rouen Vallee de Seine Tower","uuid":"artcc-low-tower-ctr-lfop-rouen-vallee-de-seine-tower"}},{"type":"Feature","geometry":{"type":"LineString","coordinates":[[153466.28689083798,6363464.303717228],[162340.92407352396,6340157.124923027]]},"properties":{"type":"artcc-low","section":"Tower CTR LFOP Rouen Vallee de Seine Tower","uuid":"artcc-low-tower-ctr-lfop-rouen-vallee-de-seine-tower"}},{"type":"Feature","geometry":{"type":"LineString","coordinates":[[162340.92407352396,6340157.124923027],[135717.01252546604,6322979.788575629]]},"properties":{"type":"artcc-low","section":"Tower CTR LFOP Rouen Vallee de Seine Tower","uuid":"artcc-low-tower-ctr-lfop-rouen-vallee-de-seine-tower"}},{"type":"Feature","geometry":{"type":"LineString","coordinates":[[135717.01252546604,6322979.788575629],[122049.45282251411,6317767.096893593]]},"properties":{"type":"artcc-low","section":"Tower CTR LFOP Rouen Vallee de Seine Tower","uuid":"artcc-low-tower-ctr-lfop-rouen-vallee-de-seine-tower"}},{"type":"Feature","geometry":{"type":"LineString","coordinates":[[122049.45282251411,6317767.096893593],[99569.10009842803,6337829.961067103]]},"properties":{"type":"artcc-low","section":"Tower CTR LFOP Rouen Vallee de Seine Tower","uuid":"artcc-low-tower-ctr-lfop-rouen-vallee-de-seine-tower"}},{"type":"Feature","geometry":{"type":"LineString","coordinates":[[99569.10009842803,6337829.961067103],[133119.55774028963,6374856.039024931]]},"properties":{"type":"artcc-low","section":"Tower CTR LFOP Rouen Vallee de Seine Tower","uuid":"artcc-low-tower-ctr-lfop-rouen-vallee-de-seine-tower"}},{"type":"Feature","geometry":{"type":"LineString","coordinates":[[76068.31870873694,6065364.061597264],[102042.86656050077,6065364.061597264]]},"properties":{"type":"artcc-low","section":"Tower CTR LFOT Tours Val de Loire Tower","uuid":"artcc-low-tower-ctr-lfot-tours-val-de-loire-tower"}},{"type":"Feature","geometry":{"type":"LineString","coordinates":[[102042.86656050077,6065364.061597264],[114999.21840560676,6046024.021964863]]},"properties":{"type":"artcc-low","section":"Tower CTR LFOT Tours Val de Loire Tower","uuid":"artcc-low-tower-ctr-lfot-tours-val-de-loire-tower"}},{"type":"Feature","geometry":{"type":"LineString","coordinates":[[114999.21840560676,6046024.021964863],[105753.51625360988,6018581.405598491]]},"properties":{"type":"artcc-low","section":"Tower CTR LFOT Tours Val de Loire Tower","uuid":"artcc-low-tower-ctr-lfot-tours-val-de-loire-tower"}},{"type":"Feature","geometry":{"type":"LineString","coordinates":[[105753.51625360988,6018581.405598491],[98332.21686739166,5999391.278141545]]},"properties":{"type":"artcc-low","section":"Tower CTR LFOT Tours Val de Loire Tower","uuid":"artcc-low-tower-ctr-lfot-tours-val-de-loire-tower"}},{"type":"Feature","geometry":{"type":"LineString","coordinates":[[98332.21686739166,5999391.278141545],[98332.21686739166,5988444.532697326]]},"properties":{"type":"artcc-low","section":"Tower CTR LFOT Tours Val de Loire Tower","uuid":"artcc-low-tower-ctr-lfot-tours-val-de-loire-tower"}},{"type":"Feature","geometry":{"type":"LineString","coordinates":[[98332.21686739166,5988444.532697326],[94466.95677040299,5986028.986550982]]},"properties":{"type":"artcc-low","section":"Tower CTR LFOT Tours Val de Loire Tower","uuid":"artcc-low-tower-ctr-lfot-tours-val-de-loire-tower"}},{"type":"Feature","geometry":{"type":"LineString","coordinates":[[94466.95677040299,5986028.986550982],[78387.47476693014,5991088.73102969]]},"properties":{"type":"artcc-low","section":"Tower CTR LFOT Tours Val de Loire Tower","uuid":"artcc-low-tower-ctr-lfot-tours-val-de-loire-tower"}},{"type":"Feature","geometry":{"type":"LineString","coordinates":[[78387.47476693014,5991088.73102969],[53062.2906114604,5983522.998006465]]},"properties":{"type":"artcc-low","section":"Tower CTR LFOT Tours Val de Loire Tower","uuid":"artcc-low-tower-ctr-lfot-tours-val-de-loire-tower"}},{"type":"Feature","geometry":{"type":"LineString","coordinates":[[53062.2906114604,5983522.998006465],[40971.757028079846,5989037.127807253]]},"properties":{"type":"artcc-low","section":"Tower CTR LFOT Tours Val de Loire Tower","uuid":"artcc-low-tower-ctr-lfot-tours-val-de-loire-tower"}},{"type":"Feature","geometry":{"type":"LineString","coordinates":[[40971.757028079846,5989037.127807253],[45146.23793282762,5995284.629864191]]},"properties":{"type":"artcc-low","section":"Tower CTR LFOT Tours Val de Loire Tower","uuid":"artcc-low-tower-ctr-lfot-tours-val-de-loire-tower"}},{"type":"Feature","geometry":{"type":"LineString","coordinates":[[45146.23793282762,5995284.629864191],[55659.74539663678,6018581.405598491]]},"properties":{"type":"artcc-low","section":"Tower CTR LFOT Tours Val de Loire Tower","uuid":"artcc-low-tower-ctr-lfot-tours-val-de-loire-tower"}},{"type":"Feature","geometry":{"type":"LineString","coordinates":[[55659.74539663678,6018581.405598491],[76068.31870873694,6065364.061597264]]},"properties":{"type":"artcc-low","section":"Tower CTR LFOT Tours Val de Loire Tower","uuid":"artcc-low-tower-ctr-lfot-tours-val-de-loire-tower"}},{"type":"Feature","geometry":{"type":"LineString","coordinates":[[287381.6553019764,6239408.80024049],[290760.29461379466,6241087.353687589]]},"properties":{"type":"artcc-low","section":"Tower CTR LFPG LFPG CTR Paris","uuid":"artcc-low-tower-ctr-lfpg-lfpg-ctr-paris"}},{"type":"Feature","geometry":{"type":"LineString","coordinates":[[290760.29461379466,6241087.353687589],[291533.3466331923,6223875.877296211]]},"properties":{"type":"artcc-low","section":"Tower CTR LFPG LFPG CTR Paris","uuid":"artcc-low-tower-ctr-lfpg-lfpg-ctr-paris"}},{"type":"Feature","geometry":{"type":"LineString","coordinates":[[291533.3466331923,6223875.877296211],[277061.8128300668,6210440.494230105]]},"properties":{"type":"artcc-low","section":"Tower CTR LFPG LFPG CTR Paris","uuid":"artcc-low-tower-ctr-lfpg-lfpg-ctr-paris"}},{"type":"Feature","geometry":{"type":"LineString","coordinates":[[277061.8128300668,6210440.494230105],[263919.9285003053,6202445.525682989]]},"properties":{"type":"artcc-low","section":"Tower CTR LFPG LFPG CTR Paris","uuid":"artcc-low-tower-ctr-lfpg-lfpg-ctr-paris"}},{"type":"Feature","geometry":{"type":"LineString","coordinates":[[263919.9285003053,6202445.525682989],[252478.75861321884,6202352.061731129]]},"properties":{"type":"artcc-low","section":"Tower CTR LFPG LFPG CTR Paris","uuid":"artcc-low-tower-ctr-lfpg-lfpg-ctr-paris"}},{"type":"Feature","geometry":{"type":"LineString","coordinates":[[252478.75861321884,6202352.061731129],[236151.89996353874,6208850.252503043]]},"properties":{"type":"artcc-low","section":"Tower CTR LFPG LFPG CTR Paris","uuid":"artcc-low-tower-ctr-lfpg-lfpg-ctr-paris"}},{"type":"Feature","geometry":{"type":"LineString","coordinates":[[236151.89996353874,6208850.252503043],[235533.45834802056,6217553.450973153]]},"properties":{"type":"artcc-low","section":"Tower CTR LFPG LFPG CTR Paris","uuid":"artcc-low-tower-ctr-lfpg-lfpg-ctr-paris"}},{"type":"Feature","geometry":{"type":"LineString","coordinates":[[235533.45834802056,6217553.450973153],[241099.43288768423,6225515.793599887]]},"properties":{"type":"artcc-low","section":"Tower CTR LFPG LFPG CTR Paris","uuid":"artcc-low-tower-ctr-lfpg-lfpg-ctr-paris"}},{"type":"Feature","geometry":{"type":"LineString","coordinates":[[241099.43288768423,6225515.793599887],[240419.1471106142,6229030.967194952]]},"properties":{"type":"artcc-low","section":"Tower CTR LFPG LFPG CTR Paris","uuid":"artcc-low-tower-ctr-lfpg-lfpg-ctr-paris"}},{"type":"Feature","geometry":{"type":"LineString","coordinates":[[240419.1471106142,6229030.967194952],[239522.40676811285,6233485.611784839]]},"properties":{"type":"artcc-low","section":"Tower CTR LFPG LFPG CTR Paris","uuid":"artcc-low-tower-ctr-lfpg-lfpg-ctr-paris"}},{"type":"Feature","geometry":{"type":"LineString","coordinates":[[239522.40676811285,6233485.611784839],[239244.10804112966,6235033.5622026315]]},"properties":{"type":"artcc-low","section":"Tower CTR LFPG LFPG CTR Paris","uuid":"artcc-low-tower-ctr-lfpg-lfpg-ctr-paris"}},{"type":"Feature","geometry":{"type":"LineString","coordinates":[[239244.10804112966,6235033.5622026315],[235688.06875190014,6233954.657837974]]},"properties":{"type":"artcc-low","section":"Tower CTR LFPG LFPG CTR Paris","uuid":"artcc-low-tower-ctr-lfpg-lfpg-ctr-paris"}},{"type":"Feature","geometry":{"type":"LineString","coordinates":[[235688.06875190014,6233954.657837974],[231606.3540894801,6234517.547340663]]},"properties":{"type":"artcc-low","section":"Tower CTR LFPG LFPG CTR Paris","uuid":"artcc-low-tower-ctr-lfpg-lfpg-ctr-paris"}},{"type":"Feature","geometry":{"type":"LineString","coordinates":[[231606.3540894801,6234517.547340663],[231606.3540894801,6238787.342382567]]},"properties":{"type":"artcc-low","section":"Tower CTR LFPG LFPG CTR Paris","uuid":"artcc-low-tower-ctr-lfpg-lfpg-ctr-paris"}},{"type":"Feature","geometry":{"type":"LineString","coordinates":[[231606.3540894801,6238787.342382567],[232595.86067430922,6240524.027913591]]},"properties":{"type":"artcc-low","section":"Tower CTR LFPG LFPG CTR Paris","uuid":"artcc-low-tower-ctr-lfpg-lfpg-ctr-paris"}},{"type":"Feature","geometry":{"type":"LineString","coordinates":[[232595.86067430922,6240524.027913591],[233832.7439053456,6242636.692627683]]},"properties":{"type":"artcc-low","section":"Tower CTR LFPG LFPG CTR Paris","uuid":"artcc-low-tower-ctr-lfpg-lfpg-ctr-paris"}},{"type":"Feature","geometry":{"type":"LineString","coordinates":[[233832.7439053456,6242636.692627683],[231297.133281721,6259792.246153625]]},"properties":{"type":"artcc-low","section":"Tower CTR LFPG LFPG CTR Paris","uuid":"artcc-low-tower-ctr-lfpg-lfpg-ctr-paris"}},{"type":"Feature","geometry":{"type":"LineString","coordinates":[[231297.133281721,6259792.246153625],[258384.87604141753,6292460.353036684]]},"properties":{"type":"artcc-low","section":"Tower CTR LFPG LFPG CTR Paris","uuid":"artcc-low-tower-ctr-lfpg-lfpg-ctr-paris"}},{"type":"Feature","geometry":{"type":"LineString","coordinates":[[258384.87604141753,6292460.353036684],[300191.529250447,6293546.745369925]]},"properties":{"type":"artcc-low","section":"Tower CTR LFPG LFPG CTR Paris","uuid":"artcc-low-tower-ctr-lfpg-lfpg-ctr-paris"}},{"type":"Feature","geometry":{"type":"LineString","coordinates":[[300191.529250447,6293546.745369925],[316301.9333346957,6273824.529917905]]},"properties":{"type":"artcc-low","section":"Tower CTR LFPG LFPG CTR Paris","uuid":"artcc-low-tower-ctr-lfpg-lfpg-ctr-paris"}},{"type":"Feature","geometry":{"type":"LineString","coordinates":[[316301.9333346957,6273824.529917905],[315961.7904461607,6268076.954314094]]},"properties":{"type":"artcc-low","section":"Tower CTR LFPG LFPG CTR Paris","uuid":"artcc-low-tower-ctr-lfpg-lfpg-ctr-paris"}},{"type":"Feature","geometry":{"type":"LineString","coordinates":[[315961.7904461607,6268076.954314094],[315961.63583575684,6268074.175693858]]},"properties":{"type":"artcc-low","section":"Tower CTR LFPG LFPG CTR Paris","uuid":"artcc-low-tower-ctr-lfpg-lfpg-ctr-paris"}},{"type":"Feature","geometry":{"type":"LineString","coordinates":[[315961.63583575684,6268074.175693858],[315958.0488743868,6268074.505360618]]},"properties":{"type":"artcc-low","section":"Tower CTR LFPG LFPG CTR Paris","uuid":"artcc-low-tower-ctr-lfpg-lfpg-ctr-paris"}},{"type":"Feature","geometry":{"type":"LineString","coordinates":[[315958.0488743868,6268074.505360618],[315454.73016559734,6268121.742030605]]},"properties":{"type":"artcc-low","section":"Tower CTR LFPG LFPG CTR Paris","uuid":"artcc-low-tower-ctr-lfpg-lfpg-ctr-paris"}},{"type":"Feature","geometry":{"type":"LineString","coordinates":[[315454.73016559734,6268121.742030605],[314386.06305398187,6268016.672588563]]},"properties":{"type":"artcc-low","section":"Tower CTR LFPG LFPG CTR Paris","uuid":"artcc-low-tower-ctr-lfpg-lfpg-ctr-paris"}},{"type":"Feature","geometry":{"type":"LineString","coordinates":[[314386.06305398187,6268016.672588563],[313266.405431167,6267672.462749136]]},"properties":{"type":"artcc-low","section":"Tower CTR LFPG LFPG CTR Paris","uuid":"artcc-low-tower-ctr-lfpg-lfpg-ctr-paris"}},{"type":"Feature","geometry":{"type":"LineString","coordinates":[[313266.405431167,6267672.462749136],[312322.66352588625,6267158.881941477]]},"properties":{"type":"artcc-low","section":"Tower CTR LFPG LFPG CTR Paris","uuid":"artcc-low-tower-ctr-lfpg-lfpg-ctr-paris"}},{"type":"Feature","geometry":{"type":"LineString","coordinates":[[312322.66352588625,6267158.881941477],[311493.3951636379,6266474.972207218]]},"properties":{"type":"artcc-low","section":"Tower CTR LFPG LFPG CTR Paris","uuid":"artcc-low-tower-ctr-lfpg-lfpg-ctr-paris"}},{"type":"Feature","geometry":{"type":"LineString","coordinates":[[311493.3951636379,6266474.972207218],[310808.7493731785,6265645.681061649]]},"properties":{"type":"artcc-low","section":"Tower CTR LFPG LFPG CTR Paris","uuid":"artcc-low-tower-ctr-lfpg-lfpg-ctr-paris"}},{"type":"Feature","geometry":{"type":"LineString","coordinates":[[310808.7493731785,6265645.681061649],[310464.4938479003,6265001.34506278]]},"properties":{"type":"artcc-low","section":"Tower CTR LFPG LFPG CTR Paris","uuid":"artcc-low-tower-ctr-lfpg-lfpg-ctr-paris"}},{"type":"Feature","geometry":{"type":"LineString","coordinates":[[310464.4938479003,6265001.34506278],[310464.4938479003,6265001.34506278]]},"properties":{"type":"artcc-low","section":"Tower CTR LFPG LFPG CTR Paris","uuid":"artcc-low-tower-ctr-lfpg-lfpg-ctr-paris"}},{"type":"Feature","geometry":{"type":"LineString","coordinates":[[310464.4938479003,6265001.34506278],[310255.8316468245,6264610.793809261]]},"properties":{"type":"artcc-low","section":"Tower CTR LFPG LFPG CTR Paris","uuid":"artcc-low-tower-ctr-lfpg-lfpg-ctr-paris"}},{"type":"Feature","geometry":{"type":"LineString","coordinates":[[310255.8316468245,6264610.793809261],[310182.08248417394,6264365.06082119]]},"properties":{"type":"artcc-low","section":"Tower CTR LFPG LFPG CTR Paris","uuid":"artcc-low-tower-ctr-lfpg-lfpg-ctr-paris"}},{"type":"Feature","geometry":{"type":"LineString","coordinates":[[310182.08248417394,6264365.06082119],[310148.4392602898,6264357.246440981]]},"properties":{"type":"artcc-low","section":"Tower CTR LFPG LFPG CTR Paris","uuid":"artcc-low-tower-ctr-lfpg-lfpg-ctr-paris"}},{"type":"Feature","geometry":{"type":"LineString","coordinates":[[310148.4392602898,6264357.246440981],[294625.5547107833,6260733.281789649]]},"properties":{"type":"artcc-low","section":"Tower CTR LFPG LFPG CTR Paris","uuid":"artcc-low-tower-ctr-lfpg-lfpg-ctr-paris"}},{"type":"Feature","geometry":{"type":"LineString","coordinates":[[294625.5547107833,6260733.281789649],[294597.16824063094,6260723.682697875]]},"properties":{"type":"artcc-low","section":"Tower CTR LFPG LFPG CTR Paris","uuid":"artcc-low-tower-ctr-lfpg-lfpg-ctr-paris"}},{"type":"Feature","geometry":{"type":"LineString","coordinates":[[294597.16824063094,6260723.682697875],[294052.6922423287,6261373.339920081]]},"properties":{"type":"artcc-low","section":"Tower CTR LFPG LFPG CTR Paris","uuid":"artcc-low-tower-ctr-lfpg-lfpg-ctr-paris"}},{"type":"Feature","geometry":{"type":"LineString","coordinates":[[294052.6922423287,6261373.339920081],[293218.90925628715,6262050.719275595]]},"properties":{"type":"artcc-low","section":"Tower CTR LFPG LFPG CTR Paris","uuid":"artcc-low-tower-ctr-lfpg-lfpg-ctr-paris"}},{"type":"Feature","geometry":{"type":"LineString","coordinates":[[293218.90925628715,6262050.719275595],[292272.01329876727,6262557.024463343]]},"properties":{"type":"artcc-low","section":"Tower CTR LFPG LFPG CTR Paris","uuid":"artcc-low-tower-ctr-lfpg-lfpg-ctr-paris"}},{"type":"Feature","geometry":{"type":"LineString","coordinates":[[292272.01329876727,6262557.024463343],[291150.56219526735,6262892.74249864]]},"properties":{"type":"artcc-low","section":"Tower CTR LFPG LFPG CTR Paris","uuid":"artcc-low-tower-ctr-lfpg-lfpg-ctr-paris"}},{"type":"Feature","geometry":{"type":"LineString","coordinates":[[291150.56219526735,6262892.74249864],[290081.77139532886,6262989.841057882]]},"properties":{"type":"artcc-low","section":"Tower CTR LFPG LFPG CTR Paris","uuid":"artcc-low-tower-ctr-lfpg-lfpg-ctr-paris"}},{"type":"Feature","geometry":{"type":"LineString","coordinates":[[290081.77139532886,6262989.841057882],[289014.0628682175,6262881.634833376]]},"properties":{"type":"artcc-low","section":"Tower CTR LFPG LFPG CTR Paris","uuid":"artcc-low-tower-ctr-lfpg-lfpg-ctr-paris"}},{"type":"Feature","geometry":{"type":"LineString","coordinates":[[289014.0628682175,6262881.634833376],[287896.13688192604,6262534.245255927]]},"properties":{"type":"artcc-low","section":"Tower CTR LFPG LFPG CTR Paris","uuid":"artcc-low-tower-ctr-lfpg-lfpg-ctr-paris"}},{"type":"Feature","geometry":{"type":"LineString","coordinates":[[287896.13688192604,6262534.245255927],[286954.52860021876,6262018.152624491]]},"properties":{"type":"artcc-low","section":"Tower CTR LFPG LFPG CTR Paris","uuid":"artcc-low-tower-ctr-lfpg-lfpg-ctr-paris"}},{"type":"Feature","geometry":{"type":"LineString","coordinates":[[286954.52860021876,6262018.152624491],[286127.82677067484,6261332.164307374]]},"properties":{"type":"artcc-low","section":"Tower CTR LFPG LFPG CTR Paris","uuid":"artcc-low-tower-ctr-lfpg-lfpg-ctr-paris"}},{"type":"Feature","geometry":{"type":"LineString","coordinates":[[286127.82677067484,6261332.164307374],[285392.1595469352,6260419.622985016]]},"properties":{"type":"artcc-low","section":"Tower CTR LFPG LFPG CTR Paris","uuid":"artcc-low-tower-ctr-lfpg-lfpg-ctr-paris"}},{"type":"Feature","geometry":{"type":"LineString","coordinates":[[285392.1595469352,6260419.622985016],[284896.5713583397,6259465.4019110035]]},"properties":{"type":"artcc-low","section":"Tower CTR LFPG LFPG CTR Paris","uuid":"artcc-low-tower-ctr-lfpg-lfpg-ctr-paris"}},{"type":"Feature","geometry":{"type":"LineString","coordinates":[[284896.5713583397,6259465.4019110035],[284590.5973690621,6258434.327982388]]},"properties":{"type":"artcc-low","section":"Tower CTR LFPG LFPG CTR Paris","uuid":"artcc-low-tower-ctr-lfpg-lfpg-ctr-paris"}},{"type":"Feature","geometry":{"type":"LineString","coordinates":[[284590.5973690621,6258434.327982388],[284452.1901355091,6257299.007657768]]},"properties":{"type":"artcc-low","section":"Tower CTR LFPG LFPG CTR Paris","uuid":"artcc-low-tower-ctr-lfpg-lfpg-ctr-paris"}},{"type":"Feature","geometry":{"type":"LineString","coordinates":[[284452.1901355091,6257299.007657768],[284916.0213471477,6244655.95327281]]},"properties":{"type":"artcc-low","section":"Tower CTR LFPG LFPG CTR Paris","uuid":"artcc-low-tower-ctr-lfpg-lfpg-ctr-paris"}},{"type":"Feature","geometry":{"type":"LineString","coordinates":[[284916.0213471477,6244655.95327281],[285092.24628548964,6243269.70254812]]},"properties":{"type":"artcc-low","section":"Tower CTR LFPG LFPG CTR Paris","uuid":"artcc-low-tower-ctr-lfpg-lfpg-ctr-paris"}},{"type":"Feature","geometry":{"type":"LineString","coordinates":[[285092.24628548964,6243269.70254812],[285536.75119664334,6241875.556221812]]},"properties":{"type":"artcc-low","section":"Tower CTR LFPG LFPG CTR Paris","uuid":"artcc-low-tower-ctr-lfpg-lfpg-ctr-paris"}},{"type":"Feature","geometry":{"type":"LineString","coordinates":[[285536.75119664334,6241875.556221812],[286188.80511396495,6240703.724769393]]},"properties":{"type":"artcc-low","section":"Tower CTR LFPG LFPG CTR Paris","uuid":"artcc-low-tower-ctr-lfpg-lfpg-ctr-paris"}},{"type":"Feature","geometry":{"type":"LineString","coordinates":[[286188.80511396495,6240703.724769393],[287050.541661028,6239677.372744071]]},"properties":{"type":"artcc-low","section":"Tower CTR LFPG LFPG CTR Paris","uuid":"artcc-low-tower-ctr-lfpg-lfpg-ctr-paris"}},{"type":"Feature","geometry":{"type":"LineString","coordinates":[[287050.541661028,6239677.372744071],[287336.6945965282,6239445.269653069]]},"properties":{"type":"artcc-low","section":"Tower CTR LFPG LFPG CTR Paris","uuid":"artcc-low-tower-ctr-lfpg-lfpg-ctr-paris"}},{"type":"Feature","geometry":{"type":"LineString","coordinates":[[287336.6945965282,6239445.269653069],[287381.6553019764,6239408.80024049]]},"properties":{"type":"artcc-low","section":"Tower CTR LFPG LFPG CTR Paris","uuid":"artcc-low-tower-ctr-lfpg-lfpg-ctr-paris"}},{"type":"Feature","geometry":{"type":"LineString","coordinates":[[287381.6553019764,6239408.80024049],[287381.6553019764,6239408.80024049]]},"properties":{"type":"artcc-low","section":"Tower CTR LFPG LFPG CTR Paris","uuid":"artcc-low-tower-ctr-lfpg-lfpg-ctr-paris"}},{"type":"Feature","geometry":{"type":"LineString","coordinates":[[301613.9758882196,6293593.982992527],[301740.7564194008,6293301.113995627]]},"properties":{"type":"artcc-low","section":"Tower CTR LFPG Paris 2 Tower","uuid":"artcc-low-tower-ctr-lfpg-paris-2-tower"}},{"type":"Feature","geometry":{"type":"LineString","coordinates":[[301740.7564194008,6293301.113995627],[301759.3096678663,6293012.978613177]]},"properties":{"type":"artcc-low","section":"Tower CTR LFPG Paris 2 Tower","uuid":"artcc-low-tower-ctr-lfpg-paris-2-tower"}},{"type":"Feature","geometry":{"type":"LineString","coordinates":[[301759.3096678663,6293012.978613177],[301799.50837287505,6292729.57636033]]},"properties":{"type":"artcc-low","section":"Tower CTR LFPG Paris 2 Tower","uuid":"artcc-low-tower-ctr-lfpg-paris-2-tower"}},{"type":"Feature","geometry":{"type":"LineString","coordinates":[[301799.50837287505,6292729.57636033],[301864.4447425044,6292450.906760262]]},"properties":{"type":"artcc-low","section":"Tower CTR LFPG Paris 2 Tower","uuid":"artcc-low-tower-ctr-lfpg-paris-2-tower"}},{"type":"Feature","geometry":{"type":"LineString","coordinates":[[301864.4447425044,6292450.906760262],[301947.9343605994,6292181.692327708]]},"properties":{"type":"artcc-low","section":"Tower CTR LFPG Paris 2 Tower","uuid":"artcc-low-tower-ctr-lfpg-paris-2-tower"}},{"type":"Feature","geometry":{"type":"LineString","coordinates":[[301947.9343605994,6292181.692327708],[302056.16164331505,6291917.2093196185]]},"properties":{"type":"artcc-low","section":"Tower CTR LFPG Paris 2 Tower","uuid":"artcc-low-tower-ctr-lfpg-paris-2-tower"}},{"type":"Feature","geometry":{"type":"LineString","coordinates":[[302056.16164331505,6291917.2093196185],[302179.84996641875,6291666.902679392]]},"properties":{"type":"artcc-low","section":"Tower CTR LFPG Paris 2 Tower","uuid":"artcc-low-tower-ctr-lfpg-paris-2-tower"}},{"type":"Feature","geometry":{"type":"LineString","coordinates":[[302179.84996641875,6291666.902679392],[302325.1837460655,6291430.7711456]]},"properties":{"type":"artcc-low","section":"Tower CTR LFPG Paris 2 Tower","uuid":"artcc-low-tower-ctr-lfpg-paris-2-tower"}},{"type":"Feature","geometry":{"type":"LineString","coordinates":[[302325.1837460655,6291430.7711456],[302485.97856610024,6291208.813528378]]},"properties":{"type":"artcc-low","section":"Tower CTR LFPG Paris 2 Tower","uuid":"artcc-low-tower-ctr-lfpg-paris-2-tower"}},{"type":"Feature","geometry":{"type":"LineString","coordinates":[[302485.97856610024,6291208.813528378],[302665.3266346005,6291005.751034815]]},"properties":{"type":"artcc-low","section":"Tower CTR LFPG Paris 2 Tower","uuid":"artcc-low-tower-ctr-lfpg-paris-2-tower"}},{"type":"Feature","geometry":{"type":"LineString","coordinates":[[302665.3266346005,6291005.751034815],[302860.1357434887,6290816.860078606]]},"properties":{"type":"artcc-low","section":"Tower CTR LFPG Paris 2 Tower","uuid":"artcc-low-tower-ctr-lfpg-paris-2-tower"}},{"type":"Feature","geometry":{"type":"LineString","coordinates":[[302860.1357434887,6290816.860078606],[303070.4058927649,6290651.583960066]]},"properties":{"type":"artcc-low","section":"Tower CTR LFPG Paris 2 Tower","uuid":"artcc-low-tower-ctr-lfpg-paris-2-tower"}},{"type":"Feature","geometry":{"type":"LineString","coordinates":[[303070.4058927649,6290651.583960066],[303289.9526662738,6290505.199243811]]},"properties":{"type":"artcc-low","section":"Tower CTR LFPG Paris 2 Tower","uuid":"artcc-low-tower-ctr-lfpg-paris-2-tower"}},{"type":"Feature","geometry":{"type":"LineString","coordinates":[[303289.9526662738,6290505.199243811],[303521.8682720932,6290382.42692348]]},"properties":{"type":"artcc-low","section":"Tower CTR LFPG Paris 2 Tower","uuid":"artcc-low-tower-ctr-lfpg-paris-2-tower"}},{"type":"Feature","geometry":{"type":"LineString","coordinates":[[303521.8682720932,6290382.42692348],[303759.96829406766,6290278.544047413]]},"properties":{"type":"artcc-low","section":"Tower CTR LFPG Paris 2 Tower","uuid":"artcc-low-tower-ctr-lfpg-paris-2-tower"}},{"type":"Feature","geometry":{"type":"LineString","coordinates":[[303759.96829406766,6290278.544047413],[304007.34494027495,6290202.993667972]]},"properties":{"type":"artcc-low","section":"Tower CTR LFPG Paris 2 Tower","uuid":"artcc-low-tower-ctr-lfpg-paris-2-tower"}},{"type":"Feature","geometry":{"type":"LineString","coordinates":[[304007.34494027495,6290202.993667972],[304257.8137945598,6290146.33132722]]},"properties":{"type":"artcc-low","section":"Tower CTR LFPG Paris 2 Tower","uuid":"artcc-low-tower-ctr-lfpg-paris-2-tower"}},{"type":"Feature","geometry":{"type":"LineString","coordinates":[[304257.8137945598,6290146.33132722],[304514.46706499986,6290118.000299507]]},"properties":{"type":"artcc-low","section":"Tower CTR LFPG Paris 2 Tower","uuid":"artcc-low-tower-ctr-lfpg-paris-2-tower"}},{"type":"Feature","geometry":{"type":"LineString","coordinates":[[304514.46706499986,6290118.000299507],[304771.12033543986,6290118.000299507]]},"properties":{"type":"artcc-low","section":"Tower CTR LFPG Paris 2 Tower","uuid":"artcc-low-tower-ctr-lfpg-paris-2-tower"}},{"type":"Feature","geometry":{"type":"LineString","coordinates":[[304771.12033543986,6290118.000299507],[305024.6813978023,6290136.887640746]]},"properties":{"type":"artcc-low","section":"Tower CTR LFPG Paris 2 Tower","uuid":"artcc-low-tower-ctr-lfpg-paris-2-tower"}},{"type":"Feature","geometry":{"type":"LineString","coordinates":[[305024.6813978023,6290136.887640746],[305278.2424601648,6290184.106178783]]},"properties":{"type":"artcc-low","section":"Tower CTR LFPG Paris 2 Tower","uuid":"artcc-low-tower-ctr-lfpg-paris-2-tower"}},{"type":"Feature","geometry":{"type":"LineString","coordinates":[[305278.2424601648,6290184.106178783],[305525.61910637206,6290254.934481185]]},"properties":{"type":"artcc-low","section":"Tower CTR LFPG Paris 2 Tower","uuid":"artcc-low-tower-ctr-lfpg-paris-2-tower"}},{"type":"Feature","geometry":{"type":"LineString","coordinates":[[305525.61910637206,6290254.934481185],[305766.81133642414,6290349.373142391]]},"properties":{"type":"artcc-low","section":"Tower CTR LFPG Paris 2 Tower","uuid":"artcc-low-tower-ctr-lfpg-paris-2-tower"}},{"type":"Feature","geometry":{"type":"LineString","coordinates":[[305766.81133642414,6290349.373142391],[306001.81915032107,6290472.144981871]]},"properties":{"type":"artcc-low","section":"Tower CTR LFPG Paris 2 Tower","uuid":"artcc-low-tower-ctr-lfpg-paris-2-tower"}},{"type":"Feature","geometry":{"type":"LineString","coordinates":[[306001.81915032107,6290472.144981871],[306224.4581319076,6290609.084909899]]},"properties":{"type":"artcc-low","section":"Tower CTR LFPG Paris 2 Tower","uuid":"artcc-low-tower-ctr-lfpg-paris-2-tower"}},{"type":"Feature","geometry":{"type":"LineString","coordinates":[[306224.4581319076,6290609.084909899],[306437.8204892614,6290774.3601961145]]},"properties":{"type":"artcc-low","section":"Tower CTR LFPG Paris 2 Tower","uuid":"artcc-low-tower-ctr-lfpg-paris-2-tower"}},{"type":"Feature","geometry":{"type":"LineString","coordinates":[[306437.8204892614,6290774.3601961145],[306375.97632770956,6290901.860485689]]},"properties":{"type":"artcc-low","section":"Tower CTR LFPG Paris 2 Tower","uuid":"artcc-low-tower-ctr-lfpg-paris-2-tower"}},{"type":"Feature","geometry":{"type":"LineString","coordinates":[[306375.97632770956,6290901.860485689],[316425.6525798802,6275662.694304491]]},"properties":{"type":"artcc-low","section":"Tower CTR LFPG Paris 2 Tower","uuid":"artcc-low-tower-ctr-lfpg-paris-2-tower"}},{"type":"Feature","geometry":{"type":"LineString","coordinates":[[316425.6525798802,6275662.694304491],[315961.8213682415,6268076.954314094]]},"properties":{"type":"artcc-low","section":"Tower CTR LFPG Paris 2 Tower","uuid":"artcc-low-tower-ctr-lfpg-paris-2-tower"}},{"type":"Feature","geometry":{"type":"LineString","coordinates":[[315961.8213682415,6268076.954314094],[315525.8200293012,6268401.917893001]]},"properties":{"type":"artcc-low","section":"Tower CTR LFPG Paris 2 Tower","uuid":"artcc-low-tower-ctr-lfpg-paris-2-tower"}},{"type":"Feature","geometry":{"type":"LineString","coordinates":[[315525.8200293012,6268401.917893001],[315061.9888176625,6268387.788782063]]},"properties":{"type":"artcc-low","section":"Tower CTR LFPG Paris 2 Tower","uuid":"artcc-low-tower-ctr-lfpg-paris-2-tower"}},{"type":"Feature","geometry":{"type":"LineString","coordinates":[[315061.9888176625,6268387.788782063],[314601.2498141015,6268326.562907467]]},"properties":{"type":"artcc-low","section":"Tower CTR LFPG Paris 2 Tower","uuid":"artcc-low-tower-ctr-lfpg-paris-2-tower"}},{"type":"Feature","geometry":{"type":"LineString","coordinates":[[314601.2498141015,6268326.562907467],[314149.78743477317,6268218.2412922075]]},"properties":{"type":"artcc-low","section":"Tower CTR LFPG Paris 2 Tower","uuid":"artcc-low-tower-ctr-lfpg-paris-2-tower"}},{"type":"Feature","geometry":{"type":"LineString","coordinates":[[314149.78743477317,6268218.2412922075],[313704.50947160006,6268067.535266152]]},"properties":{"type":"artcc-low","section":"Tower CTR LFPG Paris 2 Tower","uuid":"artcc-low-tower-ctr-lfpg-paris-2-tower"}},{"type":"Feature","geometry":{"type":"LineString","coordinates":[[313704.50947160006,6268067.535266152],[313274.6925488149,6267874.447095367]]},"properties":{"type":"artcc-low","section":"Tower CTR LFPG Paris 2 Tower","uuid":"artcc-low-tower-ctr-lfpg-paris-2-tower"}},{"type":"Feature","geometry":{"type":"LineString","coordinates":[[313274.6925488149,6267874.447095367],[312863.4288744954,6267643.688966962]]},"properties":{"type":"artcc-low","section":"Tower CTR LFPG Paris 2 Tower","uuid":"artcc-low-tower-ctr-lfpg-paris-2-tower"}},{"type":"Feature","geometry":{"type":"LineString","coordinates":[[312863.4288744954,6267643.688966962],[312467.62624056375,6267370.554830102]]},"properties":{"type":"artcc-low","section":"Tower CTR LFPG Paris 2 Tower","uuid":"artcc-low-tower-ctr-lfpg-paris-2-tower"}},{"type":"Feature","geometry":{"type":"LineString","coordinates":[[312467.62624056375,6267370.554830102],[312099.6534793304,6267059.757749458]]},"properties":{"type":"artcc-low","section":"Tower CTR LFPG Paris 2 Tower","uuid":"artcc-low-tower-ctr-lfpg-paris-2-tower"}},{"type":"Feature","geometry":{"type":"LineString","coordinates":[[312099.6534793304,6267059.757749458],[311753.3261746402,6266711.301877312]]},"properties":{"type":"artcc-low","section":"Tower CTR LFPG Paris 2 Tower","uuid":"artcc-low-tower-ctr-lfpg-paris-2-tower"}},{"type":"Feature","geometry":{"type":"LineString","coordinates":[[311753.3261746402,6266711.301877312],[311437.92095072597,6266334.608975975]]},"properties":{"type":"artcc-low","section":"Tower CTR LFPG Paris 2 Tower","uuid":"artcc-low-tower-ctr-lfpg-paris-2-tower"}},{"type":"Feature","geometry":{"type":"LineString","coordinates":[[311437.92095072597,6266334.608975975],[311150.34559951,6265929.682818395]]},"properties":{"type":"artcc-low","section":"Tower CTR LFPG Paris 2 Tower","uuid":"artcc-low-tower-ctr-lfpg-paris-2-tower"}},{"type":"Feature","geometry":{"type":"LineString","coordinates":[[311150.34559951,6265929.682818395],[310896.78453714756,6265496.527459613]]},"properties":{"type":"artcc-low","section":"Tower CTR LFPG Paris 2 Tower","uuid":"artcc-low-tower-ctr-lfpg-paris-2-tower"}},{"type":"Feature","geometry":{"type":"LineString","coordinates":[[310896.78453714756,6265496.527459613],[310680.3299717162,6265039.855070979]]},"properties":{"type":"artcc-low","section":"Tower CTR LFPG Paris 2 Tower","uuid":"artcc-low-tower-ctr-lfpg-paris-2-tower"}},{"type":"Feature","geometry":{"type":"LineString","coordinates":[[310680.3299717162,6265039.855070979],[310497.8896951383,6264564.377031328]]},"properties":{"type":"artcc-low","section":"Tower CTR LFPG Paris 2 Tower","uuid":"artcc-low-tower-ctr-lfpg-paris-2-tower"}},{"type":"Feature","geometry":{"type":"LineString","coordinates":[[310497.8896951383,6264564.377031328],[310148.47018237057,6264357.246440981]]},"properties":{"type":"artcc-low","section":"Tower CTR LFPG Paris 2 Tower","uuid":"artcc-low-tower-ctr-lfpg-paris-2-tower"}},{"type":"Feature","geometry":{"type":"LineString","coordinates":[[310148.47018237057,6264357.246440981],[294625.58563286404,6260733.281789649]]},"properties":{"type":"artcc-low","section":"Tower CTR LFPG Paris 2 Tower","uuid":"artcc-low-tower-ctr-lfpg-paris-2-tower"}},{"type":"Feature","geometry":{"type":"LineString","coordinates":[[294625.58563286404,6260733.281789649],[294427.6843158983,6261236.778829151]]},"properties":{"type":"artcc-low","section":"Tower CTR LFPG Paris 2 Tower","uuid":"artcc-low-tower-ctr-lfpg-paris-2-tower"}},{"type":"Feature","geometry":{"type":"LineString","coordinates":[[294427.6843158983,6261236.778829151],[294109.18688390637,6261641.480411137]]},"properties":{"type":"artcc-low","section":"Tower CTR LFPG Paris 2 Tower","uuid":"artcc-low-tower-ctr-lfpg-paris-2-tower"}},{"type":"Feature","geometry":{"type":"LineString","coordinates":[[294109.18688390637,6261641.480411137],[293756.675163061,6262013.258225328]]},"properties":{"type":"artcc-low","section":"Tower CTR LFPG Paris 2 Tower","uuid":"artcc-low-tower-ctr-lfpg-paris-2-tower"}},{"type":"Feature","geometry":{"type":"LineString","coordinates":[[293756.675163061,6262013.258225328],[293379.42577759485,6262352.107931261]]},"properties":{"type":"artcc-low","section":"Tower CTR LFPG Paris 2 Tower","uuid":"artcc-low-tower-ctr-lfpg-paris-2-tower"}},{"type":"Feature","geometry":{"type":"LineString","coordinates":[[293379.42577759485,6262352.107931261],[292977.4387275081,6262648.612556846]]},"properties":{"type":"artcc-low","section":"Tower CTR LFPG Paris 2 Tower","uuid":"artcc-low-tower-ctr-lfpg-paris-2-tower"}},{"type":"Feature","geometry":{"type":"LineString","coordinates":[[292977.4387275081,6262648.612556846],[292550.71401280054,6262907.474297524]]},"properties":{"type":"artcc-low","section":"Tower CTR LFPG Paris 2 Tower","uuid":"artcc-low-tower-ctr-lfpg-paris-2-tower"}},{"type":"Feature","geometry":{"type":"LineString","coordinates":[[292550.71401280054,6262907.474297524],[292108.52825770504,6263123.982926914]]},"properties":{"type":"artcc-low","section":"Tower CTR LFPG Paris 2 Tower","uuid":"artcc-low-tower-ctr-lfpg-paris-2-tower"}},{"type":"Feature","geometry":{"type":"LineString","coordinates":[[292108.52825770504,6263123.982926914],[291647.789254144,6263298.135193187]]},"properties":{"type":"artcc-low","section":"Tower CTR LFPG Paris 2 Tower","uuid":"artcc-low-tower-ctr-lfpg-paris-2-tower"}},{"type":"Feature","geometry":{"type":"LineString","coordinates":[[291647.789254144,6263298.135193187],[291177.77362635016,6263425.221542004]]},"properties":{"type":"artcc-low","section":"Tower CTR LFPG Paris 2 Tower","uuid":"artcc-low-tower-ctr-lfpg-paris-2-tower"}},{"type":"Feature","geometry":{"type":"LineString","coordinates":[[291177.77362635016,6263425.221542004],[290698.4813743236,6263505.239852207]]},"properties":{"type":"artcc-low","section":"Tower CTR LFPG Paris 2 Tower","uuid":"artcc-low-tower-ctr-lfpg-paris-2-tower"}},{"type":"Feature","geometry":{"type":"LineString","coordinates":[[290698.4813743236,6263505.239852207],[290216.0969142194,6263538.1887881635]]},"properties":{"type":"artcc-low","section":"Tower CTR LFPG Paris 2 Tower","uuid":"artcc-low-tower-ctr-lfpg-paris-2-tower"}},{"type":"Feature","geometry":{"type":"LineString","coordinates":[[290216.0969142194,6263538.1887881635],[289730.6202460376,6263524.067799894]]},"properties":{"type":"artcc-low","section":"Tower CTR LFPG Paris 2 Tower","uuid":"artcc-low-tower-ctr-lfpg-paris-2-tower"}},{"type":"Feature","geometry":{"type":"LineString","coordinates":[[289730.6202460376,6263524.067799894],[289251.32799401105,6263462.877123114]]},"properties":{"type":"artcc-low","section":"Tower CTR LFPG Paris 2 Tower","uuid":"artcc-low-tower-ctr-lfpg-paris-2-tower"}},{"type":"Feature","geometry":{"type":"LineString","coordinates":[[289251.32799401105,6263462.877123114],[288775.12795006204,6263354.617779191]]},"properties":{"type":"artcc-low","section":"Tower CTR LFPG Paris 2 Tower","uuid":"artcc-low-tower-ctr-lfpg-paris-2-tower"}},{"type":"Feature","geometry":{"type":"LineString","coordinates":[[288775.12795006204,6263354.617779191],[288311.29673842335,6263203.998387857]]},"properties":{"type":"artcc-low","section":"Tower CTR LFPG Paris 2 Tower","uuid":"artcc-low-tower-ctr-lfpg-paris-2-tower"}},{"type":"Feature","geometry":{"type":"LineString","coordinates":[[288311.29673842335,6263203.998387857],[287859.8343590951,6263006.314506184]]},"properties":{"type":"artcc-low","section":"Tower CTR LFPG Paris 2 Tower","uuid":"artcc-low-tower-ctr-lfpg-paris-2-tower"}},{"type":"Feature","geometry":{"type":"LineString","coordinates":[[287859.8343590951,6263006.314506184],[287426.92522823234,6262766.276002552]]},"properties":{"type":"artcc-low","section":"Tower CTR LFPG Paris 2 Tower","uuid":"artcc-low-tower-ctr-lfpg-paris-2-tower"}},{"type":"Feature","geometry":{"type":"LineString","coordinates":[[287426.92522823234,6262766.276002552],[287012.56934583513,6262483.8864819845]]},"properties":{"type":"artcc-low","section":"Tower CTR LFPG Paris 2 Tower","uuid":"artcc-low-tower-ctr-lfpg-paris-2-tower"}},{"type":"Feature","geometry":{"type":"LineString","coordinates":[[287012.56934583513,6262483.8864819845],[286622.95112805866,6262163.856419223]]},"properties":{"type":"artcc-low","section":"Tower CTR LFPG Paris 2 Tower","uuid":"artcc-low-tower-ctr-lfpg-paris-2-tower"}},{"type":"Feature","geometry":{"type":"LineString","coordinates":[[286622.95112805866,6262163.856419223],[286261.16278298054,6261806.190085474]]},"properties":{"type":"artcc-low","section":"Tower CTR LFPG Paris 2 Tower","uuid":"artcc-low-tower-ctr-lfpg-paris-2-tower"}},{"type":"Feature","geometry":{"type":"LineString","coordinates":[[286261.16278298054,6261806.190085474],[285927.20431060076,6261415.598071525]]},"properties":{"type":"artcc-low","section":"Tower CTR LFPG Paris 2 Tower","uuid":"artcc-low-tower-ctr-lfpg-paris-2-tower"}},{"type":"Feature","geometry":{"type":"LineString","coordinates":[[285927.20431060076,6261415.598071525],[285627.26012707443,6260992.084937073]]},"properties":{"type":"artcc-low","section":"Tower CTR LFPG Paris 2 Tower","uuid":"artcc-low-tower-ctr-lfpg-paris-2-tower"}},{"type":"Feature","geometry":{"type":"LineString","coordinates":[[285627.26012707443,6260992.084937073],[285358.238024324,6260540.360956525]]},"properties":{"type":"artcc-low","section":"Tower CTR LFPG Paris 2 Tower","uuid":"artcc-low-tower-ctr-lfpg-paris-2-tower"}},{"type":"Feature","geometry":{"type":"LineString","coordinates":[[285358.238024324,6260540.360956525],[285126.3224185047,6260069.840784419]]},"properties":{"type":"artcc-low","section":"Tower CTR LFPG Paris 2 Tower","uuid":"artcc-low-tower-ctr-lfpg-paris-2-tower"}},{"type":"Feature","geometry":{"type":"LineString","coordinates":[[285126.3224185047,6260069.840784419],[284931.5133096165,6259571.11796371]]},"properties":{"type":"artcc-low","section":"Tower CTR LFPG Paris 2 Tower","uuid":"artcc-low-tower-ctr-lfpg-paris-2-tower"}},{"type":"Feature","geometry":{"type":"LineString","coordinates":[[284931.5133096165,6259571.11796371],[284776.90290573693,6259063.0155043425]]},"properties":{"type":"artcc-low","section":"Tower CTR LFPG Paris 2 Tower","uuid":"artcc-low-tower-ctr-lfpg-paris-2-tower"}},{"type":"Feature","geometry":{"type":"LineString","coordinates":[[284776.90290573693,6259063.0155043425],[284665.58341494366,6258536.126654197]]},"properties":{"type":"artcc-low","section":"Tower CTR LFPG Paris 2 Tower","uuid":"artcc-low-tower-ctr-lfpg-paris-2-tower"}},{"type":"Feature","geometry":{"type":"LineString","coordinates":[[284665.58341494366,6258536.126654197],[284591.3704210815,6257999.862757386]]},"properties":{"type":"artcc-low","section":"Tower CTR LFPG Paris 2 Tower","uuid":"artcc-low-tower-ctr-lfpg-paris-2-tower"}},{"type":"Feature","geometry":{"type":"LineString","coordinates":[[284591.3704210815,6257999.862757386],[284563.54054838314,6257463.632835543]]},"properties":{"type":"artcc-low","section":"Tower CTR LFPG Paris 2 Tower","uuid":"artcc-low-tower-ctr-lfpg-paris-2-tower"}},{"type":"Feature","geometry":{"type":"LineString","coordinates":[[284563.54054838314,6257463.632835543],[284452.22105758986,6257299.007657768]]},"properties":{"type":"artcc-low","section":"Tower CTR LFPG Paris 2 Tower","uuid":"artcc-low-tower-ctr-lfpg-paris-2-tower"}},{"type":"Feature","geometry":{"type":"LineString","coordinates":[[284452.22105758986,6257299.007657768],[284916.0522692285,6244655.95327281]]},"properties":{"type":"artcc-low","section":"Tower CTR LFPG Paris 2 Tower","uuid":"artcc-low-tower-ctr-lfpg-paris-2-tower"}},{"type":"Feature","geometry":{"type":"LineString","coordinates":[[284916.0522692285,6244655.95327281],[285157.24449928064,6243993.7706019515]]},"properties":{"type":"artcc-low","section":"Tower CTR LFPG Paris 2 Tower","uuid":"artcc-low-tower-ctr-lfpg-paris-2-tower"}},{"type":"Feature","geometry":{"type":"LineString","coordinates":[[285157.24449928064,6243993.7706019515],[285237.64190929796,6243336.335450232]]},"properties":{"type":"artcc-low","section":"Tower CTR LFPG Paris 2 Tower","uuid":"artcc-low-tower-ctr-lfpg-paris-2-tower"}},{"type":"Feature","geometry":{"type":"LineString","coordinates":[[285237.64190929796,6243336.335450232],[285370.6068566343,6242688.342136762]]},"properties":{"type":"artcc-low","section":"Tower CTR LFPG Paris 2 Tower","uuid":"artcc-low-tower-ctr-lfpg-paris-2-tower"}},{"type":"Feature","geometry":{"type":"LineString","coordinates":[[285370.6068566343,6242688.342136762],[285553.0471332122,6242054.483568806]]},"properties":{"type":"artcc-low","section":"Tower CTR LFPG Paris 2 Tower","uuid":"artcc-low-tower-ctr-lfpg-paris-2-tower"}},{"type":"Feature","geometry":{"type":"LineString","coordinates":[[285553.0471332122,6242054.483568806],[285784.9627390315,6241444.146041244]]},"properties":{"type":"artcc-low","section":"Tower CTR LFPG Paris 2 Tower","uuid":"artcc-low-tower-ctr-lfpg-paris-2-tower"}},{"type":"Feature","geometry":{"type":"LineString","coordinates":[[285784.9627390315,6241444.146041244],[286063.2614660147,6240857.324474444]]},"properties":{"type":"artcc-low","section":"Tower CTR LFPG Paris 2 Tower","uuid":"artcc-low-tower-ctr-lfpg-paris-2-tower"}},{"type":"Feature","geometry":{"type":"LineString","coordinates":[[286063.2614660147,6240857.324474444],[286387.94331416173,6240298.708085155]]},"properties":{"type":"artcc-low","section":"Tower CTR LFPG Paris 2 Tower","uuid":"artcc-low-tower-ctr-lfpg-paris-2-tower"}},{"type":"Feature","geometry":{"type":"LineString","coordinates":[[286387.94331416173,6240298.708085155],[286752.8238673175,6239772.985106948]]},"properties":{"type":"artcc-low","section":"Tower CTR LFPG Paris 2 Tower","uuid":"artcc-low-tower-ctr-lfpg-paris-2-tower"}},{"type":"Feature","geometry":{"type":"LineString","coordinates":[[286752.8238673175,6239772.985106948],[287157.9031254819,6239284.842959457]]},"properties":{"type":"artcc-low","section":"Tower CTR LFPG Paris 2 Tower","uuid":"artcc-low-tower-ctr-lfpg-paris-2-tower"}},{"type":"Feature","geometry":{"type":"LineString","coordinates":[[287157.9031254819,6239284.842959457],[287358.89665052533,6239397.488652763]]},"properties":{"type":"artcc-low","section":"Tower CTR LFPG Paris 2 Tower","uuid":"artcc-low-tower-ctr-lfpg-paris-2-tower"}},{"type":"Feature","geometry":{"type":"LineString","coordinates":[[287358.89665052533,6239397.488652763],[290760.3255358754,6241087.353687589]]},"properties":{"type":"artcc-low","section":"Tower CTR LFPG Paris 2 Tower","uuid":"artcc-low-tower-ctr-lfpg-paris-2-tower"}},{"type":"Feature","geometry":{"type":"LineString","coordinates":[[290760.3255358754,6241087.353687589],[291440.61131294543,6226781.088388957]]},"properties":{"type":"artcc-low","section":"Tower CTR LFPG Paris 2 Tower","uuid":"artcc-low-tower-ctr-lfpg-paris-2-tower"}},{"type":"Feature","geometry":{"type":"LineString","coordinates":[[291440.61131294543,6226781.088388957],[260302.0759716047,6199268.327212509]]},"properties":{"type":"artcc-low","section":"Tower CTR LFPG Paris 2 Tower","uuid":"artcc-low-tower-ctr-lfpg-paris-2-tower"}},{"type":"Feature","geometry":{"type":"LineString","coordinates":[[260302.0759716047,6199268.327212509],[236151.9308856195,6208850.252503043]]},"properties":{"type":"artcc-low","section":"Tower CTR LFPG Paris 2 Tower","uuid":"artcc-low-tower-ctr-lfpg-paris-2-tower"}},{"type":"Feature","geometry":{"type":"LineString","coordinates":[[236151.9308856195,6208850.252503043],[235533.48927010133,6217553.450973153]]},"properties":{"type":"artcc-low","section":"Tower CTR LFPG Paris 2 Tower","uuid":"artcc-low-tower-ctr-lfpg-paris-2-tower"}},{"type":"Feature","geometry":{"type":"LineString","coordinates":[[235533.48927010133,6217553.450973153],[241099.46380976497,6225515.793599887]]},"properties":{"type":"artcc-low","section":"Tower CTR LFPG Paris 2 Tower","uuid":"artcc-low-tower-ctr-lfpg-paris-2-tower"}},{"type":"Feature","geometry":{"type":"LineString","coordinates":[[241099.46380976497,6225515.793599887],[239244.13896321043,6235033.5622026315]]},"properties":{"type":"artcc-low","section":"Tower CTR LFPG Paris 2 Tower","uuid":"artcc-low-tower-ctr-lfpg-paris-2-tower"}},{"type":"Feature","geometry":{"type":"LineString","coordinates":[[239244.13896321043,6235033.5622026315],[235688.09967398088,6233954.657837974]]},"properties":{"type":"artcc-low","section":"Tower CTR LFPG Paris 2 Tower","uuid":"artcc-low-tower-ctr-lfpg-paris-2-tower"}},{"type":"Feature","geometry":{"type":"LineString","coordinates":[[235688.09967398088,6233954.657837974],[231606.38501156087,6234517.547340663]]},"properties":{"type":"artcc-low","section":"Tower CTR LFPG Paris 2 Tower","uuid":"artcc-low-tower-ctr-lfpg-paris-2-tower"}},{"type":"Feature","geometry":{"type":"LineString","coordinates":[[231606.38501156087,6234517.547340663],[231606.38501156087,6238787.342382567]]},"properties":{"type":"artcc-low","section":"Tower CTR LFPG Paris 2 Tower","uuid":"artcc-low-tower-ctr-lfpg-paris-2-tower"}},{"type":"Feature","geometry":{"type":"LineString","coordinates":[[231606.38501156087,6238787.342382567],[233832.77482742633,6242636.692627683]]},"properties":{"type":"artcc-low","section":"Tower CTR LFPG Paris 2 Tower","uuid":"artcc-low-tower-ctr-lfpg-paris-2-tower"}},{"type":"Feature","geometry":{"type":"LineString","coordinates":[[233832.77482742633,6242636.692627683],[229967.51473043763,6268736.313743143]]},"properties":{"type":"artcc-low","section":"Tower CTR LFPG Paris 2 Tower","uuid":"artcc-low-tower-ctr-lfpg-paris-2-tower"}},{"type":"Feature","geometry":{"type":"LineString","coordinates":[[229967.51473043763,6268736.313743143],[253777.5169278878,6292318.660000763]]},"properties":{"type":"artcc-low","section":"Tower CTR LFPG Paris 2 Tower","uuid":"artcc-low-tower-ctr-lfpg-paris-2-tower"}},{"type":"Feature","geometry":{"type":"LineString","coordinates":[[253777.5169278878,6292318.660000763],[301613.9758882196,6293593.982992527]]},"properties":{"type":"artcc-low","section":"Tower CTR LFPG Paris 2 Tower","uuid":"artcc-low-tower-ctr-lfpg-paris-2-tower"}},{"type":"Feature","geometry":{"type":"LineString","coordinates":[[281019.87009146396,6271138.700865575],[282287.6754032762,6267323.4636291275]]},"properties":{"type":"artcc-low","section":"Tower CTR LFPG Paris 3 Tower","uuid":"artcc-low-tower-ctr-lfpg-paris-3-tower"}},{"type":"Feature","geometry":{"type":"LineString","coordinates":[[282287.6754032762,6267323.4636291275],[276350.63589430164,6263086.3288542135]]},"properties":{"type":"artcc-low","section":"Tower CTR LFPG Paris 3 Tower","uuid":"artcc-low-tower-ctr-lfpg-paris-3-tower"}},{"type":"Feature","geometry":{"type":"LineString","coordinates":[[276350.63589430164,6263086.3288542135],[275144.6747440412,6255841.038686465]]},"properties":{"type":"artcc-low","section":"Tower CTR LFPG Paris 3 Tower","uuid":"artcc-low-tower-ctr-lfpg-paris-3-tower"}},{"type":"Feature","geometry":{"type":"LineString","coordinates":[[275144.6747440412,6255841.038686465],[267074.0116615288,6258992.448130927]]},"properties":{"type":"artcc-low","section":"Tower CTR LFPG Paris 3 Tower","uuid":"artcc-low-tower-ctr-lfpg-paris-3-tower"}},{"type":"Feature","geometry":{"type":"LineString","coordinates":[[267074.0116615288,6258992.448130927],[254736.101431941,6258616.098743142]]},"properties":{"type":"artcc-low","section":"Tower CTR LFPG Paris 3 Tower","uuid":"artcc-low-tower-ctr-lfpg-paris-3-tower"}},{"type":"Feature","geometry":{"type":"LineString","coordinates":[[254736.101431941,6258616.098743142],[247067.42539951552,6261674.422089496]]},"properties":{"type":"artcc-low","section":"Tower CTR LFPG Paris 3 Tower","uuid":"artcc-low-tower-ctr-lfpg-paris-3-tower"}},{"type":"Feature","geometry":{"type":"LineString","coordinates":[[247067.42539951552,6261674.422089496],[249510.26978081235,6271468.493559984]]},"properties":{"type":"artcc-low","section":"Tower CTR LFPG Paris 3 Tower","uuid":"artcc-low-tower-ctr-lfpg-paris-3-tower"}},{"type":"Feature","geometry":{"type":"LineString","coordinates":[[249510.26978081235,6271468.493559984],[281019.87009146396,6271138.700865575]]},"properties":{"type":"artcc-low","section":"Tower CTR LFPG Paris 3 Tower","uuid":"artcc-low-tower-ctr-lfpg-paris-3-tower"}},{"type":"Feature","geometry":{"type":"LineString","coordinates":[[291533.3775552731,6223875.877296211],[316209.1980144488,6217647.082210595]]},"properties":{"type":"artcc-low","section":"Tower CTR LFPM Melun Villaroche Tower","uuid":"artcc-low-tower-ctr-lfpm-melun-villaroche-tower"}},{"type":"Feature","geometry":{"type":"LineString","coordinates":[[316209.1980144488,6217647.082210595],[324125.2506930815,6215213.005352452]]},"properties":{"type":"artcc-low","section":"Tower CTR LFPM Melun Villaroche Tower","uuid":"artcc-low-tower-ctr-lfpm-melun-villaroche-tower"}},{"type":"Feature","geometry":{"type":"LineString","coordinates":[[324125.2506930815,6215213.005352452],[316951.32795307063,6194177.938401971]]},"properties":{"type":"artcc-low","section":"Tower CTR LFPM Melun Villaroche Tower","uuid":"artcc-low-tower-ctr-lfpm-melun-villaroche-tower"}},{"type":"Feature","geometry":{"type":"LineString","coordinates":[[316951.32795307063,6194177.938401971],[298923.7548607155,6187644.286333422]]},"properties":{"type":"artcc-low","section":"Tower CTR LFPM Melun Villaroche Tower","uuid":"artcc-low-tower-ctr-lfpm-melun-villaroche-tower"}},{"type":"Feature","geometry":{"type":"LineString","coordinates":[[298923.7548607155,6187644.286333422],[276999.9995905957,6191423.859565864]]},"properties":{"type":"artcc-low","section":"Tower CTR LFPM Melun Villaroche Tower","uuid":"artcc-low-tower-ctr-lfpm-melun-villaroche-tower"}},{"type":"Feature","geometry":{"type":"LineString","coordinates":[[276999.9995905957,6191423.859565864],[277061.8437521476,6210440.494230105]]},"properties":{"type":"artcc-low","section":"Tower CTR LFPM Melun Villaroche Tower","uuid":"artcc-low-tower-ctr-lfpm-melun-villaroche-tower"}},{"type":"Feature","geometry":{"type":"LineString","coordinates":[[277061.8437521476,6210440.494230105],[283802.8573612958,6216757.627118365]]},"properties":{"type":"artcc-low","section":"Tower CTR LFPM Melun Villaroche Tower","uuid":"artcc-low-tower-ctr-lfpm-melun-villaroche-tower"}},{"type":"Feature","geometry":{"type":"LineString","coordinates":[[283802.8573612958,6216757.627118365],[291533.3775552731,6223875.877296211]]},"properties":{"type":"artcc-low","section":"Tower CTR LFPM Melun Villaroche Tower","uuid":"artcc-low-tower-ctr-lfpm-melun-villaroche-tower"}},{"type":"Feature","geometry":{"type":"LineString","coordinates":[[243047.5239765665,6309622.805411038],[244593.65893744273,6295436.456607158]]},"properties":{"type":"artcc-low","section":"Tower CTR LFPT Pontoise Tower","uuid":"artcc-low-tower-ctr-lfpt-pontoise-tower"}},{"type":"Feature","geometry":{"type":"LineString","coordinates":[[244593.65893744273,6295436.456607158],[222700.82574809899,6273211.850162988]]},"properties":{"type":"artcc-low","section":"Tower CTR LFPT Pontoise Tower","uuid":"artcc-low-tower-ctr-lfpt-pontoise-tower"}},{"type":"Feature","geometry":{"type":"LineString","coordinates":[[222700.82574809899,6273211.850162988],[220327.92711351725,6273894.04296382]]},"properties":{"type":"artcc-low","section":"Tower CTR LFPT Pontoise Tower","uuid":"artcc-low-tower-ctr-lfpt-pontoise-tower"}},{"type":"Feature","geometry":{"type":"LineString","coordinates":[[220327.92711351725,6273894.04296382],[217417.97378001953,6275248.271158414]]},"properties":{"type":"artcc-low","section":"Tower CTR LFPT Pontoise Tower","uuid":"artcc-low-tower-ctr-lfpt-pontoise-tower"}},{"type":"Feature","geometry":{"type":"LineString","coordinates":[[217417.97378001953,6275248.271158414],[214787.86527754372,6277086.651001884]]},"properties":{"type":"artcc-low","section":"Tower CTR LFPT Pontoise Tower","uuid":"artcc-low-tower-ctr-lfpt-pontoise-tower"}},{"type":"Feature","geometry":{"type":"LineString","coordinates":[[214787.86527754372,6277086.651001884],[212517.47334073417,6279353.521682907]]},"properties":{"type":"artcc-low","section":"Tower CTR LFPT Pontoise Tower","uuid":"artcc-low-tower-ctr-lfpt-pontoise-tower"}},{"type":"Feature","geometry":{"type":"LineString","coordinates":[[212517.47334073417,6279353.521682907],[210675.84697596333,6281980.355642436]]},"properties":{"type":"artcc-low","section":"Tower CTR LFPT Pontoise Tower","uuid":"artcc-low-tower-ctr-lfpt-pontoise-tower"}},{"type":"Feature","geometry":{"type":"LineString","coordinates":[[210675.84697596333,6281980.355642436],[209318.92422735487,6284887.597375606]]},"properties":{"type":"artcc-low","section":"Tower CTR LFPT Pontoise Tower","uuid":"artcc-low-tower-ctr-lfpt-pontoise-tower"}},{"type":"Feature","geometry":{"type":"LineString","coordinates":[[209318.92422735487,6284887.597375606],[208487.89330650232,6287987.212961639]]},"properties":{"type":"artcc-low","section":"Tower CTR LFPT Pontoise Tower","uuid":"artcc-low-tower-ctr-lfpt-pontoise-tower"}},{"type":"Feature","geometry":{"type":"LineString","coordinates":[[208487.89330650232,6287987.212961639],[208208.07939756112,6291185.201359468]]},"properties":{"type":"artcc-low","section":"Tower CTR LFPT Pontoise Tower","uuid":"artcc-low-tower-ctr-lfpt-pontoise-tower"}},{"type":"Feature","geometry":{"type":"LineString","coordinates":[[208208.07939756112,6291185.201359468],[208487.89330650232,6294384.354889131]]},"properties":{"type":"artcc-low","section":"Tower CTR LFPT Pontoise Tower","uuid":"artcc-low-tower-ctr-lfpt-pontoise-tower"}},{"type":"Feature","geometry":{"type":"LineString","coordinates":[[208487.89330650232,6294384.354889131],[209318.92422735487,6297487.461280885]]},"properties":{"type":"artcc-low","section":"Tower CTR LFPT Pontoise Tower","uuid":"artcc-low-tower-ctr-lfpt-pontoise-tower"}},{"type":"Feature","geometry":{"type":"LineString","coordinates":[[209318.92422735487,6297487.461280885],[210675.84697596333,6300400.051171765]]},"properties":{"type":"artcc-low","section":"Tower CTR LFPT Pontoise Tower","uuid":"artcc-low-tower-ctr-lfpt-pontoise-tower"}},{"type":"Feature","geometry":{"type":"LineString","coordinates":[[210675.84697596333,6300400.051171765],[212517.47334073417,6303033.445690747]]},"properties":{"type":"artcc-low","section":"Tower CTR LFPT Pontoise Tower","uuid":"artcc-low-tower-ctr-lfpt-pontoise-tower"}},{"type":"Feature","geometry":{"type":"LineString","coordinates":[[212517.47334073417,6303033.445690747],[214787.86527754372,6305307.297975027]]},"properties":{"type":"artcc-low","section":"Tower CTR LFPT Pontoise Tower","uuid":"artcc-low-tower-ctr-lfpt-pontoise-tower"}},{"type":"Feature","geometry":{"type":"LineString","coordinates":[[214787.86527754372,6305307.297975027],[217417.97378001953,6307152.238512023]]},"properties":{"type":"artcc-low","section":"Tower CTR LFPT Pontoise Tower","uuid":"artcc-low-tower-ctr-lfpt-pontoise-tower"}},{"type":"Feature","geometry":{"type":"LineString","coordinates":[[217417.97378001953,6307152.238512023],[220327.92711351725,6308511.814813035]]},"properties":{"type":"artcc-low","section":"Tower CTR LFPT Pontoise Tower","uuid":"artcc-low-tower-ctr-lfpt-pontoise-tower"}},{"type":"Feature","geometry":{"type":"LineString","coordinates":[[220327.92711351725,6308511.814813035],[223429.31904909862,6309344.570766203]]},"properties":{"type":"artcc-low","section":"Tower CTR LFPT Pontoise Tower","uuid":"artcc-low-tower-ctr-lfpt-pontoise-tower"}},{"type":"Feature","geometry":{"type":"LineString","coordinates":[[223429.31904909862,6309344.570766203],[224648.91683698125,6309480.7763383025]]},"properties":{"type":"artcc-low","section":"Tower CTR LFPT Pontoise Tower","uuid":"artcc-low-tower-ctr-lfpt-pontoise-tower"}},{"type":"Feature","geometry":{"type":"LineString","coordinates":[[224648.91683698125,6309480.7763383025],[243047.5239765665,6309622.805411038]]},"properties":{"type":"artcc-low","section":"Tower CTR LFPT Pontoise Tower","uuid":"artcc-low-tower-ctr-lfpt-pontoise-tower"}},{"type":"Feature","geometry":{"type":"LineString","coordinates":[[245830.54216847915,6245219.553753771],[252324.1791314201,6238881.208181582]]},"properties":{"type":"artcc-low","section":"Tower CTR LFPV Villacoublay Tower","uuid":"artcc-low-tower-ctr-lfpv-villacoublay-tower"}},{"type":"Feature","geometry":{"type":"LineString","coordinates":[[252324.1791314201,6238881.208181582],[247685.86701503373,6231140.77045503]]},"properties":{"type":"artcc-low","section":"Tower CTR LFPV Villacoublay Tower","uuid":"artcc-low-tower-ctr-lfpv-villacoublay-tower"}},{"type":"Feature","geometry":{"type":"LineString","coordinates":[[247685.86701503373,6231140.77045503],[245366.7109568405,6229030.967194952]]},"properties":{"type":"artcc-low","section":"Tower CTR LFPV Villacoublay Tower","uuid":"artcc-low-tower-ctr-lfpv-villacoublay-tower"}},{"type":"Feature","geometry":{"type":"LineString","coordinates":[[245366.7109568405,6229030.967194952],[240419.178032695,6229030.967194952]]},"properties":{"type":"artcc-low","section":"Tower CTR LFPV Villacoublay Tower","uuid":"artcc-low-tower-ctr-lfpv-villacoublay-tower"}},{"type":"Feature","geometry":{"type":"LineString","coordinates":[[240419.178032695,6229030.967194952],[239522.43769019362,6233485.611784839]]},"properties":{"type":"artcc-low","section":"Tower CTR LFPV Villacoublay Tower","uuid":"artcc-low-tower-ctr-lfpv-villacoublay-tower"}},{"type":"Feature","geometry":{"type":"LineString","coordinates":[[239522.43769019362,6233485.611784839],[239244.13896321043,6235033.5622026315]]},"properties":{"type":"artcc-low","section":"Tower CTR LFPV Villacoublay Tower","uuid":"artcc-low-tower-ctr-lfpv-villacoublay-tower"}},{"type":"Feature","geometry":{"type":"LineString","coordinates":[[239244.13896321043,6235033.5622026315],[235688.09967398088,6233954.657837974]]},"properties":{"type":"artcc-low","section":"Tower CTR LFPV Villacoublay Tower","uuid":"artcc-low-tower-ctr-lfpv-villacoublay-tower"}},{"type":"Feature","geometry":{"type":"LineString","coordinates":[[235688.09967398088,6233954.657837974],[231606.38501156087,6234517.547340663]]},"properties":{"type":"artcc-low","section":"Tower CTR LFPV Villacoublay Tower","uuid":"artcc-low-tower-ctr-lfpv-villacoublay-tower"}},{"type":"Feature","geometry":{"type":"LineString","coordinates":[[231606.38501156087,6234517.547340663],[231606.38501156087,6238787.342382567]]},"properties":{"type":"artcc-low","section":"Tower CTR LFPV Villacoublay Tower","uuid":"artcc-low-tower-ctr-lfpv-villacoublay-tower"}},{"type":"Feature","geometry":{"type":"LineString","coordinates":[[231606.38501156087,6238787.342382567],[232595.89159638996,6240524.027913591]]},"properties":{"type":"artcc-low","section":"Tower CTR LFPV Villacoublay Tower","uuid":"artcc-low-tower-ctr-lfpv-villacoublay-tower"}},{"type":"Feature","geometry":{"type":"LineString","coordinates":[[232595.89159638996,6240524.027913591],[233832.77482742633,6242636.692627683]]},"properties":{"type":"artcc-low","section":"Tower CTR LFPV Villacoublay Tower","uuid":"artcc-low-tower-ctr-lfpv-villacoublay-tower"}},{"type":"Feature","geometry":{"type":"LineString","coordinates":[[233832.77482742633,6242636.692627683],[245830.54216847915,6245219.553753771]]},"properties":{"type":"artcc-low","section":"Tower CTR LFPV Villacoublay Tower","uuid":"artcc-low-tower-ctr-lfpv-villacoublay-tower"}},{"type":"Feature","geometry":{"type":"LineString","coordinates":[[371930.7875726374,6502654.654823066],[373353.20328832924,6496747.830936506]]},"properties":{"type":"artcc-low","section":"Tower CTR LFQI Cambrai Epinoy Tower","uuid":"artcc-low-tower-ctr-lfqi-cambrai-epinoy-tower"}},{"type":"Feature","geometry":{"type":"LineString","coordinates":[[373353.20328832924,6496747.830936506],[384206.8536406734,6494424.987857036]]},"properties":{"type":"artcc-low","section":"Tower CTR LFQI Cambrai Epinoy Tower","uuid":"artcc-low-tower-ctr-lfqi-cambrai-epinoy-tower"}},{"type":"Feature","geometry":{"type":"LineString","coordinates":[[384206.8536406734,6494424.987857036],[384281.06663453556,6490941.942731505]]},"properties":{"type":"artcc-low","section":"Tower CTR LFQI Cambrai Epinoy Tower","uuid":"artcc-low-tower-ctr-lfqi-cambrai-epinoy-tower"}},{"type":"Feature","geometry":{"type":"LineString","coordinates":[[384281.06663453556,6490941.942731505],[384658.3160200017,6487581.223353653]]},"properties":{"type":"artcc-low","section":"Tower CTR LFQI Cambrai Epinoy Tower","uuid":"artcc-low-tower-ctr-lfqi-cambrai-epinoy-tower"}},{"type":"Feature","geometry":{"type":"LineString","coordinates":[[384658.3160200017,6487581.223353653],[384778.9121350277,6484197.701532518]]},"properties":{"type":"artcc-low","section":"Tower CTR LFQI Cambrai Epinoy Tower","uuid":"artcc-low-tower-ctr-lfqi-cambrai-epinoy-tower"}},{"type":"Feature","geometry":{"type":"LineString","coordinates":[[384778.9121350277,6484197.701532518],[384639.76277153613,6480815.558524024]]},"properties":{"type":"artcc-low","section":"Tower CTR LFQI Cambrai Epinoy Tower","uuid":"artcc-low-tower-ctr-lfqi-cambrai-epinoy-tower"}},{"type":"Feature","geometry":{"type":"LineString","coordinates":[[384639.76277153613,6480815.558524024],[384247.05234568205,6477458.936261905]]},"properties":{"type":"artcc-low","section":"Tower CTR LFQI Cambrai Epinoy Tower","uuid":"artcc-low-tower-ctr-lfqi-cambrai-epinoy-tower"}},{"type":"Feature","geometry":{"type":"LineString","coordinates":[[384247.05234568205,6477458.936261905],[383597.688649388,6474161.591369501]]},"properties":{"type":"artcc-low","section":"Tower CTR LFQI Cambrai Epinoy Tower","uuid":"artcc-low-tower-ctr-lfqi-cambrai-epinoy-tower"}},{"type":"Feature","geometry":{"type":"LineString","coordinates":[[383597.688649388,6474161.591369501],[382700.9483068866,6470937.928153361]]},"properties":{"type":"artcc-low","section":"Tower CTR LFQI Cambrai Epinoy Tower","uuid":"artcc-low-tower-ctr-lfqi-cambrai-epinoy-tower"}},{"type":"Feature","geometry":{"type":"LineString","coordinates":[[382700.9483068866,6470937.928153361],[381559.92352625553,6467816.799557294]]},"properties":{"type":"artcc-low","section":"Tower CTR LFQI Cambrai Epinoy Tower","uuid":"artcc-low-tower-ctr-lfqi-cambrai-epinoy-tower"}},{"type":"Feature","geometry":{"type":"LineString","coordinates":[[381559.92352625553,6467816.799557294],[380186.98313980515,6464827.018357935]]},"properties":{"type":"artcc-low","section":"Tower CTR LFQI Cambrai Epinoy Tower","uuid":"artcc-low-tower-ctr-lfqi-cambrai-epinoy-tower"}},{"type":"Feature","geometry":{"type":"LineString","coordinates":[[380186.98313980515,6464827.018357935],[379104.7103126483,6464045.994627381]]},"properties":{"type":"artcc-low","section":"Tower CTR LFQI Cambrai Epinoy Tower","uuid":"artcc-low-tower-ctr-lfqi-cambrai-epinoy-tower"}},{"type":"Feature","geometry":{"type":"LineString","coordinates":[[379104.7103126483,6464045.994627381],[322671.9128966138,6464045.994627381]]},"properties":{"type":"artcc-low","section":"Tower CTR LFQI Cambrai Epinoy Tower","uuid":"artcc-low-tower-ctr-lfqi-cambrai-epinoy-tower"}},{"type":"Feature","geometry":{"type":"LineString","coordinates":[[322671.9128966138,6464045.994627381],[320764.0205127402,6466659.337323153]]},"properties":{"type":"artcc-low","section":"Tower CTR LFQI Cambrai Epinoy Tower","uuid":"artcc-low-tower-ctr-lfqi-cambrai-epinoy-tower"}},{"type":"Feature","geometry":{"type":"LineString","coordinates":[[320764.0205127402,6466659.337323153],[319533.32169785904,6469731.788947843]]},"properties":{"type":"artcc-low","section":"Tower CTR LFQI Cambrai Epinoy Tower","uuid":"artcc-low-tower-ctr-lfqi-cambrai-epinoy-tower"}},{"type":"Feature","geometry":{"type":"LineString","coordinates":[[319533.32169785904,6469731.788947843],[318543.8151130299,6472916.375568255]]},"properties":{"type":"artcc-low","section":"Tower CTR LFQI Cambrai Epinoy Tower","uuid":"artcc-low-tower-ctr-lfqi-cambrai-epinoy-tower"}},{"type":"Feature","geometry":{"type":"LineString","coordinates":[[318543.8151130299,6472916.375568255],[317798.5929663305,6476189.08623438]]},"properties":{"type":"artcc-low","section":"Tower CTR LFQI Cambrai Epinoy Tower","uuid":"artcc-low-tower-ctr-lfqi-cambrai-epinoy-tower"}},{"type":"Feature","geometry":{"type":"LineString","coordinates":[[317798.5929663305,6476189.08623438],[317303.83967391594,6479521.045593992]]},"properties":{"type":"artcc-low","section":"Tower CTR LFQI Cambrai Epinoy Tower","uuid":"artcc-low-tower-ctr-lfqi-cambrai-epinoy-tower"}},{"type":"Feature","geometry":{"type":"LineString","coordinates":[[317303.83967391594,6479521.045593992],[317068.83186001907,6482897.82925273]]},"properties":{"type":"artcc-low","section":"Tower CTR LFQI Cambrai Epinoy Tower","uuid":"artcc-low-tower-ctr-lfqi-cambrai-epinoy-tower"}},{"type":"Feature","geometry":{"type":"LineString","coordinates":[[317068.83186001907,6482897.82925273],[317087.3851084846,6486280.821036787]]},"properties":{"type":"artcc-low","section":"Tower CTR LFQI Cambrai Epinoy Tower","uuid":"artcc-low-tower-ctr-lfqi-cambrai-epinoy-tower"}},{"type":"Feature","geometry":{"type":"LineString","coordinates":[[317087.3851084846,6486280.821036787],[317365.68383546773,6489655.520966017]]},"properties":{"type":"artcc-low","section":"Tower CTR LFQI Cambrai Epinoy Tower","uuid":"artcc-low-tower-ctr-lfqi-cambrai-epinoy-tower"}},{"type":"Feature","geometry":{"type":"LineString","coordinates":[[317365.68383546773,6489655.520966017],[317900.63583289104,6492988.054492838]]},"properties":{"type":"artcc-low","section":"Tower CTR LFQI Cambrai Epinoy Tower","uuid":"artcc-low-tower-ctr-lfqi-cambrai-epinoy-tower"}},{"type":"Feature","geometry":{"type":"LineString","coordinates":[[317900.63583289104,6492988.054492838],[317909.9124571238,6495441.15163608]]},"properties":{"type":"artcc-low","section":"Tower CTR LFQI Cambrai Epinoy Tower","uuid":"artcc-low-tower-ctr-lfqi-cambrai-epinoy-tower"}},{"type":"Feature","geometry":{"type":"LineString","coordinates":[[317909.9124571238,6495441.15163608],[330742.57597912615,6501492.324033299]]},"properties":{"type":"artcc-low","section":"Tower CTR LFQI Cambrai Epinoy Tower","uuid":"artcc-low-tower-ctr-lfqi-cambrai-epinoy-tower"}},{"type":"Feature","geometry":{"type":"LineString","coordinates":[[330742.57597912615,6501492.324033299],[330921.9240476265,6501080.704300831]]},"properties":{"type":"artcc-low","section":"Tower CTR LFQI Cambrai Epinoy Tower","uuid":"artcc-low-tower-ctr-lfqi-cambrai-epinoy-tower"}},{"type":"Feature","geometry":{"type":"LineString","coordinates":[[330921.9240476265,6501080.704300831],[331234.23706346314,6500867.638586859]]},"properties":{"type":"artcc-low","section":"Tower CTR LFQI Cambrai Epinoy Tower","uuid":"artcc-low-tower-ctr-lfqi-cambrai-epinoy-tower"}},{"type":"Feature","geometry":{"type":"LineString","coordinates":[[331234.23706346314,6500867.638586859],[331562.01111968776,6500683.63169628]]},"properties":{"type":"artcc-low","section":"Tower CTR LFQI Cambrai Epinoy Tower","uuid":"artcc-low-tower-ctr-lfqi-cambrai-epinoy-tower"}},{"type":"Feature","geometry":{"type":"LineString","coordinates":[[331562.01111968776,6500683.63169628],[331902.1540082228,6500538.365984039]]},"properties":{"type":"artcc-low","section":"Tower CTR LFQI Cambrai Epinoy Tower","uuid":"artcc-low-tower-ctr-lfqi-cambrai-epinoy-tower"}},{"type":"Feature","geometry":{"type":"LineString","coordinates":[[331902.1540082228,6500538.365984039],[332251.5735209905,6500422.155247355]]},"properties":{"type":"artcc-low","section":"Tower CTR LFQI Cambrai Epinoy Tower","uuid":"artcc-low-tower-ctr-lfqi-cambrai-epinoy-tower"}},{"type":"Feature","geometry":{"type":"LineString","coordinates":[[332251.5735209905,6500422.155247355],[332607.17744991346,6500344.682328101]]},"properties":{"type":"artcc-low","section":"Tower CTR LFQI Cambrai Epinoy Tower","uuid":"artcc-low-tower-ctr-lfqi-cambrai-epinoy-tower"}},{"type":"Feature","geometry":{"type":"LineString","coordinates":[[332607.17744991346,6500344.682328101],[332968.9657949916,6500301.104129253]]},"properties":{"type":"artcc-low","section":"Tower CTR LFQI Cambrai Epinoy Tower","uuid":"artcc-low-tower-ctr-lfqi-cambrai-epinoy-tower"}},{"type":"Feature","geometry":{"type":"LineString","coordinates":[[332968.9657949916,6500301.104129253],[333330.7541400697,6500291.420116178]]},"properties":{"type":"artcc-low","section":"Tower CTR LFQI Cambrai Epinoy Tower","uuid":"artcc-low-tower-ctr-lfqi-cambrai-epinoy-tower"}},{"type":"Feature","geometry":{"type":"LineString","coordinates":[[333330.7541400697,6500291.420116178],[333695.6346932255,6500325.314211439]]},"properties":{"type":"artcc-low","section":"Tower CTR LFQI Cambrai Epinoy Tower","uuid":"artcc-low-tower-ctr-lfqi-cambrai-epinoy-tower"}},{"type":"Feature","geometry":{"type":"LineString","coordinates":[[333695.6346932255,6500325.314211439],[334054.330830226,6500388.260756076]]},"properties":{"type":"artcc-low","section":"Tower CTR LFQI Cambrai Epinoy Tower","uuid":"artcc-low-tower-ctr-lfqi-cambrai-epinoy-tower"}},{"type":"Feature","geometry":{"type":"LineString","coordinates":[[334054.330830226,6500388.260756076],[334406.84255107143,6500489.944645735]]},"properties":{"type":"artcc-low","section":"Tower CTR LFQI Cambrai Epinoy Tower","uuid":"artcc-low-tower-ctr-lfqi-cambrai-epinoy-tower"}},{"type":"Feature","geometry":{"type":"LineString","coordinates":[[334406.84255107143,6500489.944645735],[334750.07764768397,6500625.525105856]]},"properties":{"type":"artcc-low","section":"Tower CTR LFQI Cambrai Epinoy Tower","uuid":"artcc-low-tower-ctr-lfqi-cambrai-epinoy-tower"}},{"type":"Feature","geometry":{"type":"LineString","coordinates":[[334750.07764768397,6500625.525105856],[335080.94391198625,6500799.846099254]]},"properties":{"type":"artcc-low","section":"Tower CTR LFQI Cambrai Epinoy Tower","uuid":"artcc-low-tower-ctr-lfqi-cambrai-epinoy-tower"}},{"type":"Feature","geometry":{"type":"LineString","coordinates":[[335080.94391198625,6500799.846099254],[335399.4413439781,6500998.382807477]]},"properties":{"type":"artcc-low","section":"Tower CTR LFQI Cambrai Epinoy Tower","uuid":"artcc-low-tower-ctr-lfqi-cambrai-epinoy-tower"}},{"type":"Feature","geometry":{"type":"LineString","coordinates":[[335399.4413439781,6500998.382807477],[335699.3855275044,6501235.6646241965]]},"properties":{"type":"artcc-low","section":"Tower CTR LFQI Cambrai Epinoy Tower","uuid":"artcc-low-tower-ctr-lfqi-cambrai-epinoy-tower"}},{"type":"Feature","geometry":{"type":"LineString","coordinates":[[335699.3855275044,6501235.6646241965],[335980.7764625652,6501497.166740058]]},"properties":{"type":"artcc-low","section":"Tower CTR LFQI Cambrai Epinoy Tower","uuid":"artcc-low-tower-ctr-lfqi-cambrai-epinoy-tower"}},{"type":"Feature","geometry":{"type":"LineString","coordinates":[[335980.7764625652,6501497.166740058],[336243.6141491604,6501787.734324315]]},"properties":{"type":"artcc-low","section":"Tower CTR LFQI Cambrai Epinoy Tower","uuid":"artcc-low-tower-ctr-lfqi-cambrai-epinoy-tower"}},{"type":"Feature","geometry":{"type":"LineString","coordinates":[[336243.6141491604,6501787.734324315],[336481.71417113487,6502102.527370864]]},"properties":{"type":"artcc-low","section":"Tower CTR LFQI Cambrai Epinoy Tower","uuid":"artcc-low-tower-ctr-lfqi-cambrai-epinoy-tower"}},{"type":"Feature","geometry":{"type":"LineString","coordinates":[[336481.71417113487,6502102.527370864],[336695.07652848866,6502441.548640335]]},"properties":{"type":"artcc-low","section":"Tower CTR LFQI Cambrai Epinoy Tower","uuid":"artcc-low-tower-ctr-lfqi-cambrai-epinoy-tower"}},{"type":"Feature","geometry":{"type":"LineString","coordinates":[[336695.07652848866,6502441.548640335],[336880.60901314416,6502799.957635282]]},"properties":{"type":"artcc-low","section":"Tower CTR LFQI Cambrai Epinoy Tower","uuid":"artcc-low-tower-ctr-lfqi-cambrai-epinoy-tower"}},{"type":"Feature","geometry":{"type":"LineString","coordinates":[[336880.60901314416,6502799.957635282],[337038.3116251013,6503177.75687125]]},"properties":{"type":"artcc-low","section":"Tower CTR LFQI Cambrai Epinoy Tower","uuid":"artcc-low-tower-ctr-lfqi-cambrai-epinoy-tower"}},{"type":"Feature","geometry":{"type":"LineString","coordinates":[[337038.3116251013,6503177.75687125],[337168.1843643601,6503565.261160849]]},"properties":{"type":"artcc-low","section":"Tower CTR LFQI Cambrai Epinoy Tower","uuid":"artcc-low-tower-ctr-lfqi-cambrai-epinoy-tower"}},{"type":"Feature","geometry":{"type":"LineString","coordinates":[[337168.1843643601,6503565.261160849],[337267.135022843,6503967.316015968]]},"properties":{"type":"artcc-low","section":"Tower CTR LFQI Cambrai Epinoy Tower","uuid":"artcc-low-tower-ctr-lfqi-cambrai-epinoy-tower"}},{"type":"Feature","geometry":{"type":"LineString","coordinates":[[337267.135022843,6503967.316015968],[337338.2558086276,6504379.07916045]]},"properties":{"type":"artcc-low","section":"Tower CTR LFQI Cambrai Epinoy Tower","uuid":"artcc-low-tower-ctr-lfqi-cambrai-epinoy-tower"}},{"type":"Feature","geometry":{"type":"LineString","coordinates":[[337338.2558086276,6504379.07916045],[337545.4337498262,6504592.235179267]]},"properties":{"type":"artcc-low","section":"Tower CTR LFQI Cambrai Epinoy Tower","uuid":"artcc-low-tower-ctr-lfqi-cambrai-epinoy-tower"}},{"type":"Feature","geometry":{"type":"LineString","coordinates":[[337545.4337498262,6504592.235179267],[338596.7844962071,6504979.805626998]]},"properties":{"type":"artcc-low","section":"Tower CTR LFQI Cambrai Epinoy Tower","uuid":"artcc-low-tower-ctr-lfqi-cambrai-epinoy-tower"}},{"type":"Feature","geometry":{"type":"LineString","coordinates":[[338596.7844962071,6504979.805626998],[371930.7875726374,6502654.654823066]]},"properties":{"type":"artcc-low","section":"Tower CTR LFQI Cambrai Epinoy Tower","uuid":"artcc-low-tower-ctr-lfqi-cambrai-epinoy-tower"}},{"type":"Feature","geometry":{"type":"LineString","coordinates":[[359005.3578083073,6564590.648078384],[364756.86483262636,6538573.509865748]]},"properties":{"type":"artcc-low","section":"Tower CTR LFQQ Lille Lesquin Tower","uuid":"artcc-low-tower-ctr-lfqq-lille-lesquin-tower"}},{"type":"Feature","geometry":{"type":"LineString","coordinates":[[364756.86483262636,6538573.509865748],[365993.74806366273,6532884.056611956]]},"properties":{"type":"artcc-low","section":"Tower CTR LFQQ Lille Lesquin Tower","uuid":"artcc-low-tower-ctr-lfqq-lille-lesquin-tower"}},{"type":"Feature","geometry":{"type":"LineString","coordinates":[[365993.74806366273,6532884.056611956],[321960.7050387679,6522682.027962862]]},"properties":{"type":"artcc-low","section":"Tower CTR LFQQ Lille Lesquin Tower","uuid":"artcc-low-tower-ctr-lfqq-lille-lesquin-tower"}},{"type":"Feature","geometry":{"type":"LineString","coordinates":[[321960.7050387679,6522682.027962862],[315961.8213682415,6548551.666912727]]},"properties":{"type":"artcc-low","section":"Tower CTR LFQQ Lille Lesquin Tower","uuid":"artcc-low-tower-ctr-lfqq-lille-lesquin-tower"}},{"type":"Feature","geometry":{"type":"LineString","coordinates":[[315961.8213682415,6548551.666912727],[334700.60231844254,6559175.833723514]]},"properties":{"type":"artcc-low","section":"Tower CTR LFQQ Lille Lesquin Tower","uuid":"artcc-low-tower-ctr-lfqq-lille-lesquin-tower"}},{"type":"Feature","geometry":{"type":"LineString","coordinates":[[334700.60231844254,6559175.833723514],[340513.9535043135,6559712.278272582]]},"properties":{"type":"artcc-low","section":"Tower CTR LFQQ Lille Lesquin Tower","uuid":"artcc-low-tower-ctr-lfqq-lille-lesquin-tower"}},{"type":"Feature","geometry":{"type":"LineString","coordinates":[[340513.9535043135,6559712.278272582],[346420.07093251223,6561029.153745966]]},"properties":{"type":"artcc-low","section":"Tower CTR LFQQ Lille Lesquin Tower","uuid":"artcc-low-tower-ctr-lfqq-lille-lesquin-tower"}},{"type":"Feature","geometry":{"type":"LineString","coordinates":[[346420.07093251223,6561029.153745966],[359005.3578083073,6564590.648078384]]},"properties":{"type":"artcc-low","section":"Tower CTR LFQQ Lille Lesquin Tower","uuid":"artcc-low-tower-ctr-lfqq-lille-lesquin-tower"}},{"type":"Feature","geometry":{"type":"LineString","coordinates":[[287544.4291351808,6584133.055202593],[317105.9383569501,6561077.930949931]]},"properties":{"type":"artcc-low","section":"Tower CTR LFQT Merville Calone Tower","uuid":"artcc-low-tower-ctr-lfqt-merville-calone-tower"}},{"type":"Feature","geometry":{"type":"LineString","coordinates":[[317105.9383569501,6561077.930949931],[291038.6242628586,6527732.888101127]]},"properties":{"type":"artcc-low","section":"Tower CTR LFQT Merville Calone Tower","uuid":"artcc-low-tower-ctr-lfqt-merville-calone-tower"}},{"type":"Feature","geometry":{"type":"LineString","coordinates":[[291038.6242628586,6527732.888101127],[262312.0112220388,6550061.609025297]]},"properties":{"type":"artcc-low","section":"Tower CTR LFQT Merville Calone Tower","uuid":"artcc-low-tower-ctr-lfqt-merville-calone-tower"}},{"type":"Feature","geometry":{"type":"LineString","coordinates":[[262312.0112220388,6550061.609025297],[287544.4291351808,6584133.055202593]]},"properties":{"type":"artcc-low","section":"Tower CTR LFQT Merville Calone Tower","uuid":"artcc-low-tower-ctr-lfqt-merville-calone-tower"}},{"type":"Feature","geometry":{"type":"LineString","coordinates":[[-486095.10979729454,6206605.71162198],[-471994.64096348,6179437.655664829]]},"properties":{"type":"artcc-low","section":"Tower CTR LFRB CTR Brest","uuid":"artcc-low-tower-ctr-lfrb-ctr-brest"}},{"type":"Feature","geometry":{"type":"LineString","coordinates":[[-471994.64096348,6179437.655664829],[-467139.8742816622,6179297.838390174]]},"properties":{"type":"artcc-low","section":"Tower CTR LFRB CTR Brest","uuid":"artcc-low-tower-ctr-lfrb-ctr-brest"}},{"type":"Feature","geometry":{"type":"LineString","coordinates":[[-467139.8742816622,6179297.838390174],[-464789.796142693,6172496.1670697015]]},"properties":{"type":"artcc-low","section":"Tower CTR LFRB CTR Brest","uuid":"artcc-low-tower-ctr-lfrb-ctr-brest"}},{"type":"Feature","geometry":{"type":"LineString","coordinates":[[-464789.796142693,6172496.1670697015],[-485352.9798586727,6170912.994593727]]},"properties":{"type":"artcc-low","section":"Tower CTR LFRB CTR Brest","uuid":"artcc-low-tower-ctr-lfrb-ctr-brest"}},{"type":"Feature","geometry":{"type":"LineString","coordinates":[[-485352.9798586727,6170912.994593727],[-497227.05887662194,6173660.451962929]]},"properties":{"type":"artcc-low","section":"Tower CTR LFRB CTR Brest","uuid":"artcc-low-tower-ctr-lfrb-ctr-brest"}},{"type":"Feature","geometry":{"type":"LineString","coordinates":[[-497227.05887662194,6173660.451962929],[-502174.59180076746,6173660.451962929]]},"properties":{"type":"artcc-low","section":"Tower CTR LFRB CTR Brest","uuid":"artcc-low-tower-ctr-lfrb-ctr-brest"}},{"type":"Feature","geometry":{"type":"LineString","coordinates":[[-502174.59180076746,6173660.451962929],[-508977.44957146747,6165979.106286037]]},"properties":{"type":"artcc-low","section":"Tower CTR LFRB CTR Brest","uuid":"artcc-low-tower-ctr-lfrb-ctr-brest"}},{"type":"Feature","geometry":{"type":"LineString","coordinates":[[-508977.44957146747,6165979.106286037],[-513924.98249561305,6164350.618419559]]},"properties":{"type":"artcc-low","section":"Tower CTR LFRB CTR Brest","uuid":"artcc-low-tower-ctr-lfrb-ctr-brest"}},{"type":"Feature","geometry":{"type":"LineString","coordinates":[[-513924.98249561305,6164350.618419559],[-519490.9570352767,6173660.451962929]]},"properties":{"type":"artcc-low","section":"Tower CTR LFRB CTR Brest","uuid":"artcc-low-tower-ctr-lfrb-ctr-brest"}},{"type":"Feature","geometry":{"type":"LineString","coordinates":[[-519490.9570352767,6173660.451962929],[-519490.9570352767,6187644.286333422]]},"properties":{"type":"artcc-low","section":"Tower CTR LFRB CTR Brest","uuid":"artcc-low-tower-ctr-lfrb-ctr-brest"}},{"type":"Feature","geometry":{"type":"LineString","coordinates":[[-519490.9570352767,6187644.286333422],[-486095.10979729454,6206605.71162198]]},"properties":{"type":"artcc-low","section":"Tower CTR LFRB CTR Brest","uuid":"artcc-low-tower-ctr-lfrb-ctr-brest"}},{"type":"Feature","geometry":{"type":"LineString","coordinates":[[-205879.21380600432,6232782.091330806],[-217073.00704688346,6188950.615797143]]},"properties":{"type":"artcc-low","section":"Tower CTR LFRD CTR 1 Dinard-Pertuis","uuid":"artcc-low-tower-ctr-lfrd-ctr-1-dinard-pertuis"}},{"type":"Feature","geometry":{"type":"LineString","coordinates":[[-217073.00704688346,6188950.615797143],[-241377.76253674814,6185405.330361348]]},"properties":{"type":"artcc-low","section":"Tower CTR LFRD CTR 1 Dinard-Pertuis","uuid":"artcc-low-tower-ctr-lfrd-ctr-1-dinard-pertuis"}},{"type":"Feature","geometry":{"type":"LineString","coordinates":[[-241377.76253674814,6185405.330361348],[-256838.80292470282,6225234.64259113]]},"properties":{"type":"artcc-low","section":"Tower CTR LFRD CTR 1 Dinard-Pertuis","uuid":"artcc-low-tower-ctr-lfrd-ctr-1-dinard-pertuis"}},{"type":"Feature","geometry":{"type":"LineString","coordinates":[[-256838.80292470282,6225234.64259113],[-205879.21380600432,6232782.091330806]]},"properties":{"type":"artcc-low","section":"Tower CTR LFRD CTR 1 Dinard-Pertuis","uuid":"artcc-low-tower-ctr-lfrd-ctr-1-dinard-pertuis"}},{"type":"Feature","geometry":{"type":"LineString","coordinates":[[24026.45676288155,6354181.2432139525],[25578.74521783219,6354009.960160567]]},"properties":{"type":"artcc-low","section":"Tower CTR LFRG Deauville Saint-Gatien Tower","uuid":"artcc-low-tower-ctr-lfrg-deauville-saint-gatien-tower"}},{"type":"Feature","geometry":{"type":"LineString","coordinates":[[25578.74521783219,6354009.960160567],[26883.65702657557,6353177.384002602]]},"properties":{"type":"artcc-low","section":"Tower CTR LFRG Deauville Saint-Gatien Tower","uuid":"artcc-low-tower-ctr-lfrg-deauville-saint-gatien-tower"}},{"type":"Feature","geometry":{"type":"LineString","coordinates":[[26883.65702657557,6353177.384002602],[28120.54025761194,6352225.969514932]]},"properties":{"type":"artcc-low","section":"Tower CTR LFRG Deauville Saint-Gatien Tower","uuid":"artcc-low-tower-ctr-lfrg-deauville-saint-gatien-tower"}},{"type":"Feature","geometry":{"type":"LineString","coordinates":[[28120.54025761194,6352225.969514932],[29280.118286708537,6351151.000911155]]},"properties":{"type":"artcc-low","section":"Tower CTR LFRG Deauville Saint-Gatien Tower","uuid":"artcc-low-tower-ctr-lfrg-deauville-saint-gatien-tower"}},{"type":"Feature","geometry":{"type":"LineString","coordinates":[[29280.118286708537,6351151.000911155],[30350.022281555,6349966.792211218]]},"properties":{"type":"artcc-low","section":"Tower CTR LFRG Deauville Saint-Gatien Tower","uuid":"artcc-low-tower-ctr-lfrg-deauville-saint-gatien-tower"}},{"type":"Feature","geometry":{"type":"LineString","coordinates":[[30350.022281555,6349966.792211218],[31327.160034073735,6348687.654023718]]},"properties":{"type":"artcc-low","section":"Tower CTR LFRG Deauville Saint-Gatien Tower","uuid":"artcc-low-tower-ctr-lfrg-deauville-saint-gatien-tower"}},{"type":"Feature","geometry":{"type":"LineString","coordinates":[[31327.160034073735,6348687.654023718],[32199.16271195438,6347313.629735565]]},"properties":{"type":"artcc-low","section":"Tower CTR LFRG Deauville Saint-Gatien Tower","uuid":"artcc-low-tower-ctr-lfrg-deauville-saint-gatien-tower"}},{"type":"Feature","geometry":{"type":"LineString","coordinates":[[32199.16271195438,6347313.629735565],[32962.938107119335,6345859.02550461]]},"properties":{"type":"artcc-low","section":"Tower CTR LFRG Deauville Saint-Gatien Tower","uuid":"artcc-low-tower-ctr-lfrg-deauville-saint-gatien-tower"}},{"type":"Feature","geometry":{"type":"LineString","coordinates":[[32962.938107119335,6345859.02550461],[33609.209595335844,6344333.38786586]]},"properties":{"type":"artcc-low","section":"Tower CTR LFRG Deauville Saint-Gatien Tower","uuid":"artcc-low-tower-ctr-lfrg-deauville-saint-gatien-tower"}},{"type":"Feature","geometry":{"type":"LineString","coordinates":[[33609.209595335844,6344333.38786586],[34137.97717660389,6342755.76127441]]},"properties":{"type":"artcc-low","section":"Tower CTR LFRG Deauville Saint-Gatien Tower","uuid":"artcc-low-tower-ctr-lfrg-deauville-saint-gatien-tower"}},{"type":"Feature","geometry":{"type":"LineString","coordinates":[[34137.97717660389,6342755.76127441],[34539.96422669072,6341130.92555027]]},"properties":{"type":"artcc-low","section":"Tower CTR LFRG Deauville Saint-Gatien Tower","uuid":"artcc-low-tower-ctr-lfrg-deauville-saint-gatien-tower"}},{"type":"Feature","geometry":{"type":"LineString","coordinates":[[34539.96422669072,6341130.92555027],[34818.2629536739,6339468.407252609]]},"properties":{"type":"artcc-low","section":"Tower CTR LFRG Deauville Saint-Gatien Tower","uuid":"artcc-low-tower-ctr-lfrg-deauville-saint-gatien-tower"}},{"type":"Feature","geometry":{"type":"LineString","coordinates":[[34818.2629536739,6339468.407252609],[34963.59673332067,6337791.971901365]]},"properties":{"type":"artcc-low","section":"Tower CTR LFRG Deauville Saint-Gatien Tower","uuid":"artcc-low-tower-ctr-lfrg-deauville-saint-gatien-tower"}},{"type":"Feature","geometry":{"type":"LineString","coordinates":[[34963.59673332067,6337791.971901365],[34979.05777370863,6336101.627840638]]},"properties":{"type":"artcc-low","section":"Tower CTR LFRG Deauville Saint-Gatien Tower","uuid":"artcc-low-tower-ctr-lfrg-deauville-saint-gatien-tower"}},{"type":"Feature","geometry":{"type":"LineString","coordinates":[[34979.05777370863,6336101.627840638],[34864.646074837765,6334421.117099218]]},"properties":{"type":"artcc-low","section":"Tower CTR LFRG Deauville Saint-Gatien Tower","uuid":"artcc-low-tower-ctr-lfrg-deauville-saint-gatien-tower"}},{"type":"Feature","geometry":{"type":"LineString","coordinates":[[34864.646074837765,6334421.117099218],[34620.36163670808,6332755.179588166]]},"properties":{"type":"artcc-low","section":"Tower CTR LFRG Deauville Saint-Gatien Tower","uuid":"artcc-low-tower-ctr-lfrg-deauville-saint-gatien-tower"}},{"type":"Feature","geometry":{"type":"LineString","coordinates":[[34620.36163670808,6332755.179588166],[34249.29666739717,6331122.786119619]]},"properties":{"type":"artcc-low","section":"Tower CTR LFRG Deauville Saint-Gatien Tower","uuid":"artcc-low-tower-ctr-lfrg-deauville-saint-gatien-tower"}},{"type":"Feature","geometry":{"type":"LineString","coordinates":[[34249.29666739717,6331122.786119619],[33751.451166905026,6329533.40511882]]},"properties":{"type":"artcc-low","section":"Tower CTR LFRG Deauville Saint-Gatien Tower","uuid":"artcc-low-tower-ctr-lfrg-deauville-saint-gatien-tower"}},{"type":"Feature","geometry":{"type":"LineString","coordinates":[[33751.451166905026,6329533.40511882],[33133.009551386844,6327996.498426369]]},"properties":{"type":"artcc-low","section":"Tower CTR LFRG Deauville Saint-Gatien Tower","uuid":"artcc-low-tower-ctr-lfrg-deauville-saint-gatien-tower"}},{"type":"Feature","geometry":{"type":"LineString","coordinates":[[33133.009551386844,6327996.498426369],[32397.064028920202,6326526.264116247]]},"properties":{"type":"artcc-low","section":"Tower CTR LFRG Deauville Saint-Gatien Tower","uuid":"artcc-low-tower-ctr-lfrg-deauville-saint-gatien-tower"}},{"type":"Feature","geometry":{"type":"LineString","coordinates":[[32397.064028920202,6326526.264116247],[31552.891223737875,6325136.891719556]]},"properties":{"type":"artcc-low","section":"Tower CTR LFRG Deauville Saint-Gatien Tower","uuid":"artcc-low-tower-ctr-lfrg-deauville-saint-gatien-tower"}},{"type":"Feature","geometry":{"type":"LineString","coordinates":[[31552.891223737875,6325136.891719556],[30600.49113583987,6323833.081951491]]},"properties":{"type":"artcc-low","section":"Tower CTR LFRG Deauville Saint-Gatien Tower","uuid":"artcc-low-tower-ctr-lfrg-deauville-saint-gatien-tower"}},{"type":"Feature","geometry":{"type":"LineString","coordinates":[[30600.49113583987,6323833.081951491],[29552.232597536542,6322629.01528391]]},"properties":{"type":"artcc-low","section":"Tower CTR LFRG Deauville Saint-Gatien Tower","uuid":"artcc-low-tower-ctr-lfrg-deauville-saint-gatien-tower"}},{"type":"Feature","geometry":{"type":"LineString","coordinates":[[29552.232597536542,6322629.01528391],[28414.300024983077,6321534.127839168]]},"properties":{"type":"artcc-low","section":"Tower CTR LFRG Deauville Saint-Gatien Tower","uuid":"artcc-low-tower-ctr-lfrg-deauville-saint-gatien-tower"}},{"type":"Feature","geometry":{"type":"LineString","coordinates":[[28414.300024983077,6321534.127839168],[27195.97004241225,6320553.115927915]]},"properties":{"type":"artcc-low","section":"Tower CTR LFRG Deauville Saint-Gatien Tower","uuid":"artcc-low-tower-ctr-lfrg-deauville-saint-gatien-tower"}},{"type":"Feature","geometry":{"type":"LineString","coordinates":[[27195.97004241225,6320553.115927915],[25906.51927405683,6319695.416593493]]},"properties":{"type":"artcc-low","section":"Tower CTR LFRG Deauville Saint-Gatien Tower","uuid":"artcc-low-tower-ctr-lfrg-deauville-saint-gatien-tower"}},{"type":"Feature","geometry":{"type":"LineString","coordinates":[[25906.51927405683,6319695.416593493],[24555.2243441496,6318965.730164425]]},"properties":{"type":"artcc-low","section":"Tower CTR LFRG Deauville Saint-Gatien Tower","uuid":"artcc-low-tower-ctr-lfrg-deauville-saint-gatien-tower"}},{"type":"Feature","geometry":{"type":"LineString","coordinates":[[24555.2243441496,6318965.730164425],[23154.454085000903,6318373.498720644]]},"properties":{"type":"artcc-low","section":"Tower CTR LFRG Deauville Saint-Gatien Tower","uuid":"artcc-low-tower-ctr-lfrg-deauville-saint-gatien-tower"}},{"type":"Feature","geometry":{"type":"LineString","coordinates":[[23154.454085000903,6318373.498720644],[21710.392912765936,6317918.693255515]]},"properties":{"type":"artcc-low","section":"Tower CTR LFRG Deauville Saint-Gatien Tower","uuid":"artcc-low-tower-ctr-lfrg-deauville-saint-gatien-tower"}},{"type":"Feature","geometry":{"type":"LineString","coordinates":[[21710.392912765936,6317918.693255515],[20235.40965975506,6317610.76600432]]},"properties":{"type":"artcc-low","section":"Tower CTR LFRG Deauville Saint-Gatien Tower","uuid":"artcc-low-tower-ctr-lfrg-deauville-saint-gatien-tower"}},{"type":"Feature","geometry":{"type":"LineString","coordinates":[[20235.40965975506,6317610.76600432],[18744.96536635623,6317444.963687708]]},"properties":{"type":"artcc-low","section":"Tower CTR LFRG Deauville Saint-Gatien Tower","uuid":"artcc-low-tower-ctr-lfrg-deauville-saint-gatien-tower"}},{"type":"Feature","geometry":{"type":"LineString","coordinates":[[18744.96536635623,6317444.963687708],[17248.33665680222,6317426.015059429]]},"properties":{"type":"artcc-low","section":"Tower CTR LFRG Deauville Saint-Gatien Tower","uuid":"artcc-low-tower-ctr-lfrg-deauville-saint-gatien-tower"}},{"type":"Feature","geometry":{"type":"LineString","coordinates":[[17248.33665680222,6317426.015059429],[15751.707947248207,6317553.919127927]]},"properties":{"type":"artcc-low","section":"Tower CTR LFRG Deauville Saint-Gatien Tower","uuid":"artcc-low-tower-ctr-lfrg-deauville-saint-gatien-tower"}},{"type":"Feature","geometry":{"type":"LineString","coordinates":[[15751.707947248207,6317553.919127927],[14273.632486159746,6317828.6825864]]},"properties":{"type":"artcc-low","section":"Tower CTR LFRG Deauville Saint-Gatien Tower","uuid":"artcc-low-tower-ctr-lfrg-deauville-saint-gatien-tower"}},{"type":"Feature","geometry":{"type":"LineString","coordinates":[[14273.632486159746,6317828.6825864],[12823.386897769598,6318250.319814395]]},"properties":{"type":"artcc-low","section":"Tower CTR LFRG Deauville Saint-Gatien Tower","uuid":"artcc-low-tower-ctr-lfrg-deauville-saint-gatien-tower"}},{"type":"Feature","geometry":{"type":"LineString","coordinates":[[12823.386897769598,6318250.319814395],[11410.247806310543,6318809.377015492]]},"properties":{"type":"artcc-low","section":"Tower CTR LFRG Deauville Saint-Gatien Tower","uuid":"artcc-low-tower-ctr-lfrg-deauville-saint-gatien-tower"}},{"type":"Feature","geometry":{"type":"LineString","coordinates":[[11410.247806310543,6318809.377015492],[10043.491836015348,6319501.143248974]]},"properties":{"type":"artcc-low","section":"Tower CTR LFRG Deauville Saint-Gatien Tower","uuid":"artcc-low-tower-ctr-lfrg-deauville-saint-gatien-tower"}},{"type":"Feature","geometry":{"type":"LineString","coordinates":[[10043.491836015348,6319501.143248974],[8738.580027271975,6320330.390020282]]},"properties":{"type":"artcc-low","section":"Tower CTR LFRG Deauville Saint-Gatien Tower","uuid":"artcc-low-tower-ctr-lfrg-deauville-saint-gatien-tower"}},{"type":"Feature","geometry":{"type":"LineString","coordinates":[[8738.580027271975,6320330.390020282],[7501.696796235602,6321278.200664383]]},"properties":{"type":"artcc-low","section":"Tower CTR LFRG Deauville Saint-Gatien Tower","uuid":"artcc-low-tower-ctr-lfrg-deauville-saint-gatien-tower"}},{"type":"Feature","geometry":{"type":"LineString","coordinates":[[7501.696796235602,6321278.200664383],[6342.1187671390035,6322349.355161965]]},"properties":{"type":"artcc-low","section":"Tower CTR LFRG Deauville Saint-Gatien Tower","uuid":"artcc-low-tower-ctr-lfrg-deauville-saint-gatien-tower"}},{"type":"Feature","geometry":{"type":"LineString","coordinates":[[6342.1187671390035,6322349.355161965],[5272.214772292539,6323529.678837802]]},"properties":{"type":"artcc-low","section":"Tower CTR LFRG Deauville Saint-Gatien Tower","uuid":"artcc-low-tower-ctr-lfrg-deauville-saint-gatien-tower"}},{"type":"Feature","geometry":{"type":"LineString","coordinates":[[5272.214772292539,6323529.678837802],[4295.077019773805,6324804.993700584]]},"properties":{"type":"artcc-low","section":"Tower CTR LFRG Deauville Saint-Gatien Tower","uuid":"artcc-low-tower-ctr-lfrg-deauville-saint-gatien-tower"}},{"type":"Feature","geometry":{"type":"LineString","coordinates":[[4295.077019773805,6324804.993700584],[3423.0743418931625,6326175.342945349]]},"properties":{"type":"artcc-low","section":"Tower CTR LFRG Deauville Saint-Gatien Tower","uuid":"artcc-low-tower-ctr-lfrg-deauville-saint-gatien-tower"}},{"type":"Feature","geometry":{"type":"LineString","coordinates":[[3423.0743418931625,6326175.342945349],[2659.2989467282023,6327626.544308319]]},"properties":{"type":"artcc-low","section":"Tower CTR LFRG Deauville Saint-Gatien Tower","uuid":"artcc-low-tower-ctr-lfrg-deauville-saint-gatien-tower"}},{"type":"Feature","geometry":{"type":"LineString","coordinates":[[2659.2989467282023,6327626.544308319],[2013.027458511697,6329149.152116045]]},"properties":{"type":"artcc-low","section":"Tower CTR LFRG Deauville Saint-Gatien Tower","uuid":"artcc-low-tower-ctr-lfrg-deauville-saint-gatien-tower"}},{"type":"Feature","geometry":{"type":"LineString","coordinates":[[2013.027458511697,6329149.152116045],[1484.2598772436477,6330724.226546039]]},"properties":{"type":"artcc-low","section":"Tower CTR LFRG Deauville Saint-Gatien Tower","uuid":"artcc-low-tower-ctr-lfrg-deauville-saint-gatien-tower"}},{"type":"Feature","geometry":{"type":"LineString","coordinates":[[1484.2598772436477,6330724.226546039],[1082.2728271568265,6332347.05150969]]},"properties":{"type":"artcc-low","section":"Tower CTR LFRG Deauville Saint-Gatien Tower","uuid":"artcc-low-tower-ctr-lfrg-deauville-saint-gatien-tower"}},{"type":"Feature","geometry":{"type":"LineString","coordinates":[[1082.2728271568265,6332347.05150969],[803.9741001736425,6334008.161644616]]},"properties":{"type":"artcc-low","section":"Tower CTR LFRG Deauville Saint-Gatien Tower","uuid":"artcc-low-tower-ctr-lfrg-deauville-saint-gatien-tower"}},{"type":"Feature","geometry":{"type":"LineString","coordinates":[[803.9741001736425,6334008.161644616],[658.6403205268688,6335683.842379043]]},"properties":{"type":"artcc-low","section":"Tower CTR LFRG Deauville Saint-Gatien Tower","uuid":"artcc-low-tower-ctr-lfrg-deauville-saint-gatien-tower"}},{"type":"Feature","geometry":{"type":"LineString","coordinates":[[658.6403205268688,6335683.842379043],[643.179280138914,6337374.102411375]]},"properties":{"type":"artcc-low","section":"Tower CTR LFRG Deauville Saint-Gatien Tower","uuid":"artcc-low-tower-ctr-lfrg-deauville-saint-gatien-tower"}},{"type":"Feature","geometry":{"type":"LineString","coordinates":[[643.179280138914,6337374.102411375],[757.5909790097784,6339055.203744148]]},"properties":{"type":"artcc-low","section":"Tower CTR LFRG Deauville Saint-Gatien Tower","uuid":"artcc-low-tower-ctr-lfrg-deauville-saint-gatien-tower"}},{"type":"Feature","geometry":{"type":"LineString","coordinates":[[757.5909790097784,6339055.203744148],[1001.875417139462,6340722.390569055]]},"properties":{"type":"artcc-low","section":"Tower CTR LFRG Deauville Saint-Gatien Tower","uuid":"artcc-low-tower-ctr-lfrg-deauville-saint-gatien-tower"}},{"type":"Feature","geometry":{"type":"LineString","coordinates":[[1001.875417139462,6340722.390569055],[1372.940386450374,6342356.649700775]]},"properties":{"type":"artcc-low","section":"Tower CTR LFRG Deauville Saint-Gatien Tower","uuid":"artcc-low-tower-ctr-lfrg-deauville-saint-gatien-tower"}},{"type":"Feature","geometry":{"type":"LineString","coordinates":[[1372.940386450374,6342356.649700775],[1870.785886942514,6343948.457664914]]},"properties":{"type":"artcc-low","section":"Tower CTR LFRG Deauville Saint-Gatien Tower","uuid":"artcc-low-tower-ctr-lfrg-deauville-saint-gatien-tower"}},{"type":"Feature","geometry":{"type":"LineString","coordinates":[[1870.785886942514,6343948.457664914],[2489.2275024607006,6345488.284327002]]},"properties":{"type":"artcc-low","section":"Tower CTR LFRG Deauville Saint-Gatien Tower","uuid":"artcc-low-tower-ctr-lfrg-deauville-saint-gatien-tower"}},{"type":"Feature","geometry":{"type":"LineString","coordinates":[[2489.2275024607006,6345488.284327002],[3225.1730249273423,6346961.839600321]]},"properties":{"type":"artcc-low","section":"Tower CTR LFRG Deauville Saint-Gatien Tower","uuid":"artcc-low-tower-ctr-lfrg-deauville-saint-gatien-tower"}},{"type":"Feature","geometry":{"type":"LineString","coordinates":[[3225.1730249273423,6346961.839600321],[3525.117208453663,6348473.6908249445]]},"properties":{"type":"artcc-low","section":"Tower CTR LFRG Deauville Saint-Gatien Tower","uuid":"artcc-low-tower-ctr-lfrg-deauville-saint-gatien-tower"}},{"type":"Feature","geometry":{"type":"LineString","coordinates":[[3525.117208453663,6348473.6908249445],[24026.45676288155,6354181.2432139525]]},"properties":{"type":"artcc-low","section":"Tower CTR LFRG Deauville Saint-Gatien Tower","uuid":"artcc-low-tower-ctr-lfrg-deauville-saint-gatien-tower"}},{"type":"Feature","geometry":{"type":"LineString","coordinates":[[-382629.82752110204,6111384.838147184],[-378947.0077006912,6112994.027187001]]},"properties":{"type":"artcc-low","section":"Tower CTR LFRH CTR Lorient Lan-Bihoue","uuid":"artcc-low-tower-ctr-lfrh-ctr-lorient-lan-bihoue"}},{"type":"Feature","geometry":{"type":"LineString","coordinates":[[-378947.0077006912,6112994.027187001],[-375304.3865852891,6112434.476075072]]},"properties":{"type":"artcc-low","section":"Tower CTR LFRH CTR Lorient Lan-Bihoue","uuid":"artcc-low-tower-ctr-lfrh-ctr-lorient-lan-bihoue"}},{"type":"Feature","geometry":{"type":"LineString","coordinates":[[-375304.3865852891,6112434.476075072],[-371723.6096314388,6111532.796951422]]},"properties":{"type":"artcc-low","section":"Tower CTR LFRH CTR Lorient Lan-Bihoue","uuid":"artcc-low-tower-ctr-lfrh-ctr-lorient-lan-bihoue"}},{"type":"Feature","geometry":{"type":"LineString","coordinates":[[-371723.6096314388,6111532.796951422],[-368226.3222956834,6110293.720763259]]},"properties":{"type":"artcc-low","section":"Tower CTR LFRH CTR Lorient Lan-Bihoue","uuid":"artcc-low-tower-ctr-lfrh-ctr-lorient-lan-bihoue"}},{"type":"Feature","geometry":{"type":"LineString","coordinates":[[-368226.3222956834,6110293.720763259],[-364840.35445072135,6108722.015901687]]},"properties":{"type":"artcc-low","section":"Tower CTR LFRH CTR Lorient Lan-Bihoue","uuid":"artcc-low-tower-ctr-lfrh-ctr-lorient-lan-bihoue"}},{"type":"Feature","geometry":{"type":"LineString","coordinates":[[-364840.35445072135,6108722.015901687],[-361593.5359692509,6106831.728753877]]},"properties":{"type":"artcc-low","section":"Tower CTR LFRH CTR Lorient Lan-Bihoue","uuid":"artcc-low-tower-ctr-lfrh-ctr-lorient-lan-bihoue"}},{"type":"Feature","geometry":{"type":"LineString","coordinates":[[-361593.5359692509,6106831.728753877],[-358507.5123078151,6104646.169964479]]},"properties":{"type":"artcc-low","section":"Tower CTR LFRH CTR Lorient Lan-Bihoue","uuid":"artcc-low-tower-ctr-lfrh-ctr-lorient-lan-bihoue"}},{"type":"Feature","geometry":{"type":"LineString","coordinates":[[-358507.5123078151,6104646.169964479],[-355610.1133391124,6102170.183725324]]},"properties":{"type":"artcc-low","section":"Tower CTR LFRH CTR Lorient Lan-Bihoue","uuid":"artcc-low-tower-ctr-lfrh-ctr-lorient-lan-bihoue"}},{"type":"Feature","geometry":{"type":"LineString","coordinates":[[-355610.1133391124,6102170.183725324],[-352916.8001035307,6099427.107381444]]},"properties":{"type":"artcc-low","section":"Tower CTR LFRH CTR Lorient Lan-Bihoue","uuid":"artcc-low-tower-ctr-lfrh-ctr-lorient-lan-bihoue"}},{"type":"Feature","geometry":{"type":"LineString","coordinates":[[-352916.8001035307,6099427.107381444],[-350455.40247376834,6096440.274925114]]},"properties":{"type":"artcc-low","section":"Tower CTR LFRH CTR Lorient Lan-Bihoue","uuid":"artcc-low-tower-ctr-lfrh-ctr-lorient-lan-bihoue"}},{"type":"Feature","geometry":{"type":"LineString","coordinates":[[-350455.40247376834,6096440.274925114],[-348241.3814902132,6093228.39616179]]},"properties":{"type":"artcc-low","section":"Tower CTR LFRH CTR Lorient Lan-Bihoue","uuid":"artcc-low-tower-ctr-lfrh-ctr-lorient-lan-bihoue"}},{"type":"Feature","geometry":{"type":"LineString","coordinates":[[-348241.3814902132,6093228.39616179],[-346290.19819325337,6089819.3958107745]]},"properties":{"type":"artcc-low","section":"Tower CTR LFRH CTR Lorient Lan-Bihoue","uuid":"artcc-low-tower-ctr-lfrh-ctr-lorient-lan-bihoue"}},{"type":"Feature","geometry":{"type":"LineString","coordinates":[[-346290.19819325337,6089819.3958107745],[-344617.31362327666,6086241.169273821]]},"properties":{"type":"artcc-low","section":"Tower CTR LFRH CTR Lorient Lan-Bihoue","uuid":"artcc-low-tower-ctr-lfrh-ctr-lorient-lan-bihoue"}},{"type":"Feature","geometry":{"type":"LineString","coordinates":[[-344617.31362327666,6086241.169273821],[-343235.0966125935,6082516.968587171]]},"properties":{"type":"artcc-low","section":"Tower CTR LFRH CTR Lorient Lan-Bihoue","uuid":"artcc-low-tower-ctr-lfrh-ctr-lorient-lan-bihoue"}},{"type":"Feature","geometry":{"type":"LineString","coordinates":[[-343235.0966125935,6082516.968587171],[-342155.9159935143,6078674.619952149]]},"properties":{"type":"artcc-low","section":"Tower CTR LFRH CTR Lorient Lan-Bihoue","uuid":"artcc-low-tower-ctr-lfrh-ctr-lorient-lan-bihoue"}},{"type":"Feature","geometry":{"type":"LineString","coordinates":[[-342155.9159935143,6078674.619952149],[-341389.0483902718,6074751.113645741]]},"properties":{"type":"artcc-low","section":"Tower CTR LFRH CTR Lorient Lan-Bihoue","uuid":"artcc-low-tower-ctr-lfrh-ctr-lorient-lan-bihoue"}},{"type":"Feature","geometry":{"type":"LineString","coordinates":[[-341389.0483902718,6074751.113645741],[-340937.58601094346,6070769.570073372]]},"properties":{"type":"artcc-low","section":"Tower CTR LFRH CTR Lorient Lan-Bihoue","uuid":"artcc-low-tower-ctr-lfrh-ctr-lorient-lan-bihoue"}},{"type":"Feature","geometry":{"type":"LineString","coordinates":[[-340937.58601094346,6070769.570073372],[-340804.621063607,6066762.267933301]]},"properties":{"type":"artcc-low","section":"Tower CTR LFRH CTR Lorient Lan-Bihoue","uuid":"artcc-low-tower-ctr-lfrh-ctr-lorient-lan-bihoue"}},{"type":"Feature","geometry":{"type":"LineString","coordinates":[[-340804.621063607,6066762.267933301],[-340993.24575634004,6062756.828850642]]},"properties":{"type":"artcc-low","section":"Tower CTR LFRH CTR Lorient Lan-Bihoue","uuid":"artcc-low-tower-ctr-lfrh-ctr-lorient-lan-bihoue"}},{"type":"Feature","geometry":{"type":"LineString","coordinates":[[-340993.24575634004,6062756.828850642],[-341500.367881065,6058790.01416917]]},"properties":{"type":"artcc-low","section":"Tower CTR LFRH CTR Lorient Lan-Bihoue","uuid":"artcc-low-tower-ctr-lfrh-ctr-lorient-lan-bihoue"}},{"type":"Feature","geometry":{"type":"LineString","coordinates":[[-341500.367881065,6058790.01416917],[-342322.8952297042,6054884.737733039]]},"properties":{"type":"artcc-low","section":"Tower CTR LFRH CTR Lorient Lan-Bihoue","uuid":"artcc-low-tower-ctr-lfrh-ctr-lorient-lan-bihoue"}},{"type":"Feature","geometry":{"type":"LineString","coordinates":[[-342322.8952297042,6054884.737733039],[-340977.7847159521,6053460.900397165]]},"properties":{"type":"artcc-low","section":"Tower CTR LFRH CTR Lorient Lan-Bihoue","uuid":"artcc-low-tower-ctr-lfrh-ctr-lorient-lan-bihoue"}},{"type":"Feature","geometry":{"type":"LineString","coordinates":[[-340977.7847159521,6053460.900397165],[-381392.9442900656,6023110.992912328]]},"properties":{"type":"artcc-low","section":"Tower CTR LFRH CTR Lorient Lan-Bihoue","uuid":"artcc-low-tower-ctr-lfrh-ctr-lorient-lan-bihoue"}},{"type":"Feature","geometry":{"type":"LineString","coordinates":[[-381392.9442900656,6023110.992912328],[-385007.7355327694,6021262.268898207]]},"properties":{"type":"artcc-low","section":"Tower CTR LFRH CTR Lorient Lan-Bihoue","uuid":"artcc-low-tower-ctr-lfrh-ctr-lorient-lan-bihoue"}},{"type":"Feature","geometry":{"type":"LineString","coordinates":[[-385007.7355327694,6021262.268898207],[-388672.0021047147,6021632.89725391]]},"properties":{"type":"artcc-low","section":"Tower CTR LFRH CTR Lorient Lan-Bihoue","uuid":"artcc-low-tower-ctr-lfrh-ctr-lorient-lan-bihoue"}},{"type":"Feature","geometry":{"type":"LineString","coordinates":[[-388672.0021047147,6021632.89725391],[-392292.97776357364,6022346.744745135]]},"properties":{"type":"artcc-low","section":"Tower CTR LFRH CTR Lorient Lan-Bihoue","uuid":"artcc-low-tower-ctr-lfrh-ctr-lorient-lan-bihoue"}},{"type":"Feature","geometry":{"type":"LineString","coordinates":[[-392292.97776357364,6022346.744745135],[-395842.83263664803,6023403.896331601]]},"properties":{"type":"artcc-low","section":"Tower CTR LFRH CTR Lorient Lan-Bihoue","uuid":"artcc-low-tower-ctr-lfrh-ctr-lorient-lan-bihoue"}},{"type":"Feature","geometry":{"type":"LineString","coordinates":[[-395842.83263664803,6023403.896331601],[-399296.8290593171,6024790.745587632]]},"properties":{"type":"artcc-low","section":"Tower CTR LFRH CTR Lorient Lan-Bihoue","uuid":"artcc-low-tower-ctr-lfrh-ctr-lorient-lan-bihoue"}},{"type":"Feature","geometry":{"type":"LineString","coordinates":[[-399296.8290593171,6024790.745587632],[-402624.04495080496,6026498.294448534]]},"properties":{"type":"artcc-low","section":"Tower CTR LFRH CTR Lorient Lan-Bihoue","uuid":"artcc-low-tower-ctr-lfrh-ctr-lorient-lan-bihoue"}},{"type":"Feature","geometry":{"type":"LineString","coordinates":[[-402624.04495080496,6026498.294448534],[-405799.74264649086,6028512.9946937]]},"properties":{"type":"artcc-low","section":"Tower CTR LFRH CTR Lorient Lan-Bihoue","uuid":"artcc-low-tower-ctr-lfrh-ctr-lorient-lan-bihoue"}},{"type":"Feature","geometry":{"type":"LineString","coordinates":[[-405799.74264649086,6028512.9946937],[-408805.3688979092,6030825.8998043565]]},"properties":{"type":"artcc-low","section":"Tower CTR LFRH CTR Lorient Lan-Bihoue","uuid":"artcc-low-tower-ctr-lfrh-ctr-lorient-lan-bihoue"}},{"type":"Feature","geometry":{"type":"LineString","coordinates":[[-408805.3688979092,6030825.8998043565],[-411610.0016242842,6033414.339166934]]},"properties":{"type":"artcc-low","section":"Tower CTR LFRH CTR Lorient Lan-Bihoue","uuid":"artcc-low-tower-ctr-lfrh-ctr-lorient-lan-bihoue"}},{"type":"Feature","geometry":{"type":"LineString","coordinates":[[-411610.0016242842,6033414.339166934],[-414198.17978522787,6036255.642845079]]},"properties":{"type":"artcc-low","section":"Tower CTR LFRH CTR Lorient Lan-Bihoue","uuid":"artcc-low-tower-ctr-lfrh-ctr-lorient-lan-bihoue"}},{"type":"Feature","geometry":{"type":"LineString","coordinates":[[-414198.17978522787,6036255.642845079],[-416551.35013227456,6039336.304910487]]},"properties":{"type":"artcc-low","section":"Tower CTR LFRH CTR Lorient Lan-Bihoue","uuid":"artcc-low-tower-ctr-lfrh-ctr-lorient-lan-bihoue"}},{"type":"Feature","geometry":{"type":"LineString","coordinates":[[-416551.35013227456,6039336.304910487],[-418644.7750008036,6042629.060143459]]},"properties":{"type":"artcc-low","section":"Tower CTR LFRH CTR Lorient Lan-Bihoue","uuid":"artcc-low-tower-ctr-lfrh-ctr-lorient-lan-bihoue"}},{"type":"Feature","geometry":{"type":"LineString","coordinates":[[-418644.7750008036,6042629.060143459],[-420469.1777665823,6046106.618751042]]},"properties":{"type":"artcc-low","section":"Tower CTR LFRH CTR Lorient Lan-Bihoue","uuid":"artcc-low-tower-ctr-lfrh-ctr-lorient-lan-bihoue"}},{"type":"Feature","geometry":{"type":"LineString","coordinates":[[-420469.1777665823,6046106.618751042],[-422006.0051811449,6049746.250712156]]},"properties":{"type":"artcc-low","section":"Tower CTR LFRH CTR Lorient Lan-Bihoue","uuid":"artcc-low-tower-ctr-lfrh-ctr-lorient-lan-bihoue"}},{"type":"Feature","geometry":{"type":"LineString","coordinates":[[-422006.0051811449,6049746.250712156],[-423245.98062025884,6053520.604983778]]},"properties":{"type":"artcc-low","section":"Tower CTR LFRH CTR Lorient Lan-Bihoue","uuid":"artcc-low-tower-ctr-lfrh-ctr-lorient-lan-bihoue"}},{"type":"Feature","geometry":{"type":"LineString","coordinates":[[-423245.98062025884,6053520.604983778],[-424179.8274596913,6057397.695117661]]},"properties":{"type":"artcc-low","section":"Tower CTR LFRH CTR Lorient Lan-Bihoue","uuid":"artcc-low-tower-ctr-lfrh-ctr-lorient-lan-bihoue"}},{"type":"Feature","geometry":{"type":"LineString","coordinates":[[-424179.8274596913,6057397.695117661],[-424798.26907520957,6061354.675338775]]},"properties":{"type":"artcc-low","section":"Tower CTR LFRH CTR Lorient Lan-Bihoue","uuid":"artcc-low-tower-ctr-lfrh-ctr-lorient-lan-bihoue"}},{"type":"Feature","geometry":{"type":"LineString","coordinates":[[-424798.26907520957,6061354.675338775],[-425098.21325873584,6065354.863622606]]},"properties":{"type":"artcc-low","section":"Tower CTR LFRH CTR Lorient Lan-Bihoue","uuid":"artcc-low-tower-ctr-lfrh-ctr-lorient-lan-bihoue"}},{"type":"Feature","geometry":{"type":"LineString","coordinates":[[-425098.21325873584,6065354.863622606],[-425079.6600102703,6069370.71320735]]},"properties":{"type":"artcc-low","section":"Tower CTR LFRH CTR Lorient Lan-Bihoue","uuid":"artcc-low-tower-ctr-lfrh-ctr-lorient-lan-bihoue"}},{"type":"Feature","geometry":{"type":"LineString","coordinates":[[-425079.6600102703,6069370.71320735],[-424739.51712173526,6073370.02293083]]},"properties":{"type":"artcc-low","section":"Tower CTR LFRH CTR Lorient Lan-Bihoue","uuid":"artcc-low-tower-ctr-lfrh-ctr-lorient-lan-bihoue"}},{"type":"Feature","geometry":{"type":"LineString","coordinates":[[-424739.51712173526,6073370.02293083],[-424080.8768012085,6077325.137244356]]},"properties":{"type":"artcc-low","section":"Tower CTR LFRH CTR Lorient Lan-Bihoue","uuid":"artcc-low-tower-ctr-lfrh-ctr-lorient-lan-bihoue"}},{"type":"Feature","geometry":{"type":"LineString","coordinates":[[-424080.8768012085,6077325.137244356],[-425364.14315340866,6079494.545552216]]},"properties":{"type":"artcc-low","section":"Tower CTR LFRH CTR Lorient Lan-Bihoue","uuid":"artcc-low-tower-ctr-lfrh-ctr-lorient-lan-bihoue"}},{"type":"Feature","geometry":{"type":"LineString","coordinates":[[-425364.14315340866,6079494.545552216],[-382629.82752110204,6111384.838147184]]},"properties":{"type":"artcc-low","section":"Tower CTR LFRH CTR Lorient Lan-Bihoue","uuid":"artcc-low-tower-ctr-lfrh-ctr-lorient-lan-bihoue"}},{"type":"Feature","geometry":{"type":"LineString","coordinates":[[-67008.1490413955,6325445.09446098],[-56958.47278922498,6321936.991937017]]},"properties":{"type":"artcc-low","section":"Tower CTR LFRK Caen Carpiquet Tower","uuid":"artcc-low-tower-ctr-lfrk-caen-carpiquet-tower"}},{"type":"Feature","geometry":{"type":"LineString","coordinates":[[-56958.47278922498,6321936.991937017],[-36271.60075014163,6300540.79266506]]},"properties":{"type":"artcc-low","section":"Tower CTR LFRK Caen Carpiquet Tower","uuid":"artcc-low-tower-ctr-lfrk-caen-carpiquet-tower"}},{"type":"Feature","geometry":{"type":"LineString","coordinates":[[-36271.60075014163,6300540.79266506],[-24768.58670150337,6295247.466433874]]},"properties":{"type":"artcc-low","section":"Tower CTR LFRK Caen Carpiquet Tower","uuid":"artcc-low-tower-ctr-lfrk-caen-carpiquet-tower"}},{"type":"Feature","geometry":{"type":"LineString","coordinates":[[-24768.58670150337,6295247.466433874],[-32251.730249273427,6285803.350606143]]},"properties":{"type":"artcc-low","section":"Tower CTR LFRK Caen Carpiquet Tower","uuid":"artcc-low-tower-ctr-lfrk-caen-carpiquet-tower"}},{"type":"Feature","geometry":{"type":"LineString","coordinates":[[-32251.730249273427,6285803.350606143],[-38528.91264678302,6283066.532261638]]},"properties":{"type":"artcc-low","section":"Tower CTR LFRK Caen Carpiquet Tower","uuid":"artcc-low-tower-ctr-lfrk-caen-carpiquet-tower"}},{"type":"Feature","geometry":{"type":"LineString","coordinates":[[-38528.91264678302,6283066.532261638],[-65616.6554064796,6283491.152832654]]},"properties":{"type":"artcc-low","section":"Tower CTR LFRK Caen Carpiquet Tower","uuid":"artcc-low-tower-ctr-lfrk-caen-carpiquet-tower"}},{"type":"Feature","geometry":{"type":"LineString","coordinates":[[-65616.6554064796,6283491.152832654],[-80582.94250201971,6298224.553629786]]},"properties":{"type":"artcc-low","section":"Tower CTR LFRK Caen Carpiquet Tower","uuid":"artcc-low-tower-ctr-lfrk-caen-carpiquet-tower"}},{"type":"Feature","geometry":{"type":"LineString","coordinates":[[-80582.94250201971,6298224.553629786],[-81634.29324840062,6306026.6717203]]},"properties":{"type":"artcc-low","section":"Tower CTR LFRK Caen Carpiquet Tower","uuid":"artcc-low-tower-ctr-lfrk-caen-carpiquet-tower"}},{"type":"Feature","geometry":{"type":"LineString","coordinates":[[-81634.29324840062,6306026.6717203],[-67008.1490413955,6325445.09446098]]},"properties":{"type":"artcc-low","section":"Tower CTR LFRK Caen Carpiquet Tower","uuid":"artcc-low-tower-ctr-lfrk-caen-carpiquet-tower"}},{"type":"Feature","geometry":{"type":"LineString","coordinates":[[-67008.1490413955,6325445.09446098],[-56958.47278922498,6321936.991937017]]},"properties":{"type":"artcc-low","section":"Tower CTR LFRK CTR Cean","uuid":"artcc-low-tower-ctr-lfrk-ctr-cean"}},{"type":"Feature","geometry":{"type":"LineString","coordinates":[[-56958.47278922498,6321936.991937017],[-36271.60075014163,6300540.79266506]]},"properties":{"type":"artcc-low","section":"Tower CTR LFRK CTR Cean","uuid":"artcc-low-tower-ctr-lfrk-ctr-cean"}},{"type":"Feature","geometry":{"type":"LineString","coordinates":[[-36271.60075014163,6300540.79266506],[-24768.58670150337,6295247.466433874]]},"properties":{"type":"artcc-low","section":"Tower CTR LFRK CTR Cean","uuid":"artcc-low-tower-ctr-lfrk-ctr-cean"}},{"type":"Feature","geometry":{"type":"LineString","coordinates":[[-24768.58670150337,6295247.466433874],[-32251.730249273427,6285803.350606143]]},"properties":{"type":"artcc-low","section":"Tower CTR LFRK CTR Cean","uuid":"artcc-low-tower-ctr-lfrk-ctr-cean"}},{"type":"Feature","geometry":{"type":"LineString","coordinates":[[-32251.730249273427,6285803.350606143],[-38528.91264678302,6283066.532261638]]},"properties":{"type":"artcc-low","section":"Tower CTR LFRK CTR Cean","uuid":"artcc-low-tower-ctr-lfrk-ctr-cean"}},{"type":"Feature","geometry":{"type":"LineString","coordinates":[[-38528.91264678302,6283066.532261638],[-65616.6554064796,6283491.152832654]]},"properties":{"type":"artcc-low","section":"Tower CTR LFRK CTR Cean","uuid":"artcc-low-tower-ctr-lfrk-ctr-cean"}},{"type":"Feature","geometry":{"type":"LineString","coordinates":[[-65616.6554064796,6283491.152832654],[-80582.94250201971,6298224.553629786]]},"properties":{"type":"artcc-low","section":"Tower CTR LFRK CTR Cean","uuid":"artcc-low-tower-ctr-lfrk-ctr-cean"}},{"type":"Feature","geometry":{"type":"LineString","coordinates":[[-80582.94250201971,6298224.553629786],[-81634.29324840062,6306026.6717203]]},"properties":{"type":"artcc-low","section":"Tower CTR LFRK CTR Cean","uuid":"artcc-low-tower-ctr-lfrk-ctr-cean"}},{"type":"Feature","geometry":{"type":"LineString","coordinates":[[-81634.29324840062,6306026.6717203],[-67008.1490413955,6325445.09446098]]},"properties":{"type":"artcc-low","section":"Tower CTR LFRK CTR Cean","uuid":"artcc-low-tower-ctr-lfrk-ctr-cean"}},{"type":"Feature","geometry":{"type":"LineString","coordinates":[[-497227.05887662194,6173660.451962929],[-485352.9798586727,6170912.994593727]]},"properties":{"type":"artcc-low","section":"Tower CTR LFRL CTR Lanveoc-Poulmic","uuid":"artcc-low-tower-ctr-lfrl-ctr-lanveoc-poulmic"}},{"type":"Feature","geometry":{"type":"LineString","coordinates":[[-485352.9798586727,6170912.994593727],[-464789.796142693,6172496.1670697015]]},"properties":{"type":"artcc-low","section":"Tower CTR LFRL CTR Lanveoc-Poulmic","uuid":"artcc-low-tower-ctr-lfrl-ctr-lanveoc-poulmic"}},{"type":"Feature","geometry":{"type":"LineString","coordinates":[[-464789.796142693,6172496.1670697015],[-459935.02946087526,6158537.124684777]]},"properties":{"type":"artcc-low","section":"Tower CTR LFRL CTR Lanveoc-Poulmic","uuid":"artcc-low-tower-ctr-lfrl-ctr-lanveoc-poulmic"}},{"type":"Feature","geometry":{"type":"LineString","coordinates":[[-459935.02946087526,6158537.124684777],[-473107.83587141265,6148547.1609601695]]},"properties":{"type":"artcc-low","section":"Tower CTR LFRL CTR Lanveoc-Poulmic","uuid":"artcc-low-tower-ctr-lfrl-ctr-lanveoc-poulmic"}},{"type":"Feature","geometry":{"type":"LineString","coordinates":[[-473107.83587141265,6148547.1609601695],[-482384.46010418545,6150172.638547569]]},"properties":{"type":"artcc-low","section":"Tower CTR LFRL CTR Lanveoc-Poulmic","uuid":"artcc-low-tower-ctr-lfrl-ctr-lanveoc-poulmic"}},{"type":"Feature","geometry":{"type":"LineString","coordinates":[[-482384.46010418545,6150172.638547569],[-482384.46010418545,6159699.506853528]]},"properties":{"type":"artcc-low","section":"Tower CTR LFRL CTR Lanveoc-Poulmic","uuid":"artcc-low-tower-ctr-lfrl-ctr-lanveoc-poulmic"}},{"type":"Feature","geometry":{"type":"LineString","coordinates":[[-482384.46010418545,6159699.506853528],[-497227.05887662194,6173660.451962929]]},"properties":{"type":"artcc-low","section":"Tower CTR LFRL CTR Lanveoc-Poulmic","uuid":"artcc-low-tower-ctr-lfrl-ctr-lanveoc-poulmic"}},{"type":"Feature","geometry":{"type":"LineString","coordinates":[[-192830.09571857058,6136899.208468953],[-191395.31117056837,6136829.646838353]]},"properties":{"type":"artcc-low","section":"Tower CTR LFRN CTR Rennes Saint-Jacques","uuid":"artcc-low-tower-ctr-lfrn-ctr-rennes-saint-jacques"}},{"type":"Feature","geometry":{"type":"LineString","coordinates":[[-191395.31117056837,6136829.646838353],[-189975.9876629541,6136625.602650147]]},"properties":{"type":"artcc-low","section":"Tower CTR LFRN CTR Rennes Saint-Jacques","uuid":"artcc-low-tower-ctr-lfrn-ctr-rennes-saint-jacques"}},{"type":"Feature","geometry":{"type":"LineString","coordinates":[[-189975.9876629541,6136625.602650147],[-188575.21740380544,6136282.448394483]]},"properties":{"type":"artcc-low","section":"Tower CTR LFRN CTR Rennes Saint-Jacques","uuid":"artcc-low-tower-ctr-lfrn-ctr-rennes-saint-jacques"}},{"type":"Feature","geometry":{"type":"LineString","coordinates":[[-188575.21740380544,6136282.448394483],[-187205.36922543263,6135809.474538502]]},"properties":{"type":"artcc-low","section":"Tower CTR LFRN CTR Rennes Saint-Jacques","uuid":"artcc-low-tower-ctr-lfrn-ctr-rennes-saint-jacques"}},{"type":"Feature","geometry":{"type":"LineString","coordinates":[[-187205.36922543263,6135809.474538502],[-185878.8119601461,6135206.702601797]]},"properties":{"type":"artcc-low","section":"Tower CTR LFRN CTR Rennes Saint-Jacques","uuid":"artcc-low-tower-ctr-lfrn-ctr-rennes-saint-jacques"}},{"type":"Feature","geometry":{"type":"LineString","coordinates":[[-185878.8119601461,6135206.702601797],[-184607.91444025625,6134474.160003242]]},"properties":{"type":"artcc-low","section":"Tower CTR LFRN CTR Rennes Saint-Jacques","uuid":"artcc-low-tower-ctr-lfrn-ctr-rennes-saint-jacques"}},{"type":"Feature","geometry":{"type":"LineString","coordinates":[[-184607.91444025625,6134474.160003242],[-183398.8610819182,6133630.422796218]]},"properties":{"type":"artcc-low","section":"Tower CTR LFRN CTR Rennes Saint-Jacques","uuid":"artcc-low-tower-ctr-lfrn-ctr-rennes-saint-jacques"}},{"type":"Feature","geometry":{"type":"LineString","coordinates":[[-183398.8610819182,6133630.422796218],[-182260.92850936475,6132670.888682878]]},"properties":{"type":"artcc-low","section":"Tower CTR LFRN CTR Rennes Saint-Jacques","uuid":"artcc-low-tower-ctr-lfrn-ctr-rennes-saint-jacques"}},{"type":"Feature","geometry":{"type":"LineString","coordinates":[[-182260.92850936475,6132670.888682878],[-181200.30113875106,6131604.865775272]]},"properties":{"type":"artcc-low","section":"Tower CTR LFRN CTR Rennes Saint-Jacques","uuid":"artcc-low-tower-ctr-lfrn-ctr-rennes-saint-jacques"}},{"type":"Feature","geometry":{"type":"LineString","coordinates":[[-181200.30113875106,6131604.865775272],[-180232.44001046513,6130441.661766605]]},"properties":{"type":"artcc-low","section":"Tower CTR LFRN CTR Rennes Saint-Jacques","uuid":"artcc-low-tower-ctr-lfrn-ctr-rennes-saint-jacques"}},{"type":"Feature","geometry":{"type":"LineString","coordinates":[[-180232.44001046513,6130441.661766605],[-179360.43733258444,6129190.582825012]]},"properties":{"type":"artcc-low","section":"Tower CTR LFRN CTR Rennes Saint-Jacques","uuid":"artcc-low-tower-ctr-lfrn-ctr-rennes-saint-jacques"}},{"type":"Feature","geometry":{"type":"LineString","coordinates":[[-179360.43733258444,6129190.582825012],[-178587.38531318674,6127860.932589462]]},"properties":{"type":"artcc-low","section":"Tower CTR LFRN CTR Rennes Saint-Jacques","uuid":"artcc-low-tower-ctr-lfrn-ctr-rennes-saint-jacques"}},{"type":"Feature","geometry":{"type":"LineString","coordinates":[[-178587.38531318674,6127860.932589462],[-177925.6527845823,6126462.011267794]]},"properties":{"type":"artcc-low","section":"Tower CTR LFRN CTR Rennes Saint-Jacques","uuid":"artcc-low-tower-ctr-lfrn-ctr-rennes-saint-jacques"}},{"type":"Feature","geometry":{"type":"LineString","coordinates":[[-177925.6527845823,6126462.011267794],[-177378.33195484866,6125007.745861075]]},"properties":{"type":"artcc-low","section":"Tower CTR LFRN CTR Rennes Saint-Jacques","uuid":"artcc-low-tower-ctr-lfrn-ctr-rennes-saint-jacques"}},{"type":"Feature","geometry":{"type":"LineString","coordinates":[[-177378.33195484866,6125007.745861075],[-176945.42282398592,6123502.79476409]]},"properties":{"type":"artcc-low","section":"Tower CTR LFRN CTR Rennes Saint-Jacques","uuid":"artcc-low-tower-ctr-lfrn-ctr-rennes-saint-jacques"}},{"type":"Feature","geometry":{"type":"LineString","coordinates":[[-176945.42282398592,6123502.79476409],[-176636.20201622686,6121965.702192369]]},"properties":{"type":"artcc-low","section":"Tower CTR LFRN CTR Rennes Saint-Jacques","uuid":"artcc-low-tower-ctr-lfrn-ctr-rennes-saint-jacques"}},{"type":"Feature","geometry":{"type":"LineString","coordinates":[[-176636.20201622686,6121965.702192369],[-176447.57732349378,6120405.742519158]]},"properties":{"type":"artcc-low","section":"Tower CTR LFRN CTR Rennes Saint-Jacques","uuid":"artcc-low-tower-ctr-lfrn-ctr-rennes-saint-jacques"}},{"type":"Feature","geometry":{"type":"LineString","coordinates":[[-176447.57732349378,6120405.742519158],[-176385.73316194201,6118832.18361111]]},"properties":{"type":"artcc-low","section":"Tower CTR LFRN CTR Rennes Saint-Jacques","uuid":"artcc-low-tower-ctr-lfrn-ctr-rennes-saint-jacques"}},{"type":"Feature","geometry":{"type":"LineString","coordinates":[[-176385.73316194201,6118832.18361111],[-176447.57732349378,6117258.913475887]]},"properties":{"type":"artcc-low","section":"Tower CTR LFRN CTR Rennes Saint-Jacques","uuid":"artcc-low-tower-ctr-lfrn-ctr-rennes-saint-jacques"}},{"type":"Feature","geometry":{"type":"LineString","coordinates":[[-176447.57732349378,6117258.913475887],[-176636.20201622686,6115699.809951738]]},"properties":{"type":"artcc-low","section":"Tower CTR LFRN CTR Rennes Saint-Jacques","uuid":"artcc-low-tower-ctr-lfrn-ctr-rennes-saint-jacques"}},{"type":"Feature","geometry":{"type":"LineString","coordinates":[[-176636.20201622686,6115699.809951738],[-176945.42282398592,6114164.115660461]]},"properties":{"type":"artcc-low","section":"Tower CTR LFRN CTR Rennes Saint-Jacques","uuid":"artcc-low-tower-ctr-lfrn-ctr-rennes-saint-jacques"}},{"type":"Feature","geometry":{"type":"LineString","coordinates":[[-176945.42282398592,6114164.115660461],[-177378.33195484866,6112661.066755767]]},"properties":{"type":"artcc-low","section":"Tower CTR LFRN CTR Rennes Saint-Jacques","uuid":"artcc-low-tower-ctr-lfrn-ctr-rennes-saint-jacques"}},{"type":"Feature","geometry":{"type":"LineString","coordinates":[[-177378.33195484866,6112661.066755767],[-177925.6527845823,6111209.140381434]]},"properties":{"type":"artcc-low","section":"Tower CTR LFRN CTR Rennes Saint-Jacques","uuid":"artcc-low-tower-ctr-lfrn-ctr-rennes-saint-jacques"}},{"type":"Feature","geometry":{"type":"LineString","coordinates":[[-177925.6527845823,6111209.140381434],[-178587.38531318674,6109812.933418625]]},"properties":{"type":"artcc-low","section":"Tower CTR LFRN CTR Rennes Saint-Jacques","uuid":"artcc-low-tower-ctr-lfrn-ctr-rennes-saint-jacques"}},{"type":"Feature","geometry":{"type":"LineString","coordinates":[[-178587.38531318674,6109812.933418625],[-179360.43733258444,6108486.2850004155]]},"properties":{"type":"artcc-low","section":"Tower CTR LFRN CTR Rennes Saint-Jacques","uuid":"artcc-low-tower-ctr-lfrn-ctr-rennes-saint-jacques"}},{"type":"Feature","geometry":{"type":"LineString","coordinates":[[-179360.43733258444,6108486.2850004155],[-180232.44001046513,6107238.405750354]]},"properties":{"type":"artcc-low","section":"Tower CTR LFRN CTR Rennes Saint-Jacques","uuid":"artcc-low-tower-ctr-lfrn-ctr-rennes-saint-jacques"}},{"type":"Feature","geometry":{"type":"LineString","coordinates":[[-180232.44001046513,6107238.405750354],[-181200.30113875106,6106078.502943225]]},"properties":{"type":"artcc-low","section":"Tower CTR LFRN CTR Rennes Saint-Jacques","uuid":"artcc-low-tower-ctr-lfrn-ctr-rennes-saint-jacques"}},{"type":"Feature","geometry":{"type":"LineString","coordinates":[[-181200.30113875106,6106078.502943225],[-182260.92850936475,6105015.781401659]]},"properties":{"type":"artcc-low","section":"Tower CTR LFRN CTR Rennes Saint-Jacques","uuid":"artcc-low-tower-ctr-lfrn-ctr-rennes-saint-jacques"}},{"type":"Feature","geometry":{"type":"LineString","coordinates":[[-182260.92850936475,6105015.781401659],[-183398.8610819182,6104059.444490422]]},"properties":{"type":"artcc-low","section":"Tower CTR LFRN CTR Rennes Saint-Jacques","uuid":"artcc-low-tower-ctr-lfrn-ctr-rennes-saint-jacques"}},{"type":"Feature","geometry":{"type":"LineString","coordinates":[[-183398.8610819182,6104059.444490422],[-184607.91444025625,6103218.695208461]]},"properties":{"type":"artcc-low","section":"Tower CTR LFRN CTR Rennes Saint-Jacques","uuid":"artcc-low-tower-ctr-lfrn-ctr-rennes-saint-jacques"}},{"type":"Feature","geometry":{"type":"LineString","coordinates":[[-184607.91444025625,6103218.695208461],[-185878.8119601461,6102488.880719536]]},"properties":{"type":"artcc-low","section":"Tower CTR LFRN CTR Rennes Saint-Jacques","uuid":"artcc-low-tower-ctr-lfrn-ctr-rennes-saint-jacques"}},{"type":"Feature","geometry":{"type":"LineString","coordinates":[[-185878.8119601461,6102488.880719536],[-187205.36922543263,6101888.446958103]]},"properties":{"type":"artcc-low","section":"Tower CTR LFRN CTR Rennes Saint-Jacques","uuid":"artcc-low-tower-ctr-lfrn-ctr-rennes-saint-jacques"}},{"type":"Feature","geometry":{"type":"LineString","coordinates":[[-187205.36922543263,6101888.446958103],[-188575.21740380544,6101417.36678507]]},"properties":{"type":"artcc-low","section":"Tower CTR LFRN CTR Rennes Saint-Jacques","uuid":"artcc-low-tower-ctr-lfrn-ctr-rennes-saint-jacques"}},{"type":"Feature","geometry":{"type":"LineString","coordinates":[[-188575.21740380544,6101417.36678507],[-189975.9876629541,6101075.618912897]]},"properties":{"type":"artcc-low","section":"Tower CTR LFRN CTR Rennes Saint-Jacques","uuid":"artcc-low-tower-ctr-lfrn-ctr-rennes-saint-jacques"}},{"type":"Feature","geometry":{"type":"LineString","coordinates":[[-189975.9876629541,6101075.618912897],[-191395.31117056837,6100872.423922782]]},"properties":{"type":"artcc-low","section":"Tower CTR LFRN CTR Rennes Saint-Jacques","uuid":"artcc-low-tower-ctr-lfrn-ctr-rennes-saint-jacques"}},{"type":"Feature","geometry":{"type":"LineString","coordinates":[[-191395.31117056837,6100872.423922782],[-192830.09571857058,6100803.154002343]]},"properties":{"type":"artcc-low","section":"Tower CTR LFRN CTR Rennes Saint-Jacques","uuid":"artcc-low-tower-ctr-lfrn-ctr-rennes-saint-jacques"}},{"type":"Feature","geometry":{"type":"LineString","coordinates":[[-192830.09571857058,6100803.154002343],[-194264.88026657279,6100872.423922782]]},"properties":{"type":"artcc-low","section":"Tower CTR LFRN CTR Rennes Saint-Jacques","uuid":"artcc-low-tower-ctr-lfrn-ctr-rennes-saint-jacques"}},{"type":"Feature","geometry":{"type":"LineString","coordinates":[[-194264.88026657279,6100872.423922782],[-195684.20377418696,6101075.618912897]]},"properties":{"type":"artcc-low","section":"Tower CTR LFRN CTR Rennes Saint-Jacques","uuid":"artcc-low-tower-ctr-lfrn-ctr-rennes-saint-jacques"}},{"type":"Feature","geometry":{"type":"LineString","coordinates":[[-195684.20377418696,6101075.618912897],[-197084.9740333357,6101417.36678507]]},"properties":{"type":"artcc-low","section":"Tower CTR LFRN CTR Rennes Saint-Jacques","uuid":"artcc-low-tower-ctr-lfrn-ctr-rennes-saint-jacques"}},{"type":"Feature","geometry":{"type":"LineString","coordinates":[[-197084.9740333357,6101417.36678507],[-198454.82221170844,6101888.446958103]]},"properties":{"type":"artcc-low","section":"Tower CTR LFRN CTR Rennes Saint-Jacques","uuid":"artcc-low-tower-ctr-lfrn-ctr-rennes-saint-jacques"}},{"type":"Feature","geometry":{"type":"LineString","coordinates":[[-198454.82221170844,6101888.446958103],[-199781.37947699495,6102488.880719536]]},"properties":{"type":"artcc-low","section":"Tower CTR LFRN CTR Rennes Saint-Jacques","uuid":"artcc-low-tower-ctr-lfrn-ctr-rennes-saint-jacques"}},{"type":"Feature","geometry":{"type":"LineString","coordinates":[[-199781.37947699495,6102488.880719536],[-201052.27699688487,6103218.695208461]]},"properties":{"type":"artcc-low","section":"Tower CTR LFRN CTR Rennes Saint-Jacques","uuid":"artcc-low-tower-ctr-lfrn-ctr-rennes-saint-jacques"}},{"type":"Feature","geometry":{"type":"LineString","coordinates":[[-201052.27699688487,6103218.695208461],[-202261.33035522292,6104059.444490422]]},"properties":{"type":"artcc-low","section":"Tower CTR LFRN CTR Rennes Saint-Jacques","uuid":"artcc-low-tower-ctr-lfrn-ctr-rennes-saint-jacques"}},{"type":"Feature","geometry":{"type":"LineString","coordinates":[[-202261.33035522292,6104059.444490422],[-203399.26292777635,6105015.781401659]]},"properties":{"type":"artcc-low","section":"Tower CTR LFRN CTR Rennes Saint-Jacques","uuid":"artcc-low-tower-ctr-lfrn-ctr-rennes-saint-jacques"}},{"type":"Feature","geometry":{"type":"LineString","coordinates":[[-203399.26292777635,6105015.781401659],[-204459.89029839006,6106078.502943225]]},"properties":{"type":"artcc-low","section":"Tower CTR LFRN CTR Rennes Saint-Jacques","uuid":"artcc-low-tower-ctr-lfrn-ctr-rennes-saint-jacques"}},{"type":"Feature","geometry":{"type":"LineString","coordinates":[[-204459.89029839006,6106078.502943225],[-205427.75142667603,6107238.405750354]]},"properties":{"type":"artcc-low","section":"Tower CTR LFRN CTR Rennes Saint-Jacques","uuid":"artcc-low-tower-ctr-lfrn-ctr-rennes-saint-jacques"}},{"type":"Feature","geometry":{"type":"LineString","coordinates":[[-205427.75142667603,6107238.405750354],[-206299.75410455666,6108486.2850004155]]},"properties":{"type":"artcc-low","section":"Tower CTR LFRN CTR Rennes Saint-Jacques","uuid":"artcc-low-tower-ctr-lfrn-ctr-rennes-saint-jacques"}},{"type":"Feature","geometry":{"type":"LineString","coordinates":[[-206299.75410455666,6108486.2850004155],[-207072.80612395442,6109812.933418625]]},"properties":{"type":"artcc-low","section":"Tower CTR LFRN CTR Rennes Saint-Jacques","uuid":"artcc-low-tower-ctr-lfrn-ctr-rennes-saint-jacques"}},{"type":"Feature","geometry":{"type":"LineString","coordinates":[[-207072.80612395442,6109812.933418625],[-207734.53865255887,6111209.140381434]]},"properties":{"type":"artcc-low","section":"Tower CTR LFRN CTR Rennes Saint-Jacques","uuid":"artcc-low-tower-ctr-lfrn-ctr-rennes-saint-jacques"}},{"type":"Feature","geometry":{"type":"LineString","coordinates":[[-207734.53865255887,6111209.140381434],[-208281.85948229244,6112661.066755767]]},"properties":{"type":"artcc-low","section":"Tower CTR LFRN CTR Rennes Saint-Jacques","uuid":"artcc-low-tower-ctr-lfrn-ctr-rennes-saint-jacques"}},{"type":"Feature","geometry":{"type":"LineString","coordinates":[[-208281.85948229244,6112661.066755767],[-208714.76861315517,6114164.115660461]]},"properties":{"type":"artcc-low","section":"Tower CTR LFRN CTR Rennes Saint-Jacques","uuid":"artcc-low-tower-ctr-lfrn-ctr-rennes-saint-jacques"}},{"type":"Feature","geometry":{"type":"LineString","coordinates":[[-208714.76861315517,6114164.115660461],[-209023.9894209143,6115699.809951738]]},"properties":{"type":"artcc-low","section":"Tower CTR LFRN CTR Rennes Saint-Jacques","uuid":"artcc-low-tower-ctr-lfrn-ctr-rennes-saint-jacques"}},{"type":"Feature","geometry":{"type":"LineString","coordinates":[[-209023.9894209143,6115699.809951738],[-209212.61411364732,6117258.913475887]]},"properties":{"type":"artcc-low","section":"Tower CTR LFRN CTR Rennes Saint-Jacques","uuid":"artcc-low-tower-ctr-lfrn-ctr-rennes-saint-jacques"}},{"type":"Feature","geometry":{"type":"LineString","coordinates":[[-209212.61411364732,6117258.913475887],[-209274.45827519914,6118832.18361111]]},"properties":{"type":"artcc-low","section":"Tower CTR LFRN CTR Rennes Saint-Jacques","uuid":"artcc-low-tower-ctr-lfrn-ctr-rennes-saint-jacques"}},{"type":"Feature","geometry":{"type":"LineString","coordinates":[[-209274.45827519914,6118832.18361111],[-209212.61411364732,6120405.742519158]]},"properties":{"type":"artcc-low","section":"Tower CTR LFRN CTR Rennes Saint-Jacques","uuid":"artcc-low-tower-ctr-lfrn-ctr-rennes-saint-jacques"}},{"type":"Feature","geometry":{"type":"LineString","coordinates":[[-209212.61411364732,6120405.742519158],[-209023.9894209143,6121965.702192369]]},"properties":{"type":"artcc-low","section":"Tower CTR LFRN CTR Rennes Saint-Jacques","uuid":"artcc-low-tower-ctr-lfrn-ctr-rennes-saint-jacques"}},{"type":"Feature","geometry":{"type":"LineString","coordinates":[[-209023.9894209143,6121965.702192369],[-208714.76861315517,6123502.79476409]]},"properties":{"type":"artcc-low","section":"Tower CTR LFRN CTR Rennes Saint-Jacques","uuid":"artcc-low-tower-ctr-lfrn-ctr-rennes-saint-jacques"}},{"type":"Feature","geometry":{"type":"LineString","coordinates":[[-208714.76861315517,6123502.79476409],[-208281.85948229244,6125007.745861075]]},"properties":{"type":"artcc-low","section":"Tower CTR LFRN CTR Rennes Saint-Jacques","uuid":"artcc-low-tower-ctr-lfrn-ctr-rennes-saint-jacques"}},{"type":"Feature","geometry":{"type":"LineString","coordinates":[[-208281.85948229244,6125007.745861075],[-207734.53865255887,6126462.011267794]]},"properties":{"type":"artcc-low","section":"Tower CTR LFRN CTR Rennes Saint-Jacques","uuid":"artcc-low-tower-ctr-lfrn-ctr-rennes-saint-jacques"}},{"type":"Feature","geometry":{"type":"LineString","coordinates":[[-207734.53865255887,6126462.011267794],[-207072.80612395442,6127860.932589462]]},"properties":{"type":"artcc-low","section":"Tower CTR LFRN CTR Rennes Saint-Jacques","uuid":"artcc-low-tower-ctr-lfrn-ctr-rennes-saint-jacques"}},{"type":"Feature","geometry":{"type":"LineString","coordinates":[[-207072.80612395442,6127860.932589462],[-206299.75410455666,6129190.582825012]]},"properties":{"type":"artcc-low","section":"Tower CTR LFRN CTR Rennes Saint-Jacques","uuid":"artcc-low-tower-ctr-lfrn-ctr-rennes-saint-jacques"}},{"type":"Feature","geometry":{"type":"LineString","coordinates":[[-206299.75410455666,6129190.582825012],[-205427.75142667603,6130441.661766605]]},"properties":{"type":"artcc-low","section":"Tower CTR LFRN CTR Rennes Saint-Jacques","uuid":"artcc-low-tower-ctr-lfrn-ctr-rennes-saint-jacques"}},{"type":"Feature","geometry":{"type":"LineString","coordinates":[[-205427.75142667603,6130441.661766605],[-204459.89029839006,6131604.865775272]]},"properties":{"type":"artcc-low","section":"Tower CTR LFRN CTR Rennes Saint-Jacques","uuid":"artcc-low-tower-ctr-lfrn-ctr-rennes-saint-jacques"}},{"type":"Feature","geometry":{"type":"LineString","coordinates":[[-204459.89029839006,6131604.865775272],[-203399.26292777635,6132670.888682878]]},"properties":{"type":"artcc-low","section":"Tower CTR LFRN CTR Rennes Saint-Jacques","uuid":"artcc-low-tower-ctr-lfrn-ctr-rennes-saint-jacques"}},{"type":"Feature","geometry":{"type":"LineString","coordinates":[[-203399.26292777635,6132670.888682878],[-202261.33035522292,6133630.422796218]]},"properties":{"type":"artcc-low","section":"Tower CTR LFRN CTR Rennes Saint-Jacques","uuid":"artcc-low-tower-ctr-lfrn-ctr-rennes-saint-jacques"}},{"type":"Feature","geometry":{"type":"LineString","coordinates":[[-202261.33035522292,6133630.422796218],[-201052.27699688487,6134474.160003242]]},"properties":{"type":"artcc-low","section":"Tower CTR LFRN CTR Rennes Saint-Jacques","uuid":"artcc-low-tower-ctr-lfrn-ctr-rennes-saint-jacques"}},{"type":"Feature","geometry":{"type":"LineString","coordinates":[[-201052.27699688487,6134474.160003242],[-199781.37947699495,6135206.702601797]]},"properties":{"type":"artcc-low","section":"Tower CTR LFRN CTR Rennes Saint-Jacques","uuid":"artcc-low-tower-ctr-lfrn-ctr-rennes-saint-jacques"}},{"type":"Feature","geometry":{"type":"LineString","coordinates":[[-199781.37947699495,6135206.702601797],[-198454.82221170844,6135809.474538502]]},"properties":{"type":"artcc-low","section":"Tower CTR LFRN CTR Rennes Saint-Jacques","uuid":"artcc-low-tower-ctr-lfrn-ctr-rennes-saint-jacques"}},{"type":"Feature","geometry":{"type":"LineString","coordinates":[[-198454.82221170844,6135809.474538502],[-197084.9740333357,6136282.448394483]]},"properties":{"type":"artcc-low","section":"Tower CTR LFRN CTR Rennes Saint-Jacques","uuid":"artcc-low-tower-ctr-lfrn-ctr-rennes-saint-jacques"}},{"type":"Feature","geometry":{"type":"LineString","coordinates":[[-197084.9740333357,6136282.448394483],[-195684.20377418696,6136625.602650147]]},"properties":{"type":"artcc-low","section":"Tower CTR LFRN CTR Rennes Saint-Jacques","uuid":"artcc-low-tower-ctr-lfrn-ctr-rennes-saint-jacques"}},{"type":"Feature","geometry":{"type":"LineString","coordinates":[[-195684.20377418696,6136625.602650147],[-194264.88026657279,6136829.646838353]]},"properties":{"type":"artcc-low","section":"Tower CTR LFRN CTR Rennes Saint-Jacques","uuid":"artcc-low-tower-ctr-lfrn-ctr-rennes-saint-jacques"}},{"type":"Feature","geometry":{"type":"LineString","coordinates":[[-194264.88026657279,6136829.646838353],[-192830.09571857058,6136899.208468953]]},"properties":{"type":"artcc-low","section":"Tower CTR LFRN CTR Rennes Saint-Jacques","uuid":"artcc-low-tower-ctr-lfrn-ctr-rennes-saint-jacques"}},{"type":"Feature","geometry":{"type":"LineString","coordinates":[[-486033.26563574275,6109859.161800313],[-468036.61462416354,6115593.412625723]]},"properties":{"type":"artcc-low","section":"Tower CTR LFRQ CTR Quimper Pluffugan","uuid":"artcc-low-tower-ctr-lfrq-ctr-quimper-pluffugan"}},{"type":"Feature","geometry":{"type":"LineString","coordinates":[[-468036.61462416354,6115593.412625723],[-460491.62691484165,6115593.412625723]]},"properties":{"type":"artcc-low","section":"Tower CTR LFRQ CTR Quimper Pluffugan","uuid":"artcc-low-tower-ctr-lfrq-ctr-quimper-pluffugan"}},{"type":"Feature","geometry":{"type":"LineString","coordinates":[[-460491.62691484165,6115593.412625723],[-436557.9363942878,6106854.834885075]]},"properties":{"type":"artcc-low","section":"Tower CTR LFRQ CTR Quimper Pluffugan","uuid":"artcc-low-tower-ctr-lfrq-ctr-quimper-pluffugan"}},{"type":"Feature","geometry":{"type":"LineString","coordinates":[[-436557.9363942878,6106854.834885075],[-436557.9363942878,6096832.612518733]]},"properties":{"type":"artcc-low","section":"Tower CTR LFRQ CTR Quimper Pluffugan","uuid":"artcc-low-tower-ctr-lfrq-ctr-quimper-pluffugan"}},{"type":"Feature","geometry":{"type":"LineString","coordinates":[[-436557.9363942878,6096832.612518733],[-480065.30404599226,6078849.6536901435]]},"properties":{"type":"artcc-low","section":"Tower CTR LFRQ CTR Quimper Pluffugan","uuid":"artcc-low-tower-ctr-lfrq-ctr-quimper-pluffugan"}},{"type":"Feature","geometry":{"type":"LineString","coordinates":[[-480065.30404599226,6078849.6536901435],[-486064.18771651865,6089957.759215304]]},"properties":{"type":"artcc-low","section":"Tower CTR LFRQ CTR Quimper Pluffugan","uuid":"artcc-low-tower-ctr-lfrq-ctr-quimper-pluffugan"}},{"type":"Feature","geometry":{"type":"LineString","coordinates":[[-486064.18771651865,6089957.759215304],[-486033.26563574275,6109859.161800313]]},"properties":{"type":"artcc-low","section":"Tower CTR LFRQ CTR Quimper Pluffugan","uuid":"artcc-low-tower-ctr-lfrq-ctr-quimper-pluffugan"}},{"type":"Feature","geometry":{"type":"LineString","coordinates":[[-197128.26494642193,5962001.273735717],[-197496.36139597837,5963093.276105683]]},"properties":{"type":"artcc-low","section":"Tower CTR LFRS CTR Nantes","uuid":"artcc-low-tower-ctr-lfrs-ctr-nantes"}},{"type":"Feature","geometry":{"type":"LineString","coordinates":[[-197496.36139597837,5963093.276105683],[-197958.73926982054,5965713.631711757]]},"properties":{"type":"artcc-low","section":"Tower CTR LFRS CTR Nantes","uuid":"artcc-low-tower-ctr-lfrs-ctr-nantes"}},{"type":"Feature","geometry":{"type":"LineString","coordinates":[[-197958.73926982054,5965713.631711757],[-198051.69104463293,5968374.342087473]]},"properties":{"type":"artcc-low","section":"Tower CTR LFRS CTR Nantes","uuid":"artcc-low-tower-ctr-lfrs-ctr-nantes"}},{"type":"Feature","geometry":{"type":"LineString","coordinates":[[-198051.69104463293,5968374.342087473],[-197773.3304734882,5971023.765881287]]},"properties":{"type":"artcc-low","section":"Tower CTR LFRS CTR Nantes","uuid":"artcc-low-tower-ctr-lfrs-ctr-nantes"}},{"type":"Feature","geometry":{"type":"LineString","coordinates":[[-197773.3304734882,5971023.765881287],[-197129.16168676442,5973610.153497855]]},"properties":{"type":"artcc-low","section":"Tower CTR LFRS CTR Nantes","uuid":"artcc-low-tower-ctr-lfrs-ctr-nantes"}},{"type":"Feature","geometry":{"type":"LineString","coordinates":[[-197129.16168676442,5973610.153497855],[-196131.67720509515,5976083.105727035]]},"properties":{"type":"artcc-low","section":"Tower CTR LFRS CTR Nantes","uuid":"artcc-low-tower-ctr-lfrs-ctr-nantes"}},{"type":"Feature","geometry":{"type":"LineString","coordinates":[[-196131.67720509515,5976083.105727035],[-194800.26517312683,5978394.172727873]]},"properties":{"type":"artcc-low","section":"Tower CTR LFRS CTR Nantes","uuid":"artcc-low-tower-ctr-lfrs-ctr-nantes"}},{"type":"Feature","geometry":{"type":"LineString","coordinates":[[-194800.26517312683,5978394.172727873],[-193160.90013871124,5980498.139578569]]},"properties":{"type":"artcc-low","section":"Tower CTR LFRS CTR Nantes","uuid":"artcc-low-tower-ctr-lfrs-ctr-nantes"}},{"type":"Feature","geometry":{"type":"LineString","coordinates":[[-193160.90013871124,5980498.139578569],[-191245.46276712834,5982353.723363532]]},"properties":{"type":"artcc-low","section":"Tower CTR LFRS CTR Nantes","uuid":"artcc-low-tower-ctr-lfrs-ctr-nantes"}},{"type":"Feature","geometry":{"type":"LineString","coordinates":[[-191245.46276712834,5982353.723363532],[-189091.21416571303,5983924.408731034]]},"properties":{"type":"artcc-low","section":"Tower CTR LFRS CTR Nantes","uuid":"artcc-low-tower-ctr-lfrs-ctr-nantes"}},{"type":"Feature","geometry":{"type":"LineString","coordinates":[[-189091.21416571303,5983924.408731034],[-186740.1155980783,5985179.375409516]]},"properties":{"type":"artcc-low","section":"Tower CTR LFRS CTR Nantes","uuid":"artcc-low-tower-ctr-lfrs-ctr-nantes"}},{"type":"Feature","geometry":{"type":"LineString","coordinates":[[-186740.1155980783,5985179.375409516],[-184237.9317437725,5986093.8329074895]]},"properties":{"type":"artcc-low","section":"Tower CTR LFRS CTR Nantes","uuid":"artcc-low-tower-ctr-lfrs-ctr-nantes"}},{"type":"Feature","geometry":{"type":"LineString","coordinates":[[-184237.9317437725,5986093.8329074895],[-181633.33395793688,5986649.854469604]]},"properties":{"type":"artcc-low","section":"Tower CTR LFRS CTR Nantes","uuid":"artcc-low-tower-ctr-lfrs-ctr-nantes"}},{"type":"Feature","geometry":{"type":"LineString","coordinates":[[-181633.33395793688,5986649.854469604],[-178977.00353096318,5986836.387833296]]},"properties":{"type":"artcc-low","section":"Tower CTR LFRS CTR Nantes","uuid":"artcc-low-tower-ctr-lfrs-ctr-nantes"}},{"type":"Feature","geometry":{"type":"LineString","coordinates":[[-178977.00353096318,5986836.387833296],[-176320.70402607025,5986649.854469604]]},"properties":{"type":"artcc-low","section":"Tower CTR LFRS CTR Nantes","uuid":"artcc-low-tower-ctr-lfrs-ctr-nantes"}},{"type":"Feature","geometry":{"type":"LineString","coordinates":[[-176320.70402607025,5986649.854469604],[-173716.10624023463,5986093.8329074895]]},"properties":{"type":"artcc-low","section":"Tower CTR LFRS CTR Nantes","uuid":"artcc-low-tower-ctr-lfrs-ctr-nantes"}},{"type":"Feature","geometry":{"type":"LineString","coordinates":[[-173716.10624023463,5986093.8329074895],[-171213.891463848,5985179.375409516]]},"properties":{"type":"artcc-low","section":"Tower CTR LFRS CTR Nantes","uuid":"artcc-low-tower-ctr-lfrs-ctr-nantes"}},{"type":"Feature","geometry":{"type":"LineString","coordinates":[[-171213.891463848,5985179.375409516],[-168862.79289621333,5983924.408731034]]},"properties":{"type":"artcc-low","section":"Tower CTR LFRS CTR Nantes","uuid":"artcc-low-tower-ctr-lfrs-ctr-nantes"}},{"type":"Feature","geometry":{"type":"LineString","coordinates":[[-168862.79289621333,5983924.408731034],[-166708.57521687885,5982353.723363532]]},"properties":{"type":"artcc-low","section":"Tower CTR LFRS CTR Nantes","uuid":"artcc-low-tower-ctr-lfrs-ctr-nantes"}},{"type":"Feature","geometry":{"type":"LineString","coordinates":[[-166708.57521687885,5982353.723363532],[-164793.10692321512,5980498.139578569]]},"properties":{"type":"artcc-low","section":"Tower CTR LFRS CTR Nantes","uuid":"artcc-low-tower-ctr-lfrs-ctr-nantes"}},{"type":"Feature","geometry":{"type":"LineString","coordinates":[[-164793.10692321512,5980498.139578569],[-163153.7418887995,5978394.172727873]]},"properties":{"type":"artcc-low","section":"Tower CTR LFRS CTR Nantes","uuid":"artcc-low-tower-ctr-lfrs-ctr-nantes"}},{"type":"Feature","geometry":{"type":"LineString","coordinates":[[-163153.7418887995,5978394.172727873],[-161822.36077891197,5976083.105727035]]},"properties":{"type":"artcc-low","section":"Tower CTR LFRS CTR Nantes","uuid":"artcc-low-tower-ctr-lfrs-ctr-nantes"}},{"type":"Feature","geometry":{"type":"LineString","coordinates":[[-161822.36077891197,5976083.105727035],[-160824.87629724265,5973610.153497855]]},"properties":{"type":"artcc-low","section":"Tower CTR LFRS CTR Nantes","uuid":"artcc-low-tower-ctr-lfrs-ctr-nantes"}},{"type":"Feature","geometry":{"type":"LineString","coordinates":[[-160824.87629724265,5973610.153497855],[-160180.67658843813,5971023.765881287]]},"properties":{"type":"artcc-low","section":"Tower CTR LFRS CTR Nantes","uuid":"artcc-low-tower-ctr-lfrs-ctr-nantes"}},{"type":"Feature","geometry":{"type":"LineString","coordinates":[[-160180.67658843813,5971023.765881287],[-159902.34693937423,5968374.342087473]]},"properties":{"type":"artcc-low","section":"Tower CTR LFRS CTR Nantes","uuid":"artcc-low-tower-ctr-lfrs-ctr-nantes"}},{"type":"Feature","geometry":{"type":"LineString","coordinates":[[-159902.34693937423,5968374.342087473],[-159995.26779210582,5965713.631711757]]},"properties":{"type":"artcc-low","section":"Tower CTR LFRS CTR Nantes","uuid":"artcc-low-tower-ctr-lfrs-ctr-nantes"}},{"type":"Feature","geometry":{"type":"LineString","coordinates":[[-159995.26779210582,5965713.631711757],[-160457.67658802876,5963093.276105683]]},"properties":{"type":"artcc-low","section":"Tower CTR LFRS CTR Nantes","uuid":"artcc-low-tower-ctr-lfrs-ctr-nantes"}},{"type":"Feature","geometry":{"type":"LineString","coordinates":[[-160457.67658802876,5963093.276105683],[-161280.5131574757,5960564.264154101]]},"properties":{"type":"artcc-low","section":"Tower CTR LFRS CTR Nantes","uuid":"artcc-low-tower-ctr-lfrs-ctr-nantes"}},{"type":"Feature","geometry":{"type":"LineString","coordinates":[[-161280.5131574757,5960564.264154101],[-162447.7907846855,5958175.574359731]]},"properties":{"type":"artcc-low","section":"Tower CTR LFRS CTR Nantes","uuid":"artcc-low-tower-ctr-lfrs-ctr-nantes"}},{"type":"Feature","geometry":{"type":"LineString","coordinates":[[-162447.7907846855,5958175.574359731],[-163936.78174028787,5955973.412197392]]},"properties":{"type":"artcc-low","section":"Tower CTR LFRS CTR Nantes","uuid":"artcc-low-tower-ctr-lfrs-ctr-nantes"}},{"type":"Feature","geometry":{"type":"LineString","coordinates":[[-163936.78174028787,5955973.412197392],[-165718.54295667654,5954000.35986025]]},"properties":{"type":"artcc-low","section":"Tower CTR LFRS CTR Nantes","uuid":"artcc-low-tower-ctr-lfrs-ctr-nantes"}},{"type":"Feature","geometry":{"type":"LineString","coordinates":[[-165718.54295667654,5954000.35986025],[-167758.3489371402,5952294.48303394]]},"properties":{"type":"artcc-low","section":"Tower CTR LFRS CTR Nantes","uuid":"artcc-low-tower-ctr-lfrs-ctr-nantes"}},{"type":"Feature","geometry":{"type":"LineString","coordinates":[[-167758.3489371402,5952294.48303394],[-170016.52665204328,5950888.665957533]]},"properties":{"type":"artcc-low","section":"Tower CTR LFRS CTR Nantes","uuid":"artcc-low-tower-ctr-lfrs-ctr-nantes"}},{"type":"Feature","geometry":{"type":"LineString","coordinates":[[-170016.52665204328,5950888.665957533],[-172449.1049025225,5949809.946391076]]},"properties":{"type":"artcc-low","section":"Tower CTR LFRS CTR Nantes","uuid":"artcc-low-tower-ctr-lfrs-ctr-nantes"}},{"type":"Feature","geometry":{"type":"LineString","coordinates":[[-172449.1049025225,5949809.946391076],[-173349.18482974768,5949513.071199654]]},"properties":{"type":"artcc-low","section":"Tower CTR LFRS CTR Nantes","uuid":"artcc-low-tower-ctr-lfrs-ctr-nantes"}},{"type":"Feature","geometry":{"type":"LineString","coordinates":[[-173349.18482974768,5949513.071199654],[-191438.60208365464,5943887.877184814]]},"properties":{"type":"artcc-low","section":"Tower CTR LFRS CTR Nantes","uuid":"artcc-low-tower-ctr-lfrs-ctr-nantes"}},{"type":"Feature","geometry":{"type":"LineString","coordinates":[[-191438.60208365464,5943887.877184814],[-197128.26494642193,5962001.273735717]]},"properties":{"type":"artcc-low","section":"Tower CTR LFRS CTR Nantes","uuid":"artcc-low-tower-ctr-lfrs-ctr-nantes"}},{"type":"Feature","geometry":{"type":"LineString","coordinates":[[-258539.51736737785,6006559.756995487],[-217134.85120843528,6017072.069815749]]},"properties":{"type":"artcc-low","section":"Tower CTR LFRZ CTR Saint-Nazaire","uuid":"artcc-low-tower-ctr-lfrz-ctr-saint-nazaire"}},{"type":"Feature","geometry":{"type":"LineString","coordinates":[[-217134.85120843528,6017072.069815749],[-211197.8116994607,5993368.8591208365]]},"properties":{"type":"artcc-low","section":"Tower CTR LFRZ CTR Saint-Nazaire","uuid":"artcc-low-tower-ctr-lfrz-ctr-saint-nazaire"}},{"type":"Feature","geometry":{"type":"LineString","coordinates":[[-211197.8116994607,5993368.8591208365],[-244191.6718873559,5985072.069214908]]},"properties":{"type":"artcc-low","section":"Tower CTR LFRZ CTR Saint-Nazaire","uuid":"artcc-low-tower-ctr-lfrz-ctr-saint-nazaire"}},{"type":"Feature","geometry":{"type":"LineString","coordinates":[[-244191.6718873559,5985072.069214908],[-252509.7116160755,5987259.46381802]]},"properties":{"type":"artcc-low","section":"Tower CTR LFRZ CTR Saint-Nazaire","uuid":"artcc-low-tower-ctr-lfrz-ctr-saint-nazaire"}},{"type":"Feature","geometry":{"type":"LineString","coordinates":[[-252509.7116160755,5987259.46381802],[-258539.51736737785,6006559.756995487]]},"properties":{"type":"artcc-low","section":"Tower CTR LFRZ CTR Saint-Nazaire","uuid":"artcc-low-tower-ctr-lfrz-ctr-saint-nazaire"}},{"type":"Feature","geometry":{"type":"LineString","coordinates":[[845255.0780094814,6055298.153890199],[855613.9750694111,6035430.651986689]]},"properties":{"type":"artcc-low","section":"Tower CTR LFSB CTR Bale Muhlouse","uuid":"artcc-low-tower-ctr-lfsb-ctr-bale-muhlouse"}},{"type":"Feature","geometry":{"type":"LineString","coordinates":[[855613.9750694111,6035430.651986689],[855137.5585708965,6033377.683287675]]},"properties":{"type":"artcc-low","section":"Tower CTR LFSB CTR Bale Muhlouse","uuid":"artcc-low-tower-ctr-lfsb-ctr-bale-muhlouse"}},{"type":"Feature","geometry":{"type":"LineString","coordinates":[[855137.5585708965,6033377.683287675],[854064.5005238111,6030791.224559425]]},"properties":{"type":"artcc-low","section":"Tower CTR LFSB CTR Bale Muhlouse","uuid":"artcc-low-tower-ctr-lfsb-ctr-bale-muhlouse"}},{"type":"Feature","geometry":{"type":"LineString","coordinates":[[854064.5005238111,6030791.224559425],[853975.1047882879,6030665.579493445]]},"properties":{"type":"artcc-low","section":"Tower CTR LFSB CTR Bale Muhlouse","uuid":"artcc-low-tower-ctr-lfsb-ctr-bale-muhlouse"}},{"type":"Feature","geometry":{"type":"LineString","coordinates":[[853975.1047882879,6030665.579493445],[852599.4432587292,6028405.6084865]]},"properties":{"type":"artcc-low","section":"Tower CTR LFSB CTR Bale Muhlouse","uuid":"artcc-low-tower-ctr-lfsb-ctr-bale-muhlouse"}},{"type":"Feature","geometry":{"type":"LineString","coordinates":[[852599.4432587292,6028405.6084865],[850778.3800776743,6026279.13252546]]},"properties":{"type":"artcc-low","section":"Tower CTR LFSB CTR Bale Muhlouse","uuid":"artcc-low-tower-ctr-lfsb-ctr-bale-muhlouse"}},{"type":"Feature","geometry":{"type":"LineString","coordinates":[[850778.3800776743,6026279.13252546],[848646.2098419331,6024463.786144794]]},"properties":{"type":"artcc-low","section":"Tower CTR LFSB CTR Bale Muhlouse","uuid":"artcc-low-tower-ctr-lfsb-ctr-bale-muhlouse"}},{"type":"Feature","geometry":{"type":"LineString","coordinates":[[848646.2098419331,6024463.786144794],[846255.4382446628,6023003.856810421]]},"properties":{"type":"artcc-low","section":"Tower CTR LFSB CTR Bale Muhlouse","uuid":"artcc-low-tower-ctr-lfsb-ctr-bale-muhlouse"}},{"type":"Feature","geometry":{"type":"LineString","coordinates":[[846255.4382446628,6023003.856810421],[843664.8790834994,6021934.856707596]]},"properties":{"type":"artcc-low","section":"Tower CTR LFSB CTR Bale Muhlouse","uuid":"artcc-low-tower-ctr-lfsb-ctr-bale-muhlouse"}},{"type":"Feature","geometry":{"type":"LineString","coordinates":[[843664.8790834994,6021934.856707596],[840938.3555331645,6021282.904701675]]},"properties":{"type":"artcc-low","section":"Tower CTR LFSB CTR Bale Muhlouse","uuid":"artcc-low-tower-ctr-lfsb-ctr-bale-muhlouse"}},{"type":"Feature","geometry":{"type":"LineString","coordinates":[[840938.3555331645,6021282.904701675],[838142.9994310223,6021063.829105002]]},"properties":{"type":"artcc-low","section":"Tower CTR LFSB CTR Bale Muhlouse","uuid":"artcc-low-tower-ctr-lfsb-ctr-bale-muhlouse"}},{"type":"Feature","geometry":{"type":"LineString","coordinates":[[838142.9994310223,6021063.829105002],[835347.6433288801,6021282.904701675]]},"properties":{"type":"artcc-low","section":"Tower CTR LFSB CTR Bale Muhlouse","uuid":"artcc-low-tower-ctr-lfsb-ctr-bale-muhlouse"}},{"type":"Feature","geometry":{"type":"LineString","coordinates":[[835347.6433288801,6021282.904701675],[833906.6743647227,6021555.109739549]]},"properties":{"type":"artcc-low","section":"Tower CTR LFSB CTR Bale Muhlouse","uuid":"artcc-low-tower-ctr-lfsb-ctr-bale-muhlouse"}},{"type":"Feature","geometry":{"type":"LineString","coordinates":[[833906.6743647227,6021555.109739549],[832621.1197785451,6021934.856707596]]},"properties":{"type":"artcc-low","section":"Tower CTR LFSB CTR Bale Muhlouse","uuid":"artcc-low-tower-ctr-lfsb-ctr-bale-muhlouse"}},{"type":"Feature","geometry":{"type":"LineString","coordinates":[[832621.1197785451,6021934.856707596],[830030.5606173817,6023003.856810421]]},"properties":{"type":"artcc-low","section":"Tower CTR LFSB CTR Bale Muhlouse","uuid":"artcc-low-tower-ctr-lfsb-ctr-bale-muhlouse"}},{"type":"Feature","geometry":{"type":"LineString","coordinates":[[830030.5606173817,6023003.856810421],[827639.7890201116,6024463.786144794]]},"properties":{"type":"artcc-low","section":"Tower CTR LFSB CTR Bale Muhlouse","uuid":"artcc-low-tower-ctr-lfsb-ctr-bale-muhlouse"}},{"type":"Feature","geometry":{"type":"LineString","coordinates":[[827639.7890201116,6024463.786144794],[825507.6187843703,6026279.13252546]]},"properties":{"type":"artcc-low","section":"Tower CTR LFSB CTR Bale Muhlouse","uuid":"artcc-low-tower-ctr-lfsb-ctr-bale-muhlouse"}},{"type":"Feature","geometry":{"type":"LineString","coordinates":[[825507.6187843703,6026279.13252546],[823686.5556033154,6028405.6084865]]},"properties":{"type":"artcc-low","section":"Tower CTR LFSB CTR Bale Muhlouse","uuid":"artcc-low-tower-ctr-lfsb-ctr-bale-muhlouse"}},{"type":"Feature","geometry":{"type":"LineString","coordinates":[[823686.5556033154,6028405.6084865],[822221.4983382336,6030791.224559425]]},"properties":{"type":"artcc-low","section":"Tower CTR LFSB CTR Bale Muhlouse","uuid":"artcc-low-tower-ctr-lfsb-ctr-bale-muhlouse"}},{"type":"Feature","geometry":{"type":"LineString","coordinates":[[822221.4983382336,6030791.224559425],[821148.4402911478,6033377.683287675]]},"properties":{"type":"artcc-low","section":"Tower CTR LFSB CTR Bale Muhlouse","uuid":"artcc-low-tower-ctr-lfsb-ctr-bale-muhlouse"}},{"type":"Feature","geometry":{"type":"LineString","coordinates":[[821148.4402911478,6033377.683287675],[820493.8816852835,6036101.592738046]]},"properties":{"type":"artcc-low","section":"Tower CTR LFSB CTR Bale Muhlouse","uuid":"artcc-low-tower-ctr-lfsb-ctr-bale-muhlouse"}},{"type":"Feature","geometry":{"type":"LineString","coordinates":[[820493.8816852835,6036101.592738046],[820273.8710805628,6038896.005519087]]},"properties":{"type":"artcc-low","section":"Tower CTR LFSB CTR Bale Muhlouse","uuid":"artcc-low-tower-ctr-lfsb-ctr-bale-muhlouse"}},{"type":"Feature","geometry":{"type":"LineString","coordinates":[[820273.8710805628,6038896.005519087],[820493.8816852835,6041692.239813944]]},"properties":{"type":"artcc-low","section":"Tower CTR LFSB CTR Bale Muhlouse","uuid":"artcc-low-tower-ctr-lfsb-ctr-bale-muhlouse"}},{"type":"Feature","geometry":{"type":"LineString","coordinates":[[820493.8816852835,6041692.239813944],[821148.4402911478,6044421.387762383]]},"properties":{"type":"artcc-low","section":"Tower CTR LFSB CTR Bale Muhlouse","uuid":"artcc-low-tower-ctr-lfsb-ctr-bale-muhlouse"}},{"type":"Feature","geometry":{"type":"LineString","coordinates":[[821148.4402911478,6044421.387762383],[822221.4983382336,6047016.015730277]]},"properties":{"type":"artcc-low","section":"Tower CTR LFSB CTR Bale Muhlouse","uuid":"artcc-low-tower-ctr-lfsb-ctr-bale-muhlouse"}},{"type":"Feature","geometry":{"type":"LineString","coordinates":[[822221.4983382336,6047016.015730277],[823686.5556033154,6049411.964762139]]},"properties":{"type":"artcc-low","section":"Tower CTR LFSB CTR Bale Muhlouse","uuid":"artcc-low-tower-ctr-lfsb-ctr-bale-muhlouse"}},{"type":"Feature","geometry":{"type":"LineString","coordinates":[[823686.5556033154,6049411.964762139],[825507.6187843703,6051549.8371016225]]},"properties":{"type":"artcc-low","section":"Tower CTR LFSB CTR Bale Muhlouse","uuid":"artcc-low-tower-ctr-lfsb-ctr-bale-muhlouse"}},{"type":"Feature","geometry":{"type":"LineString","coordinates":[[825507.6187843703,6051549.8371016225],[827639.7890201116,6053376.579854128]]},"properties":{"type":"artcc-low","section":"Tower CTR LFSB CTR Bale Muhlouse","uuid":"artcc-low-tower-ctr-lfsb-ctr-bale-muhlouse"}},{"type":"Feature","geometry":{"type":"LineString","coordinates":[[827639.7890201116,6053376.579854128],[830030.5606173817,6054846.842243423]]},"properties":{"type":"artcc-low","section":"Tower CTR LFSB CTR Bale Muhlouse","uuid":"artcc-low-tower-ctr-lfsb-ctr-bale-muhlouse"}},{"type":"Feature","geometry":{"type":"LineString","coordinates":[[830030.5606173817,6054846.842243423],[832621.1197785451,6055924.0117879575]]},"properties":{"type":"artcc-low","section":"Tower CTR LFSB CTR Bale Muhlouse","uuid":"artcc-low-tower-ctr-lfsb-ctr-bale-muhlouse"}},{"type":"Feature","geometry":{"type":"LineString","coordinates":[[832621.1197785451,6055924.0117879575],[835347.6433288801,6056581.2022764]]},"properties":{"type":"artcc-low","section":"Tower CTR LFSB CTR Bale Muhlouse","uuid":"artcc-low-tower-ctr-lfsb-ctr-bale-muhlouse"}},{"type":"Feature","geometry":{"type":"LineString","coordinates":[[835347.6433288801,6056581.2022764],[836225.8304229159,6056722.294579936]]},"properties":{"type":"artcc-low","section":"Tower CTR LFSB CTR Bale Muhlouse","uuid":"artcc-low-tower-ctr-lfsb-ctr-bale-muhlouse"}},{"type":"Feature","geometry":{"type":"LineString","coordinates":[[836225.8304229159,6056722.294579936],[838142.9994310223,6056802.099356911]]},"properties":{"type":"artcc-low","section":"Tower CTR LFSB CTR Bale Muhlouse","uuid":"artcc-low-tower-ctr-lfsb-ctr-bale-muhlouse"}},{"type":"Feature","geometry":{"type":"LineString","coordinates":[[838142.9994310223,6056802.099356911],[840938.3555331645,6056581.2022764]]},"properties":{"type":"artcc-low","section":"Tower CTR LFSB CTR Bale Muhlouse","uuid":"artcc-low-tower-ctr-lfsb-ctr-bale-muhlouse"}},{"type":"Feature","geometry":{"type":"LineString","coordinates":[[840938.3555331645,6056581.2022764],[843664.8790834994,6055924.0117879575]]},"properties":{"type":"artcc-low","section":"Tower CTR LFSB CTR Bale Muhlouse","uuid":"artcc-low-tower-ctr-lfsb-ctr-bale-muhlouse"}},{"type":"Feature","geometry":{"type":"LineString","coordinates":[[843664.8790834994,6055924.0117879575],[845255.0780094814,6055298.153890199]]},"properties":{"type":"artcc-low","section":"Tower CTR LFSB CTR Bale Muhlouse","uuid":"artcc-low-tower-ctr-lfsb-ctr-bale-muhlouse"}},{"type":"Feature","geometry":{"type":"LineString","coordinates":[[840029.2463583527,6076040.331576742],[821908.9070236698,6068123.89743835]]},"properties":{"type":"artcc-low","section":"Tower CTR LFSC CTR Colmar Meyenheim","uuid":"artcc-low-tower-ctr-lfsc-ctr-colmar-meyenheim"}},{"type":"Feature","geometry":{"type":"LineString","coordinates":[[821908.9070236698,6068123.89743835],[818198.2573305607,6062605.1094326675]]},"properties":{"type":"artcc-low","section":"Tower CTR LFSC CTR Colmar Meyenheim","uuid":"artcc-low-tower-ctr-lfsc-ctr-colmar-meyenheim"}},{"type":"Feature","geometry":{"type":"LineString","coordinates":[[818198.2573305607,6062605.1094326675],[808921.633097788,6061225.964479328]]},"properties":{"type":"artcc-low","section":"Tower CTR LFSC CTR Colmar Meyenheim","uuid":"artcc-low-tower-ctr-lfsc-ctr-colmar-meyenheim"}},{"type":"Feature","geometry":{"type":"LineString","coordinates":[[808921.633097788,6061225.964479328],[782576.0202767132,6063340.743651125]]},"properties":{"type":"artcc-low","section":"Tower CTR LFSC CTR Colmar Meyenheim","uuid":"artcc-low-tower-ctr-lfsc-ctr-colmar-meyenheim"}},{"type":"Feature","geometry":{"type":"LineString","coordinates":[[782576.0202767132,6063340.743651125],[808457.8018861493,6081936.359820879]]},"properties":{"type":"artcc-low","section":"Tower CTR LFSC CTR Colmar Meyenheim","uuid":"artcc-low-tower-ctr-lfsc-ctr-colmar-meyenheim"}},{"type":"Feature","geometry":{"type":"LineString","coordinates":[[808457.8018861493,6081936.359820879],[807326.053729751,6083281.957424429]]},"properties":{"type":"artcc-low","section":"Tower CTR LFSC CTR Colmar Meyenheim","uuid":"artcc-low-tower-ctr-lfsc-ctr-colmar-meyenheim"}},{"type":"Feature","geometry":{"type":"LineString","coordinates":[[807326.053729751,6083281.957424429],[806543.7250861205,6084885.889810854]]},"properties":{"type":"artcc-low","section":"Tower CTR LFSC CTR Colmar Meyenheim","uuid":"artcc-low-tower-ctr-lfsc-ctr-colmar-meyenheim"}},{"type":"Feature","geometry":{"type":"LineString","coordinates":[[806543.7250861205,6084885.889810854],[805891.2691817489,6086559.276014617]]},"properties":{"type":"artcc-low","section":"Tower CTR LFSC CTR Colmar Meyenheim","uuid":"artcc-low-tower-ctr-lfsc-ctr-colmar-meyenheim"}},{"type":"Feature","geometry":{"type":"LineString","coordinates":[[805891.2691817489,6086559.276014617],[805377.9626408687,6088288.322803671]]},"properties":{"type":"artcc-low","section":"Tower CTR LFSC CTR Colmar Meyenheim","uuid":"artcc-low-tower-ctr-lfsc-ctr-colmar-meyenheim"}},{"type":"Feature","geometry":{"type":"LineString","coordinates":[[805377.9626408687,6088288.322803671],[805000.7132554026,6090059.227127377]]},"properties":{"type":"artcc-low","section":"Tower CTR LFSC CTR Colmar Meyenheim","uuid":"artcc-low-tower-ctr-lfsc-ctr-colmar-meyenheim"}},{"type":"Feature","geometry":{"type":"LineString","coordinates":[[805000.7132554026,6090059.227127377],[804499.7755468328,6091756.686174339]]},"properties":{"type":"artcc-low","section":"Tower CTR LFSC CTR Colmar Meyenheim","uuid":"artcc-low-tower-ctr-lfsc-ctr-colmar-meyenheim"}},{"type":"Feature","geometry":{"type":"LineString","coordinates":[[804499.7755468328,6091756.686174339],[806973.5420089056,6095771.034496901]]},"properties":{"type":"artcc-low","section":"Tower CTR LFSC CTR Colmar Meyenheim","uuid":"artcc-low-tower-ctr-lfsc-ctr-colmar-meyenheim"}},{"type":"Feature","geometry":{"type":"LineString","coordinates":[[806973.5420089056,6095771.034496901],[816930.4520187484,6112078.417097849]]},"properties":{"type":"artcc-low","section":"Tower CTR LFSC CTR Colmar Meyenheim","uuid":"artcc-low-tower-ctr-lfsc-ctr-colmar-meyenheim"}},{"type":"Feature","geometry":{"type":"LineString","coordinates":[[816930.4520187484,6112078.417097849],[818439.4495606128,6112531.585633889]]},"properties":{"type":"artcc-low","section":"Tower CTR LFSC CTR Colmar Meyenheim","uuid":"artcc-low-tower-ctr-lfsc-ctr-colmar-meyenheim"}},{"type":"Feature","geometry":{"type":"LineString","coordinates":[[818439.4495606128,6112531.585633889],[819945.3548943995,6112966.279990755]]},"properties":{"type":"artcc-low","section":"Tower CTR LFSC CTR Colmar Meyenheim","uuid":"artcc-low-tower-ctr-lfsc-ctr-colmar-meyenheim"}},{"type":"Feature","geometry":{"type":"LineString","coordinates":[[819945.3548943995,6112966.279990755],[821475.997892807,6113257.63002815]]},"properties":{"type":"artcc-low","section":"Tower CTR LFSC CTR Colmar Meyenheim","uuid":"artcc-low-tower-ctr-lfsc-ctr-colmar-meyenheim"}},{"type":"Feature","geometry":{"type":"LineString","coordinates":[[821475.997892807,6113257.63002815],[823028.2863477579,6113396.371619542]]},"properties":{"type":"artcc-low","section":"Tower CTR LFSC CTR Colmar Meyenheim","uuid":"artcc-low-tower-ctr-lfsc-ctr-colmar-meyenheim"}},{"type":"Feature","geometry":{"type":"LineString","coordinates":[[823028.2863477579,6113396.371619542],[823733.3097894485,6113280.75347087]]},"properties":{"type":"artcc-low","section":"Tower CTR LFSC CTR Colmar Meyenheim","uuid":"artcc-low-tower-ctr-lfsc-ctr-colmar-meyenheim"}},{"type":"Feature","geometry":{"type":"LineString","coordinates":[[823733.3097894485,6113280.75347087],[823764.2318702245,6120266.8874664195]]},"properties":{"type":"artcc-low","section":"Tower CTR LFSC CTR Colmar Meyenheim","uuid":"artcc-low-tower-ctr-lfsc-ctr-colmar-meyenheim"}},{"type":"Feature","geometry":{"type":"LineString","coordinates":[[823764.2318702245,6120266.8874664195],[827474.8815633336,6137409.344370038]]},"properties":{"type":"artcc-low","section":"Tower CTR LFSC CTR Colmar Meyenheim","uuid":"artcc-low-tower-ctr-lfsc-ctr-colmar-meyenheim"}},{"type":"Feature","geometry":{"type":"LineString","coordinates":[[827474.8815633336,6137409.344370038],[829515.7388945436,6143533.348660014]]},"properties":{"type":"artcc-low","section":"Tower CTR LFSC CTR Colmar Meyenheim","uuid":"artcc-low-tower-ctr-lfsc-ctr-colmar-meyenheim"}},{"type":"Feature","geometry":{"type":"LineString","coordinates":[[829515.7388945436,6143533.348660014],[852923.754041907,6143069.255434447]]},"properties":{"type":"artcc-low","section":"Tower CTR LFSC CTR Colmar Meyenheim","uuid":"artcc-low-tower-ctr-lfsc-ctr-colmar-meyenheim"}},{"type":"Feature","geometry":{"type":"LineString","coordinates":[[553659.8562926565,6026818.7835489735],[589993.30120435,6026818.7835489735]]},"properties":{"type":"artcc-low","section":"Tower CTR LFSD CTR Dijon Longvic","uuid":"artcc-low-tower-ctr-lfsd-ctr-dijon-longvic"}},{"type":"Feature","geometry":{"type":"LineString","coordinates":[[589993.30120435,6026818.7835489735],[595961.2627941003,5949830.73075609]]},"properties":{"type":"artcc-low","section":"Tower CTR LFSD CTR Dijon Longvic","uuid":"artcc-low-tower-ctr-lfsd-ctr-dijon-longvic"}},{"type":"Feature","geometry":{"type":"LineString","coordinates":[[595961.2627941003,5949830.73075609],[592686.6144399316,5947616.430815739]]},"properties":{"type":"artcc-low","section":"Tower CTR LFSD CTR Dijon Longvic","uuid":"artcc-low-tower-ctr-lfsd-ctr-dijon-longvic"}},{"type":"Feature","geometry":{"type":"LineString","coordinates":[[592686.6144399316,5947616.430815739],[589455.2569988491,5945393.621725026]]},"properties":{"type":"artcc-low","section":"Tower CTR LFSD CTR Dijon Longvic","uuid":"artcc-low-tower-ctr-lfsd-ctr-dijon-longvic"}},{"type":"Feature","geometry":{"type":"LineString","coordinates":[[589455.2569988491,5945393.621725026],[586060.0125296543,5943484.272992509]]},"properties":{"type":"artcc-low","section":"Tower CTR LFSD CTR Dijon Longvic","uuid":"artcc-low-tower-ctr-lfsd-ctr-dijon-longvic"}},{"type":"Feature","geometry":{"type":"LineString","coordinates":[[586060.0125296543,5943484.272992509],[582519.4342808126,5941901.780600016]]},"properties":{"type":"artcc-low","section":"Tower CTR LFSD CTR Dijon Longvic","uuid":"artcc-low-tower-ctr-lfsd-ctr-dijon-longvic"}},{"type":"Feature","geometry":{"type":"LineString","coordinates":[[582519.4342808126,5941901.780600016],[578864.4443331001,5940655.033254517]]},"properties":{"type":"artcc-low","section":"Tower CTR LFSD CTR Dijon Longvic","uuid":"artcc-low-tower-ctr-lfsd-ctr-dijon-longvic"}},{"type":"Feature","geometry":{"type":"LineString","coordinates":[[578864.4443331001,5940655.033254517],[575122.8725592152,5939752.95266601]]},"properties":{"type":"artcc-low","section":"Tower CTR LFSD CTR Dijon Longvic","uuid":"artcc-low-tower-ctr-lfsd-ctr-dijon-longvic"}},{"type":"Feature","geometry":{"type":"LineString","coordinates":[[575122.8725592152,5939752.95266601],[571322.5488318559,5939209.029556893]]},"properties":{"type":"artcc-low","section":"Tower CTR LFSD CTR Dijon Longvic","uuid":"artcc-low-tower-ctr-lfsd-ctr-dijon-longvic"}},{"type":"Feature","geometry":{"type":"LineString","coordinates":[[571322.5488318559,5939209.029556893],[567491.3030237206,5939023.196934331]]},"properties":{"type":"artcc-low","section":"Tower CTR LFSD CTR Dijon Longvic","uuid":"artcc-low-tower-ctr-lfsd-ctr-dijon-longvic"}},{"type":"Feature","geometry":{"type":"LineString","coordinates":[[567491.3030237206,5939023.196934331],[563660.0572155855,5939195.431913689]]},"properties":{"type":"artcc-low","section":"Tower CTR LFSD CTR Dijon Longvic","uuid":"artcc-low-tower-ctr-lfsd-ctr-dijon-longvic"}},{"type":"Feature","geometry":{"type":"LineString","coordinates":[[563660.0572155855,5939195.431913689],[559859.7334882263,5939730.28852598]]},"properties":{"type":"artcc-low","section":"Tower CTR LFSD CTR Dijon Longvic","uuid":"artcc-low-tower-ctr-lfsd-ctr-dijon-longvic"}},{"type":"Feature","geometry":{"type":"LineString","coordinates":[[559859.7334882263,5939730.28852598],[556115.0695062637,5940614.233625669]]},"properties":{"type":"artcc-low","section":"Tower CTR LFSD CTR Dijon Longvic","uuid":"artcc-low-tower-ctr-lfsd-ctr-dijon-longvic"}},{"type":"Feature","geometry":{"type":"LineString","coordinates":[[556115.0695062637,5940614.233625669],[552456.9873504736,5941847.373360495]]},"properties":{"type":"artcc-low","section":"Tower CTR LFSD CTR Dijon Longvic","uuid":"artcc-low-tower-ctr-lfsd-ctr-dijon-longvic"}},{"type":"Feature","geometry":{"type":"LineString","coordinates":[[552456.9873504736,5941847.373360495],[548910.2246854769,5943420.786393021]]},"properties":{"type":"artcc-low","section":"Tower CTR LFSD CTR Dijon Longvic","uuid":"artcc-low-tower-ctr-lfsd-ctr-dijon-longvic"}},{"type":"Feature","geometry":{"type":"LineString","coordinates":[[548910.2246854769,5943420.786393021],[548403.1025607518,5944114.629309223]]},"properties":{"type":"artcc-low","section":"Tower CTR LFSD CTR Dijon Longvic","uuid":"artcc-low-tower-ctr-lfsd-ctr-dijon-longvic"}},{"type":"Feature","geometry":{"type":"LineString","coordinates":[[548403.1025607518,5944114.629309223],[556597.4539663679,5995740.828115468]]},"properties":{"type":"artcc-low","section":"Tower CTR LFSD CTR Dijon Longvic","uuid":"artcc-low-tower-ctr-lfsd-ctr-dijon-longvic"}},{"type":"Feature","geometry":{"type":"LineString","coordinates":[[556597.4539663679,5995740.828115468],[553659.8562926565,6026818.7835489735]]},"properties":{"type":"artcc-low","section":"Tower CTR LFSD CTR Dijon Longvic","uuid":"artcc-low-tower-ctr-lfsd-ctr-dijon-longvic"}},{"type":"Feature","geometry":{"type":"LineString","coordinates":[[535910.5819272846,6245031.68276171],[580005.4691137312,6227109.158569982]]},"properties":{"type":"artcc-low","section":"Tower CTR LFSI Saint-Dizier Tower","uuid":"artcc-low-tower-ctr-lfsi-saint-dizier-tower"}},{"type":"Feature","geometry":{"type":"LineString","coordinates":[[580005.4691137312,6227109.158569982],[579764.2768836791,6223412.072723234]]},"properties":{"type":"artcc-low","section":"Tower CTR LFSI Saint-Dizier Tower","uuid":"artcc-low-tower-ctr-lfsi-saint-dizier-tower"}},{"type":"Feature","geometry":{"type":"LineString","coordinates":[[579764.2768836791,6223412.072723234],[580460.0237011372,6220138.052060791]]},"properties":{"type":"artcc-low","section":"Tower CTR LFSI Saint-Dizier Tower","uuid":"artcc-low-tower-ctr-lfsi-saint-dizier-tower"}},{"type":"Feature","geometry":{"type":"LineString","coordinates":[[580460.0237011372,6220138.052060791],[580896.0250400774,6216809.119347269]]},"properties":{"type":"artcc-low","section":"Tower CTR LFSI Saint-Dizier Tower","uuid":"artcc-low-tower-ctr-lfsi-saint-dizier-tower"}},{"type":"Feature","geometry":{"type":"LineString","coordinates":[[580896.0250400774,6216809.119347269],[581072.2809005001,6213453.414839752]]},"properties":{"type":"artcc-low","section":"Tower CTR LFSI Saint-Dizier Tower","uuid":"artcc-low-tower-ctr-lfsi-saint-dizier-tower"}},{"type":"Feature","geometry":{"type":"LineString","coordinates":[[581072.2809005001,6213453.414839752],[580982.6068662499,6210094.357467476]]},"properties":{"type":"artcc-low","section":"Tower CTR LFSI Saint-Dizier Tower","uuid":"artcc-low-tower-ctr-lfsi-saint-dizier-tower"}},{"type":"Feature","geometry":{"type":"LineString","coordinates":[[580982.6068662499,6210094.357467476],[580627.002937327,6206760.004841865]]},"properties":{"type":"artcc-low","section":"Tower CTR LFSI Saint-Dizier Tower","uuid":"artcc-low-tower-ctr-lfsi-saint-dizier-tower"}},{"type":"Feature","geometry":{"type":"LineString","coordinates":[[580627.002937327,6206760.004841865],[580014.745737964,6203473.696936606]]},"properties":{"type":"artcc-low","section":"Tower CTR LFSI Saint-Dizier Tower","uuid":"artcc-low-tower-ctr-lfsi-saint-dizier-tower"}},{"type":"Feature","geometry":{"type":"LineString","coordinates":[[580014.745737964,6203473.696936606],[579142.7430600834,6200258.738275849]]},"properties":{"type":"artcc-low","section":"Tower CTR LFSI Saint-Dizier Tower","uuid":"artcc-low-tower-ctr-lfsi-saint-dizier-tower"}},{"type":"Feature","geometry":{"type":"LineString","coordinates":[[579142.7430600834,6200258.738275849],[578023.3637359955,6197143.069940061]]},"properties":{"type":"artcc-low","section":"Tower CTR LFSI Saint-Dizier Tower","uuid":"artcc-low-tower-ctr-lfsi-saint-dizier-tower"}},{"type":"Feature","geometry":{"type":"LineString","coordinates":[[578023.3637359955,6197143.069940061],[576662.7921818554,6194145.257667537]]},"properties":{"type":"artcc-low","section":"Tower CTR LFSI Saint-Dizier Tower","uuid":"artcc-low-tower-ctr-lfsi-saint-dizier-tower"}},{"type":"Feature","geometry":{"type":"LineString","coordinates":[[576662.7921818554,6194145.257667537],[575070.3050218961,6191293.179658007]]},"properties":{"type":"artcc-low","section":"Tower CTR LFSI Saint-Dizier Tower","uuid":"artcc-low-tower-ctr-lfsi-saint-dizier-tower"}},{"type":"Feature","geometry":{"type":"LineString","coordinates":[[575070.3050218961,6191293.179658007],[573261.3632965054,6188605.352103503]]},"properties":{"type":"artcc-low","section":"Tower CTR LFSI Saint-Dizier Tower","uuid":"artcc-low-tower-ctr-lfsi-saint-dizier-tower"}},{"type":"Feature","geometry":{"type":"LineString","coordinates":[[573261.3632965054,6188605.352103503],[571245.243629916,6186104.940894961]]},"properties":{"type":"artcc-low","section":"Tower CTR LFSI Saint-Dizier Tower","uuid":"artcc-low-tower-ctr-lfsi-saint-dizier-tower"}},{"type":"Feature","geometry":{"type":"LineString","coordinates":[[571245.243629916,6186104.940894961],[569040.4992705936,6183810.433115094]]},"properties":{"type":"artcc-low","section":"Tower CTR LFSI Saint-Dizier Tower","uuid":"artcc-low-tower-ctr-lfsi-saint-dizier-tower"}},{"type":"Feature","geometry":{"type":"LineString","coordinates":[[569040.4992705936,6183810.433115094],[566665.683467004,6181735.648116019]]},"properties":{"type":"artcc-low","section":"Tower CTR LFSI Saint-Dizier Tower","uuid":"artcc-low-tower-ctr-lfsi-saint-dizier-tower"}},{"type":"Feature","geometry":{"type":"LineString","coordinates":[[566665.683467004,6181735.648116019],[564133.1650514569,6179894.408077322]]},"properties":{"type":"artcc-low","section":"Tower CTR LFSI Saint-Dizier Tower","uuid":"artcc-low-tower-ctr-lfsi-saint-dizier-tower"}},{"type":"Feature","geometry":{"type":"LineString","coordinates":[[564133.1650514569,6179894.408077322],[561467.6816885736,6178309.861669543]]},"properties":{"type":"artcc-low","section":"Tower CTR LFSI Saint-Dizier Tower","uuid":"artcc-low-tower-ctr-lfsi-saint-dizier-tower"}},{"type":"Feature","geometry":{"type":"LineString","coordinates":[[561467.6816885736,6178309.861669543],[560555.4803056843,6179391.049651814]]},"properties":{"type":"artcc-low","section":"Tower CTR LFSI Saint-Dizier Tower","uuid":"artcc-low-tower-ctr-lfsi-saint-dizier-tower"}},{"type":"Feature","geometry":{"type":"LineString","coordinates":[[560555.4803056843,6179391.049651814],[515873.0735844952,6198614.34536519]]},"properties":{"type":"artcc-low","section":"Tower CTR LFSI Saint-Dizier Tower","uuid":"artcc-low-tower-ctr-lfsi-saint-dizier-tower"}},{"type":"Feature","geometry":{"type":"LineString","coordinates":[[515873.0735844952,6198614.34536519],[516002.94632375403,6202020.27299515]]},"properties":{"type":"artcc-low","section":"Tower CTR LFSI Saint-Dizier Tower","uuid":"artcc-low-tower-ctr-lfsi-saint-dizier-tower"}},{"type":"Feature","geometry":{"type":"LineString","coordinates":[[516002.94632375403,6202020.27299515],[515260.81638513226,6204997.488366249]]},"properties":{"type":"artcc-low","section":"Tower CTR LFSI Saint-Dizier Tower","uuid":"artcc-low-tower-ctr-lfsi-saint-dizier-tower"}},{"type":"Feature","geometry":{"type":"LineString","coordinates":[[515260.81638513226,6204997.488366249],[514756.78646848496,6208031.861671903]]},"properties":{"type":"artcc-low","section":"Tower CTR LFSI Saint-Dizier Tower","uuid":"artcc-low-tower-ctr-lfsi-saint-dizier-tower"}},{"type":"Feature","geometry":{"type":"LineString","coordinates":[[514756.78646848496,6208031.861671903],[514490.8565738122,6211104.742088592]]},"properties":{"type":"artcc-low","section":"Tower CTR LFSI Saint-Dizier Tower","uuid":"artcc-low-tower-ctr-lfsi-saint-dizier-tower"}},{"type":"Feature","geometry":{"type":"LineString","coordinates":[[514490.8565738122,6211104.742088592],[514472.30332534655,6214192.772851]]},"properties":{"type":"artcc-low","section":"Tower CTR LFSI Saint-Dizier Tower","uuid":"artcc-low-tower-ctr-lfsi-saint-dizier-tower"}},{"type":"Feature","geometry":{"type":"LineString","coordinates":[[514472.30332534655,6214192.772851],[514691.85009885556,6217272.5634526415]]},"properties":{"type":"artcc-low","section":"Tower CTR LFSI Saint-Dizier Tower","uuid":"artcc-low-tower-ctr-lfsi-saint-dizier-tower"}},{"type":"Feature","geometry":{"type":"LineString","coordinates":[[514691.85009885556,6217272.5634526415],[515155.68131049414,6220325.372559464]]},"properties":{"type":"artcc-low","section":"Tower CTR LFSI Saint-Dizier Tower","uuid":"artcc-low-tower-ctr-lfsi-saint-dizier-tower"}},{"type":"Feature","geometry":{"type":"LineString","coordinates":[[515155.68131049414,6220325.372559464],[515854.52033602964,6223318.377905883]]},"properties":{"type":"artcc-low","section":"Tower CTR LFSI Saint-Dizier Tower","uuid":"artcc-low-tower-ctr-lfsi-saint-dizier-tower"}},{"type":"Feature","geometry":{"type":"LineString","coordinates":[[515854.52033602964,6223318.377905883],[516788.36717546213,6226232.770823137]]},"properties":{"type":"artcc-low","section":"Tower CTR LFSI Saint-Dizier Tower","uuid":"artcc-low-tower-ctr-lfsi-saint-dizier-tower"}},{"type":"Feature","geometry":{"type":"LineString","coordinates":[[516788.36717546213,6226232.770823137],[517944.8529964813,6229045.030813244]]},"properties":{"type":"artcc-low","section":"Tower CTR LFSI Saint-Dizier Tower","uuid":"artcc-low-tower-ctr-lfsi-saint-dizier-tower"}},{"type":"Feature","geometry":{"type":"LineString","coordinates":[[517944.8529964813,6229045.030813244],[519317.7933829317,6231736.298753356]]},"properties":{"type":"artcc-low","section":"Tower CTR LFSI Saint-Dizier Tower","uuid":"artcc-low-tower-ctr-lfsi-saint-dizier-tower"}},{"type":"Feature","geometry":{"type":"LineString","coordinates":[[519317.7933829317,6231736.298753356],[520897.9117105805,6234287.6962813195]]},"properties":{"type":"artcc-low","section":"Tower CTR LFSI Saint-Dizier Tower","uuid":"artcc-low-tower-ctr-lfsi-saint-dizier-tower"}},{"type":"Feature","geometry":{"type":"LineString","coordinates":[[520897.9117105805,6234287.6962813195],[522669.74693904014,6236675.636575148]]},"properties":{"type":"artcc-low","section":"Tower CTR LFSI Saint-Dizier Tower","uuid":"artcc-low-tower-ctr-lfsi-saint-dizier-tower"}},{"type":"Feature","geometry":{"type":"LineString","coordinates":[[522669.74693904014,6236675.636575148],[524624.0224440777,6238885.9014988085]]},"properties":{"type":"artcc-low","section":"Tower CTR LFSI Saint-Dizier Tower","uuid":"artcc-low-tower-ctr-lfsi-saint-dizier-tower"}},{"type":"Feature","geometry":{"type":"LineString","coordinates":[[524624.0224440777,6238885.9014988085],[526742.1849772275,6240894.879837982]]},"properties":{"type":"artcc-low","section":"Tower CTR LFSI Saint-Dizier Tower","uuid":"artcc-low-tower-ctr-lfsi-saint-dizier-tower"}},{"type":"Feature","geometry":{"type":"LineString","coordinates":[[526742.1849772275,6240894.879837982],[529011.865706179,6242693.0375622865]]},"properties":{"type":"artcc-low","section":"Tower CTR LFSI Saint-Dizier Tower","uuid":"artcc-low-tower-ctr-lfsi-saint-dizier-tower"}},{"type":"Feature","geometry":{"type":"LineString","coordinates":[[529011.865706179,6242693.0375622865],[531411.4191743897,6244261.455238251]]},"properties":{"type":"artcc-low","section":"Tower CTR LFSI Saint-Dizier Tower","uuid":"artcc-low-tower-ctr-lfsi-saint-dizier-tower"}},{"type":"Feature","geometry":{"type":"LineString","coordinates":[[531411.4191743897,6244261.455238251],[533925.3843414711,6245595.308234404]]},"properties":{"type":"artcc-low","section":"Tower CTR LFSI Saint-Dizier Tower","uuid":"artcc-low-tower-ctr-lfsi-saint-dizier-tower"}},{"type":"Feature","geometry":{"type":"LineString","coordinates":[[533925.3843414711,6245595.308234404],[535910.5819272846,6245031.68276171]]},"properties":{"type":"artcc-low","section":"Tower CTR LFSI Saint-Dizier Tower","uuid":"artcc-low-tower-ctr-lfsi-saint-dizier-tower"}},{"type":"Feature","geometry":{"type":"LineString","coordinates":[[657712.6581035914,6267794.387439508],[689747.9337874334,6239350.552765331]]},"properties":{"type":"artcc-low","section":"Tower CTR LFSO Nancy Ochet","uuid":"artcc-low-tower-ctr-lfso-nancy-ochet"}},{"type":"Feature","geometry":{"type":"LineString","coordinates":[[689747.9337874334,6239350.552765331],[682604.9331281983,6216851.249584883]]},"properties":{"type":"artcc-low","section":"Tower CTR LFSO Nancy Ochet","uuid":"artcc-low-tower-ctr-lfso-nancy-ochet"}},{"type":"Feature","geometry":{"type":"LineString","coordinates":[[682604.9331281983,6216851.249584883],[683377.9851475961,6214978.996246144]]},"properties":{"type":"artcc-low","section":"Tower CTR LFSO Nancy Ochet","uuid":"artcc-low-tower-ctr-lfso-nancy-ochet"}},{"type":"Feature","geometry":{"type":"LineString","coordinates":[[683377.9851475961,6214978.996246144],[677966.621011812,6205623.9112645965]]},"properties":{"type":"artcc-low","section":"Tower CTR LFSO Nancy Ochet","uuid":"artcc-low-tower-ctr-lfso-nancy-ochet"}},{"type":"Feature","geometry":{"type":"LineString","coordinates":[[677966.621011812,6205623.9112645965],[685109.6216710471,6201744.571072855]]},"properties":{"type":"artcc-low","section":"Tower CTR LFSO Nancy Ochet","uuid":"artcc-low-tower-ctr-lfso-nancy-ochet"}},{"type":"Feature","geometry":{"type":"LineString","coordinates":[[685109.6216710471,6201744.571072855],[664824.7366820505,6169935.299520585]]},"properties":{"type":"artcc-low","section":"Tower CTR LFSO Nancy Ochet","uuid":"artcc-low-tower-ctr-lfso-nancy-ochet"}},{"type":"Feature","geometry":{"type":"LineString","coordinates":[[664824.7366820505,6169935.299520585],[652455.9043716867,6161094.574323498]]},"properties":{"type":"artcc-low","section":"Tower CTR LFSO Nancy Ochet","uuid":"artcc-low-tower-ctr-lfso-nancy-ochet"}},{"type":"Feature","geometry":{"type":"LineString","coordinates":[[652455.9043716867,6161094.574323498],[630192.0062130321,6174591.994320661]]},"properties":{"type":"artcc-low","section":"Tower CTR LFSO Nancy Ochet","uuid":"artcc-low-tower-ctr-lfso-nancy-ochet"}},{"type":"Feature","geometry":{"type":"LineString","coordinates":[[630192.0062130321,6174591.994320661],[616895.5114793911,6210767.933870363]]},"properties":{"type":"artcc-low","section":"Tower CTR LFSO Nancy Ochet","uuid":"artcc-low-tower-ctr-lfso-nancy-ochet"}},{"type":"Feature","geometry":{"type":"LineString","coordinates":[[616895.5114793911,6210767.933870363],[657712.6581035914,6267794.387439508]]},"properties":{"type":"artcc-low","section":"Tower CTR LFSO Nancy Ochet","uuid":"artcc-low-tower-ctr-lfso-nancy-ochet"}},{"type":"Feature","geometry":{"type":"LineString","coordinates":[[842162.8699318904,6233438.7086059805],[845564.2988172404,6234827.152490569]]},"properties":{"type":"artcc-low","section":"Tower CTR LFST CTR 1 - 2 Strasbourg Entzheim","uuid":"artcc-low-tower-ctr-lfst-ctr-1-2-strasbourg-entzheim"}},{"type":"Feature","geometry":{"type":"LineString","coordinates":[[845564.2988172404,6234827.152490569],[848968.8199106682,6234404.966451701]]},"properties":{"type":"artcc-low","section":"Tower CTR LFST CTR 1 - 2 Strasbourg Entzheim","uuid":"artcc-low-tower-ctr-lfst-ctr-1-2-strasbourg-entzheim"}},{"type":"Feature","geometry":{"type":"LineString","coordinates":[[848968.8199106682,6234404.966451701],[852330.0500910095,6233654.465376125]]},"properties":{"type":"artcc-low","section":"Tower CTR LFST CTR 1 - 2 Strasbourg Entzheim","uuid":"artcc-low-tower-ctr-lfst-ctr-1-2-strasbourg-entzheim"}},{"type":"Feature","geometry":{"type":"LineString","coordinates":[[852330.0500910095,6233654.465376125],[855617.0672774886,6232575.736397793]]},"properties":{"type":"artcc-low","section":"Tower CTR LFST CTR 1 - 2 Strasbourg Entzheim","uuid":"artcc-low-tower-ctr-lfst-ctr-1-2-strasbourg-entzheim"}},{"type":"Feature","geometry":{"type":"LineString","coordinates":[[855617.0672774886,6232575.736397793],[858811.3182216402,6231187.660930919]]},"properties":{"type":"artcc-low","section":"Tower CTR LFST CTR 1 - 2 Strasbourg Entzheim","uuid":"artcc-low-tower-ctr-lfst-ctr-1-2-strasbourg-entzheim"}},{"type":"Feature","geometry":{"type":"LineString","coordinates":[[858811.3182216402,6231187.660930919],[861881.8808426879,6229495.078905401]]},"properties":{"type":"artcc-low","section":"Tower CTR LFST CTR 1 - 2 Strasbourg Entzheim","uuid":"artcc-low-tower-ctr-lfst-ctr-1-2-strasbourg-entzheim"}},{"type":"Feature","geometry":{"type":"LineString","coordinates":[[861881.8808426879,6229495.078905401],[864807.1096840888,6227512.233581684]]},"properties":{"type":"artcc-low","section":"Tower CTR LFST CTR 1 - 2 Strasbourg Entzheim","uuid":"artcc-low-tower-ctr-lfst-ctr-1-2-strasbourg-entzheim"}},{"type":"Feature","geometry":{"type":"LineString","coordinates":[[864807.1096840888,6227512.233581684],[867565.3592893,6225253.38570202]]},"properties":{"type":"artcc-low","section":"Tower CTR LFST CTR 1 - 2 Strasbourg Entzheim","uuid":"artcc-low-tower-ctr-lfst-ctr-1-2-strasbourg-entzheim"}},{"type":"Feature","geometry":{"type":"LineString","coordinates":[[867565.3592893,6225253.38570202],[870138.0764098556,6222732.80872131]]},"properties":{"type":"artcc-low","section":"Tower CTR LFST CTR 1 - 2 Strasbourg Entzheim","uuid":"artcc-low-tower-ctr-lfst-ctr-1-2-strasbourg-entzheim"}},{"type":"Feature","geometry":{"type":"LineString","coordinates":[[870138.0764098556,6222732.80872131],[872503.6155892127,6219978.832885288]]},"properties":{"type":"artcc-low","section":"Tower CTR LFST CTR 1 - 2 Strasbourg Entzheim","uuid":"artcc-low-tower-ctr-lfst-ctr-1-2-strasbourg-entzheim"}},{"type":"Feature","geometry":{"type":"LineString","coordinates":[[872503.6155892127,6219978.832885288],[874643.4235789055,6217005.728910327]]},"properties":{"type":"artcc-low","section":"Tower CTR LFST CTR 1 - 2 Strasbourg Entzheim","uuid":"artcc-low-tower-ctr-lfst-ctr-1-2-strasbourg-entzheim"}},{"type":"Feature","geometry":{"type":"LineString","coordinates":[[874643.4235789055,6217005.728910327],[876517.3016739257,6216617.19535306]]},"properties":{"type":"artcc-low","section":"Tower CTR LFST CTR 1 - 2 Strasbourg Entzheim","uuid":"artcc-low-tower-ctr-lfst-ctr-1-2-strasbourg-entzheim"}},{"type":"Feature","geometry":{"type":"LineString","coordinates":[[868508.4827529653,6202725.923700177],[862602.3653247666,6200109.234878716]]},"properties":{"type":"artcc-low","section":"Tower CTR LFST CTR 1 - 2 Strasbourg Entzheim","uuid":"artcc-low-tower-ctr-lfst-ctr-1-2-strasbourg-entzheim"}},{"type":"Feature","geometry":{"type":"LineString","coordinates":[[862602.3653247666,6200109.234878716],[853542.1956574252,6166072.172120381]]},"properties":{"type":"artcc-low","section":"Tower CTR LFST CTR 1 - 2 Strasbourg Entzheim","uuid":"artcc-low-tower-ctr-lfst-ctr-1-2-strasbourg-entzheim"}},{"type":"Feature","geometry":{"type":"LineString","coordinates":[[853542.1956574252,6166072.172120381],[831556.5962257535,6167189.04129405]]},"properties":{"type":"artcc-low","section":"Tower CTR LFST CTR 1 - 2 Strasbourg Entzheim","uuid":"artcc-low-tower-ctr-lfst-ctr-1-2-strasbourg-entzheim"}},{"type":"Feature","geometry":{"type":"LineString","coordinates":[[831556.5962257535,6167189.04129405],[821228.6212465998,6167607.904918687]]},"properties":{"type":"artcc-low","section":"Tower CTR LFST CTR 1 - 2 Strasbourg Entzheim","uuid":"artcc-low-tower-ctr-lfst-ctr-1-2-strasbourg-entzheim"}},{"type":"Feature","geometry":{"type":"LineString","coordinates":[[821228.6212465998,6167607.904918687],[819902.0639813134,6170209.973962586]]},"properties":{"type":"artcc-low","section":"Tower CTR LFST CTR 1 - 2 Strasbourg Entzheim","uuid":"artcc-low-tower-ctr-lfst-ctr-1-2-strasbourg-entzheim"}},{"type":"Feature","geometry":{"type":"LineString","coordinates":[[819902.0639813134,6170209.973962586],[818325.037861742,6172500.823892716]]},"properties":{"type":"artcc-low","section":"Tower CTR LFST CTR 1 - 2 Strasbourg Entzheim","uuid":"artcc-low-tower-ctr-lfst-ctr-1-2-strasbourg-entzheim"}},{"type":"Feature","geometry":{"type":"LineString","coordinates":[[818325.037861742,6172500.823892716],[816933.5442268259,6174941.348938357]]},"properties":{"type":"artcc-low","section":"Tower CTR LFST CTR 1 - 2 Strasbourg Entzheim","uuid":"artcc-low-tower-ctr-lfst-ctr-1-2-strasbourg-entzheim"}},{"type":"Feature","geometry":{"type":"LineString","coordinates":[[816933.5442268259,6174941.348938357],[815743.0441169536,6177503.720210311]]},"properties":{"type":"artcc-low","section":"Tower CTR LFST CTR 1 - 2 Strasbourg Entzheim","uuid":"artcc-low-tower-ctr-lfst-ctr-1-2-strasbourg-entzheim"}},{"type":"Feature","geometry":{"type":"LineString","coordinates":[[815743.0441169536,6177503.720210311],[814756.6297402021,6180174.064490843]]},"properties":{"type":"artcc-low","section":"Tower CTR LFST CTR 1 - 2 Strasbourg Entzheim","uuid":"artcc-low-tower-ctr-lfst-ctr-1-2-strasbourg-entzheim"}},{"type":"Feature","geometry":{"type":"LineString","coordinates":[[814756.6297402021,6180174.064490843],[813983.5777208043,6182929.170584477]]},"properties":{"type":"artcc-low","section":"Tower CTR LFST CTR 1 - 2 Strasbourg Entzheim","uuid":"artcc-low-tower-ctr-lfst-ctr-1-2-strasbourg-entzheim"}},{"type":"Feature","geometry":{"type":"LineString","coordinates":[[813983.5777208043,6182929.170584477],[813430.0724749155,6185745.800311613]]},"properties":{"type":"artcc-low","section":"Tower CTR LFST CTR 1 - 2 Strasbourg Entzheim","uuid":"artcc-low-tower-ctr-lfst-ctr-1-2-strasbourg-entzheim"}},{"type":"Feature","geometry":{"type":"LineString","coordinates":[[813430.0724749155,6185745.800311613],[813102.2984186909,6188610.017735804]]},"properties":{"type":"artcc-low","section":"Tower CTR LFST CTR 1 - 2 Strasbourg Entzheim","uuid":"artcc-low-tower-ctr-lfst-ctr-1-2-strasbourg-entzheim"}},{"type":"Feature","geometry":{"type":"LineString","coordinates":[[813102.2984186909,6188610.017735804],[813003.347760208,6191493.867484326]]},"properties":{"type":"artcc-low","section":"Tower CTR LFST CTR 1 - 2 Strasbourg Entzheim","uuid":"artcc-low-tower-ctr-lfst-ctr-1-2-strasbourg-entzheim"}},{"type":"Feature","geometry":{"type":"LineString","coordinates":[[813003.347760208,6191493.867484326],[813130.1282913892,6194378.694237377]]},"properties":{"type":"artcc-low","section":"Tower CTR LFST CTR 1 - 2 Strasbourg Entzheim","uuid":"artcc-low-tower-ctr-lfst-ctr-1-2-strasbourg-entzheim"}},{"type":"Feature","geometry":{"type":"LineString","coordinates":[[813130.1282913892,6194378.694237377],[813482.6400122346,6197241.14705557]]},"properties":{"type":"artcc-low","section":"Tower CTR LFST CTR 1 - 2 Strasbourg Entzheim","uuid":"artcc-low-tower-ctr-lfst-ctr-1-2-strasbourg-entzheim"}},{"type":"Feature","geometry":{"type":"LineString","coordinates":[[813482.6400122346,6197241.14705557],[814060.882922744,6200057.843692655]]},"properties":{"type":"artcc-low","section":"Tower CTR LFST CTR 1 - 2 Strasbourg Entzheim","uuid":"artcc-low-tower-ctr-lfst-ctr-1-2-strasbourg-entzheim"}},{"type":"Feature","geometry":{"type":"LineString","coordinates":[[814060.882922744,6200057.843692655],[814855.580398685,6202810.044907691]]},"properties":{"type":"artcc-low","section":"Tower CTR LFST CTR 1 - 2 Strasbourg Entzheim","uuid":"artcc-low-tower-ctr-lfst-ctr-1-2-strasbourg-entzheim"}},{"type":"Feature","geometry":{"type":"LineString","coordinates":[[814855.580398685,6202810.044907691],[815866.7324400572,6205478.988431803]]},"properties":{"type":"artcc-low","section":"Tower CTR LFST CTR 1 - 2 Strasbourg Entzheim","uuid":"artcc-low-tower-ctr-lfst-ctr-1-2-strasbourg-entzheim"}},{"type":"Feature","geometry":{"type":"LineString","coordinates":[[815866.7324400572,6205478.988431803],[817081.9702145504,6208036.537967158]]},"properties":{"type":"artcc-low","section":"Tower CTR LFST CTR 1 - 2 Strasbourg Entzheim","uuid":"artcc-low-tower-ctr-lfst-ctr-1-2-strasbourg-entzheim"}},{"type":"Feature","geometry":{"type":"LineString","coordinates":[[817081.9702145504,6208036.537967158],[818495.1093060094,6210468.55999076]]},"properties":{"type":"artcc-low","section":"Tower CTR LFST CTR 1 - 2 Strasbourg Entzheim","uuid":"artcc-low-tower-ctr-lfst-ctr-1-2-strasbourg-entzheim"}},{"type":"Feature","geometry":{"type":"LineString","coordinates":[[818495.1093060094,6210468.55999076],[820093.780882124,6212756.231087596]]},"properties":{"type":"artcc-low","section":"Tower CTR LFST CTR 1 - 2 Strasbourg Entzheim","uuid":"artcc-low-tower-ctr-lfst-ctr-1-2-strasbourg-entzheim"}},{"type":"Feature","geometry":{"type":"LineString","coordinates":[[820093.780882124,6212756.231087596],[821865.6161105835,6214880.71434328]]},"properties":{"type":"artcc-low","section":"Tower CTR LFST CTR 1 - 2 Strasbourg Entzheim","uuid":"artcc-low-tower-ctr-lfst-ctr-1-2-strasbourg-entzheim"}},{"type":"Feature","geometry":{"type":"LineString","coordinates":[[821865.6161105835,6214880.71434328],[823798.2461590779,6216827.843871527]]},"properties":{"type":"artcc-low","section":"Tower CTR LFST CTR 1 - 2 Strasbourg Entzheim","uuid":"artcc-low-tower-ctr-lfst-ctr-1-2-strasbourg-entzheim"}},{"type":"Feature","geometry":{"type":"LineString","coordinates":[[823798.2461590779,6216827.843871527],[825876.2099872191,6218578.769249092]]},"properties":{"type":"artcc-low","section":"Tower CTR LFST CTR 1 - 2 Strasbourg Entzheim","uuid":"artcc-low-tower-ctr-lfst-ctr-1-2-strasbourg-entzheim"}},{"type":"Feature","geometry":{"type":"LineString","coordinates":[[825876.2099872191,6218578.769249092],[828080.9543465414,6220124.003189946]]},"properties":{"type":"artcc-low","section":"Tower CTR LFST CTR 1 - 2 Strasbourg Entzheim","uuid":"artcc-low-tower-ctr-lfst-ctr-1-2-strasbourg-entzheim"}},{"type":"Feature","geometry":{"type":"LineString","coordinates":[[828080.9543465414,6220124.003189946],[830403.2026128122,6221449.382326174]]},"properties":{"type":"artcc-low","section":"Tower CTR LFST CTR 1 - 2 Strasbourg Entzheim","uuid":"artcc-low-tower-ctr-lfst-ctr-1-2-strasbourg-entzheim"}},{"type":"Feature","geometry":{"type":"LineString","coordinates":[[830403.2026128122,6221449.382326174],[832818.2171214108,6222545.435110967]]},"properties":{"type":"artcc-low","section":"Tower CTR LFST CTR 1 - 2 Strasbourg Entzheim","uuid":"artcc-low-tower-ctr-lfst-ctr-1-2-strasbourg-entzheim"}},{"type":"Feature","geometry":{"type":"LineString","coordinates":[[832818.2171214108,6222545.435110967],[834834.336788,6222564.172285933]]},"properties":{"type":"artcc-low","section":"Tower CTR LFST CTR 1 - 2 Strasbourg Entzheim","uuid":"artcc-low-tower-ctr-lfst-ctr-1-2-strasbourg-entzheim"}},{"type":"Feature","geometry":{"type":"LineString","coordinates":[[834834.336788,6222564.172285933],[834988.9471918795,6225000.35719663]]},"properties":{"type":"artcc-low","section":"Tower CTR LFST CTR 1 - 2 Strasbourg Entzheim","uuid":"artcc-low-tower-ctr-lfst-ctr-1-2-strasbourg-entzheim"}},{"type":"Feature","geometry":{"type":"LineString","coordinates":[[834988.9471918795,6225000.35719663],[842162.8699318904,6233438.7086059805]]},"properties":{"type":"artcc-low","section":"Tower CTR LFST CTR 1 - 2 Strasbourg Entzheim","uuid":"artcc-low-tower-ctr-lfst-ctr-1-2-strasbourg-entzheim"}},{"type":"Feature","geometry":{"type":"LineString","coordinates":[[842162.8699318904,6233438.7086059805],[845564.2988172404,6234827.152490569]]},"properties":{"type":"artcc-low","section":"Tower CTR LFST CTR 1 Strasbourg Entzheim","uuid":"artcc-low-tower-ctr-lfst-ctr-1-strasbourg-entzheim"}},{"type":"Feature","geometry":{"type":"LineString","coordinates":[[845564.2988172404,6234827.152490569],[848968.8199106682,6234404.966451701]]},"properties":{"type":"artcc-low","section":"Tower CTR LFST CTR 1 Strasbourg Entzheim","uuid":"artcc-low-tower-ctr-lfst-ctr-1-strasbourg-entzheim"}},{"type":"Feature","geometry":{"type":"LineString","coordinates":[[848968.8199106682,6234404.966451701],[852330.0500910095,6233654.465376125]]},"properties":{"type":"artcc-low","section":"Tower CTR LFST CTR 1 Strasbourg Entzheim","uuid":"artcc-low-tower-ctr-lfst-ctr-1-strasbourg-entzheim"}},{"type":"Feature","geometry":{"type":"LineString","coordinates":[[852330.0500910095,6233654.465376125],[855617.0672774886,6232575.736397793]]},"properties":{"type":"artcc-low","section":"Tower CTR LFST CTR 1 Strasbourg Entzheim","uuid":"artcc-low-tower-ctr-lfst-ctr-1-strasbourg-entzheim"}},{"type":"Feature","geometry":{"type":"LineString","coordinates":[[855617.0672774886,6232575.736397793],[858811.3182216402,6231187.660930919]]},"properties":{"type":"artcc-low","section":"Tower CTR LFST CTR 1 Strasbourg Entzheim","uuid":"artcc-low-tower-ctr-lfst-ctr-1-strasbourg-entzheim"}},{"type":"Feature","geometry":{"type":"LineString","coordinates":[[858811.3182216402,6231187.660930919],[861881.8808426879,6229495.078905401]]},"properties":{"type":"artcc-low","section":"Tower CTR LFST CTR 1 Strasbourg Entzheim","uuid":"artcc-low-tower-ctr-lfst-ctr-1-strasbourg-entzheim"}},{"type":"Feature","geometry":{"type":"LineString","coordinates":[[861881.8808426879,6229495.078905401],[864807.1096840888,6227512.233581684]]},"properties":{"type":"artcc-low","section":"Tower CTR LFST CTR 1 Strasbourg Entzheim","uuid":"artcc-low-tower-ctr-lfst-ctr-1-strasbourg-entzheim"}},{"type":"Feature","geometry":{"type":"LineString","coordinates":[[864807.1096840888,6227512.233581684],[867565.3592893,6225253.38570202]]},"properties":{"type":"artcc-low","section":"Tower CTR LFST CTR 1 Strasbourg Entzheim","uuid":"artcc-low-tower-ctr-lfst-ctr-1-strasbourg-entzheim"}},{"type":"Feature","geometry":{"type":"LineString","coordinates":[[867565.3592893,6225253.38570202],[870138.0764098556,6222732.80872131]]},"properties":{"type":"artcc-low","section":"Tower CTR LFST CTR 1 Strasbourg Entzheim","uuid":"artcc-low-tower-ctr-lfst-ctr-1-strasbourg-entzheim"}},{"type":"Feature","geometry":{"type":"LineString","coordinates":[[870138.0764098556,6222732.80872131],[872503.6155892127,6219978.832885288]]},"properties":{"type":"artcc-low","section":"Tower CTR LFST CTR 1 Strasbourg Entzheim","uuid":"artcc-low-tower-ctr-lfst-ctr-1-strasbourg-entzheim"}},{"type":"Feature","geometry":{"type":"LineString","coordinates":[[872503.6155892127,6219978.832885288],[874643.4235789055,6217005.728910327]]},"properties":{"type":"artcc-low","section":"Tower CTR LFST CTR 1 Strasbourg Entzheim","uuid":"artcc-low-tower-ctr-lfst-ctr-1-strasbourg-entzheim"}},{"type":"Feature","geometry":{"type":"LineString","coordinates":[[874643.4235789055,6217005.728910327],[876517.3016739257,6216617.19535306]]},"properties":{"type":"artcc-low","section":"Tower CTR LFST CTR 1 Strasbourg Entzheim","uuid":"artcc-low-tower-ctr-lfst-ctr-1-strasbourg-entzheim"}},{"type":"Feature","geometry":{"type":"LineString","coordinates":[[868508.4827529653,6202725.923700177],[862602.3653247666,6200109.234878716]]},"properties":{"type":"artcc-low","section":"Tower CTR LFST CTR 1 Strasbourg Entzheim","uuid":"artcc-low-tower-ctr-lfst-ctr-1-strasbourg-entzheim"}},{"type":"Feature","geometry":{"type":"LineString","coordinates":[[862602.3653247666,6200109.234878716],[853542.1956574252,6166072.172120381]]},"properties":{"type":"artcc-low","section":"Tower CTR LFST CTR 1 Strasbourg Entzheim","uuid":"artcc-low-tower-ctr-lfst-ctr-1-strasbourg-entzheim"}},{"type":"Feature","geometry":{"type":"LineString","coordinates":[[853542.1956574252,6166072.172120381],[831556.5962257535,6167189.04129405]]},"properties":{"type":"artcc-low","section":"Tower CTR LFST CTR 1 Strasbourg Entzheim","uuid":"artcc-low-tower-ctr-lfst-ctr-1-strasbourg-entzheim"}},{"type":"Feature","geometry":{"type":"LineString","coordinates":[[831556.5962257535,6167189.04129405],[834988.9471918795,6225000.35719663]]},"properties":{"type":"artcc-low","section":"Tower CTR LFST CTR 1 Strasbourg Entzheim","uuid":"artcc-low-tower-ctr-lfst-ctr-1-strasbourg-entzheim"}},{"type":"Feature","geometry":{"type":"LineString","coordinates":[[834988.9471918795,6225000.35719663],[842162.8699318904,6233438.7086059805]]},"properties":{"type":"artcc-low","section":"Tower CTR LFST CTR 1 Strasbourg Entzheim","uuid":"artcc-low-tower-ctr-lfst-ctr-1-strasbourg-entzheim"}},{"type":"Feature","geometry":{"type":"LineString","coordinates":[[855954.117957946,6231375.225426009],[859278.2416413564,6230507.774392728]]},"properties":{"type":"artcc-low","section":"Tower CTR LFST CTR 1.1 Brumath Strasbourg Entzheim","uuid":"artcc-low-tower-ctr-lfst-ctr-1-1-brumath-strasbourg-entzheim"}},{"type":"Feature","geometry":{"type":"LineString","coordinates":[[859278.2416413564,6230507.774392728],[862293.1445170075,6228768.450598133]]},"properties":{"type":"artcc-low","section":"Tower CTR LFST CTR 1.1 Brumath Strasbourg Entzheim","uuid":"artcc-low-tower-ctr-lfst-ctr-1-1-brumath-strasbourg-entzheim"}},{"type":"Feature","geometry":{"type":"LineString","coordinates":[[862293.1445170075,6228768.450598133],[865162.7136130118,6226748.282068278]]},"properties":{"type":"artcc-low","section":"Tower CTR LFST CTR 1.1 Brumath Strasbourg Entzheim","uuid":"artcc-low-tower-ctr-lfst-ctr-1-1-brumath-strasbourg-entzheim"}},{"type":"Feature","geometry":{"type":"LineString","coordinates":[[865162.7136130118,6226748.282068278],[867766.3528143434,6225328.358559423]]},"properties":{"type":"artcc-low","section":"Tower CTR LFST CTR 1.1 Brumath Strasbourg Entzheim","uuid":"artcc-low-tower-ctr-lfst-ctr-1-1-brumath-strasbourg-entzheim"}},{"type":"Feature","geometry":{"type":"LineString","coordinates":[[867766.3528143434,6225328.358559423],[866467.6254217552,6223594.780591054]]},"properties":{"type":"artcc-low","section":"Tower CTR LFST CTR 1.1 Brumath Strasbourg Entzheim","uuid":"artcc-low-tower-ctr-lfst-ctr-1-1-brumath-strasbourg-entzheim"}},{"type":"Feature","geometry":{"type":"LineString","coordinates":[[866467.6254217552,6223594.780591054],[865601.8071600298,6220456.499366882]]},"properties":{"type":"artcc-low","section":"Tower CTR LFST CTR 1.1 Brumath Strasbourg Entzheim","uuid":"artcc-low-tower-ctr-lfst-ctr-1-1-brumath-strasbourg-entzheim"}},{"type":"Feature","geometry":{"type":"LineString","coordinates":[[865601.8071600298,6220456.499366882],[858798.9493893298,6219145.3223864185]]},"properties":{"type":"artcc-low","section":"Tower CTR LFST CTR 1.1 Brumath Strasbourg Entzheim","uuid":"artcc-low-tower-ctr-lfst-ctr-1-1-brumath-strasbourg-entzheim"}},{"type":"Feature","geometry":{"type":"LineString","coordinates":[[858798.9493893298,6219145.3223864185],[855335.676342428,6227390.371675604]]},"properties":{"type":"artcc-low","section":"Tower CTR LFST CTR 1.1 Brumath Strasbourg Entzheim","uuid":"artcc-low-tower-ctr-lfst-ctr-1-1-brumath-strasbourg-entzheim"}},{"type":"Feature","geometry":{"type":"LineString","coordinates":[[855335.676342428,6227390.371675604],[855954.117957946,6231375.225426009]]},"properties":{"type":"artcc-low","section":"Tower CTR LFST CTR 1.1 Brumath Strasbourg Entzheim","uuid":"artcc-low-tower-ctr-lfst-ctr-1-1-brumath-strasbourg-entzheim"}},{"type":"Feature","geometry":{"type":"LineString","coordinates":[[834834.336788,6222564.172285933],[831556.5962257535,6167189.04129405]]},"properties":{"type":"artcc-low","section":"Tower CTR LFST CTR 2 Strasbourg Entzheim","uuid":"artcc-low-tower-ctr-lfst-ctr-2-strasbourg-entzheim"}},{"type":"Feature","geometry":{"type":"LineString","coordinates":[[831556.5962257535,6167189.04129405],[821228.6212465998,6167607.904918687]]},"properties":{"type":"artcc-low","section":"Tower CTR LFST CTR 2 Strasbourg Entzheim","uuid":"artcc-low-tower-ctr-lfst-ctr-2-strasbourg-entzheim"}},{"type":"Feature","geometry":{"type":"LineString","coordinates":[[821228.6212465998,6167607.904918687],[819902.0639813134,6170209.973962586]]},"properties":{"type":"artcc-low","section":"Tower CTR LFST CTR 2 Strasbourg Entzheim","uuid":"artcc-low-tower-ctr-lfst-ctr-2-strasbourg-entzheim"}},{"type":"Feature","geometry":{"type":"LineString","coordinates":[[819902.0639813134,6170209.973962586],[818325.037861742,6172500.823892716]]},"properties":{"type":"artcc-low","section":"Tower CTR LFST CTR 2 Strasbourg Entzheim","uuid":"artcc-low-tower-ctr-lfst-ctr-2-strasbourg-entzheim"}},{"type":"Feature","geometry":{"type":"LineString","coordinates":[[818325.037861742,6172500.823892716],[816933.5442268259,6174941.348938357]]},"properties":{"type":"artcc-low","section":"Tower CTR LFST CTR 2 Strasbourg Entzheim","uuid":"artcc-low-tower-ctr-lfst-ctr-2-strasbourg-entzheim"}},{"type":"Feature","geometry":{"type":"LineString","coordinates":[[816933.5442268259,6174941.348938357],[815743.0441169536,6177503.720210311]]},"properties":{"type":"artcc-low","section":"Tower CTR LFST CTR 2 Strasbourg Entzheim","uuid":"artcc-low-tower-ctr-lfst-ctr-2-strasbourg-entzheim"}},{"type":"Feature","geometry":{"type":"LineString","coordinates":[[815743.0441169536,6177503.720210311],[814756.6297402021,6180174.064490843]]},"properties":{"type":"artcc-low","section":"Tower CTR LFST CTR 2 Strasbourg Entzheim","uuid":"artcc-low-tower-ctr-lfst-ctr-2-strasbourg-entzheim"}},{"type":"Feature","geometry":{"type":"LineString","coordinates":[[814756.6297402021,6180174.064490843],[813983.5777208043,6182929.170584477]]},"properties":{"type":"artcc-low","section":"Tower CTR LFST CTR 2 Strasbourg Entzheim","uuid":"artcc-low-tower-ctr-lfst-ctr-2-strasbourg-entzheim"}},{"type":"Feature","geometry":{"type":"LineString","coordinates":[[813983.5777208043,6182929.170584477],[813430.0724749155,6185745.800311613]]},"properties":{"type":"artcc-low","section":"Tower CTR LFST CTR 2 Strasbourg Entzheim","uuid":"artcc-low-tower-ctr-lfst-ctr-2-strasbourg-entzheim"}},{"type":"Feature","geometry":{"type":"LineString","coordinates":[[813430.0724749155,6185745.800311613],[813102.2984186909,6188610.017735804]]},"properties":{"type":"artcc-low","section":"Tower CTR LFST CTR 2 Strasbourg Entzheim","uuid":"artcc-low-tower-ctr-lfst-ctr-2-strasbourg-entzheim"}},{"type":"Feature","geometry":{"type":"LineString","coordinates":[[813102.2984186909,6188610.017735804],[813003.347760208,6191493.867484326]]},"properties":{"type":"artcc-low","section":"Tower CTR LFST CTR 2 Strasbourg Entzheim","uuid":"artcc-low-tower-ctr-lfst-ctr-2-strasbourg-entzheim"}},{"type":"Feature","geometry":{"type":"LineString","coordinates":[[813003.347760208,6191493.867484326],[813130.1282913892,6194378.694237377]]},"properties":{"type":"artcc-low","section":"Tower CTR LFST CTR 2 Strasbourg Entzheim","uuid":"artcc-low-tower-ctr-lfst-ctr-2-strasbourg-entzheim"}},{"type":"Feature","geometry":{"type":"LineString","coordinates":[[813130.1282913892,6194378.694237377],[813482.6400122346,6197241.14705557]]},"properties":{"type":"artcc-low","section":"Tower CTR LFST CTR 2 Strasbourg Entzheim","uuid":"artcc-low-tower-ctr-lfst-ctr-2-strasbourg-entzheim"}},{"type":"Feature","geometry":{"type":"LineString","coordinates":[[813482.6400122346,6197241.14705557],[814060.882922744,6200057.843692655]]},"properties":{"type":"artcc-low","section":"Tower CTR LFST CTR 2 Strasbourg Entzheim","uuid":"artcc-low-tower-ctr-lfst-ctr-2-strasbourg-entzheim"}},{"type":"Feature","geometry":{"type":"LineString","coordinates":[[814060.882922744,6200057.843692655],[814855.580398685,6202810.044907691]]},"properties":{"type":"artcc-low","section":"Tower CTR LFST CTR 2 Strasbourg Entzheim","uuid":"artcc-low-tower-ctr-lfst-ctr-2-strasbourg-entzheim"}},{"type":"Feature","geometry":{"type":"LineString","coordinates":[[814855.580398685,6202810.044907691],[815866.7324400572,6205478.988431803]]},"properties":{"type":"artcc-low","section":"Tower CTR LFST CTR 2 Strasbourg Entzheim","uuid":"artcc-low-tower-ctr-lfst-ctr-2-strasbourg-entzheim"}},{"type":"Feature","geometry":{"type":"LineString","coordinates":[[815866.7324400572,6205478.988431803],[817081.9702145504,6208036.537967158]]},"properties":{"type":"artcc-low","section":"Tower CTR LFST CTR 2 Strasbourg Entzheim","uuid":"artcc-low-tower-ctr-lfst-ctr-2-strasbourg-entzheim"}},{"type":"Feature","geometry":{"type":"LineString","coordinates":[[817081.9702145504,6208036.537967158],[818495.1093060094,6210468.55999076]]},"properties":{"type":"artcc-low","section":"Tower CTR LFST CTR 2 Strasbourg Entzheim","uuid":"artcc-low-tower-ctr-lfst-ctr-2-strasbourg-entzheim"}},{"type":"Feature","geometry":{"type":"LineString","coordinates":[[818495.1093060094,6210468.55999076],[820093.780882124,6212756.231087596]]},"properties":{"type":"artcc-low","section":"Tower CTR LFST CTR 2 Strasbourg Entzheim","uuid":"artcc-low-tower-ctr-lfst-ctr-2-strasbourg-entzheim"}},{"type":"Feature","geometry":{"type":"LineString","coordinates":[[820093.780882124,6212756.231087596],[821865.6161105835,6214880.71434328]]},"properties":{"type":"artcc-low","section":"Tower CTR LFST CTR 2 Strasbourg Entzheim","uuid":"artcc-low-tower-ctr-lfst-ctr-2-strasbourg-entzheim"}},{"type":"Feature","geometry":{"type":"LineString","coordinates":[[821865.6161105835,6214880.71434328],[823798.2461590779,6216827.843871527]]},"properties":{"type":"artcc-low","section":"Tower CTR LFST CTR 2 Strasbourg Entzheim","uuid":"artcc-low-tower-ctr-lfst-ctr-2-strasbourg-entzheim"}},{"type":"Feature","geometry":{"type":"LineString","coordinates":[[823798.2461590779,6216827.843871527],[825876.2099872191,6218578.769249092]]},"properties":{"type":"artcc-low","section":"Tower CTR LFST CTR 2 Strasbourg Entzheim","uuid":"artcc-low-tower-ctr-lfst-ctr-2-strasbourg-entzheim"}},{"type":"Feature","geometry":{"type":"LineString","coordinates":[[825876.2099872191,6218578.769249092],[828080.9543465414,6220124.003189946]]},"properties":{"type":"artcc-low","section":"Tower CTR LFST CTR 2 Strasbourg Entzheim","uuid":"artcc-low-tower-ctr-lfst-ctr-2-strasbourg-entzheim"}},{"type":"Feature","geometry":{"type":"LineString","coordinates":[[828080.9543465414,6220124.003189946],[830403.2026128122,6221449.382326174]]},"properties":{"type":"artcc-low","section":"Tower CTR LFST CTR 2 Strasbourg Entzheim","uuid":"artcc-low-tower-ctr-lfst-ctr-2-strasbourg-entzheim"}},{"type":"Feature","geometry":{"type":"LineString","coordinates":[[830403.2026128122,6221449.382326174],[832818.2171214108,6222545.435110967]]},"properties":{"type":"artcc-low","section":"Tower CTR LFST CTR 2 Strasbourg Entzheim","uuid":"artcc-low-tower-ctr-lfst-ctr-2-strasbourg-entzheim"}},{"type":"Feature","geometry":{"type":"LineString","coordinates":[[832818.2171214108,6222545.435110967],[834834.336788,6222564.172285933]]},"properties":{"type":"artcc-low","section":"Tower CTR LFST CTR 2 Strasbourg Entzheim","uuid":"artcc-low-tower-ctr-lfst-ctr-2-strasbourg-entzheim"}},{"type":"Feature","geometry":{"type":"LineString","coordinates":[[696612.6357196852,6102511.975164278],[706167.5586794412,6099048.502357453]]},"properties":{"type":"artcc-low","section":"Tower CTR LFSX CTR Luxeuil","uuid":"artcc-low-tower-ctr-lfsx-ctr-luxeuil"}},{"type":"Feature","geometry":{"type":"LineString","coordinates":[[706167.5586794412,6099048.502357453],[707064.2990219427,6099140.843507373]]},"properties":{"type":"artcc-low","section":"Tower CTR LFSX CTR Luxeuil","uuid":"artcc-low-tower-ctr-lfsx-ctr-luxeuil"}},{"type":"Feature","geometry":{"type":"LineString","coordinates":[[707064.2990219427,6099140.843507373],[709293.7810458855,6100050.456889857]]},"properties":{"type":"artcc-low","section":"Tower CTR LFSX CTR Luxeuil","uuid":"artcc-low-tower-ctr-lfsx-ctr-luxeuil"}},{"type":"Feature","geometry":{"type":"LineString","coordinates":[[709293.7810458855,6100050.456889857],[711566.553982915,6099865.756022466]]},"properties":{"type":"artcc-low","section":"Tower CTR LFSX CTR Luxeuil","uuid":"artcc-low-tower-ctr-lfsx-ctr-luxeuil"}},{"type":"Feature","geometry":{"type":"LineString","coordinates":[[711566.553982915,6099865.756022466],[713814.5892553237,6099468.662607822]]},"properties":{"type":"artcc-low","section":"Tower CTR LFSX CTR Luxeuil","uuid":"artcc-low-tower-ctr-lfsx-ctr-luxeuil"}},{"type":"Feature","geometry":{"type":"LineString","coordinates":[[713814.5892553237,6099468.662607822],[716019.3336146461,6098854.589174026]]},"properties":{"type":"artcc-low","section":"Tower CTR LFSX CTR Luxeuil","uuid":"artcc-low-tower-ctr-lfsx-ctr-luxeuil"}},{"type":"Feature","geometry":{"type":"LineString","coordinates":[[716019.3336146461,6098854.589174026],[718171.5104366492,6098037.431711971]]},"properties":{"type":"artcc-low","section":"Tower CTR LFSX CTR Luxeuil","uuid":"artcc-low-tower-ctr-lfsx-ctr-luxeuil"}},{"type":"Feature","geometry":{"type":"LineString","coordinates":[[718171.5104366492,6098037.431711971],[720246.3820567128,6097012.632234908]]},"properties":{"type":"artcc-low","section":"Tower CTR LFSX CTR Luxeuil","uuid":"artcc-low-tower-ctr-lfsx-ctr-luxeuil"}},{"type":"Feature","geometry":{"type":"LineString","coordinates":[[720246.3820567128,6097012.632234908],[722234.6718506038,6095798.7261703545]]},"properties":{"type":"artcc-low","section":"Tower CTR LFSX CTR Luxeuil","uuid":"artcc-low-tower-ctr-lfsx-ctr-luxeuil"}},{"type":"Feature","geometry":{"type":"LineString","coordinates":[[722234.6718506038,6095798.7261703545],[724117.8265698566,6094395.793665237]]},"properties":{"type":"artcc-low","section":"Tower CTR LFSX CTR Luxeuil","uuid":"artcc-low-tower-ctr-lfsx-ctr-luxeuil"}},{"type":"Feature","geometry":{"type":"LineString","coordinates":[[724117.8265698566,6094395.793665237],[725880.3851740835,6092822.382026885]]},"properties":{"type":"artcc-low","section":"Tower CTR LFSX CTR Luxeuil","uuid":"artcc-low-tower-ctr-lfsx-ctr-luxeuil"}},{"type":"Feature","geometry":{"type":"LineString","coordinates":[[725880.3851740835,6092822.382026885],[727513.0710390515,6091083.197632726]]},"properties":{"type":"artcc-low","section":"Tower CTR LFSX CTR Luxeuil","uuid":"artcc-low-tower-ctr-lfsx-ctr-luxeuil"}},{"type":"Feature","geometry":{"type":"LineString","coordinates":[[727513.0710390515,6091083.197632726],[729000.4231243726,6089201.399791283]]},"properties":{"type":"artcc-low","section":"Tower CTR LFSX CTR Luxeuil","uuid":"artcc-low-tower-ctr-lfsx-ctr-luxeuil"}},{"type":"Feature","geometry":{"type":"LineString","coordinates":[[729000.4231243726,6089201.399791283],[730333.1648058144,6087181.6928057335]]},"properties":{"type":"artcc-low","section":"Tower CTR LFSX CTR Luxeuil","uuid":"artcc-low-tower-ctr-lfsx-ctr-luxeuil"}},{"type":"Feature","geometry":{"type":"LineString","coordinates":[[730333.1648058144,6087181.6928057335],[731276.2882694796,6087190.914133911]]},"properties":{"type":"artcc-low","section":"Tower CTR LFSX CTR Luxeuil","uuid":"artcc-low-tower-ctr-lfsx-ctr-luxeuil"}},{"type":"Feature","geometry":{"type":"LineString","coordinates":[[731276.2882694796,6087190.914133911],[741604.2632486334,6069734.210083763]]},"properties":{"type":"artcc-low","section":"Tower CTR LFSX CTR Luxeuil","uuid":"artcc-low-tower-ctr-lfsx-ctr-luxeuil"}},{"type":"Feature","geometry":{"type":"LineString","coordinates":[[741604.2632486334,6069734.210083763],[740051.9747936827,6066789.866394522]]},"properties":{"type":"artcc-low","section":"Tower CTR LFSX CTR Luxeuil","uuid":"artcc-low-tower-ctr-lfsx-ctr-luxeuil"}},{"type":"Feature","geometry":{"type":"LineString","coordinates":[[740051.9747936827,6066789.866394522],[739551.0370851129,6063809.7432418065]]},"properties":{"type":"artcc-low","section":"Tower CTR LFSX CTR Luxeuil","uuid":"artcc-low-tower-ctr-lfsx-ctr-luxeuil"}},{"type":"Feature","geometry":{"type":"LineString","coordinates":[[739551.0370851129,6063809.7432418065],[738818.1837707239,6060890.405918098]]},"properties":{"type":"artcc-low","section":"Tower CTR LFSX CTR Luxeuil","uuid":"artcc-low-tower-ctr-lfsx-ctr-luxeuil"}},{"type":"Feature","geometry":{"type":"LineString","coordinates":[[738818.1837707239,6060890.405918098],[737853.4148505157,6058050.173083557]]},"properties":{"type":"artcc-low","section":"Tower CTR LFSX CTR Luxeuil","uuid":"artcc-low-tower-ctr-lfsx-ctr-luxeuil"}},{"type":"Feature","geometry":{"type":"LineString","coordinates":[[737853.4148505157,6058050.173083557],[736662.914740643,6055316.528401563]]},"properties":{"type":"artcc-low","section":"Tower CTR LFSX CTR Luxeuil","uuid":"artcc-low-tower-ctr-lfsx-ctr-luxeuil"}},{"type":"Feature","geometry":{"type":"LineString","coordinates":[[736662.914740643,6055316.528401563],[735259.0522734168,6052707.739559136]]},"properties":{"type":"artcc-low","section":"Tower CTR LFSX CTR Luxeuil","uuid":"artcc-low-tower-ctr-lfsx-ctr-luxeuil"}},{"type":"Feature","geometry":{"type":"LineString","coordinates":[[735259.0522734168,6052707.739559136],[733654.196281147,6050237.466140875]]},"properties":{"type":"artcc-low","section":"Tower CTR LFSX CTR Luxeuil","uuid":"artcc-low-tower-ctr-lfsx-ctr-luxeuil"}},{"type":"Feature","geometry":{"type":"LineString","coordinates":[[733654.196281147,6050237.466140875],[731854.5311799891,6047937.717137761]]},"properties":{"type":"artcc-low","section":"Tower CTR LFSX CTR Luxeuil","uuid":"artcc-low-tower-ctr-lfsx-ctr-luxeuil"}},{"type":"Feature","geometry":{"type":"LineString","coordinates":[[731854.5311799891,6047937.717137761],[729881.7024264862,6045812.94487943]]},"properties":{"type":"artcc-low","section":"Tower CTR LFSX CTR Luxeuil","uuid":"artcc-low-tower-ctr-lfsx-ctr-luxeuil"}},{"type":"Feature","geometry":{"type":"LineString","coordinates":[[729881.7024264862,6045812.94487943],[727741.8944367932,6043881.370398503]]},"properties":{"type":"artcc-low","section":"Tower CTR LFSX CTR Luxeuil","uuid":"artcc-low-tower-ctr-lfsx-ctr-luxeuil"}},{"type":"Feature","geometry":{"type":"LineString","coordinates":[[727741.8944367932,6043881.370398503],[725459.8448755312,6042165.797241935]]},"properties":{"type":"artcc-low","section":"Tower CTR LFSX CTR Luxeuil","uuid":"artcc-low-tower-ctr-lfsx-ctr-luxeuil"}},{"type":"Feature","geometry":{"type":"LineString","coordinates":[[725459.8448755312,6042165.797241935],[723044.8303669326,6040670.682557624]]},"properties":{"type":"artcc-low","section":"Tower CTR LFSX CTR Luxeuil","uuid":"artcc-low-tower-ctr-lfsx-ctr-luxeuil"}},{"type":"Feature","geometry":{"type":"LineString","coordinates":[[723044.8303669326,6040670.682557624],[720521.5885756185,6039409.66739846]]},"properties":{"type":"artcc-low","section":"Tower CTR LFSX CTR Luxeuil","uuid":"artcc-low-tower-ctr-lfsx-ctr-luxeuil"}},{"type":"Feature","geometry":{"type":"LineString","coordinates":[[720521.5885756185,6039409.66739846],[717905.5805419764,6038396.403159514]]},"properties":{"type":"artcc-low","section":"Tower CTR LFSX CTR Luxeuil","uuid":"artcc-low-tower-ctr-lfsx-ctr-luxeuil"}},{"type":"Feature","geometry":{"type":"LineString","coordinates":[[717905.5805419764,6038396.403159514],[716495.5336585949,6039418.837753267]]},"properties":{"type":"artcc-low","section":"Tower CTR LFSX CTR Luxeuil","uuid":"artcc-low-tower-ctr-lfsx-ctr-luxeuil"}},{"type":"Feature","geometry":{"type":"LineString","coordinates":[[716495.5336585949,6039418.837753267],[699550.2333933966,6045473.396918689]]},"properties":{"type":"artcc-low","section":"Tower CTR LFSX CTR Luxeuil","uuid":"artcc-low-tower-ctr-lfsx-ctr-luxeuil"}},{"type":"Feature","geometry":{"type":"LineString","coordinates":[[699550.2333933966,6045473.396918689],[697450.6241087124,6046308.525333261]]},"properties":{"type":"artcc-low","section":"Tower CTR LFSX CTR Luxeuil","uuid":"artcc-low-tower-ctr-lfsx-ctr-luxeuil"}},{"type":"Feature","geometry":{"type":"LineString","coordinates":[[697450.6241087124,6046308.525333261],[696148.8045080466,6046895.91678974]]},"properties":{"type":"artcc-low","section":"Tower CTR LFSX CTR Luxeuil","uuid":"artcc-low-tower-ctr-lfsx-ctr-luxeuil"}},{"type":"Feature","geometry":{"type":"LineString","coordinates":[[696148.8045080466,6046895.91678974],[695938.5343587705,6047400.738259797]]},"properties":{"type":"artcc-low","section":"Tower CTR LFSX CTR Luxeuil","uuid":"artcc-low-tower-ctr-lfsx-ctr-luxeuil"}},{"type":"Feature","geometry":{"type":"LineString","coordinates":[[695938.5343587705,6047400.738259797],[695882.8746133739,6047900.999569221]]},"properties":{"type":"artcc-low","section":"Tower CTR LFSX CTR Luxeuil","uuid":"artcc-low-tower-ctr-lfsx-ctr-luxeuil"}},{"type":"Feature","geometry":{"type":"LineString","coordinates":[[695882.8746133739,6047900.999569221],[695787.0161629686,6048396.699924739]]},"properties":{"type":"artcc-low","section":"Tower CTR LFSX CTR Luxeuil","uuid":"artcc-low-tower-ctr-lfsx-ctr-luxeuil"}},{"type":"Feature","geometry":{"type":"LineString","coordinates":[[695787.0161629686,6048396.699924739],[695650.9590075545,6048878.658122787]]},"properties":{"type":"artcc-low","section":"Tower CTR LFSX CTR Luxeuil","uuid":"artcc-low-tower-ctr-lfsx-ctr-luxeuil"}},{"type":"Feature","geometry":{"type":"LineString","coordinates":[[695650.9590075545,6048878.658122787],[695474.7031471318,6049346.871860656]]},"properties":{"type":"artcc-low","section":"Tower CTR LFSX CTR Luxeuil","uuid":"artcc-low-tower-ctr-lfsx-ctr-luxeuil"}},{"type":"Feature","geometry":{"type":"LineString","coordinates":[[695474.7031471318,6049346.871860656],[695264.4329978557,6049796.748205036]]},"properties":{"type":"artcc-low","section":"Tower CTR LFSX CTR Luxeuil","uuid":"artcc-low-tower-ctr-lfsx-ctr-luxeuil"}},{"type":"Feature","geometry":{"type":"LineString","coordinates":[[695264.4329978557,6049796.748205036],[695020.148559726,6050223.693364668]]},"properties":{"type":"artcc-low","section":"Tower CTR LFSX CTR Luxeuil","uuid":"artcc-low-tower-ctr-lfsx-ctr-luxeuil"}},{"type":"Feature","geometry":{"type":"LineString","coordinates":[[695020.148559726,6050223.693364668],[694738.7576246652,6050623.112800003]]},"properties":{"type":"artcc-low","section":"Tower CTR LFSX CTR Luxeuil","uuid":"artcc-low-tower-ctr-lfsx-ctr-luxeuil"}},{"type":"Feature","geometry":{"type":"LineString","coordinates":[[694738.7576246652,6050623.112800003],[694429.5368169061,6050999.59402163]]},"properties":{"type":"artcc-low","section":"Tower CTR LFSX CTR Luxeuil","uuid":"artcc-low-tower-ctr-lfsx-ctr-luxeuil"}},{"type":"Feature","geometry":{"type":"LineString","coordinates":[[694429.5368169061,6050999.59402163],[694089.3939283711,6051343.950986213]]},"properties":{"type":"artcc-low","section":"Tower CTR LFSX CTR Luxeuil","uuid":"artcc-low-tower-ctr-lfsx-ctr-luxeuil"}},{"type":"Feature","geometry":{"type":"LineString","coordinates":[[694089.3939283711,6051343.950986213],[693724.5133752153,6051651.588164431]]},"properties":{"type":"artcc-low","section":"Tower CTR LFSX CTR Luxeuil","uuid":"artcc-low-tower-ctr-lfsx-ctr-luxeuil"}},{"type":"Feature","geometry":{"type":"LineString","coordinates":[[693724.5133752153,6051651.588164431],[693334.8951574389,6051927.093455177]]},"properties":{"type":"artcc-low","section":"Tower CTR LFSX CTR Luxeuil","uuid":"artcc-low-tower-ctr-lfsx-ctr-luxeuil"}},{"type":"Feature","geometry":{"type":"LineString","coordinates":[[693334.8951574389,6051927.093455177],[692926.7236911969,6052165.871823658]]},"properties":{"type":"artcc-low","section":"Tower CTR LFSX CTR Luxeuil","uuid":"artcc-low-tower-ctr-lfsx-ctr-luxeuil"}},{"type":"Feature","geometry":{"type":"LineString","coordinates":[[692926.7236911969,6052165.871823658],[692499.9989764893,6052358.736099666]]},"properties":{"type":"artcc-low","section":"Tower CTR LFSX CTR Luxeuil","uuid":"artcc-low-tower-ctr-lfsx-ctr-luxeuil"}},{"type":"Feature","geometry":{"type":"LineString","coordinates":[[692499.9989764893,6052358.736099666],[692057.8132213939,6052514.867481009]]},"properties":{"type":"artcc-low","section":"Tower CTR LFSX CTR Luxeuil","uuid":"artcc-low-tower-ctr-lfsx-ctr-luxeuil"}},{"type":"Feature","geometry":{"type":"LineString","coordinates":[[692057.8132213939,6052514.867481009],[691606.3508420655,6052629.67176998]]},"properties":{"type":"artcc-low","section":"Tower CTR LFSX CTR Luxeuil","uuid":"artcc-low-tower-ctr-lfsx-ctr-luxeuil"}},{"type":"Feature","geometry":{"type":"LineString","coordinates":[[691606.3508420655,6052629.67176998],[691148.7040465821,6052698.555076688]]},"properties":{"type":"artcc-low","section":"Tower CTR LFSX CTR Luxeuil","uuid":"artcc-low-tower-ctr-lfsx-ctr-luxeuil"}},{"type":"Feature","geometry":{"type":"LineString","coordinates":[[691148.7040465821,6052698.555076688],[690684.8728349435,6052726.108553373]]},"properties":{"type":"artcc-low","section":"Tower CTR LFSX CTR Luxeuil","uuid":"artcc-low-tower-ctr-lfsx-ctr-luxeuil"}},{"type":"Feature","geometry":{"type":"LineString","coordinates":[[690684.8728349435,6052726.108553373],[690221.0416233048,6052707.739559136]]},"properties":{"type":"artcc-low","section":"Tower CTR LFSX CTR Luxeuil","uuid":"artcc-low-tower-ctr-lfsx-ctr-luxeuil"}},{"type":"Feature","geometry":{"type":"LineString","coordinates":[[690221.0416233048,6052707.739559136],[689763.3948278213,6052643.448387324]]},"properties":{"type":"artcc-low","section":"Tower CTR LFSX CTR Luxeuil","uuid":"artcc-low-tower-ctr-lfsx-ctr-luxeuil"}},{"type":"Feature","geometry":{"type":"LineString","coordinates":[[689763.3948278213,6052643.448387324],[689308.8402404155,6052537.828216584]]},"properties":{"type":"artcc-low","section":"Tower CTR LFSX CTR Luxeuil","uuid":"artcc-low-tower-ctr-lfsx-ctr-luxeuil"}},{"type":"Feature","geometry":{"type":"LineString","coordinates":[[689308.8402404155,6052537.828216584],[688866.65448532,6052390.880564843]]},"properties":{"type":"artcc-low","section":"Tower CTR LFSX CTR Luxeuil","uuid":"artcc-low-tower-ctr-lfsx-ctr-luxeuil"}},{"type":"Feature","geometry":{"type":"LineString","coordinates":[[688866.65448532,6052390.880564843],[688882.115525708,6052175.055739035]]},"properties":{"type":"artcc-low","section":"Tower CTR LFSX CTR Luxeuil","uuid":"artcc-low-tower-ctr-lfsx-ctr-luxeuil"}},{"type":"Feature","geometry":{"type":"LineString","coordinates":[[688882.115525708,6052175.055739035],[686952.5776852912,6053736.463475395]]},"properties":{"type":"artcc-low","section":"Tower CTR LFSX CTR Luxeuil","uuid":"artcc-low-tower-ctr-lfsx-ctr-luxeuil"}},{"type":"Feature","geometry":{"type":"LineString","coordinates":[[686952.5776852912,6053736.463475395],[685613.6515876944,6055849.406260296]]},"properties":{"type":"artcc-low","section":"Tower CTR LFSX CTR Luxeuil","uuid":"artcc-low-tower-ctr-lfsx-ctr-luxeuil"}},{"type":"Feature","geometry":{"type":"LineString","coordinates":[[685613.6515876944,6055849.406260296],[684447.8891424426,6058086.933874746]]},"properties":{"type":"artcc-low","section":"Tower CTR LFSX CTR Luxeuil","uuid":"artcc-low-tower-ctr-lfsx-ctr-luxeuil"}},{"type":"Feature","geometry":{"type":"LineString","coordinates":[[684447.8891424426,6058086.933874746],[683464.5669737686,6060421.565146284]]},"properties":{"type":"artcc-low","section":"Tower CTR LFSX CTR Luxeuil","uuid":"artcc-low-tower-ctr-lfsx-ctr-luxeuil"}},{"type":"Feature","geometry":{"type":"LineString","coordinates":[[683464.5669737686,6060421.565146284],[682672.9617059053,6062848.781312901]]},"properties":{"type":"artcc-low","section":"Tower CTR LFSX CTR Luxeuil","uuid":"artcc-low-tower-ctr-lfsx-ctr-luxeuil"}},{"type":"Feature","geometry":{"type":"LineString","coordinates":[[682672.9617059053,6062848.781312901],[682076.1655469303,6065336.46770275]]},"properties":{"type":"artcc-low","section":"Tower CTR LFSX CTR Luxeuil","uuid":"artcc-low-tower-ctr-lfsx-ctr-luxeuil"}},{"type":"Feature","geometry":{"type":"LineString","coordinates":[[682076.1655469303,6065336.46770275],[681683.4551210761,6067875.476005247]]},"properties":{"type":"artcc-low","section":"Tower CTR LFSX CTR Luxeuil","uuid":"artcc-low-tower-ctr-lfsx-ctr-luxeuil"}},{"type":"Feature","geometry":{"type":"LineString","coordinates":[[681683.4551210761,6067875.476005247],[681494.8304283431,6070438.241334489]]},"properties":{"type":"artcc-low","section":"Tower CTR LFSX CTR Luxeuil","uuid":"artcc-low-tower-ctr-lfsx-ctr-luxeuil"}},{"type":"Feature","geometry":{"type":"LineString","coordinates":[[681494.8304283431,6070438.241334489],[680904.2186855234,6071252.780668314]]},"properties":{"type":"artcc-low","section":"Tower CTR LFSX CTR Luxeuil","uuid":"artcc-low-tower-ctr-lfsx-ctr-luxeuil"}},{"type":"Feature","geometry":{"type":"LineString","coordinates":[[680904.2186855234,6071252.780668314],[676482.3611345683,6080047.348475461]]},"properties":{"type":"artcc-low","section":"Tower CTR LFSX CTR Luxeuil","uuid":"artcc-low-tower-ctr-lfsx-ctr-luxeuil"}},{"type":"Feature","geometry":{"type":"LineString","coordinates":[[676482.3611345683,6080047.348475461],[678343.8703972781,6082673.64750795]]},"properties":{"type":"artcc-low","section":"Tower CTR LFSX CTR Luxeuil","uuid":"artcc-low-tower-ctr-lfsx-ctr-luxeuil"}},{"type":"Feature","geometry":{"type":"LineString","coordinates":[[678343.8703972781,6082673.64750795],[679348.8380224952,6085508.185493792]]},"properties":{"type":"artcc-low","section":"Tower CTR LFSX CTR Luxeuil","uuid":"artcc-low-tower-ctr-lfsx-ctr-luxeuil"}},{"type":"Feature","geometry":{"type":"LineString","coordinates":[[679348.8380224952,6085508.185493792],[680573.352421221,6088232.987920905]]},"properties":{"type":"artcc-low","section":"Tower CTR LFSX CTR Luxeuil","uuid":"artcc-low-tower-ctr-lfsx-ctr-luxeuil"}},{"type":"Feature","geometry":{"type":"LineString","coordinates":[[680573.352421221,6088232.987920905],[682011.2291773008,6090834.112499005]]},"properties":{"type":"artcc-low","section":"Tower CTR LFSX CTR Luxeuil","uuid":"artcc-low-tower-ctr-lfsx-ctr-luxeuil"}},{"type":"Feature","geometry":{"type":"LineString","coordinates":[[682011.2291773008,6090834.112499005],[683653.1916665018,6093288.377148836]]},"properties":{"type":"artcc-low","section":"Tower CTR LFSX CTR Luxeuil","uuid":"artcc-low-tower-ctr-lfsx-ctr-luxeuil"}},{"type":"Feature","geometry":{"type":"LineString","coordinates":[[683653.1916665018,6093288.377148836],[685483.7788484355,6095577.1952817645]]},"properties":{"type":"artcc-low","section":"Tower CTR LFSX CTR Luxeuil","uuid":"artcc-low-tower-ctr-lfsx-ctr-luxeuil"}},{"type":"Feature","geometry":{"type":"LineString","coordinates":[[685483.7788484355,6095577.1952817645],[687487.5296827144,6097681.96939615]]},"properties":{"type":"artcc-low","section":"Tower CTR LFSX CTR Luxeuil","uuid":"artcc-low-tower-ctr-lfsx-ctr-luxeuil"}},{"type":"Feature","geometry":{"type":"LineString","coordinates":[[687487.5296827144,6097681.96939615],[689652.0753370281,6099588.712169015]]},"properties":{"type":"artcc-low","section":"Tower CTR LFSX CTR Luxeuil","uuid":"artcc-low-tower-ctr-lfsx-ctr-luxeuil"}},{"type":"Feature","geometry":{"type":"LineString","coordinates":[[689652.0753370281,6099588.712169015],[691961.9547709886,6101283.436944278]]},"properties":{"type":"artcc-low","section":"Tower CTR LFSX CTR Luxeuil","uuid":"artcc-low-tower-ctr-lfsx-ctr-luxeuil"}},{"type":"Feature","geometry":{"type":"LineString","coordinates":[[691961.9547709886,6101283.436944278],[694398.6147361302,6102747.542048914]]},"properties":{"type":"artcc-low","section":"Tower CTR LFSX CTR Luxeuil","uuid":"artcc-low-tower-ctr-lfsx-ctr-luxeuil"}},{"type":"Feature","geometry":{"type":"LineString","coordinates":[[694398.6147361302,6102747.542048914],[696612.6357196852,6102511.975164278]]},"properties":{"type":"artcc-low","section":"Tower CTR LFSX CTR Luxeuil","uuid":"artcc-low-tower-ctr-lfsx-ctr-luxeuil"}},{"type":"Feature","geometry":{"type":"LineString","coordinates":[[695684.973296408,5338646.678631485],[696671.3876731595,5337595.178847476]]},"properties":{"type":"artcc-low","section":"Tower CTR LFTH Hyeres le Palyvestre","uuid":"artcc-low-tower-ctr-lfth-hyeres-le-palyvestre","lineStyle":{"color":[0,0,0]}}},{"type":"Feature","geometry":{"type":"LineString","coordinates":[[696671.3876731595,5337595.178847476],[697561.9435995056,5336459.014005508]]},"properties":{"type":"artcc-low","section":"Tower CTR LFTH Hyeres le Palyvestre","uuid":"artcc-low-tower-ctr-lfth-hyeres-le-palyvestre","lineStyle":{"color":[0,0,0]}}},{"type":"Feature","geometry":{"type":"LineString","coordinates":[[697561.9435995056,5336459.014005508],[698347.3644512137,5335250.93088142]]},"properties":{"type":"artcc-low","section":"Tower CTR LFTH Hyeres le Palyvestre","uuid":"artcc-low-tower-ctr-lfth-hyeres-le-palyvestre","lineStyle":{"color":[0,0,0]}}},{"type":"Feature","geometry":{"type":"LineString","coordinates":[[698347.3644512137,5335250.93088142],[699030.7424363613,5333975.195451897]]},"properties":{"type":"artcc-low","section":"Tower CTR LFTH Hyeres le Palyvestre","uuid":"artcc-low-tower-ctr-lfth-hyeres-le-palyvestre","lineStyle":{"color":[0,0,0]}}},{"type":"Feature","geometry":{"type":"LineString","coordinates":[[699030.7424363613,5333975.195451897],[699596.6165145604,5332648.7851796895]]},"properties":{"type":"artcc-low","section":"Tower CTR LFTH Hyeres le Palyvestre","uuid":"artcc-low-tower-ctr-lfth-hyeres-le-palyvestre","lineStyle":{"color":[0,0,0]}}},{"type":"Feature","geometry":{"type":"LineString","coordinates":[[699596.6165145604,5332648.7851796895],[700048.0788938887,5331275.958481145]]},"properties":{"type":"artcc-low","section":"Tower CTR LFTH Hyeres le Palyvestre","uuid":"artcc-low-tower-ctr-lfth-hyeres-le-palyvestre","lineStyle":{"color":[0,0,0]}}},{"type":"Feature","geometry":{"type":"LineString","coordinates":[[700048.0788938887,5331275.958481145],[700375.8529501135,5329869.444337114]]},"properties":{"type":"artcc-low","section":"Tower CTR LFTH Hyeres le Palyvestre","uuid":"artcc-low-tower-ctr-lfth-hyeres-le-palyvestre","lineStyle":{"color":[0,0,0]}}},{"type":"Feature","geometry":{"type":"LineString","coordinates":[[700375.8529501135,5329869.444337114],[700583.030891312,5328437.729008297]]},"properties":{"type":"artcc-low","section":"Tower CTR LFTH Hyeres le Palyvestre","uuid":"artcc-low-tower-ctr-lfth-hyeres-le-palyvestre","lineStyle":{"color":[0,0,0]}}},{"type":"Feature","geometry":{"type":"LineString","coordinates":[[700583.030891312,5328437.729008297],[700663.4283013294,5326997.763534086]]},"properties":{"type":"artcc-low","section":"Tower CTR LFTH Hyeres le Palyvestre","uuid":"artcc-low-tower-ctr-lfth-hyeres-le-palyvestre","lineStyle":{"color":[0,0,0]}}},{"type":"Feature","geometry":{"type":"LineString","coordinates":[[700663.4283013294,5326997.763534086],[700620.1373882431,5325553.7859369675]]},"properties":{"type":"artcc-low","section":"Tower CTR LFTH Hyeres le Palyvestre","uuid":"artcc-low-tower-ctr-lfth-hyeres-le-palyvestre","lineStyle":{"color":[0,0,0]}}},{"type":"Feature","geometry":{"type":"LineString","coordinates":[[700620.1373882431,5325553.7859369675],[700450.0659439756,5324118.498745069]]},"properties":{"type":"artcc-low","section":"Tower CTR LFTH Hyeres le Palyvestre","uuid":"artcc-low-tower-ctr-lfth-hyeres-le-palyvestre","lineStyle":{"color":[0,0,0]}}},{"type":"Feature","geometry":{"type":"LineString","coordinates":[[700450.0659439756,5324118.498745069],[700159.3983846821,5322704.596696043]]},"properties":{"type":"artcc-low","section":"Tower CTR LFTH Hyeres le Palyvestre","uuid":"artcc-low-tower-ctr-lfth-hyeres-le-palyvestre","lineStyle":{"color":[0,0,0]}}},{"type":"Feature","geometry":{"type":"LineString","coordinates":[[700159.3983846821,5322704.596696043],[699745.0425022849,5321324.766947763]]},"properties":{"type":"artcc-low","section":"Tower CTR LFTH Hyeres le Palyvestre","uuid":"artcc-low-tower-ctr-lfth-hyeres-le-palyvestre","lineStyle":{"color":[0,0,0]}}},{"type":"Feature","geometry":{"type":"LineString","coordinates":[[699745.0425022849,5321324.766947763],[699210.0905048617,5319983.226084604]]},"properties":{"type":"artcc-low","section":"Tower CTR LFTH Hyeres le Palyvestre","uuid":"artcc-low-tower-ctr-lfth-hyeres-le-palyvestre","lineStyle":{"color":[0,0,0]}}},{"type":"Feature","geometry":{"type":"LineString","coordinates":[[699210.0905048617,5319983.226084604],[698563.8190166451,5318696.882010706]]},"properties":{"type":"artcc-low","section":"Tower CTR LFTH Hyeres le Palyvestre","uuid":"artcc-low-tower-ctr-lfth-hyeres-le-palyvestre","lineStyle":{"color":[0,0,0]}}},{"type":"Feature","geometry":{"type":"LineString","coordinates":[[698563.8190166451,5318696.882010706],[697806.2280376353,5317469.942477532]]},"properties":{"type":"artcc-low","section":"Tower CTR LFTH Hyeres le Palyvestre","uuid":"artcc-low-tower-ctr-lfth-hyeres-le-palyvestre","lineStyle":{"color":[0,0,0]}}},{"type":"Feature","geometry":{"type":"LineString","coordinates":[[697806.2280376353,5317469.942477532],[696946.5941920652,5316310.844131833]]},"properties":{"type":"artcc-low","section":"Tower CTR LFTH Hyeres le Palyvestre","uuid":"artcc-low-tower-ctr-lfth-hyeres-le-palyvestre","lineStyle":{"color":[0,0,0]}}},{"type":"Feature","geometry":{"type":"LineString","coordinates":[[696946.5941920652,5316310.844131833],[695988.009688012,5315236.47987032]]},"properties":{"type":"artcc-low","section":"Tower CTR LFTH Hyeres le Palyvestre","uuid":"artcc-low-tower-ctr-lfth-hyeres-le-palyvestre","lineStyle":{"color":[0,0,0]}}},{"type":"Feature","geometry":{"type":"LineString","coordinates":[[695988.009688012,5315236.47987032],[694939.7511497086,5314246.820479479]]},"properties":{"type":"artcc-low","section":"Tower CTR LFTH Hyeres le Palyvestre","uuid":"artcc-low-tower-ctr-lfth-hyeres-le-palyvestre","lineStyle":{"color":[0,0,0]}}},{"type":"Feature","geometry":{"type":"LineString","coordinates":[[694939.7511497086,5314246.820479479],[693811.0952013878,5313354.525111696]]},"properties":{"type":"artcc-low","section":"Tower CTR LFTH Hyeres le Palyvestre","uuid":"artcc-low-tower-ctr-lfth-hyeres-le-palyvestre","lineStyle":{"color":[0,0,0]}}},{"type":"Feature","geometry":{"type":"LineString","coordinates":[[693811.0952013878,5313354.525111696],[692608.226259205,5312563.794222103]]},"properties":{"type":"artcc-low","section":"Tower CTR LFTH Hyeres le Palyvestre","uuid":"artcc-low-tower-ctr-lfth-hyeres-le-palyvestre","lineStyle":{"color":[0,0,0]}}},{"type":"Feature","geometry":{"type":"LineString","coordinates":[[692608.226259205,5312563.794222103],[691343.5131554703,5311883.05808553]]},"properties":{"type":"artcc-low","section":"Tower CTR LFTH Hyeres le Palyvestre","uuid":"artcc-low-tower-ctr-lfth-hyeres-le-palyvestre","lineStyle":{"color":[0,0,0]}}},{"type":"Feature","geometry":{"type":"LineString","coordinates":[[691343.5131554703,5311883.05808553],[690020.0480982615,5311312.292683648]]},"properties":{"type":"artcc-low","section":"Tower CTR LFTH Hyeres le Palyvestre","uuid":"artcc-low-tower-ctr-lfth-hyeres-le-palyvestre","lineStyle":{"color":[0,0,0]}}},{"type":"Feature","geometry":{"type":"LineString","coordinates":[[690020.0480982615,5311312.292683648],[688656.3843360438,5310859.932996897]]},"properties":{"type":"artcc-low","section":"Tower CTR LFTH Hyeres le Palyvestre","uuid":"artcc-low-tower-ctr-lfth-hyeres-le-palyvestre","lineStyle":{"color":[0,0,0]}}},{"type":"Feature","geometry":{"type":"LineString","coordinates":[[688656.3843360438,5310859.932996897],[687255.6140768952,5310530.189254662]]},"properties":{"type":"artcc-low","section":"Tower CTR LFTH Hyeres le Palyvestre","uuid":"artcc-low-tower-ctr-lfth-hyeres-le-palyvestre","lineStyle":{"color":[0,0,0]}}},{"type":"Feature","geometry":{"type":"LineString","coordinates":[[687255.6140768952,5310530.189254662],[685833.1983612033,5310323.048489594]]},"properties":{"type":"artcc-low","section":"Tower CTR LFTH Hyeres le Palyvestre","uuid":"artcc-low-tower-ctr-lfth-hyeres-le-palyvestre","lineStyle":{"color":[0,0,0]}}},{"type":"Feature","geometry":{"type":"LineString","coordinates":[[685833.1983612033,5310323.048489594],[684395.3216051236,5310242.729835249]]},"properties":{"type":"artcc-low","section":"Tower CTR LFTH Hyeres le Palyvestre","uuid":"artcc-low-tower-ctr-lfth-hyeres-le-palyvestre","lineStyle":{"color":[0,0,0]}}},{"type":"Feature","geometry":{"type":"LineString","coordinates":[[684395.3216051236,5310242.729835249],[682960.5370571213,5310289.230024758]]},"properties":{"type":"artcc-low","section":"Tower CTR LFTH Hyeres le Palyvestre","uuid":"artcc-low-tower-ctr-lfth-hyeres-le-palyvestre","lineStyle":{"color":[0,0,0]}}},{"type":"Feature","geometry":{"type":"LineString","coordinates":[[682960.5370571213,5310289.230024758],[681531.9369252742,5310458.323571615]]},"properties":{"type":"artcc-low","section":"Tower CTR LFTH Hyeres le Palyvestre","uuid":"artcc-low-tower-ctr-lfth-hyeres-le-palyvestre","lineStyle":{"color":[0,0,0]}}},{"type":"Feature","geometry":{"type":"LineString","coordinates":[[681531.9369252742,5310458.323571615],[680121.8900418928,5310750.017124535]]},"properties":{"type":"artcc-low","section":"Tower CTR LFTH Hyeres le Palyvestre","uuid":"artcc-low-tower-ctr-lfth-hyeres-le-palyvestre","lineStyle":{"color":[0,0,0]}}},{"type":"Feature","geometry":{"type":"LineString","coordinates":[[680121.8900418928,5310750.017124535],[678745.8574473648,5311164.322154037]]},"properties":{"type":"artcc-low","section":"Tower CTR LFTH Hyeres le Palyvestre","uuid":"artcc-low-tower-ctr-lfth-hyeres-le-palyvestre","lineStyle":{"color":[0,0,0]}}},{"type":"Feature","geometry":{"type":"LineString","coordinates":[[678745.8574473648,5311164.322154037],[677410.0235578456,5311701.254954807]]},"properties":{"type":"artcc-low","section":"Tower CTR LFTH Hyeres le Palyvestre","uuid":"artcc-low-tower-ctr-lfth-hyeres-le-palyvestre","lineStyle":{"color":[0,0,0]}}},{"type":"Feature","geometry":{"type":"LineString","coordinates":[[677410.0235578456,5311701.254954807],[676126.7572056453,5312348.151947021]]},"properties":{"type":"artcc-low","section":"Tower CTR LFTH Hyeres le Palyvestre","uuid":"artcc-low-tower-ctr-lfth-hyeres-le-palyvestre","lineStyle":{"color":[0,0,0]}}},{"type":"Feature","geometry":{"type":"LineString","coordinates":[[676126.7572056453,5312348.151947021],[674905.335014997,5313109.264527319]]},"properties":{"type":"artcc-low","section":"Tower CTR LFTH Hyeres le Palyvestre","uuid":"artcc-low-tower-ctr-lfth-hyeres-le-palyvestre","lineStyle":{"color":[0,0,0]}}},{"type":"Feature","geometry":{"type":"LineString","coordinates":[[674905.335014997,5313109.264527319],[673751.9414020556,5313971.933683763]]},"properties":{"type":"artcc-low","section":"Tower CTR LFTH Hyeres le Palyvestre","uuid":"artcc-low-tower-ctr-lfth-hyeres-le-palyvestre","lineStyle":{"color":[0,0,0]}}},{"type":"Feature","geometry":{"type":"LineString","coordinates":[[673751.9414020556,5313971.933683763],[672678.9451991314,5314931.958130072]]},"properties":{"type":"artcc-low","section":"Tower CTR LFTH Hyeres le Palyvestre","uuid":"artcc-low-tower-ctr-lfth-hyeres-le-palyvestre","lineStyle":{"color":[0,0,0]}}},{"type":"Feature","geometry":{"type":"LineString","coordinates":[[672678.9451991314,5314931.958130072],[671692.53082238,5315980.908110795]]},"properties":{"type":"artcc-low","section":"Tower CTR LFTH Hyeres le Palyvestre","uuid":"artcc-low-tower-ctr-lfth-hyeres-le-palyvestre","lineStyle":{"color":[0,0,0]}}},{"type":"Feature","geometry":{"type":"LineString","coordinates":[[671692.53082238,5315980.908110795],[670801.9748960338,5317114.58317978]]},"properties":{"type":"artcc-low","section":"Tower CTR LFTH Hyeres le Palyvestre","uuid":"artcc-low-tower-ctr-lfth-hyeres-le-palyvestre","lineStyle":{"color":[0,0,0]}}},{"type":"Feature","geometry":{"type":"LineString","coordinates":[[670801.9748960338,5317114.58317978],[670016.5540443256,5318320.321365802]]},"properties":{"type":"artcc-low","section":"Tower CTR LFTH Hyeres le Palyvestre","uuid":"artcc-low-tower-ctr-lfth-hyeres-le-palyvestre","lineStyle":{"color":[0,0,0]}}},{"type":"Feature","geometry":{"type":"LineString","coordinates":[[670016.5540443256,5318320.321365802],[669333.1760591781,5319593.919058759]]},"properties":{"type":"artcc-low","section":"Tower CTR LFTH Hyeres le Palyvestre","uuid":"artcc-low-tower-ctr-lfth-hyeres-le-palyvestre","lineStyle":{"color":[0,0,0]}}},{"type":"Feature","geometry":{"type":"LineString","coordinates":[[669333.1760591781,5319593.919058759],[668767.3019809789,5320918.475560662]]},"properties":{"type":"artcc-low","section":"Tower CTR LFTH Hyeres le Palyvestre","uuid":"artcc-low-tower-ctr-lfth-hyeres-le-palyvestre","lineStyle":{"color":[0,0,0]}}},{"type":"Feature","geometry":{"type":"LineString","coordinates":[[668767.3019809789,5320918.475560662],[668315.8396016507,5322289.779822072]]},"properties":{"type":"artcc-low","section":"Tower CTR LFTH Hyeres le Palyvestre","uuid":"artcc-low-tower-ctr-lfth-hyeres-le-palyvestre","lineStyle":{"color":[0,0,0]}}},{"type":"Feature","geometry":{"type":"LineString","coordinates":[[668315.8396016507,5322289.779822072],[667988.065545426,5323695.152326833]]},"properties":{"type":"artcc-low","section":"Tower CTR LFTH Hyeres le Palyvestre","uuid":"artcc-low-tower-ctr-lfth-hyeres-le-palyvestre","lineStyle":{"color":[0,0,0]}}},{"type":"Feature","geometry":{"type":"LineString","coordinates":[[667988.065545426,5323695.152326833],[667780.8876042274,5325126.140424587]]},"properties":{"type":"artcc-low","section":"Tower CTR LFTH Hyeres le Palyvestre","uuid":"artcc-low-tower-ctr-lfth-hyeres-le-palyvestre","lineStyle":{"color":[0,0,0]}}},{"type":"Feature","geometry":{"type":"LineString","coordinates":[[667780.8876042274,5325126.140424587],[667700.4901942101,5326565.817204078]]},"properties":{"type":"artcc-low","section":"Tower CTR LFTH Hyeres le Palyvestre","uuid":"artcc-low-tower-ctr-lfth-hyeres-le-palyvestre","lineStyle":{"color":[0,0,0]}}},{"type":"Feature","geometry":{"type":"LineString","coordinates":[[667700.4901942101,5326565.817204078],[667743.7811072965,5328009.951364482]]},"properties":{"type":"artcc-low","section":"Tower CTR LFTH Hyeres le Palyvestre","uuid":"artcc-low-tower-ctr-lfth-hyeres-le-palyvestre","lineStyle":{"color":[0,0,0]}}},{"type":"Feature","geometry":{"type":"LineString","coordinates":[[667743.7811072965,5328009.951364482],[667913.8525515639,5329445.837040859]]},"properties":{"type":"artcc-low","section":"Tower CTR LFTH Hyeres le Palyvestre","uuid":"artcc-low-tower-ctr-lfth-hyeres-le-palyvestre","lineStyle":{"color":[0,0,0]}}},{"type":"Feature","geometry":{"type":"LineString","coordinates":[[667913.8525515639,5329445.837040859],[668204.5201108574,5330860.760563811]]},"properties":{"type":"artcc-low","section":"Tower CTR LFTH Hyeres le Palyvestre","uuid":"artcc-low-tower-ctr-lfth-hyeres-le-palyvestre","lineStyle":{"color":[0,0,0]}}},{"type":"Feature","geometry":{"type":"LineString","coordinates":[[668204.5201108574,5330860.760563811],[668618.8759932545,5332242.000652184]]},"properties":{"type":"artcc-low","section":"Tower CTR LFTH Hyeres le Palyvestre","uuid":"artcc-low-tower-ctr-lfth-hyeres-le-palyvestre","lineStyle":{"color":[0,0,0]}}},{"type":"Feature","geometry":{"type":"LineString","coordinates":[[668618.8759932545,5332242.000652184],[669153.8279906777,5333585.304489068]]},"properties":{"type":"artcc-low","section":"Tower CTR LFTH Hyeres le Palyvestre","uuid":"artcc-low-tower-ctr-lfth-hyeres-le-palyvestre","lineStyle":{"color":[0,0,0]}}},{"type":"Feature","geometry":{"type":"LineString","coordinates":[[669153.8279906777,5333585.304489068],[669800.0994788944,5334873.701901853]]},"properties":{"type":"artcc-low","section":"Tower CTR LFTH Hyeres le Palyvestre","uuid":"artcc-low-tower-ctr-lfth-hyeres-le-palyvestre","lineStyle":{"color":[0,0,0]}}},{"type":"Feature","geometry":{"type":"LineString","coordinates":[[669800.0994788944,5334873.701901853],[670557.690457904,5336102.931133004]]},"properties":{"type":"artcc-low","section":"Tower CTR LFTH Hyeres le Palyvestre","uuid":"artcc-low-tower-ctr-lfth-hyeres-le-palyvestre","lineStyle":{"color":[0,0,0]}}},{"type":"Feature","geometry":{"type":"LineString","coordinates":[[670557.690457904,5336102.931133004],[671417.3243034743,5337264.489720922]]},"properties":{"type":"artcc-low","section":"Tower CTR LFTH Hyeres le Palyvestre","uuid":"artcc-low-tower-ctr-lfth-hyeres-le-palyvestre","lineStyle":{"color":[0,0,0]}}},{"type":"Feature","geometry":{"type":"LineString","coordinates":[[671417.3243034743,5337264.489720922],[672375.9088075275,5338341.392282064]]},"properties":{"type":"artcc-low","section":"Tower CTR LFTH Hyeres le Palyvestre","uuid":"artcc-low-tower-ctr-lfth-hyeres-le-palyvestre","lineStyle":{"color":[0,0,0]}}},{"type":"Feature","geometry":{"type":"LineString","coordinates":[[672375.9088075275,5338341.392282064],[672678.9451991314,5338646.678631485]]},"properties":{"type":"artcc-low","section":"Tower CTR LFTH Hyeres le Palyvestre","uuid":"artcc-low-tower-ctr-lfth-hyeres-le-palyvestre","lineStyle":{"color":[0,0,0]}}},{"type":"Feature","geometry":{"type":"LineString","coordinates":[[672678.9451991314,5338646.678631485],[695684.973296408,5338646.678631485]]},"properties":{"type":"artcc-low","section":"Tower CTR LFTH Hyeres le Palyvestre","uuid":"artcc-low-tower-ctr-lfth-hyeres-le-palyvestre","lineStyle":{"color":[0,0,0]}}},{"type":"Feature","geometry":{"type":"LineString","coordinates":[[503535.1633549075,5455002.33790286],[503720.6958395629,5446118.478627142]]},"properties":{"type":"artcc-low","section":"Tower CTR LFTW CTR Nimes Garons","uuid":"artcc-low-tower-ctr-lftw-ctr-nimes-garons","lineStyle":{"color":[0,0,0]}}},{"type":"Feature","geometry":{"type":"LineString","coordinates":[[503720.6958395629,5446118.478627142],[516955.34641165205,5434543.708480056]]},"properties":{"type":"artcc-low","section":"Tower CTR LFTW CTR Nimes Garons","uuid":"artcc-low-tower-ctr-lftw-ctr-nimes-garons","lineStyle":{"color":[0,0,0]}}},{"type":"Feature","geometry":{"type":"LineString","coordinates":[[516955.34641165205,5434543.708480056],[500937.70856973104,5397815.105792015]]},"properties":{"type":"artcc-low","section":"Tower CTR LFTW CTR Nimes Garons","uuid":"artcc-low-tower-ctr-lftw-ctr-nimes-garons","lineStyle":{"color":[0,0,0]}}},{"type":"Feature","geometry":{"type":"LineString","coordinates":[[500937.70856973104,5397815.105792015],[498575.6945075824,5397234.948047631]]},"properties":{"type":"artcc-low","section":"Tower CTR LFTW CTR Nimes Garons","uuid":"artcc-low-tower-ctr-lftw-ctr-nimes-garons","lineStyle":{"color":[0,0,0]}}},{"type":"Feature","geometry":{"type":"LineString","coordinates":[[498575.6945075824,5397234.948047631],[494042.64115415723,5396602.303494909]]},"properties":{"type":"artcc-low","section":"Tower CTR LFTW CTR Nimes Garons","uuid":"artcc-low-tower-ctr-lftw-ctr-nimes-garons","lineStyle":{"color":[0,0,0]}}},{"type":"Feature","geometry":{"type":"LineString","coordinates":[[494042.64115415723,5396602.303494909],[489465.06000441476,5396602.303494909]]},"properties":{"type":"artcc-low","section":"Tower CTR LFTW CTR Nimes Garons","uuid":"artcc-low-tower-ctr-lftw-ctr-nimes-garons","lineStyle":{"color":[0,0,0]}}},{"type":"Feature","geometry":{"type":"LineString","coordinates":[[489465.06000441476,5396602.303494909],[484932.0375730703,5397234.948047631]]},"properties":{"type":"artcc-low","section":"Tower CTR LFTW CTR Nimes Garons","uuid":"artcc-low-tower-ctr-lftw-ctr-nimes-garons","lineStyle":{"color":[0,0,0]}}},{"type":"Feature","geometry":{"type":"LineString","coordinates":[[484932.0375730703,5397234.948047631],[480531.79455657763,5398488.118975425]]},"properties":{"type":"artcc-low","section":"Tower CTR LFTW CTR Nimes Garons","uuid":"artcc-low-tower-ctr-lftw-ctr-nimes-garons","lineStyle":{"color":[0,0,0]}}},{"type":"Feature","geometry":{"type":"LineString","coordinates":[[480531.79455657763,5398488.118975425],[479106.71954193903,5399010.014198434]]},"properties":{"type":"artcc-low","section":"Tower CTR LFTW CTR Nimes Garons","uuid":"artcc-low-tower-ctr-lftw-ctr-nimes-garons","lineStyle":{"color":[0,0,0]}}},{"type":"Feature","geometry":{"type":"LineString","coordinates":[[479106.71954193903,5399010.014198434],[467201.7184432141,5429275.575195267]]},"properties":{"type":"artcc-low","section":"Tower CTR LFTW CTR Nimes Garons","uuid":"artcc-low-tower-ctr-lftw-ctr-nimes-garons","lineStyle":{"color":[0,0,0]}}},{"type":"Feature","geometry":{"type":"LineString","coordinates":[[467201.7184432141,5429275.575195267],[470726.83565166773,5448134.834016881]]},"properties":{"type":"artcc-low","section":"Tower CTR LFTW CTR Nimes Garons","uuid":"artcc-low-tower-ctr-lftw-ctr-nimes-garons","lineStyle":{"color":[0,0,0]}}},{"type":"Feature","geometry":{"type":"LineString","coordinates":[[470726.83565166773,5448134.834016881],[470766.663291707,5448167.871603505]]},"properties":{"type":"artcc-low","section":"Tower CTR LFTW CTR Nimes Garons","uuid":"artcc-low-tower-ctr-lftw-ctr-nimes-garons","lineStyle":{"color":[0,0,0]}}},{"type":"Feature","geometry":{"type":"LineString","coordinates":[[470766.663291707,5448167.871603505],[473600.85752730374,5450916.842810291]]},"properties":{"type":"artcc-low","section":"Tower CTR LFTW CTR Nimes Garons","uuid":"artcc-low-tower-ctr-lftw-ctr-nimes-garons","lineStyle":{"color":[0,0,0]}}},{"type":"Feature","geometry":{"type":"LineString","coordinates":[[473600.85752730374,5450916.842810291],[476788.36745784606,5453244.197739599]]},"properties":{"type":"artcc-low","section":"Tower CTR LFTW CTR Nimes Garons","uuid":"artcc-low-tower-ctr-lftw-ctr-nimes-garons","lineStyle":{"color":[0,0,0]}}},{"type":"Feature","geometry":{"type":"LineString","coordinates":[[476788.36745784606,5453244.197739599],[480267.1633892973,5455103.929609517]]},"properties":{"type":"artcc-low","section":"Tower CTR LFTW CTR Nimes Garons","uuid":"artcc-low-tower-ctr-lftw-ctr-nimes-garons","lineStyle":{"color":[0,0,0]}}},{"type":"Feature","geometry":{"type":"LineString","coordinates":[[480267.1633892973,5455103.929609517],[483969.55688683933,5456459.294426632]]},"properties":{"type":"artcc-low","section":"Tower CTR LFTW CTR Nimes Garons","uuid":"artcc-low-tower-ctr-lftw-ctr-nimes-garons","lineStyle":{"color":[0,0,0]}}},{"type":"Feature","geometry":{"type":"LineString","coordinates":[[483969.55688683933,5456459.294426632],[487823.46858018317,5457283.354990189]]},"properties":{"type":"artcc-low","section":"Tower CTR LFTW CTR Nimes Garons","uuid":"artcc-low-tower-ctr-lftw-ctr-nimes-garons","lineStyle":{"color":[0,0,0]}}},{"type":"Feature","geometry":{"type":"LineString","coordinates":[[487823.46858018317,5457283.354990189],[491753.85057928605,5457559.905109685]]},"properties":{"type":"artcc-low","section":"Tower CTR LFTW CTR Nimes Garons","uuid":"artcc-low-tower-ctr-lftw-ctr-nimes-garons","lineStyle":{"color":[0,0,0]}}},{"type":"Feature","geometry":{"type":"LineString","coordinates":[[491753.85057928605,5457559.905109685],[495684.26350046956,5457283.354990189]]},"properties":{"type":"artcc-low","section":"Tower CTR LFTW CTR Nimes Garons","uuid":"artcc-low-tower-ctr-lftw-ctr-nimes-garons","lineStyle":{"color":[0,0,0]}}},{"type":"Feature","geometry":{"type":"LineString","coordinates":[[495684.26350046956,5457283.354990189],[499538.17519381334,5456459.294426632]]},"properties":{"type":"artcc-low","section":"Tower CTR LFTW CTR Nimes Garons","uuid":"artcc-low-tower-ctr-lftw-ctr-nimes-garons","lineStyle":{"color":[0,0,0]}}},{"type":"Feature","geometry":{"type":"LineString","coordinates":[[499538.17519381334,5456459.294426632],[503240.5686913553,5455103.929609517]]},"properties":{"type":"artcc-low","section":"Tower CTR LFTW CTR Nimes Garons","uuid":"artcc-low-tower-ctr-lftw-ctr-nimes-garons","lineStyle":{"color":[0,0,0]}}},{"type":"Feature","geometry":{"type":"LineString","coordinates":[[503240.5686913553,5455103.929609517],[503535.1633549075,5455002.33790286]]},"properties":{"type":"artcc-low","section":"Tower CTR LFTW CTR Nimes Garons","uuid":"artcc-low-tower-ctr-lftw-ctr-nimes-garons","lineStyle":{"color":[0,0,0]}}}]}