{"type":"FeatureCollection","features":[{"type":"Feature","properties":{"type":"highAirway","uuid":"highairway-a242","name":"A242"},"geometry":{"type":"MultiLineString","coordinates":[[[6.6657777777777785,47.67258277777778],[6.732249722222222,47.56166694444444]],[[6.6657777777777785,47.67258277777778],[6.670777777777778,47.80616694444444]],[[6.69075,48.331],[6.693360833333333,48.399027777777775]],[[6.702777777777778,48.64472194444444],[6.716221944444444,48.98644388888889]],[[6.6841388888888895,48.158943888888885],[6.69075,48.331]],[[6.678832777777778,48.01924972222222],[6.6841388888888895,48.158943888888885]],[[6.693360833333333,48.399027777777775],[6.702777777777778,48.64472194444444]],[[6.670777777777778,47.80616694444444],[6.678832777777778,48.01924972222222]]]}},{"type":"Feature","properties":{"type":"highAirway","uuid":"highairway-a3","name":"A3"},"geometry":{"type":"MultiLineString","coordinates":[[[9.5745,42.84730583333334],[9.75,42.82277777777778]],[[8.286416944444444,43.01863888888889],[8.37194388888889,43.01305583333333]],[[7.072971944444444,43.16594388888889],[7.5911108333333335,43.10472194444445]],[[7.793332777777778,43.079999722222226],[8.286416944444444,43.01863888888889]],[[9.211943888888888,42.89694388888889],[9.5745,42.84730583333334]],[[8.79138888888889,42.95305583333334],[8.90625,42.938138888888886]],[[7.5911108333333335,43.10472194444445],[7.793332777777778,43.079999722222226]],[[8.37194388888889,43.01305583333333],[8.79138888888889,42.95305583333334]],[[6.601805833333333,43.21947194444444],[7.072971944444444,43.16594388888889]],[[6.601805833333333,43.21947194444444],[6.412221944444445,43.22222194444445]],[[8.90625,42.938138888888886],[9.211943888888888,42.89694388888889]]]}},{"type":"Feature","properties":{"type":"highAirway","uuid":"highairway-a9","name":"A9"},"geometry":{"type":"MultiLineString","coordinates":[[[8.774666944444446,41.77052777777778],[8.812221944444445,41.333332777777784]],[[8.940277777777778,43.227221944444445],[8.90625,42.938138888888886]],[[8.828332777777778,42.251110833333335],[8.774666944444446,41.77052777777778]],[[8.891388888888889,42.80805583333333],[8.885832777777777,42.75527777777778]],[[8.885832777777777,42.75527777777778],[8.828332777777778,42.251110833333335]],[[8.90625,42.938138888888886],[8.891388888888889,42.80805583333333]],[[8.958332777777777,43.38833277777778],[8.940277777777778,43.227221944444445]]]}},{"type":"Feature","properties":{"type":"highAirway","uuid":"highairway-g21","name":"G21"},"geometry":{"type":"MultiLineString","coordinates":[[[6.059416944444444,48.31783277777778],[6.391416944444445,48.658499722222224]],[[6.391416944444445,48.658499722222224],[6.434999722222223,48.7]],[[6.716221944444444,48.98644388888889],[7.039443888888889,49.172221944444445]],[[6.434999722222223,48.7],[6.716221944444444,48.98644388888889]],[[5.249166944444444,47.906305833333334],[6.059416944444444,48.31783277777778]],[[5.249166944444444,47.906305833333334],[4.769999722222222,47.55833277777778]]]}},{"type":"Feature","properties":{"type":"highAirway","uuid":"highairway-g374","name":"G374"},"geometry":{"type":"MultiLineString","coordinates":[[[7.621388888888889,43.301943888888886],[8.37194388888889,43.01305583333333]],[[7.621388888888889,43.301943888888886],[7.094443888888889,43.478610833333335]],[[8.676943888888887,42.89333277777778],[9.104443888888888,42.72305583333333]],[[9.104443888888888,42.72305583333333],[9.474832777777777,42.57358277777778]],[[8.37194388888889,43.01305583333333],[8.676943888888887,42.89333277777778]]]}},{"type":"Feature","properties":{"type":"highAirway","uuid":"highairway-g42","name":"G42"},"geometry":{"type":"MultiLineString","coordinates":[[[6.295582777777778,47.68827777777778],[6.6657777777777785,47.67258277777778]]]}},{"type":"Feature","properties":{"type":"highAirway","uuid":"highairway-g7","name":"G7"},"geometry":{"type":"MultiLineString","coordinates":[[[6.13444388888889,43.22611083333334],[6.014443888888889,43.227221944444445]],[[6.13444388888889,43.22611083333334],[6.412221944444445,43.22222194444445]],[[6.014443888888889,43.227221944444445],[5.891110833333333,43.22819388888889]],[[5.0868327777777775,43.38630583333333],[4.776916944444444,43.05616694444444]],[[5.665416944444445,43.22983277777778],[5.328416944444444,43.294193888888884]],[[5.328416944444444,43.294193888888884],[5.0868327777777775,43.38630583333333]],[[5.891110833333333,43.22819388888889],[5.665416944444445,43.22983277777778]]]}},{"type":"Feature","properties":{"type":"highAirway","uuid":"highairway-g702","name":"G702"},"geometry":{"type":"MultiLineString","coordinates":[[[8.940277777777778,43.227221944444445],[9.083332777777777,43.053888888888885]],[[9.083332777777777,43.053888888888885],[9.211943888888888,42.89694388888889]],[[9.211943888888888,42.89694388888889],[9.474832777777777,42.57358277777778]]]}},{"type":"Feature","properties":{"type":"highAirway","uuid":"highairway-j685","name":"J685"},"geometry":{"type":"MultiLineString","coordinates":[[[5.633332777777778,43.01277777777778],[5.326443888888889,43.37733277777778]]]}},{"type":"Feature","properties":{"type":"highAirway","uuid":"highairway-l10","name":"L10"},"geometry":{"type":"MultiLineString","coordinates":[[[1.3590858333333333,51.162621944444446],[1.6155308333333334,51.032868888888885]]]}},{"type":"Feature","properties":{"type":"highAirway","uuid":"highairway-l110","name":"L110"},"geometry":{"type":"MultiLineString","coordinates":[[[3.2088608333333335,41.947693888888885],[4.415,42.07972194444445]],[[2.771860833333333,41.93124972222222],[3.2088608333333335,41.947693888888885]],[[1.6183058333333333,41.77163888888889],[2.072082777777778,41.83675]],[[0.6480277777777778,41.55291694444444],[1.1134719444444445,41.697916944444444]],[[2.072082777777778,41.83675],[2.771860833333333,41.93124972222222]],[[0.5111108333333333,41.487471944444444],[0.6480277777777778,41.55291694444444]],[[1.1134719444444445,41.697916944444444],[1.6183058333333333,41.77163888888889]],[[0.2186938888888889,41.34669388888889],[0.5111108333333333,41.487471944444444]]]}},{"type":"Feature","properties":{"type":"highAirway","uuid":"highairway-l129","name":"L129"},"geometry":{"type":"MultiLineString","coordinates":[[[2.821666944444444,39.523332777777775],[2.7583058333333335,39.43519388888888]],[[3.3924719444444444,40.43966694444444],[3.1145827777777777,39.92744388888889]],[[2.2281108333333335,38.750971944444444],[2.161388888888889,38.66361083333333]],[[2.7583058333333335,39.43519388888888],[2.6105558333333336,39.24611083333333]],[[2.161388888888889,38.66361083333333],[1.9169438888888888,38.34222194444445]],[[3.1145827777777777,39.92744388888889],[2.821666944444444,39.523332777777775]],[[2.6105558333333336,39.24611083333333],[2.2281108333333335,38.750971944444444]],[[3.756943888888889,41.152971944444445],[3.3924719444444444,40.43966694444444]]]}},{"type":"Feature","properties":{"type":"highAirway","uuid":"highairway-l14","name":"L14"},"geometry":{"type":"MultiLineString","coordinates":[[[-6.373610833333333,40.01777777777777],[-6.628610833333334,39.780832777777775]],[[-3.221027777777778,43],[-4.1091388888888885,42.027610833333334]],[[-2.925360833333333,43.30419388888889],[-3.221027777777778,43]],[[-2.925360833333333,43.30419388888889],[-2.840277777777778,43.94861083333333]],[[-4.1091388888888885,42.027610833333334],[-4.964721944444444,41.28805583333333]],[[-6.628610833333334,39.780832777777775],[-7.223332777777778,39.21944388888889]],[[-5.808277777777778,40.53524972222222],[-6.373610833333333,40.01777777777777]],[[-4.964721944444444,41.28805583333333],[-5.808277777777778,40.53524972222222]]]}},{"type":"Feature","properties":{"type":"highAirway","uuid":"highairway-l146","name":"L146"},"geometry":{"type":"MultiLineString","coordinates":[[[9.474832777777777,42.57358277777778],[9.75,42.62138888888889]],[[8.828332777777778,42.251110833333335],[9.474832777777777,42.57358277777778]]]}},{"type":"Feature","properties":{"type":"highAirway","uuid":"highairway-l15","name":"L15"},"geometry":{"type":"MultiLineString","coordinates":[[[0.03481083333333333,51.33087472222223],[1.0675358333333334,51.06411388888888]],[[1.0675358333333334,51.06411388888888],[1.4666669444444445,50.95764388888889]]]}},{"type":"Feature","properties":{"type":"highAirway","uuid":"highairway-l150","name":"L150"},"geometry":{"type":"MultiLineString","coordinates":[[[-1.2629997222222222,39.024388888888886],[-0.9986669444444444,38.738305833333335]],[[-2.544610833333333,40.37197194444445],[-3.246638888888889,40.853860833333336]],[[-2.544610833333333,40.37197194444445],[-2.4104438888888886,40.23294388888889]],[[-1.745193888888889,39.538777777777774],[-1.4954719444444444,39.27349972222222]],[[-2.1745558333333332,39.988860833333334],[-1.745193888888889,39.538777777777774]],[[-0.9986669444444444,38.738305833333335],[-0.5701108333333333,38.268277777777776]],[[-1.4954719444444444,39.27349972222222],[-1.2629997222222222,39.024388888888886]],[[-2.4104438888888886,40.23294388888889],[-2.1745558333333332,39.988860833333334]]]}},{"type":"Feature","properties":{"type":"highAirway","uuid":"highairway-l151","name":"L151"},"geometry":{"type":"MultiLineString","coordinates":[[[-0.07611083333333334,50.20944388888889],[0,50.1]],[[-1.049218888888889,51.47058888888889],[-0.6250027777777778,51.05395277777777]],[[-0.6250027777777778,51.05395277777777],[-0.07611083333333334,50.20944388888889]]]}},{"type":"Feature","properties":{"type":"highAirway","uuid":"highairway-l155","name":"L155"},"geometry":{"type":"MultiLineString","coordinates":[[[-6.28,41.48305583333334],[-5.639693888888888,41.53019388888889]],[[-4.549888888888889,40.624610833333335],[-4.2494169444444445,40.36866694444444]],[[-3.464027777777778,39.78074972222222],[-4.2494169444444445,40.36866694444444]],[[-5.639693888888888,41.53019388888889],[-4.549888888888889,40.624610833333335]]]}},{"type":"Feature","properties":{"type":"highAirway","uuid":"highairway-l16","name":"L16"},"geometry":{"type":"MultiLineString","coordinates":[[[3.4886108333333334,41.544805833333335],[3.756943888888889,41.152971944444445]],[[3.2088608333333335,41.947693888888885],[3.357888888888889,41.73377777777778]],[[3.357888888888889,41.73377777777778],[3.4886108333333334,41.544805833333335]],[[3.8069438888888887,41.015277777777776],[3.9918608333333334,40.5]],[[3.756943888888889,41.152971944444445],[3.8069438888888887,41.015277777777776]]]}},{"type":"Feature","properties":{"type":"highAirway","uuid":"highairway-l176","name":"L176"},"geometry":{"type":"MultiLineString","coordinates":[[[-2.0947219444444447,43.098443888888895],[-1.8303888888888888,43.31119388888889]],[[-2.2363608333333334,42.98372194444445],[-2.0947219444444447,43.098443888888895]],[[-2.880693888888889,42.45330583333334],[-2.2363608333333334,42.98372194444445]],[[-1.8303888888888888,43.31119388888889],[-1.7805558333333333,43.374721944444445]]]}},{"type":"Feature","properties":{"type":"highAirway","uuid":"highairway-l18","name":"L18"},"geometry":{"type":"MultiLineString","coordinates":[[[-1.0451108333333334,51.253880833333334],[-0.6250027777777778,51.05395277777777]]]}},{"type":"Feature","properties":{"type":"highAirway","uuid":"highairway-l184","name":"L184"},"geometry":{"type":"MultiLineString","coordinates":[[[-3.246638888888889,40.853860833333336],[-2.629777777777778,41.32355583333334]],[[-4.3373888888888885,39.96947194444444],[-3.246638888888889,40.853860833333336]]]}},{"type":"Feature","properties":{"type":"highAirway","uuid":"highairway-l185","name":"L185"},"geometry":{"type":"MultiLineString","coordinates":[[[-4.611110833333333,40.23333277777778],[-5.544721944444444,39.87583277777778]],[[-4.2494169444444445,40.36866694444444],[-4.611110833333333,40.23333277777778]],[[-7.3025,39.329999722222226],[-6.434721944444445,39.524499999999996]],[[-5.544721944444444,39.87583277777778],[-6.434721944444445,39.524499999999996]]]}},{"type":"Feature","properties":{"type":"highAirway","uuid":"highairway-l2","name":"L2"},"geometry":{"type":"MultiLineString","coordinates":[[[2.3958608333333333,39.54944388888889],[2.0955558333333335,40.283027777777775]],[[2.0955558333333335,40.283027777777775],[1.9248327777777776,40.69274972222222]],[[1.9248327777777776,40.69274972222222],[1.7058608333333334,41.210638888888894]]]}},{"type":"Feature","properties":{"type":"highAirway","uuid":"highairway-l27","name":"L27"},"geometry":{"type":"MultiLineString","coordinates":[[[-3.221388888888889,39],[-3.0277777777777777,39.399138888888885]],[[-3.6247219444444445,38.15255583333333],[-3.221388888888889,39]],[[-2.078027777777778,41.07908277777778],[-1.2127777777777777,42.09861083333334]],[[-2.544610833333333,40.37197194444445],[-2.078027777777778,41.07908277777778]],[[-2.933888888888889,39.59],[-2.544610833333333,40.37197194444445]],[[-3.0277777777777777,39.399138888888885],[-2.933888888888889,39.59]]]}},{"type":"Feature","properties":{"type":"highAirway","uuid":"highairway-l34","name":"L34"},"geometry":{"type":"MultiLineString","coordinates":[[[-0.48305583333333335,39.48563888888889],[-0.5701108333333333,38.268277777777776]],[[-0.48305583333333335,39.48563888888889],[0.14305583333333333,40.23083277777778]]]}},{"type":"Feature","properties":{"type":"highAirway","uuid":"highairway-l45","name":"L45"},"geometry":{"type":"MultiLineString","coordinates":[[[-0.8377777777777778,39.4125],[-0.48305583333333335,39.48563888888889]],[[-1.4954719444444444,39.27349972222222],[-0.8377777777777778,39.4125]],[[0.4833327777777778,38.924166944444444],[1.771388888888889,38.14888888888889]],[[0.4833327777777778,38.924166944444444],[-0.48305583333333335,39.48563888888889]]]}},{"type":"Feature","properties":{"type":"highAirway","uuid":"highairway-l47","name":"L47"},"geometry":{"type":"MultiLineString","coordinates":[[[6.007221944444445,46.39311083333333],[6.019555833333333,46.72702777777778]],[[6.019555833333333,46.72702777777778],[6.026388888888889,46.984166944444446]]]}},{"type":"Feature","properties":{"type":"highAirway","uuid":"highairway-l50","name":"L50"},"geometry":{"type":"MultiLineString","coordinates":[[[7.054721944444444,45.82],[6.973860833333333,46.05961083333333]]]}},{"type":"Feature","properties":{"type":"highAirway","uuid":"highairway-l603","name":"L603"},"geometry":{"type":"MultiLineString","coordinates":[[[8.408055833333334,50.69499999999999],[8.618871944444445,50.44489972222222]],[[8.073325,50.83658583333334],[8.408055833333334,50.69499999999999]],[[10.12091888888889,49.376021944444446],[10.383055833333334,49.236110833333335]],[[10.12091888888889,49.376021944444446],[9.516666944444445,49.69305583333333]],[[8.618871944444445,50.44489972222222],[8.800277777777778,50.056666944444444]]]}},{"type":"Feature","properties":{"type":"highAirway","uuid":"highairway-l604","name":"L604"},"geometry":{"type":"MultiLineString","coordinates":[[[10.230277777777777,50.37722194444444],[10.278610833333333,50.35194388888889]],[[10.136943888888888,50.434999999999995],[10.230277777777777,50.37722194444444]],[[9.955832777777777,50.541110833333335],[10.136943888888888,50.434999999999995]],[[10.278610833333333,50.35194388888889],[10.483888888888888,50.22444388888889]],[[9.59833277777778,50.729166944444444],[8.81388888888889,51.133610833333336]],[[9.59833277777778,50.729166944444444],[9.723055833333333,50.663888888888884]],[[9.723055833333333,50.663888888888884],[9.955832777777777,50.541110833333335]]]}},{"type":"Feature","properties":{"type":"highAirway","uuid":"highairway-l607","name":"L607"},"geometry":{"type":"MultiLineString","coordinates":[[[8.679166944444443,49.46527777777778],[8.864166944444444,49.19861083333333]],[[8.608888888888888,49.71833277777778],[8.679166944444443,49.46527777777778]],[[10.30558277777778,47.55938888888888],[10.479874722222222,47.40001083333333]],[[7.328888888888889,50.19638888888888],[7.906388888888889,50.07333277777778]],[[2,51.130763888888886],[2.6516669444444445,51.094721944444444]],[[9.996943888888888,47.838610833333334],[10.30558277777778,47.55938888888888]],[[8.864166944444444,49.19861083333333],[9.259207777777778,48.618407777777776]],[[6.288610833333333,50.282777777777774],[6.848332777777777,50.22194388888889]],[[9.259207777777778,48.618407777777776],[9.461666944444444,48.255]],[[7.906388888888889,50.07333277777778],[8.418624999999999,49.84906388888889]],[[8.418624999999999,49.84906388888889],[8.608888888888888,49.71833277777778]],[[9.461666944444444,48.255],[9.996943888888888,47.838610833333334]]]}},{"type":"Feature","properties":{"type":"highAirway","uuid":"highairway-l608","name":"L608"},"geometry":{"type":"MultiLineString","coordinates":[[[6.908332777777778,50.025555833333335],[6.453332777777778,50.18666694444444]],[[8.608888888888888,49.71833277777778],[8.418624999999999,49.84906388888889]],[[5.848777777777777,50.649166944444445],[5.665555833333333,50.68249972222222]],[[4.5380827777777775,50.90233277777778],[3.6575997222222223,51.23612194444445]],[[9.084291944444445,48.88238583333333],[8.864166944444444,49.19861083333333]],[[10.34983277777778,47.745775],[9.618541944444445,48.33885]],[[9.618541944444445,48.33885],[9.259207777777778,48.618407777777776]],[[6.453332777777778,50.18666694444444],[5.848777777777777,50.649166944444445]],[[7.958888888888889,49.945277777777775],[6.908332777777778,50.025555833333335]],[[5.045277777777778,50.80638888888888],[4.5380827777777775,50.90233277777778]],[[8.864166944444444,49.19861083333333],[8.608888888888888,49.71833277777778]],[[9.259207777777778,48.618407777777776],[9.084291944444445,48.88238583333333]],[[5.665555833333333,50.68249972222222],[5.045277777777778,50.80638888888888]],[[8.418624999999999,49.84906388888889],[7.958888888888889,49.945277777777775]]]}},{"type":"Feature","properties":{"type":"highAirway","uuid":"highairway-l613","name":"L613"},"geometry":{"type":"MultiLineString","coordinates":[[[9.298055833333333,47.04999972222222],[8.907610833333333,47.156777777777776]],[[8.333332777777777,47.30222194444444],[7.665443888888889,47.46655583333334]],[[8.907610833333333,47.156777777777776],[8.722221944444444,47.204166944444445]],[[8.722221944444444,47.204166944444445],[8.5,47.26027777777778]],[[8.5,47.26027777777778],[8.333332777777777,47.30222194444444]],[[10.259,46.77941694444444],[9.298055833333333,47.04999972222222]],[[1.0675358333333334,51.06411388888888],[-0.020935833333333334,52.02589388888889]],[[1.4666669444444445,50.779352777777774],[1.0675358333333334,51.06411388888888]],[[10.479166944444444,46.56222194444444],[10.386110833333333,46.632777777777775]],[[10.386110833333333,46.632777777777775],[10.259,46.77941694444444]]]}},{"type":"Feature","properties":{"type":"highAirway","uuid":"highairway-l615","name":"L615"},"geometry":{"type":"MultiLineString","coordinates":[[[7.345832777777778,45.796388888888885],[7.054721944444444,45.82]],[[7.054721944444444,45.82],[6.828582777777777,46.06397194444444]],[[6.119721944444444,46.666666944444444],[6.448055833333334,46.46869388888889]],[[5.097332777777777,47.270777777777774],[5.778055833333333,46.870555833333334]],[[5.097332777777777,47.270777777777774],[3.9138888888888888,48.02583277777778]],[[5.778055833333333,46.870555833333334],[6.019555833333333,46.72702777777778]],[[6.711082777777778,46.18969388888888],[6.632471944444445,46.273471944444445]],[[6.019555833333333,46.72702777777778],[6.119721944444444,46.666666944444444]],[[6.632471944444445,46.273471944444445],[6.448055833333334,46.46869388888889]],[[6.828582777777777,46.06397194444444],[6.711082777777778,46.18969388888888]]]}},{"type":"Feature","properties":{"type":"highAirway","uuid":"highairway-l620","name":"L620"},"geometry":{"type":"MultiLineString","coordinates":[[[-1.982777777777778,50.84527777777778],[-1.3450558333333333,50.95524972222223]],[[-2.238888888888889,50.79999972222222],[-1.982777777777778,50.84527777777778]],[[-2.75,50.70763083333333],[-2.5187027777777775,50.74974388888889]],[[-3.463952777777778,50.57425277777778],[-2.75,50.70763083333333]],[[-2.5187027777777775,50.74974388888889],[-2.238888888888889,50.79999972222222]],[[0.5836219444444445,51.60157777777778],[-0.6250027777777778,51.05395277777777]],[[-0.9844608333333332,51.00528583333333],[-0.9170777777777778,51.01449972222222]],[[-0.9170777777777778,51.01449972222222],[-0.7541438888888888,51.036607777777775]],[[-0.7541438888888888,51.036607777777775],[-0.6250027777777778,51.05395277777777]],[[-1.3450558333333333,50.95524972222223],[-0.9844608333333332,51.00528583333333]]]}},{"type":"Feature","properties":{"type":"highAirway","uuid":"highairway-l722","name":"L722"},"geometry":{"type":"MultiLineString","coordinates":[[[0.2791558333333333,51.23364388888889],[1.0675358333333334,51.06411388888888]]]}},{"type":"Feature","properties":{"type":"highAirway","uuid":"highairway-l856","name":"L856"},"geometry":{"type":"MultiLineString","coordinates":[[[9.233332777777777,47.71694388888889],[9.107777777777777,47.713055833333335]],[[9.550555833333334,47.72583277777778],[9.427221944444444,47.72222194444445]],[[7.665443888888889,47.46655583333334],[8.436971944444444,47.689499999999995]],[[10.34983277777778,47.745775],[9.969166944444444,47.73694388888889]],[[6.531666944444444,47.3875],[6.032638888888889,47.34891694444445]],[[6.655499722222222,47.39658277777778],[6.531666944444444,47.3875]],[[9.427221944444444,47.72222194444445],[9.233332777777777,47.71694388888889]],[[9.669443888888889,47.729166944444444],[9.550555833333334,47.72583277777778]],[[9.107777777777777,47.713055833333335],[8.436971944444444,47.689499999999995]],[[9.969166944444444,47.73694388888889],[9.669443888888889,47.729166944444444]]]}},{"type":"Feature","properties":{"type":"highAirway","uuid":"highairway-l866","name":"L866"},"geometry":{"type":"MultiLineString","coordinates":[[[-1.1080558333333335,43.009166944444445],[-1.7019997222222223,42.73375]],[[-1.7019997222222223,42.73375],[-2.0258327777777776,42.59286083333333]]]}},{"type":"Feature","properties":{"type":"highAirway","uuid":"highairway-l978","name":"L978"},"geometry":{"type":"MultiLineString","coordinates":[[[8.443888888888889,41.333332777777784],[8.444471944444444,41.64058277777778]],[[8.444471944444444,41.64058277777778],[8.445,41.86472194444445]],[[8.445,41.86472194444445],[8.445555833333334,42.21694388888889]]]}},{"type":"Feature","properties":{"type":"highAirway","uuid":"highairway-l980","name":"L980"},"geometry":{"type":"MultiLineString","coordinates":[[[-1.1747358333333333,50.641371944444444],[-0.9383469444444444,50.82]],[[-0.9383469444444444,50.82],[-0.6250027777777778,51.05395277777777]],[[-1.6690688888888887,50.261825],[-1.3333969444444445,50.52044194444444]],[[-1.3333969444444445,50.52044194444444],[-1.1747358333333333,50.641371944444444]],[[0.15170277777777777,51.646025],[-0.6250027777777778,51.05395277777777]],[[-1.8262169444444445,50.13943888888889],[-1.6690688888888887,50.261825]]]}},{"type":"Feature","properties":{"type":"highAirway","uuid":"highairway-l982","name":"L982"},"geometry":{"type":"MultiLineString","coordinates":[[[-1.0492108333333334,50.65871694444444],[-0.7549138888888889,50.81108888888889]],[[-1.7471277777777778,50.123646944444445],[-1.5623358333333335,50.266191944444444]],[[-1.8449997222222223,50],[-1.7471277777777778,50.123646944444445]],[[-1.5623358333333335,50.266191944444444],[-1.254718888888889,50.502563888888886]],[[-1.254718888888889,50.502563888888886],[-1.0492108333333334,50.65871694444444]]]}},{"type":"Feature","properties":{"type":"highAirway","uuid":"highairway-l984","name":"L984"},"geometry":{"type":"MultiLineString","coordinates":[[[8.533610833333332,50.05277777777778],[8.637091944444444,50.05374194444444]],[[9.023055833333334,50.06055583333333],[9.486388888888888,50.06694388888889]],[[8.800277777777778,50.056666944444444],[9.023055833333334,50.06055583333333]],[[8.637091944444444,50.05374194444444],[8.800277777777778,50.056666944444444]],[[9.486388888888888,50.06694388888889],[9.783055833333334,50.07]],[[9.783055833333334,50.07],[10.098610833333334,50.07277777777778]],[[10.098610833333334,50.07277777777778],[10.242707777777778,50.07336083333334]],[[8.07826888888889,50.04758888888889],[8.533610833333332,50.05277777777778]],[[7.906388888888889,50.07333277777778],[8.07826888888889,50.04758888888889]]]}},{"type":"Feature","properties":{"type":"highAirway","uuid":"highairway-m134","name":"M134"},"geometry":{"type":"MultiLineString","coordinates":[[[-0.0077777777777777776,39.35083277777778],[-0.48305583333333335,39.48563888888889]],[[1.4704169444444446,38.91547194444444],[0.7417188888888888,39.13308083333333]],[[2.161388888888889,38.66361083333333],[1.4704169444444446,38.91547194444444]],[[2.161388888888889,38.66361083333333],[2.5180558333333334,38.53111083333333]],[[0.4833327777777778,39.20883277777778],[-0.0077777777777777776,39.35083277777778]],[[2.5180558333333334,38.53111083333333],[2.853888888888889,38.405]],[[0.7417188888888888,39.13308083333333],[0.4833327777777778,39.20883277777778]]]}},{"type":"Feature","properties":{"type":"highAirway","uuid":"highairway-m140","name":"M140"},"geometry":{"type":"MultiLineString","coordinates":[[[-2,51.031888888888886],[-1.3450558333333333,50.95524972222223]],[[0.044949722222222224,51.069985833333334],[0.5699997222222222,51.10888888888889]],[[-1.3450558333333333,50.95524972222223],[0.044949722222222224,51.069985833333334]]]}},{"type":"Feature","properties":{"type":"highAirway","uuid":"highairway-m142","name":"M142"},"geometry":{"type":"MultiLineString","coordinates":[[[-2,51.031888888888886],[0.044949722222222224,51.069985833333334]]]}},{"type":"Feature","properties":{"type":"highAirway","uuid":"highairway-m143","name":"M143"},"geometry":{"type":"MultiLineString","coordinates":[[[-2.4128608333333332,39],[-2.4955558333333334,39.869166944444444]],[[-2.4955558333333334,39.869166944444444],[-2.544610833333333,40.37197194444445]],[[-2.352777777777778,38.36077777777778],[-2.4128608333333332,39]]]}},{"type":"Feature","properties":{"type":"highAirway","uuid":"highairway-m150","name":"M150"},"geometry":{"type":"MultiLineString","coordinates":[[[6.129749722222222,49.86130583333333],[6.519332777777778,49.72858277777778]],[[8.287499722222222,49.10249972222223],[8.584235833333334,48.99294388888889]],[[2.6516669444444445,51.094721944444444],[5.373610833333333,50.14388888888889]],[[5.373610833333333,50.14388888888889],[6.129749722222222,49.86130583333333]],[[8.584235833333334,48.99294388888889],[8.779166944444444,48.88583277777778]],[[7.839471944444444,49.265255833333335],[8.287499722222222,49.10249972222223]],[[6.519332777777778,49.72858277777778],[7.839471944444444,49.265255833333335]]]}},{"type":"Feature","properties":{"type":"highAirway","uuid":"highairway-m170","name":"M170"},"geometry":{"type":"MultiLineString","coordinates":[[[5.331388888888888,49.831943888888894],[5.262777777777778,49.69305583333333]],[[5.710277777777778,50.58583277777778],[5.331388888888888,49.831943888888894]],[[5.710277777777778,50.58583277777778],[6.136388888888889,50.695832777777774]]]}},{"type":"Feature","properties":{"type":"highAirway","uuid":"highairway-m176","name":"M176"},"geometry":{"type":"MultiLineString","coordinates":[[[-0.5701108333333333,38.268277777777776],[-0.8568327777777778,39.26599972222222]],[[-0.9863327777777777,39.707166944444445],[-1.0404997222222223,39.91177777777778]],[[-1.2633327777777779,40.74027777777778],[-1.2980558333333332,40.86730583333333]],[[-1.3836108333333332,41.272221944444446],[-1.2980558333333332,40.86730583333333]],[[-1.0404997222222223,39.91177777777778],[-1.2633327777777779,40.74027777777778]],[[-1.7019997222222223,42.73375],[-1.3836108333333332,41.272221944444446]],[[-0.9088888888888889,39.44361083333333],[-0.9863327777777777,39.707166944444445]],[[-0.8568327777777778,39.26599972222222],[-0.9088888888888889,39.44361083333333]]]}},{"type":"Feature","properties":{"type":"highAirway","uuid":"highairway-m182","name":"M182"},"geometry":{"type":"MultiLineString","coordinates":[[[0.6392777777777777,40.80355583333333],[0.7387777777777778,40.868749722222226]],[[0.26547194444444444,40.55658277777778],[0.6392777777777777,40.80355583333333]],[[-0.18336083333333333,40.25602777777778],[0.26547194444444444,40.55658277777778]],[[0.7387777777777778,40.868749722222226],[1.1711108333333333,41.149721944444444]]]}},{"type":"Feature","properties":{"type":"highAirway","uuid":"highairway-m190","name":"M190"},"geometry":{"type":"MultiLineString","coordinates":[[[-5.3209719444444445,43.52883277777778],[-4.873332777777779,43.50416694444444]],[[-2.925360833333333,43.30419388888889],[-1.8303888888888888,43.31119388888889]],[[-3.316666944444444,43.362721944444445],[-2.925360833333333,43.30419388888889]],[[-4.873332777777779,43.50416694444444],[-4.503610833333333,43.48444388888889]],[[-6.655693888888889,43.392332777777774],[-6.007082777777778,43.55705583333333]],[[-4.333332777777778,43.47625],[-3.9024169444444445,43.449777777777776]],[[-4.503610833333333,43.48444388888889],[-4.333332777777778,43.47625]],[[-7.357555833333333,43.213],[-6.655693888888889,43.392332777777774]],[[-3.9024169444444445,43.449777777777776],[-3.316666944444444,43.362721944444445]],[[-8.425388888888888,42.92686083333333],[-7.357555833333333,43.213]],[[-6.007082777777778,43.55705583333333],[-5.3209719444444445,43.52883277777778]]]}},{"type":"Feature","properties":{"type":"highAirway","uuid":"highairway-m191","name":"M191"},"geometry":{"type":"MultiLineString","coordinates":[[[-6.302443888888889,40.5835],[-5.808277777777778,40.53524972222222]],[[-5.808277777777778,40.53524972222222],[-4.676388888888889,40.41638888888889]],[[-6.722777777777778,40.62277777777778],[-6.302443888888889,40.5835]]]}},{"type":"Feature","properties":{"type":"highAirway","uuid":"highairway-m194","name":"M194"},"geometry":{"type":"MultiLineString","coordinates":[[[8.774666944444446,41.77052777777778],[8.690832777777779,41.333332777777784]]]}},{"type":"Feature","properties":{"type":"highAirway","uuid":"highairway-m195","name":"M195"},"geometry":{"type":"MultiLineString","coordinates":[[[-1.7856827777777777,50.52880777777778],[-2.0723358333333337,50.24626694444444]],[[-2.0723358333333337,50.24626694444444],[-2.3710108333333335,49.93836083333333]],[[-1.3450558333333333,50.95524972222223],[-1.7856827777777777,50.52880777777778]]]}},{"type":"Feature","properties":{"type":"highAirway","uuid":"highairway-m24","name":"M24"},"geometry":{"type":"MultiLineString","coordinates":[[[3.756943888888889,41.152971944444445],[4.461388888888889,40.89527777777778]]]}},{"type":"Feature","properties":{"type":"highAirway","uuid":"highairway-m299","name":"M299"},"geometry":{"type":"MultiLineString","coordinates":[[[-1.4508327777777776,43.05833277777778],[-1.491443888888889,43.28377777777778]],[[-1.5,42.995110833333335],[-1.4508327777777776,43.05833277777778]],[[-1.7019997222222223,42.73375],[-1.5,42.995110833333335]],[[-1.7019997222222223,42.73375],[-2.193055833333333,42.73433277777778]]]}},{"type":"Feature","properties":{"type":"highAirway","uuid":"highairway-m30","name":"M30"},"geometry":{"type":"MultiLineString","coordinates":[[[-5.878610833333334,42.863055833333334],[-5.9121669444444445,43.061832777777774]],[[-5.099693888888889,38.50813888888889],[-5.149888888888889,39]],[[-5.934610833333333,44.054360833333334],[-5.836666944444445,44.65888888888889]],[[-5.3186108333333335,39.766666944444445],[-5.639693888888888,41.53019388888889]],[[-5.7722219444444445,42.27638888888889],[-5.856416944444444,42.741860833333334]],[[-6,37.95],[-5.099693888888889,38.50813888888889]],[[-5.149888888888889,39],[-5.3186108333333335,39.766666944444445]],[[-5.856416944444444,42.741860833333334],[-5.878610833333334,42.863055833333334]],[[-6.007082777777778,43.55705583333333],[-5.934610833333333,44.054360833333334]],[[-5.715832777777778,41.96194388888889],[-5.7722219444444445,42.27638888888889]],[[-5.9121669444444445,43.061832777777774],[-6.007082777777778,43.55705583333333]],[[-5.639693888888888,41.53019388888889],[-5.715832777777778,41.96194388888889]]]}},{"type":"Feature","properties":{"type":"highAirway","uuid":"highairway-m445","name":"M445"},"geometry":{"type":"MultiLineString","coordinates":[[[-0.771943888888889,39.06916694444445],[-0.5444438888888888,39.28249972222222]],[[-0.5444438888888888,39.28249972222222],[-0.004693888888888889,39.83383277777778]],[[-1.3422219444444443,38.72694388888889],[-0.771943888888889,39.06916694444445]],[[-0.004693888888888889,39.83383277777778],[0.35222194444444443,40.31527777777777]],[[-1.9361388888888889,38.364249722222226],[-1.3422219444444443,38.72694388888889]]]}},{"type":"Feature","properties":{"type":"highAirway","uuid":"highairway-m601","name":"M601"},"geometry":{"type":"MultiLineString","coordinates":[[[0.4985277777777778,41.93297194444444],[0.7302777777777778,41.84499972222223]],[[-2.925360833333333,43.30419388888889],[-2.2363608333333334,42.98372194444445]],[[7.198888888888889,40.89666694444444],[5.69,40.94666694444444]],[[1.6636108333333333,41.48333277777778],[2.1078058333333334,41.307138888888886]],[[-2.2363608333333334,42.98372194444445],[-1.9386669444444444,42.84494388888889]],[[4.504999722222222,41.075],[3.756943888888889,41.152971944444445]],[[0.7302777777777778,41.84499972222223],[1.1134719444444445,41.697916944444444]],[[-1.369443888888889,42.61666694444445],[-1.0306669444444443,42.49597194444445]],[[0.37644388888888886,41.97902777777778],[0.4985277777777778,41.93297194444444]],[[-1.9386669444444444,42.84494388888889],[-1.7019997222222223,42.73375]],[[-0.24411083333333333,42.210193888888895],[0.15716694444444443,42.06130583333333]],[[0.15716694444444443,42.06130583333333],[0.37644388888888886,41.97902777777778]],[[-1.7019997222222223,42.73375],[-1.5425558333333331,42.67783277777777]],[[1.1134719444444445,41.697916944444444],[1.5018608333333334,41.546860833333334]],[[-1.0306669444444443,42.49597194444445],[-0.8447219444444445,42.42916694444444]],[[-0.8447219444444445,42.42916694444444],[-0.5679438888888889,42.328805833333334]],[[3.1737777777777776,41.21027777777778],[2.1078058333333334,41.307138888888886]],[[3.441388888888889,41.184443888888886],[3.1737777777777776,41.21027777777778]],[[-0.5679438888888889,42.328805833333334],[-0.24411083333333333,42.210193888888895]],[[-1.5425558333333331,42.67783277777777],[-1.369443888888889,42.61666694444445]],[[3.756943888888889,41.152971944444445],[3.441388888888889,41.184443888888886]],[[1.5018608333333334,41.546860833333334],[1.6636108333333333,41.48333277777778]]]}},{"type":"Feature","properties":{"type":"highAirway","uuid":"highairway-m603","name":"M603"},"geometry":{"type":"MultiLineString","coordinates":[[[0.6749999999999999,38.87983277777778],[0.4833327777777778,38.81986083333334]],[[6.056110833333333,40.266110833333336],[7.482777777777778,40.56388888888888]],[[3.4343608333333338,39.697693888888885],[2.821666944444444,39.523332777777775]],[[2.417416944444444,39.406082777777776],[1.4441669444444445,39.11638888888889]],[[0.4833327777777778,38.81986083333334],[-0.5701108333333333,38.268277777777776]],[[0.9433327777777778,38.963055833333335],[0.6749999999999999,38.87983277777778]],[[2.821666944444444,39.523332777777775],[2.417416944444444,39.406082777777776]],[[4.216305833333333,39.86361083333333],[3.4343608333333338,39.697693888888885]],[[4.216305833333333,39.86361083333333],[4.666666944444445,39.956696944444445]],[[4.666666944444445,39.956696944444445],[4.771388888888889,39.978055833333336]],[[1.4441669444444445,39.11638888888889],[0.9433327777777778,38.963055833333335]],[[7.482777777777778,40.56388888888888],[8,40.60805583333333]],[[4.771388888888889,39.978055833333336],[6.056110833333333,40.266110833333336]]]}},{"type":"Feature","properties":{"type":"highAirway","uuid":"highairway-m604","name":"M604"},"geometry":{"type":"MultiLineString","coordinates":[[[0.597275,51.304002777777775],[0.8786608333333333,50.99968583333334]]]}},{"type":"Feature","properties":{"type":"highAirway","uuid":"highairway-m622","name":"M622"},"geometry":{"type":"MultiLineString","coordinates":[[[8.774666944444446,41.77052777777778],[8.445555833333334,42.21694388888889]],[[8.445555833333334,42.21694388888889],[8.361943888888888,42.32888888888889]],[[7.621388888888889,43.301943888888886],[7.371166944444444,43.622277777777775]],[[8.023971944444446,42.77686083333333],[7.793332777777778,43.079999722222226]],[[7.793332777777778,43.079999722222226],[7.621388888888889,43.301943888888886]],[[8.361943888888888,42.32888888888889],[8.023971944444446,42.77686083333333]]]}},{"type":"Feature","properties":{"type":"highAirway","uuid":"highairway-m623","name":"M623"},"geometry":{"type":"MultiLineString","coordinates":[[[8.120832777777778,41.41027777777778],[8.161388888888888,41.161943888888885]],[[7.362499722222222,43.32777777777778],[7.5911108333333335,43.10472194444445]],[[8.03277777777778,41.980555833333334],[8.054277777777779,41.841749722222225]],[[7.5911108333333335,43.10472194444445],[7.980555833333334,42.31305583333333]],[[8.090305833333334,41.609055833333336],[8.120832777777778,41.41027777777778]],[[7.980555833333334,42.31305583333333],[8.03277777777778,41.980555833333334]],[[8.054277777777779,41.841749722222225],[8.090305833333334,41.609055833333336]]]}},{"type":"Feature","properties":{"type":"highAirway","uuid":"highairway-m624","name":"M624"},"geometry":{"type":"MultiLineString","coordinates":[[[4.5380827777777775,50.90233277777778],[4.183888888888889,51.16499972222222]],[[5.978610833333334,49.963055833333335],[5.806943888888889,50.07777777777778]],[[6.129749722222222,49.86130583333333],[5.978610833333334,49.963055833333335]],[[4.774110833333333,50.752027777777776],[4.5380827777777775,50.90233277777778]],[[4.914027777777778,50.66222194444444],[4.774110833333333,50.752027777777776]],[[5.806943888888889,50.07777777777778],[4.914027777777778,50.66222194444444]],[[6.114999999999999,49.47638888888889],[6.129749722222222,49.86130583333333]]]}},{"type":"Feature","properties":{"type":"highAirway","uuid":"highairway-m731","name":"M731"},"geometry":{"type":"MultiLineString","coordinates":[[[6.410277777777778,42.12388888888889],[7.895832777777778,41.311388888888885]],[[7.895832777777778,41.311388888888885],[8.161388888888888,41.161943888888885]],[[8.161388888888888,41.161943888888885],[8.345555833333334,40.84583277777778]]]}},{"type":"Feature","properties":{"type":"highAirway","uuid":"highairway-m738","name":"M738"},"geometry":{"type":"MultiLineString","coordinates":[[[9.56388888888889,48.01916694444444],[10.183332777777776,47.43999972222222]],[[10.183332777777776,47.43999972222222],[10.288885833333334,47.324375]],[[9.461666944444444,48.255],[9.56388888888889,48.01916694444444]]]}},{"type":"Feature","properties":{"type":"highAirway","uuid":"highairway-m739","name":"M739"},"geometry":{"type":"MultiLineString","coordinates":[[[8,39.14999972222222],[8.51388888888889,38.790277777777774]]]}},{"type":"Feature","properties":{"type":"highAirway","uuid":"highairway-m871","name":"M871"},"geometry":{"type":"MultiLineString","coordinates":[[[-1.2845827777777776,39.77924972222222],[-1.14975,39.54919388888889]],[[-3.2186108333333334,40.22444388888889],[-2.1745558333333332,39.988860833333334]],[[-4.676388888888889,40.41638888888889],[-4.2494169444444445,40.36866694444444]],[[2.417416944444444,39.406082777777776],[3.2567219444444446,39.42733277777778]],[[1.410749722222222,39.37261083333333],[2.417416944444444,39.406082777777776]],[[-0.5444438888888888,39.28249972222222],[0.43130583333333333,39.331610833333336]],[[-1.14975,39.54919388888889],[-0.9088888888888889,39.44361083333333]],[[-1.4808327777777779,39.82611083333334],[-1.2845827777777776,39.77924972222222]],[[-0.8377777777777778,39.4125],[-0.5444438888888888,39.28249972222222]],[[-2.1745558333333332,39.988860833333334],[-1.4808327777777779,39.82611083333334]],[[-4.2494169444444445,40.36866694444444],[-3.348027777777778,40.25291694444444]],[[0.43130583333333333,39.331610833333336],[1.410749722222222,39.37261083333333]],[[-3.348027777777778,40.25291694444444],[-3.2186108333333334,40.22444388888889]],[[3.2567219444444446,39.42733277777778],[4.666666944444445,39.585]],[[-0.9088888888888889,39.44361083333333],[-0.8377777777777778,39.4125]]]}},{"type":"Feature","properties":{"type":"highAirway","uuid":"highairway-m984","name":"M984"},"geometry":{"type":"MultiLineString","coordinates":[[[3.625805833333333,42.08638888888889],[3.2088608333333335,41.947693888888885]],[[4.000277777777778,42.20916694444445],[3.625805833333333,42.08638888888889]]]}},{"type":"Feature","properties":{"type":"highAirway","uuid":"highairway-m985","name":"M985"},"geometry":{"type":"MultiLineString","coordinates":[[[3.4886108333333334,41.544805833333335],[3.8602777777777777,41.605555833333334]],[[-1.2629997222222222,39.024388888888886],[-0.8568327777777778,39.26599972222222]],[[2.1078058333333334,41.307138888888886],[3.187193888888889,41.4945]],[[3.8602777777777777,41.605555833333334],[4.666666944444445,41.73333277777778]],[[0.23611083333333333,40.00694388888889],[0.5881938888888889,40.257916944444446]],[[1.2317777777777779,40.70872194444445],[1.451943888888889,40.86083277777778]],[[1.0029719444444445,40.54969388888889],[1.2317777777777779,40.70872194444445]],[[1.451943888888889,40.86083277777778],[1.7302777777777778,41.05138888888889]],[[-1.7688888888888887,38.719166944444446],[-1.2629997222222222,39.024388888888886]],[[1.7302777777777778,41.05138888888889],[2.1078058333333334,41.307138888888886]],[[3.187193888888889,41.4945],[3.4886108333333334,41.544805833333335]],[[-0.8568327777777778,39.26599972222222],[-0.48305583333333335,39.48563888888889]],[[-0.004693888888888889,39.83383277777778],[0.23611083333333333,40.00694388888889]],[[0.5881938888888889,40.257916944444446],[1.0029719444444445,40.54969388888889]],[[-0.48305583333333335,39.48563888888889],[-0.004693888888888889,39.83383277777778]],[[-2.092777777777778,38.52111083333333],[-1.7688888888888887,38.719166944444446]],[[-2.352777777777778,38.36077777777778],[-2.092777777777778,38.52111083333333]]]}},{"type":"Feature","properties":{"type":"highAirway","uuid":"highairway-m986","name":"M986"},"geometry":{"type":"MultiLineString","coordinates":[[[7.176943888888889,40.18361083333333],[6.804443888888889,39.71388888888889]],[[7.176943888888889,40.18361083333333],[7.297777777777777,40.33444388888889]],[[7.297777777777777,40.33444388888889],[7.482777777777778,40.56388888888888]]]}},{"type":"Feature","properties":{"type":"highAirway","uuid":"highairway-n10","name":"N10"},"geometry":{"type":"MultiLineString","coordinates":[[[-1.9633327777777778,42.34366694444444],[-1.9074169444444444,42.42761083333333]],[[-2.629777777777778,41.32355583333334],[-2.514527777777778,41.502610833333335]],[[-2.514527777777778,41.502610833333335],[-2.0778058333333336,42.17102777777777]],[[-2.544610833333333,40.37197194444445],[-2.5991669444444447,40.98030583333333]],[[-4.556388888888889,38.93861083333333],[-3.7461108333333333,39.56611083333333]],[[-2.0778058333333336,42.17102777777777],[-2.0111108333333334,42.271943888888885]],[[-5.099693888888889,38.50813888888889],[-4.556388888888889,38.93861083333333]],[[-3.7461108333333333,39.56611083333333],[-3.464027777777778,39.78074972222222]],[[-1.9074169444444444,42.42761083333333],[-1.7019997222222223,42.73375]],[[-2.5991669444444447,40.98030583333333],[-2.629777777777778,41.32355583333334]],[[-5.762221944444445,37.42758277777777],[-5.099693888888889,38.50813888888889]],[[-2.0111108333333334,42.271943888888885],[-1.9633327777777778,42.34366694444444]],[[-3.464027777777778,39.78074972222222],[-2.544610833333333,40.37197194444445]]]}},{"type":"Feature","properties":{"type":"highAirway","uuid":"highairway-n13","name":"N13"},"geometry":{"type":"MultiLineString","coordinates":[[[2.0586108333333333,42.361666944444444],[2.2686108333333332,41.766110833333336]],[[2.2686108333333332,41.766110833333336],[2.702582777777778,40.5]]]}},{"type":"Feature","properties":{"type":"highAirway","uuid":"highairway-n14","name":"N14"},"geometry":{"type":"MultiLineString","coordinates":[[[-0.9170777777777778,51.01449972222222],[-0.9639438888888888,51.059124999999995]],[[-0.9639438888888888,51.059124999999995],[-1.232218888888889,51.337966944444446]]]}},{"type":"Feature","properties":{"type":"highAirway","uuid":"highairway-n16","name":"N16"},"geometry":{"type":"MultiLineString","coordinates":[[[-0.9383469444444444,50.82],[-0.7567358333333334,50.85521888888889]],[[-1.235552777777778,50.76253277777778],[-0.9383469444444444,50.82]],[[-2.5187027777777775,50.74974388888889],[-1.235552777777778,50.76253277777778]],[[-0.7567358333333334,50.85521888888889],[-0.23083583333333335,51.17292777777777]]]}},{"type":"Feature","properties":{"type":"highAirway","uuid":"highairway-n163","name":"N163"},"geometry":{"type":"MultiLineString","coordinates":[[[5.0868327777777775,43.38630583333333],[5.633332777777778,43.01277777777778]]]}},{"type":"Feature","properties":{"type":"highAirway","uuid":"highairway-n17","name":"N17"},"geometry":{"type":"MultiLineString","coordinates":[[[-1.5477388888888888,50.666110833333335],[-0.7549138888888889,50.81108888888889]],[[-2.514825,50.68196083333333],[-2.02585,50.660893888888886]],[[-2.02585,50.660893888888886],[-1.5477388888888888,50.666110833333335]]]}},{"type":"Feature","properties":{"type":"highAirway","uuid":"highairway-n19","name":"N19"},"geometry":{"type":"MultiLineString","coordinates":[[[-1.9941688888888889,50.87127777777778],[-2.545960833333333,50.79681083333333]],[[-1.3450558333333333,50.95524972222223],[-1.9941688888888889,50.87127777777778]]]}},{"type":"Feature","properties":{"type":"highAirway","uuid":"highairway-n31","name":"N31"},"geometry":{"type":"MultiLineString","coordinates":[[[2.032055833333333,42.171527777777776],[2.072082777777778,41.83675]],[[2.0084719444444445,42.36680583333333],[2.032055833333333,42.171527777777776]],[[2.10975,41.51986083333333],[2.1078058333333334,41.307138888888886]],[[2.10975,41.51986083333333],[2.072082777777778,41.83675]]]}},{"type":"Feature","properties":{"type":"highAirway","uuid":"highairway-n480","name":"N480"},"geometry":{"type":"MultiLineString","coordinates":[[[-5.5530558333333335,44.609721944444445],[-5.934610833333333,44.054360833333334]]]}},{"type":"Feature","properties":{"type":"highAirway","uuid":"highairway-n491","name":"N491"},"geometry":{"type":"MultiLineString","coordinates":[[[8.076943888888888,47.77916694444444],[8.436971944444444,47.689499999999995]],[[7.583332777777778,47.90833277777778],[8.076943888888888,47.77916694444444]],[[8.436971944444444,47.689499999999995],[8.817666944444444,47.59216694444444]],[[8.817666944444444,47.59216694444444],[9.201943888888888,47.4125]]]}},{"type":"Feature","properties":{"type":"highAirway","uuid":"highairway-n514","name":"N514"},"geometry":{"type":"MultiLineString","coordinates":[[[-1.2158527777777777,51.08185],[-1.3804277777777778,51.000905833333334]],[[-1.3804277777777778,51.000905833333334],[-2.003874722222222,50.89340583333333]],[[-0.9600058333333333,51.20666388888889],[-1.2158527777777777,51.08185]],[[-2.003874722222222,50.89340583333333],[-2.545960833333333,50.79681083333333]]]}},{"type":"Feature","properties":{"type":"highAirway","uuid":"highairway-n608","name":"N608"},"geometry":{"type":"MultiLineString","coordinates":[[[0.90275,42.448832777777774],[0.9972219444444443,42.77499972222222]],[[0.14305583333333333,40.23083277777778],[0.26547194444444444,40.55658277777778]],[[-0.0077777777777777776,39.35083277777778],[-0.004693888888888889,39.83383277777778]],[[0.38491694444444446,40.87108277777778],[0.4425277777777778,41.02163888888889]],[[0.7302777777777778,41.84499972222223],[0.90275,42.448832777777774]],[[0.6480277777777778,41.55291694444444],[0.6786108333333333,41.661943888888885]],[[0.26547194444444444,40.55658277777778],[0.38491694444444446,40.87108277777778]],[[0.6786108333333333,41.661943888888885],[0.7302777777777778,41.84499972222223]],[[-0.013721944444444445,38.44944388888889],[-0.0077777777777777776,39.35083277777778]],[[0.4425277777777778,41.02163888888889],[0.4763888888888889,41.109721944444445]],[[0.4763888888888889,41.109721944444445],[0.5659169444444445,41.341749722222225]],[[-0.004693888888888889,39.83383277777778],[0.14305583333333333,40.23083277777778]],[[0.5659169444444445,41.341749722222225],[0.6480277777777778,41.55291694444444]]]}},{"type":"Feature","properties":{"type":"highAirway","uuid":"highairway-n621","name":"N621"},"geometry":{"type":"MultiLineString","coordinates":[[[-1.2158527777777777,51.08185],[-1.3450558333333333,50.95524972222223]],[[-1.0006419444444445,51.29087777777777],[-1.2158527777777777,51.08185]],[[-1.849943888888889,50.67491694444444],[-2.0723358333333337,50.24626694444444]],[[-2.0723358333333337,50.24626694444444],[-2.1065058333333333,49.98244388888889]],[[-1.3450558333333333,50.95524972222223],[-1.849943888888889,50.67491694444444]]]}},{"type":"Feature","properties":{"type":"highAirway","uuid":"highairway-n63","name":"N63"},"geometry":{"type":"MultiLineString","coordinates":[[[-0.5323327777777779,51.17469388888889],[-0.9639438888888888,51.059124999999995]],[[-1.5227077777777778,50.73229694444445],[-2.1065058333333333,49.98244388888889]],[[-1.3450558333333333,50.95524972222223],[-1.5227077777777778,50.73229694444445]],[[-0.9639438888888888,51.059124999999995],[-1.3450558333333333,50.95524972222223]]]}},{"type":"Feature","properties":{"type":"highAirway","uuid":"highairway-n725","name":"N725"},"geometry":{"type":"MultiLineString","coordinates":[[[1.1297777777777778,41.54386083333333],[1.6738888888888888,41.41722194444444]],[[2.1078058333333334,41.307138888888886],[3.540055833333333,41.06294388888889]],[[-6.538610833333333,42.79666694444444],[-6.164443888888889,42.767221944444444]],[[-2.880693888888889,42.45330583333334],[-2.0111108333333334,42.271943888888885]],[[3.540055833333333,41.06294388888889],[3.8069438888888887,41.015277777777776]],[[0.15958277777777777,41.78552777777777],[0.31844388888888886,41.747999722222225]],[[-0.8472219444444444,42.017221944444444],[-0.3533327777777778,41.90472194444445]],[[6.157221944444445,40.71083277777778],[7.482777777777778,40.56388888888888]],[[-3.2395827777777777,42.49238888888889],[-2.880693888888889,42.45330583333334]],[[4.461388888888889,40.89527777777778],[4.666666944444445,40.85694388888889]],[[-6.164443888888889,42.767221944444444],[-5.856416944444444,42.741860833333334]],[[0.31844388888888886,41.747999722222225],[0.6786108333333333,41.661943888888885]],[[-7.296027777777778,42.852805833333335],[-6.538610833333333,42.79666694444444]],[[0.6786108333333333,41.661943888888885],[1.1297777777777778,41.54386083333333]],[[-4.849721944444444,42.65333277777778],[-4.030777777777778,42.574443888888894]],[[-4.988888888888889,42.666110833333335],[-4.849721944444444,42.65333277777778]],[[4.666666944444445,40.85694388888889],[6.157221944444445,40.71083277777778]],[[-4.030777777777778,42.574443888888894],[-3.2395827777777777,42.49238888888889]],[[-5.856416944444444,42.741860833333334],[-5.442777777777778,42.70638888888889]],[[1.6738888888888888,41.41722194444444],[2.1078058333333334,41.307138888888886]],[[-8.425388888888888,42.92686083333333],[-7.296027777777778,42.852805833333335]],[[-5.442777777777778,42.70638888888889],[-4.988888888888889,42.666110833333335]],[[3.8069438888888887,41.015277777777776],[4.461388888888889,40.89527777777778]],[[-0.3533327777777778,41.90472194444445],[0.15958277777777777,41.78552777777777]],[[-2.0111108333333334,42.271943888888885],[-1.2127777777777777,42.09861083333334]],[[-1.2127777777777777,42.09861083333334],[-0.8472219444444444,42.017221944444444]]]}},{"type":"Feature","properties":{"type":"highAirway","uuid":"highairway-n726","name":"N726"},"geometry":{"type":"MultiLineString","coordinates":[[[-8.425388888888888,42.92686083333333],[-8.228277777777778,42.139805833333334]]]}},{"type":"Feature","properties":{"type":"highAirway","uuid":"highairway-n727","name":"N727"},"geometry":{"type":"MultiLineString","coordinates":[[[3.540055833333333,41.06294388888889],[3.9918608333333334,40.5]],[[2.2164169444444446,42.43333277777778],[2.771860833333333,41.93124972222222]],[[2.771860833333333,41.93124972222222],[3.187193888888889,41.4945]],[[3.187193888888889,41.4945],[3.441388888888889,41.184443888888886]],[[3.441388888888889,41.184443888888886],[3.540055833333333,41.06294388888889]]]}},{"type":"Feature","properties":{"type":"highAirway","uuid":"highairway-n728","name":"N728"},"geometry":{"type":"MultiLineString","coordinates":[[[-7.865582777777777,43.65311083333333],[-6.919721944444444,44.83527777777778]],[[-8.425388888888888,42.92686083333333],[-7.865582777777777,43.65311083333333]]]}},{"type":"Feature","properties":{"type":"highAirway","uuid":"highairway-n733","name":"N733"},"geometry":{"type":"MultiLineString","coordinates":[[[2.471388888888889,39.657777777777774],[1.3803777777777777,39.60314388888889]],[[0.29872194444444444,39.53863888888889],[-0.48305583333333335,39.48563888888889]],[[-6.944610833333334,42.200610833333336],[-6.2166669444444445,41.83027777777778]],[[-2.158332777777778,40.21055583333334],[-2.0103327777777777,40.1475]],[[-1.2116669444444443,39.80533277777778],[-1.0944438888888888,39.75416694444444]],[[3.4343608333333338,39.697693888888885],[2.612499722222222,39.664166944444446]],[[-1.4319997222222223,39.90061083333333],[-1.2116669444444443,39.80533277777778]],[[-2.544610833333333,40.37197194444445],[-2.158332777777778,40.21055583333334]],[[-2.544610833333333,40.37197194444445],[-4.22325,41.01525]],[[-0.9863327777777777,39.707166944444445],[-0.48305583333333335,39.48563888888889]],[[-6.2166669444444445,41.83027777777778],[-5.639693888888888,41.53019388888889]],[[-4.22325,41.01525],[-4.611110833333333,41.15888888888889]],[[-7.783610833333333,42.61638888888889],[-7.481471944444444,42.468110833333334]],[[1.3803777777777777,39.60314388888889],[0.6208327777777778,39.55888888888889]],[[-7.388610833333334,42.422221944444445],[-7.094166944444444,42.275555833333335]],[[-7.481471944444444,42.468110833333334],[-7.388610833333334,42.422221944444445]],[[-7.094166944444444,42.275555833333335],[-6.944610833333334,42.200610833333336]],[[0.6208327777777778,39.55888888888889],[0.29872194444444444,39.53863888888889]],[[2.612499722222222,39.664166944444446],[2.471388888888889,39.657777777777774]],[[-2.0103327777777777,40.1475],[-1.4319997222222223,39.90061083333333]],[[4.666666944444445,39.585],[3.4343608333333338,39.697693888888885]],[[-8.425388888888888,42.92686083333333],[-7.783610833333333,42.61638888888889]],[[-4.611110833333333,41.15888888888889],[-4.964721944444444,41.28805583333333]],[[-1.0944438888888888,39.75416694444444],[-0.9863327777777777,39.707166944444445]],[[-4.964721944444444,41.28805583333333],[-5.639693888888888,41.53019388888889]]]}},{"type":"Feature","properties":{"type":"highAirway","uuid":"highairway-n736","name":"N736"},"geometry":{"type":"MultiLineString","coordinates":[[[7.5291669444444445,43.78944388888889],[7.452610833333334,43.708555833333335]],[[7.452610833333334,43.708555833333335],[7.371166944444444,43.622277777777775]]]}},{"type":"Feature","properties":{"type":"highAirway","uuid":"highairway-n745","name":"N745"},"geometry":{"type":"MultiLineString","coordinates":[[[-6.722777777777778,40.62277777777778],[-6.288610833333333,40.990832777777776]],[[-6.288610833333333,40.990832777777776],[-5.639693888888888,41.53019388888889]]]}},{"type":"Feature","properties":{"type":"highAirway","uuid":"highairway-n746","name":"N746"},"geometry":{"type":"MultiLineString","coordinates":[[[9.486388888888888,50.06694388888889],[9.873332777777778,50.40972194444444]],[[9.873332777777778,50.40972194444444],[10.43505,50.8975]]]}},{"type":"Feature","properties":{"type":"highAirway","uuid":"highairway-n75","name":"N75"},"geometry":{"type":"MultiLineString","coordinates":[[[-2.925360833333333,43.30419388888889],[-3.316666944444444,43.68055583333333]],[[-3.987499722222222,44.32888888888889],[-3.4516108333333335,43.81241694444444]],[[-3.4516108333333335,43.81241694444444],[-3.316666944444444,43.68055583333333]]]}},{"type":"Feature","properties":{"type":"highAirway","uuid":"highairway-n850","name":"N850"},"geometry":{"type":"MultiLineString","coordinates":[[[8.977227777777777,51.110932777777776],[8.959166944444444,51.04749972222222]],[[8.800277777777778,50.056666944444444],[8.923332777777777,50.141666944444445]],[[8.800277777777778,50.056666944444444],[8.689999722222222,49.73722194444444]],[[8.618332777777779,46.43611083333333],[8.664925,46.10440277777778]],[[8.959166944444444,51.04749972222222],[8.884999722222222,50.824938888888894]],[[8.53211388888889,47.03937472222222],[8.594166944444446,46.60666694444445]],[[8.321260833333334,48.169999999999995],[8.396666944444444,47.85833277777778]],[[3.5208327777777777,40.094166944444446],[3.1145827777777777,39.92744388888889]],[[3.7086108333333336,40.17055583333333],[3.5208327777777777,40.094166944444446]],[[8.884999722222222,50.824938888888894],[8.81944388888889,50.635555833333335]],[[2.612499722222222,39.664166944444446],[2.3958608333333333,39.54944388888889]],[[3.1145827777777777,39.92744388888889],[2.612499722222222,39.664166944444446]],[[8.5,47.26027777777778],[8.53211388888889,47.03937472222222]],[[4.666666944444445,40.55222194444444],[3.7086108333333336,40.17055583333333]],[[8.594166944444446,46.60666694444445],[8.618332777777779,46.43611083333333]],[[8.396666944444444,47.85833277777778],[8.436971944444444,47.689499999999995]],[[8.436971944444444,47.689499999999995],[8.5,47.26027777777778]]]}},{"type":"Feature","properties":{"type":"highAirway","uuid":"highairway-n851","name":"N851"},"geometry":{"type":"MultiLineString","coordinates":[[[9.042777777777777,46.15972194444444],[9.009166944444445,46.41055583333333]],[[2.7155558333333336,39.27583277777778],[3.2567219444444446,39.42733277777778]],[[0.4833327777777778,38.60833277777778],[0.6749999999999999,38.66880777777777]],[[8.907610833333333,47.156777777777776],[8.889166944444444,47.289721944444445]],[[9.227499722222221,48.43416694444444],[9.259207777777778,48.618407777777776]],[[9.162499722222222,48.04416694444444],[9.182777777777778,48.166666944444444]],[[1.4704169444444446,38.91547194444444],[2.6105558333333336,39.24611083333333]],[[8.966943888888888,47.44111083333333],[9.107777777777777,47.713055833333335]],[[9.340227777777779,48.912974999999996],[9.316124722222224,49.21475277777778]],[[9.195891944444444,48.24542777777778],[9.227499722222221,48.43416694444444]],[[9.182777777777778,48.166666944444444],[9.195891944444444,48.24542777777778]],[[4.216305833333333,39.86361083333333],[4.666666944444445,40.06461083333333]],[[-0.013721944444444445,38.44944388888889],[0.4833327777777778,38.60833277777778]],[[9.316124722222224,49.21475277777778],[9.305321944444445,49.35415583333334]],[[8.983055833333333,46.60527777777778],[8.94444388888889,46.88944388888889]],[[3.2567219444444446,39.42733277777778],[4.216305833333333,39.86361083333333]],[[9.136388888888888,47.88666694444444],[9.162499722222222,48.04416694444444]],[[8.889166944444444,47.289721944444445],[8.966943888888888,47.44111083333333]],[[9.305321944444445,49.35415583333334],[9.363888888888889,49.74888888888889]],[[9.107777777777777,47.713055833333335],[9.120555833333334,47.78999972222222]],[[0.6749999999999999,38.66880777777777],[1.4704169444444446,38.91547194444444]],[[8.94444388888889,46.88944388888889],[8.907610833333333,47.156777777777776]],[[9.127777777777778,47.83527777777778],[9.136388888888888,47.88666694444444]],[[2.6105558333333336,39.24611083333333],[2.7155558333333336,39.27583277777778]],[[9.009166944444445,46.41055583333333],[8.983055833333333,46.60527777777778]],[[9.120555833333334,47.78999972222222],[9.127777777777778,47.83527777777778]]]}},{"type":"Feature","properties":{"type":"highAirway","uuid":"highairway-n852","name":"N852"},"geometry":{"type":"MultiLineString","coordinates":[[[6.4638888888888895,49.36694388888889],[6.565693888888888,49.214221944444446]],[[3.8602777777777777,41.605555833333334],[3.756943888888889,41.152971944444445]],[[5.448888888888889,51.18249972222222],[5.665555833333333,50.68249972222222]],[[3.4343608333333338,39.697693888888885],[3.147777777777778,38.29361083333333]],[[6.129749722222222,49.86130583333333],[6.281666944444444,49.63722194444444]],[[6.565693888888888,49.214221944444446],[6.716221944444444,48.98644388888889]],[[6.004999722222222,50.079166944444445],[6.069721944444444,49.96638888888889]],[[6.069721944444444,49.96638888888889],[6.129749722222222,49.86130583333333]],[[6.4421108333333335,49.397060833333335],[6.4638888888888895,49.36694388888889]],[[6.281666944444444,49.63722194444444],[6.391666944444445,49.46666694444445]],[[5.710277777777778,50.58583277777778],[6.004999722222222,50.079166944444445]],[[3.5208327777777777,40.094166944444446],[3.4343608333333338,39.697693888888885]],[[3.9336108333333337,41.92388888888889],[3.8602777777777777,41.605555833333334]],[[6.391666944444445,49.46666694444445],[6.4421108333333335,49.397060833333335]],[[5.665555833333333,50.68249972222222],[5.710277777777778,50.58583277777778]],[[4.115555833333333,42.172221944444445],[3.9336108333333337,41.92388888888889]],[[3.756943888888889,41.152971944444445],[3.5208327777777777,40.094166944444446]]]}},{"type":"Feature","properties":{"type":"highAirway","uuid":"highairway-n853","name":"N853"},"geometry":{"type":"MultiLineString","coordinates":[[[6.132221944444444,50.299166944444444],[6.2005558333333335,50.57]],[[4.504999722222222,41.075],[4.666666944444445,41.73333277777778]],[[6.129749722222222,49.86130583333333],[6.132221944444444,50.299166944444444]],[[6.67944388888889,51.02305583333333],[6.848332777777777,51.10333277777778]],[[4.168055833333334,39.61611083333334],[4.216305833333333,39.86361083333333]],[[6.275,49.50833277777778],[6.129749722222222,49.86130583333333]],[[6.239443888888889,50.722499722222224],[6.67944388888889,51.02305583333333]],[[6.2005558333333335,50.57],[6.239443888888889,50.722499722222224]],[[4.461388888888889,40.89527777777778],[4.504999722222222,41.075]],[[4.090832777777777,39.2175],[4.168055833333334,39.61611083333334]],[[4.3665827777777775,40.5],[4.461388888888889,40.89527777777778]],[[4.216305833333333,39.86361083333333],[4.3665827777777775,40.5]],[[6.722666944444445,45.80972194444444],[6.701110833333334,46.12638888888889]],[[3.9497219444444447,38.48027777777778],[4.090832777777777,39.2175]],[[6.701110833333334,46.12638888888889],[6.67944388888889,46.443888888888885]],[[6.746860833333334,45.457166944444445],[6.722666944444445,45.80972194444444]]]}},{"type":"Feature","properties":{"type":"highAirway","uuid":"highairway-n855","name":"N855"},"geometry":{"type":"MultiLineString","coordinates":[[[3.2088608333333335,41.947693888888885],[3.1959999999999997,41.67961083333333]],[[3.2088608333333335,41.947693888888885],[2.9831669444444446,42.48030583333333]],[[3.1575558333333333,40.86375],[3.1458327777777777,40.609166944444446]],[[3.1959999999999997,41.67961083333333],[3.187193888888889,41.4945]],[[3.1407219444444445,40.5],[3.1145827777777777,39.92744388888889]],[[3.1145827777777777,39.92744388888889],[3.1311108333333335,39.117777777777775]],[[3.1737777777777776,41.21027777777778],[3.1575558333333333,40.86375]],[[3.187193888888889,41.4945],[3.1737777777777776,41.21027777777778]],[[3.1458327777777777,40.609166944444446],[3.1407219444444445,40.5]],[[3.1311108333333335,39.117777777777775],[3.1416669444444443,38.596943888888894]],[[3.1416669444444443,38.596943888888894],[3.147777777777778,38.29361083333333]]]}},{"type":"Feature","properties":{"type":"highAirway","uuid":"highairway-n856","name":"N856"},"geometry":{"type":"MultiLineString","coordinates":[[[1.2317777777777779,40.70872194444445],[1.1711108333333333,41.149721944444444]],[[1.3803777777777777,39.60314388888889],[1.2799169444444445,40.35461083333333]],[[1.410749722222222,39.37261083333333],[1.3803777777777777,39.60314388888889]],[[1.75315,38.553749999999994],[1.5427777777777776,38.82333277777778]],[[1.4704169444444446,38.91547194444444],[1.4441669444444445,39.11638888888889]],[[1.2799169444444445,40.35461083333333],[1.2317777777777779,40.70872194444445]],[[1.4441669444444445,39.11638888888889],[1.410749722222222,39.37261083333333]],[[1.5427777777777776,38.82333277777778],[1.4704169444444446,38.91547194444444]],[[1.9169438888888888,38.34222194444445],[1.75315,38.553749999999994]]]}},{"type":"Feature","properties":{"type":"highAirway","uuid":"highairway-n857","name":"N857"},"geometry":{"type":"MultiLineString","coordinates":[[[-1.9633327777777778,42.34366694444444],[-1.9074169444444444,42.42761083333333]],[[-2.629777777777778,41.32355583333334],[-2.514527777777778,41.502610833333335]],[[-2.629777777777778,41.32355583333334],[-3.724443888888889,40.11083277777778]],[[-2.514527777777778,41.502610833333335],[-2.0778058333333336,42.17102777777777]],[[-2.0778058333333336,42.17102777777777],[-2.0111108333333334,42.271943888888885]],[[-3.724443888888889,40.11083277777778],[-4.0553888888888885,39.73333277777778]],[[-4.0553888888888885,39.73333277777778],[-4.496943888888889,39.22166694444444]],[[-4.685832777777778,39],[-5.099693888888889,38.50813888888889]],[[-4.496943888888889,39.22166694444444],[-4.685832777777778,39]],[[-1.6155558333333335,43.25833277777778],[-1.7019997222222223,42.73375]],[[-1.9074169444444444,42.42761083333333],[-1.7019997222222223,42.73375]],[[-5.762221944444445,37.42758277777777],[-5.099693888888889,38.50813888888889]],[[-2.0111108333333334,42.271943888888885],[-1.9633327777777778,42.34366694444444]]]}},{"type":"Feature","properties":{"type":"highAirway","uuid":"highairway-n858","name":"N858"},"geometry":{"type":"MultiLineString","coordinates":[[[-2.880693888888889,42.45330583333334],[-1.9624997222222222,43.646388888888886]],[[-5.476943888888889,38.59722194444445],[-5.149888888888889,39]],[[-3.4116669444444443,41.504443888888886],[-2.880693888888889,42.45330583333334]],[[9.963055833333332,50.9525],[10.286602777777778,51.05058083333333]],[[10.286602777777778,51.05058083333333],[10.34888888888889,51.06805583333334]],[[9.701388888888888,50.87222194444445],[9.963055833333332,50.9525]],[[-6,37.95],[-5.476943888888889,38.59722194444445]],[[-5.149888888888889,39],[-4.3373888888888885,39.96947194444444]],[[-3.6046669444444444,41.151693888888886],[-3.4116669444444443,41.504443888888886]],[[9.205555833333333,50.71722194444445],[9.701388888888888,50.87222194444445]],[[-4.3373888888888885,39.96947194444444],[-3.6046669444444444,41.151693888888886]],[[8.785780833333334,50.571646944444446],[9.205555833333333,50.71722194444445]]]}},{"type":"Feature","properties":{"type":"highAirway","uuid":"highairway-n859","name":"N859"},"geometry":{"type":"MultiLineString","coordinates":[[[2.1078058333333334,41.307138888888886],[2.28675,40.80291694444444]],[[2.28675,40.80291694444444],[2.348638888888889,40.62661083333333]],[[3.147777777777778,38.29361083333333],[2.8998327777777777,39.02474972222222]],[[2.348638888888889,40.62661083333333],[2.392888888888889,40.5]],[[2.496268888888889,40.20222777777778],[2.7583058333333335,39.43519388888888]],[[2.8998327777777777,39.02474972222222],[2.7583058333333335,39.43519388888888]],[[2.0084719444444445,42.36680583333333],[2.0724997222222226,41.68722194444444]],[[2.392888888888889,40.5],[2.496268888888889,40.20222777777778]],[[2.0724997222222226,41.68722194444444],[2.1078058333333334,41.307138888888886]]]}},{"type":"Feature","properties":{"type":"highAirway","uuid":"highairway-n860","name":"N860"},"geometry":{"type":"MultiLineString","coordinates":[[[0.558443888888889,42.69299972222222],[0.47500000000000003,42.36749972222222]],[[-0.771943888888889,39.06916694444445],[-0.9986669444444444,38.738305833333335]],[[0.19938888888888887,41.26844388888889],[0.16525,41.12958277777778]],[[0.06155583333333334,40.872277777777775],[-0.0639438888888889,40.557943888888886]],[[0.37644388888888886,41.97902777777778],[0.31844388888888886,41.747999722222225]],[[0.31844388888888886,41.747999722222225],[0.2186938888888889,41.34669388888889]],[[0.16525,41.12958277777778],[0.06155583333333334,40.872277777777775]],[[-0.9986669444444444,38.738305833333335],[-1.5575827777777778,37.90755583333333]],[[-0.3263888888888889,39.89055583333333],[-0.48305583333333335,39.48563888888889]],[[-0.0639438888888889,40.557943888888886],[-0.18336083333333333,40.25602777777778]],[[-0.18336083333333333,40.25602777777778],[-0.2837497222222222,40]],[[0.2186938888888889,41.34669388888889],[0.19938888888888887,41.26844388888889]],[[-0.2837497222222222,40],[-0.3263888888888889,39.89055583333333]],[[0.47500000000000003,42.36749972222222],[0.37644388888888886,41.97902777777778]],[[-0.48305583333333335,39.48563888888889],[-0.771943888888889,39.06916694444445]]]}},{"type":"Feature","properties":{"type":"highAirway","uuid":"highairway-n861","name":"N861"},"geometry":{"type":"MultiLineString","coordinates":[[[2.3958608333333333,39.54944388888889],[1.9408608333333333,40.154360833333335]],[[1.6983327777777777,41.25972194444444],[1.6891669444444444,41.31861083333334]],[[2.7155558333333336,39.27583277777778],[2.7583058333333335,39.43519388888888]],[[1.6891669444444444,41.31861083333334],[1.6738888888888888,41.41722194444444]],[[1.6636108333333333,41.48333277777778],[1.6183058333333333,41.77163888888889]],[[1.9408608333333333,40.154360833333335],[1.7302777777777778,41.05138888888889]],[[1.6183058333333333,41.77163888888889],[1.51275,42.43522194444444]],[[2.7583058333333335,39.43519388888888],[2.3958608333333333,39.54944388888889]],[[2.5180558333333334,38.53111083333333],[2.7155558333333336,39.27583277777778]],[[1.7302777777777778,41.05138888888889],[1.7058608333333334,41.210638888888894]],[[2.328888888888889,37.80361083333333],[2.5180558333333334,38.53111083333333]],[[1.6738888888888888,41.41722194444444],[1.6636108333333333,41.48333277777778]],[[1.7058608333333334,41.210638888888894],[1.6983327777777777,41.25972194444444]]]}},{"type":"Feature","properties":{"type":"highAirway","uuid":"highairway-n862","name":"N862"},"geometry":{"type":"MultiLineString","coordinates":[[[0.15958277777777777,41.78552777777777],[0.16525,41.12958277777778]],[[0.15111083333333333,42.73194388888889],[0.15716694444444443,42.06130583333333]],[[0.15716694444444443,42.06130583333333],[0.15958277777777777,41.78552777777777]]]}},{"type":"Feature","properties":{"type":"highAirway","uuid":"highairway-n863","name":"N863"},"geometry":{"type":"MultiLineString","coordinates":[[[2.3958608333333333,39.54944388888889],[1.7656669444444444,40.007805833333336]],[[1.1297777777777778,41.54386083333333],[1.1134719444444445,41.697916944444444]],[[1.7656669444444444,40.007805833333336],[1.4490558333333334,40.62111083333333]],[[1.1521669444444445,41.331027777777784],[1.1297777777777778,41.54386083333333]],[[1.0343608333333334,42.43536083333333],[0.9972219444444443,42.77499972222222]],[[1.4490558333333334,40.62111083333333],[1.1711108333333333,41.149721944444444]],[[1.1134719444444445,41.697916944444444],[1.0658327777777779,42.143610833333334]],[[1.1711108333333333,41.149721944444444],[1.1663888888888887,41.19611083333333]],[[1.0658327777777779,42.143610833333334],[1.0343608333333334,42.43536083333333]],[[1.1663888888888887,41.19611083333333],[1.1521669444444445,41.331027777777784]]]}},{"type":"Feature","properties":{"type":"highAirway","uuid":"highairway-n864","name":"N864"},"geometry":{"type":"MultiLineString","coordinates":[[[-4.556388888888889,38.93861083333333],[-4.686638888888889,38.30955583333333]],[[-4.22325,41.01525],[-4.3373888888888885,39.96947194444444]],[[-4.383610833333334,39.75527777777778],[-4.496943888888889,39.22166694444444]],[[-4.496943888888889,39.22166694444444],[-4.556388888888889,38.93861083333333]],[[-4.1091388888888885,42.027610833333334],[-4.168999722222223,41.500305833333336]],[[-4.168999722222223,41.500305833333336],[-4.195332777777778,41.265721944444444]],[[-4.195332777777778,41.265721944444444],[-4.22325,41.01525]],[[-4.030777777777778,42.574443888888894],[-4.1091388888888885,42.027610833333334]],[[-3.9024169444444445,43.449777777777776],[-3.975027777777778,42.95777777777778]],[[-3.975027777777778,42.95777777777778],[-4.030777777777778,42.574443888888894]],[[-4.3373888888888885,39.96947194444444],[-4.383610833333334,39.75527777777778]],[[-3.9327777777777775,43.766666944444445],[-3.987499722222222,44.32888888888889]],[[-3.9327777777777775,43.766666944444445],[-3.9024169444444445,43.449777777777776]]]}},{"type":"Feature","properties":{"type":"highAirway","uuid":"highairway-n865","name":"N865"},"geometry":{"type":"MultiLineString","coordinates":[[[-3.613582777777778,42.02155583333333],[-3.6352777777777776,42.35805583333333]],[[-3.4847219444444444,39.574443888888894],[-3.464027777777778,39.78074972222222]],[[-3.6247219444444445,38.15255583333333],[-3.5421669444444444,39]],[[-3.6352777777777776,42.35805583333333],[-3.699832777777778,42.68227777777778]],[[-3.5421669444444444,39],[-3.4847219444444444,39.574443888888894]],[[-3.6046669444444444,41.151693888888886],[-3.6136108333333334,41.50361083333333]],[[-3.699832777777778,42.68227777777778],[-3.987499722222222,44.32888888888889]],[[-3.464027777777778,39.78074972222222],[-3.6046669444444444,41.151693888888886]],[[-3.6136108333333334,41.50361083333333],[-3.613582777777778,42.02155583333333]]]}},{"type":"Feature","properties":{"type":"highAirway","uuid":"highairway-n866","name":"N866"},"geometry":{"type":"MultiLineString","coordinates":[[[-2.125710833333333,50.6753],[-2.214243888888889,50.503505833333335]],[[-0.9600058333333333,51.20666388888889],[-1.3450558333333333,50.95524972222223]],[[-2.3287058333333333,50.279421944444444],[-2.3710108333333335,49.93836083333333]],[[-2.214243888888889,50.503505833333335],[-2.3287058333333333,50.279421944444444]],[[-1.3450558333333333,50.95524972222223],[-2.125710833333333,50.6753]]]}},{"type":"Feature","properties":{"type":"highAirway","uuid":"highairway-n867","name":"N867"},"geometry":{"type":"MultiLineString","coordinates":[[[-2.925360833333333,43.30419388888889],[-3.0440827777777777,43.683749999999996]],[[-2.880693888888889,42.45330583333334],[-2.925360833333333,43.30419388888889]],[[-3.048888888888889,41.72944388888889],[-2.880693888888889,42.45330583333334]],[[-3.4002777777777777,39.57694388888889],[-3.221388888888889,39]],[[-3.0440827777777777,43.683749999999996],[-3.1502777777777777,44.05138888888889]],[[-3.1,41.504443888888886],[-3.048888888888889,41.72944388888889]],[[-3.246638888888889,40.853860833333336],[-3.2025,41.05111083333333]],[[-3.464027777777778,39.78074972222222],[-3.4002777777777777,39.57694388888889]],[[-3.464027777777778,39.78074972222222],[-3.246638888888889,40.853860833333336]],[[-3.2025,41.05111083333333],[-3.1,41.504443888888886]]]}},{"type":"Feature","properties":{"type":"highAirway","uuid":"highairway-n869","name":"N869"},"geometry":{"type":"MultiLineString","coordinates":[[[-2.0642777777777774,40.51233277777778],[-2.158332777777778,40.40555583333333]],[[-3.221388888888889,39],[-3.6247219444444445,38.15255583333333]],[[7.172805833333333,47.057693888888885],[6.906555833333334,46.911943888888885]],[[10.383055833333334,49.236110833333335],[10.238305833333332,49.14275277777778]],[[10.238305833333332,49.14275277777778],[9.748063888888888,48.88263583333333]],[[-1.8283327777777778,40.77833277777778],[-2.0642777777777774,40.51233277777778]],[[-0.8472219444444444,42.017221944444444],[-1.0308608333333333,41.657888888888884]],[[9.459999999999999,48.72749972222223],[9.259207777777778,48.618407777777776]],[[-1.3836108333333332,41.272221944444446],[-1.4549999999999998,41.19361083333333]],[[9.748063888888888,48.88263583333333],[9.459999999999999,48.72749972222223]],[[7.3705558333333325,47.16499972222222],[7.172805833333333,47.057693888888885]],[[5.879721944444445,46.30255583333333],[5.5530277777777775,46.14724972222222]],[[-3.0277777777777777,39.399138888888885],[-3.221388888888889,39]],[[8.321260833333334,48.169999999999995],[7.62944388888889,47.30444388888888]],[[6.906555833333334,46.911943888888885],[6.573332777777778,46.72749972222223]],[[-2.158332777777778,40.40555583333333],[-2.7955558333333332,39.671388888888885]],[[-2.7955558333333332,39.671388888888885],[-3.0277777777777777,39.399138888888885]],[[7.62944388888889,47.30444388888888],[7.3705558333333325,47.16499972222222]],[[-1.4549999999999998,41.19361083333333],[-1.8283327777777778,40.77833277777778]],[[9.259207777777778,48.618407777777776],[8.321260833333334,48.169999999999995]],[[-0.4366669444444445,42.80499972222222],[-0.8472219444444444,42.017221944444444]],[[6.573332777777778,46.72749972222223],[5.879721944444445,46.30255583333333]],[[-1.0308608333333333,41.657888888888884],[-1.3836108333333332,41.272221944444446]]]}},{"type":"Feature","properties":{"type":"highAirway","uuid":"highairway-n870","name":"N870"},"geometry":{"type":"MultiLineString","coordinates":[[[2.1078058333333334,41.307138888888886],[3.1959999999999997,41.67961083333333]],[[1.6891669444444444,41.31861083333334],[2.1078058333333334,41.307138888888886]],[[-2.078027777777778,41.07908277777778],[-1.4549999999999998,41.19361083333333]],[[3.357888888888889,41.73377777777778],[3.9336108333333337,41.92388888888889]],[[-4.676388888888889,40.41638888888889],[-3.246638888888889,40.853860833333336]],[[3.1959999999999997,41.67961083333333],[3.357888888888889,41.73377777777778]],[[1.1521669444444445,41.331027777777784],[1.6891669444444444,41.31861083333334]],[[-2.5991669444444447,40.98030583333333],[-2.376388888888889,41.022777777777776]],[[-1.4549999999999998,41.19361083333333],[-0.5476108333333334,41.35388888888889]],[[3.9336108333333337,41.92388888888889],[4.415,42.07972194444445]],[[-0.5476108333333334,41.35388888888889],[0.2186938888888889,41.34669388888889]],[[-6.628610833333334,39.780832777777775],[-6.393332777777778,39.859721944444445]],[[-3.246638888888889,40.853860833333336],[-2.5991669444444447,40.98030583333333]],[[-7.065277777777777,39.6325],[-6.628610833333334,39.780832777777775]],[[-2.376388888888889,41.022777777777776],[-2.078027777777778,41.07908277777778]],[[0.2186938888888889,41.34669388888889],[0.5659169444444445,41.341749722222225]],[[-7.366388888888888,39.528888888888886],[-7.065277777777777,39.6325]],[[-6.393332777777778,39.859721944444445],[-4.676388888888889,40.41638888888889]],[[0.5659169444444445,41.341749722222225],[1.1521669444444445,41.331027777777784]]]}},{"type":"Feature","properties":{"type":"highAirway","uuid":"highairway-n871","name":"N871"},"geometry":{"type":"MultiLineString","coordinates":[[[-4.049166944444444,38.72694388888889],[-3.899443888888889,39]],[[7.941305833333334,47.135527777777774],[8.010832777777777,47.165277777777774]],[[9.201943888888888,47.4125],[9.651910833333334,47.408452777777775]],[[8.333332777777777,47.30222194444444],[9.201943888888888,47.4125]],[[-3.5819438888888886,39.57138888888889],[-3.464027777777778,39.78074972222222]],[[9.651910833333334,47.408452777777775],[10.288885833333334,47.324375]],[[6.211693888888889,46.08888888888889],[6.67944388888889,46.443888888888885]],[[7.680832777777778,46.99527777777778],[7.941305833333334,47.135527777777774]],[[7.414166944444445,46.85055583333334],[7.680832777777778,46.99527777777778]],[[-3.899443888888889,39],[-3.5819438888888886,39.57138888888889]],[[10.288885833333334,47.324375],[10.479874722222222,47.40001083333333]],[[6.67944388888889,46.443888888888885],[6.884443888888889,46.55805583333333]],[[5.974166944444445,45.90611083333333],[6.211693888888889,46.08888888888889]],[[-3.0483327777777776,40.26222194444444],[-2.376388888888889,41.022777777777776]],[[-4.3875,38.10180583333334],[-4.049166944444444,38.72694388888889]],[[-0.8447219444444445,42.42916694444444],[-0.19361083333333332,42.79661083333333]],[[-2.376388888888889,41.022777777777776],[-1.2127777777777777,42.09861083333334]],[[6.884443888888889,46.55805583333333],[7.270805833333333,46.771971944444445]],[[8.010832777777777,47.165277777777774],[8.333332777777777,47.30222194444444]],[[7.270805833333333,46.771971944444445],[7.414166944444445,46.85055583333334]],[[-3.464027777777778,39.78074972222222],[-3.0483327777777776,40.26222194444444]],[[-1.2127777777777777,42.09861083333334],[-0.8447219444444445,42.42916694444444]]]}},{"type":"Feature","properties":{"type":"highAirway","uuid":"highairway-n872","name":"N872"},"geometry":{"type":"MultiLineString","coordinates":[[[-4.947499722222222,44.50527777777778],[-5.571610833333333,43.94477777777777]],[[-6.944610833333334,42.200610833333336],[-7.116388888888888,41.93666694444444]],[[-6.538610833333333,42.79666694444444],[-6.944610833333334,42.200610833333336]],[[3.8327777777777774,50.573888888888895],[3.674971944444444,50.34213888888889]],[[4.027777777777778,50.879443888888886],[3.8327777777777774,50.573888888888895]],[[-5.571610833333333,43.94477777777777],[-6.007082777777778,43.55705583333333]],[[-6.317,43.110999722222225],[-6.538610833333333,42.79666694444444]],[[3.674971944444444,50.34213888888889],[3.318055833333333,49.80833277777778]],[[4.183888888888889,51.16499972222222],[4.027777777777778,50.879443888888886]],[[-6.007082777777778,43.55705583333333],[-6.317,43.110999722222225]]]}},{"type":"Feature","properties":{"type":"highAirway","uuid":"highairway-n873","name":"N873"},"geometry":{"type":"MultiLineString","coordinates":[[[3.3616669444444445,50.515],[3.6369719444444444,50.912638888888885]],[[-6.873610833333334,39.87638888888889],[-6.302443888888889,40.5835]],[[-6.302443888888889,40.5835],[-5.639693888888888,41.53019388888889]],[[3.6369719444444444,50.912638888888885],[3.8697108333333334,51.23531388888889]],[[-4.988888888888889,42.666110833333335],[-4.503610833333333,43.48444388888889]],[[-7.3025,39.329999722222226],[-7.065277777777777,39.6325]],[[-7.065277777777777,39.6325],[-6.873610833333334,39.87638888888889]],[[-4.503610833333333,43.48444388888889],[-3.987499722222222,44.32888888888889]],[[-5.639693888888888,41.53019388888889],[-4.988888888888889,42.666110833333335]]]}},{"type":"Feature","properties":{"type":"highAirway","uuid":"highairway-n975","name":"N975"},"geometry":{"type":"MultiLineString","coordinates":[[[-2.0642777777777774,40.51233277777778],[-2.544610833333333,40.37197194444445]],[[-3.2186108333333334,40.22444388888889],[-3.0483327777777776,40.26222194444444]],[[1.6983327777777777,41.25972194444444],[1.1663888888888887,41.19611083333333]],[[2.1078058333333334,41.307138888888886],[1.6983327777777777,41.25972194444444]],[[3.2088608333333335,41.947693888888885],[2.751388888888889,41.684443888888886]],[[3.625805833333333,42.08638888888889],[3.2088608333333335,41.947693888888885]],[[-6.434721944444445,39.524499999999996],[-5.3186108333333335,39.766666944444445]],[[-1.2633327777777779,40.74027777777778],[-2.0642777777777774,40.51233277777778]],[[-7.223332777777778,39.21944388888889],[-6.434721944444445,39.524499999999996]],[[-3.724443888888889,40.11083277777778],[-3.2186108333333334,40.22444388888889]],[[-5.3186108333333335,39.766666944444445],[-4.586388888888888,39.91888888888889]],[[-4.586388888888888,39.91888888888889],[-4.3373888888888885,39.96947194444444]],[[2.751388888888889,41.684443888888886],[2.1078058333333334,41.307138888888886]],[[-0.7927777777777778,40.87111083333333],[-1.2633327777777779,40.74027777777778]],[[3.8286108333333333,42.26027777777778],[3.625805833333333,42.08638888888889]],[[0.6666669444444444,41.13388888888889],[0.4763888888888889,41.109721944444445]],[[-3.0483327777777776,40.26222194444444],[-2.544610833333333,40.37197194444445]],[[-0.2852777777777778,41.009166944444445],[-0.7927777777777778,40.87111083333333]],[[0.4763888888888889,41.109721944444445],[-0.2852777777777778,41.009166944444445]],[[-4.3373888888888885,39.96947194444444],[-3.724443888888889,40.11083277777778]],[[1.1663888888888887,41.19611083333333],[0.6666669444444444,41.13388888888889]]]}},{"type":"Feature","properties":{"type":"highAirway","uuid":"highairway-n976","name":"N976"},"geometry":{"type":"MultiLineString","coordinates":[[[-6.282221944444444,41.17333277777777],[-6.776943888888889,41.12972194444445]],[[-2.880693888888889,42.45330583333334],[-2.155388888888889,42.63111083333333]],[[-1.0502777777777779,42.994999722222225],[-1.7019997222222223,42.73375]],[[-2.155388888888889,42.63111083333333],[-1.7019997222222223,42.73375]],[[-4.1091388888888885,42.027610833333334],[-2.880693888888889,42.45330583333334]],[[-5.639693888888888,41.53019388888889],[-6.282221944444444,41.17333277777777]],[[-5.639693888888888,41.53019388888889],[-4.1091388888888885,42.027610833333334]]]}},{"type":"Feature","properties":{"type":"highAirway","uuid":"highairway-n995","name":"N995"},"geometry":{"type":"MultiLineString","coordinates":[[[-1.7019997222222223,42.73375],[-0.6569438888888889,42.875]]]}},{"type":"Feature","properties":{"type":"highAirway","uuid":"highairway-p152","name":"P152"},"geometry":{"type":"MultiLineString","coordinates":[[[-2.7966669444444445,43.73638888888889],[-3.1502777777777777,44.05138888888889]],[[-2.0947219444444447,43.098443888888895],[-2.724443888888889,43.67166694444444]],[[-2.724443888888889,43.67166694444444],[-2.7966669444444445,43.73638888888889]],[[-1.369443888888889,42.61666694444445],[-1.5425558333333331,42.67783277777777]],[[-1.881527777777778,42.90102777777778],[-2.0947219444444447,43.098443888888895]],[[-1.7019997222222223,42.73375],[-1.881527777777778,42.90102777777778]],[[-1.0306669444444443,42.49597194444445],[-1.369443888888889,42.61666694444445]],[[-1.0306669444444443,42.49597194444445],[-0.4933327777777778,42.17805583333333]],[[-1.5425558333333331,42.67783277777777],[-1.7019997222222223,42.73375]]]}},{"type":"Feature","properties":{"type":"highAirway","uuid":"highairway-p181","name":"P181"},"geometry":{"type":"MultiLineString","coordinates":[[[-1.8303888888888888,43.31119388888889],[-1.7402777777777778,43.354999722222225]],[[-1.8303888888888888,43.31119388888889],[-2.865582777777778,42.73188888888889]],[[-2.865582777777778,42.73188888888889],[-4.1091388888888885,42.027610833333334]]]}},{"type":"Feature","properties":{"type":"highAirway","uuid":"highairway-p34","name":"P34"},"geometry":{"type":"MultiLineString","coordinates":[[[-0.43972194444444446,39.24666694444444],[-0.28175,38.36033277777778]],[[-0.48305583333333335,39.48563888888889],[-0.43972194444444446,39.24666694444444]]]}},{"type":"Feature","properties":{"type":"highAirway","uuid":"highairway-p600","name":"P600"},"geometry":{"type":"MultiLineString","coordinates":[[[-8.491943888888889,42.515832777777774],[-8.425388888888888,42.92686083333333]],[[-7.596471944444444,43.49886083333333],[-5.836666944444445,44.65888888888889]],[[-8.425388888888888,42.92686083333333],[-7.596471944444444,43.49886083333333]],[[-8.563416944444445,42.06791694444445],[-8.491943888888889,42.515832777777774]]]}},{"type":"Feature","properties":{"type":"highAirway","uuid":"highairway-p605","name":"P605"},"geometry":{"type":"MultiLineString","coordinates":[[[9.690988888888889,51.20431694444445],[9.701388888888888,50.87222194444445]],[[9.805941944444445,49.71353583333334],[9.833055833333333,49.52805583333333]],[[9.805941944444445,49.71353583333334],[9.783055833333334,50.07]]]}},{"type":"Feature","properties":{"type":"highAirway","uuid":"highairway-p66","name":"P66"},"geometry":{"type":"MultiLineString","coordinates":[[[10.34983277777778,47.745775],[9.910871944444445,48.218041944444444]],[[9.910871944444445,48.218041944444444],[9.645555833333333,48.51944388888889]]]}},{"type":"Feature","properties":{"type":"highAirway","uuid":"highairway-p75","name":"P75"},"geometry":{"type":"MultiLineString","coordinates":[[[-3.1502777777777777,44.05138888888889],[-3.780555833333333,42.73722194444444]],[[-3.780555833333333,42.73722194444444],[-4.1091388888888885,42.027610833333334]]]}},{"type":"Feature","properties":{"type":"highAirway","uuid":"highairway-p84","name":"P84"},"geometry":{"type":"MultiLineString","coordinates":[[[2.832110833333333,42.4515],[2.771860833333333,41.93124972222222]],[[2.771860833333333,41.93124972222222],[2.751388888888889,41.684443888888886]],[[2.718888888888889,40.899166944444445],[2.702582777777778,40.5]],[[2.751388888888889,41.684443888888886],[2.718888888888889,40.899166944444445]]]}},{"type":"Feature","properties":{"type":"highAirway","uuid":"highairway-p856","name":"P856"},"geometry":{"type":"MultiLineString","coordinates":[[[7.189166944444445,43.344721944444444],[7.362499722222222,43.32777777777778]],[[7.621388888888889,43.301943888888886],[8.434721944444444,43.14555583333333]],[[7.362499722222222,43.32777777777778],[7.621388888888889,43.301943888888886]],[[6.2675,43.43083277777777],[6.893332777777777,43.373332777777776]],[[6.893332777777777,43.373332777777776],[7.189166944444445,43.344721944444444]]]}},{"type":"Feature","properties":{"type":"highAirway","uuid":"highairway-p87","name":"P87"},"geometry":{"type":"MultiLineString","coordinates":[[[-2.7966669444444445,43.73638888888889],[-2.7386108333333334,43.914166944444446]],[[-2.8137777777777777,43.68333277777778],[-2.7966669444444445,43.73638888888889]],[[-2.925360833333333,43.30419388888889],[-2.8137777777777777,43.68333277777778]]]}},{"type":"Feature","properties":{"type":"highAirway","uuid":"highairway-p980","name":"P980"},"geometry":{"type":"MultiLineString","coordinates":[[[9.106388888888889,41.333332777777784],[9.113610833333333,41.54805583333333]],[[9.104443888888888,42.72305583333333],[9.175832777777778,43.33166694444445]]]}},{"type":"Feature","properties":{"type":"highAirway","uuid":"highairway-q163","name":"Q163"},"geometry":{"type":"MultiLineString","coordinates":[[[9.751388888888888,48.602221944444445],[9.340227777777779,48.912974999999996]],[[10.416943888888888,47.899166944444445],[10.231999722222222,48.208332777777784]],[[10.231999722222222,48.208332777777784],[9.751388888888888,48.602221944444445]]]}},{"type":"Feature","properties":{"type":"highAirway","uuid":"highairway-q210","name":"Q210"},"geometry":{"type":"MultiLineString","coordinates":[[[-4.333332777777778,43.53388888888889],[-3.9024169444444445,43.449777777777776]],[[-5.3591669444444445,43.72611083333334],[-4.333332777777778,43.53388888888889]],[[-2.326916944444444,42.46052777777778],[-2.0778058333333336,42.17102777777777]],[[-2.326916944444444,42.46052777777778],[-2.865582777777778,42.73188888888889]],[[-3.3910827777777777,43.099221944444444],[-3.9024169444444445,43.449777777777776]],[[-2.865582777777778,42.73188888888889],[-3.3910827777777777,43.099221944444444]]]}},{"type":"Feature","properties":{"type":"highAirway","uuid":"highairway-q41","name":"Q41"},"geometry":{"type":"MultiLineString","coordinates":[[[-1.3450558333333333,50.95524972222223],[-1.5477388888888888,50.666110833333335]],[[-1.3450558333333333,50.95524972222223],[-1.2436719444444444,51.19665277777777]]]}},{"type":"Feature","properties":{"type":"highAirway","uuid":"highairway-q50","name":"Q50"},"geometry":{"type":"MultiLineString","coordinates":[[[5.794166944444444,50.44277777777778],[6.132221944444444,50.299166944444444]],[[5.623610833333334,50.514721944444446],[5.794166944444444,50.44277777777778]]]}},{"type":"Feature","properties":{"type":"highAirway","uuid":"highairway-q603","name":"Q603"},"geometry":{"type":"MultiLineString","coordinates":[[[7.892038888888888,51.17051083333333],[8.049443888888888,51.015832777777774]],[[8.049443888888888,51.015832777777774],[8.618871944444445,50.44489972222222]]]}},{"type":"Feature","properties":{"type":"highAirway","uuid":"highairway-q70","name":"Q70"},"geometry":{"type":"MultiLineString","coordinates":[[[2.4074999999999998,51.226666944444446],[2.6516669444444445,51.094721944444444]]]}},{"type":"Feature","properties":{"type":"highAirway","uuid":"highairway-q760","name":"Q760"},"geometry":{"type":"MultiLineString","coordinates":[[[6.955396944444445,49.70695277777778],[6.904496944444444,49.99325777777778]],[[6.480277777777778,50.97277777777778],[6.125,51.196999999999996]],[[7.039443888888889,49.44805583333333],[7.020555833333333,49.50666694444445]],[[7.118343888888888,49.21885277777778],[7.152777777777779,49.12361083333333]],[[7.118343888888888,49.21885277777778],[7.057568888888889,49.39196694444444]],[[7.020555833333333,49.50666694444445],[6.955396944444445,49.70695277777778]],[[7.057568888888889,49.39196694444444],[7.039443888888889,49.44805583333333]]]}},{"type":"Feature","properties":{"type":"highAirway","uuid":"highairway-q863","name":"Q863"},"geometry":{"type":"MultiLineString","coordinates":[[[9.748063888888888,48.88263583333333],[9.128402777777778,49.190793888888884]],[[10.068085833333333,48.690549999999995],[9.748063888888888,48.88263583333333]]]}},{"type":"Feature","properties":{"type":"highAirway","uuid":"highairway-r11","name":"R11"},"geometry":{"type":"MultiLineString","coordinates":[[[6.059416944444444,48.31783277777778],[6.693360833333333,48.399027777777775]],[[6.059416944444444,48.31783277777778],[5.249166944444444,47.906305833333334]]]}},{"type":"Feature","properties":{"type":"highAirway","uuid":"highairway-r112","name":"R112"},"geometry":{"type":"MultiLineString","coordinates":[[[6.697221944444444,48.03416694444444],[7.201666944444445,48.46194388888889]],[[6.678832777777778,48.01924972222222],[6.697221944444444,48.03416694444444]],[[6.678832777777778,48.01924972222222],[6.295582777777778,47.68827777777778]]]}},{"type":"Feature","properties":{"type":"highAirway","uuid":"highairway-r16","name":"R16"},"geometry":{"type":"MultiLineString","coordinates":[[[8.940277777777778,43.227221944444445],[9.191666944444444,43.14333277777778]],[[8.940277777777778,43.227221944444445],[8.592777777777778,43.34222194444445]],[[9.63,42.994999722222225],[9.75,42.95388888888889]],[[9.191666944444444,43.14333277777778],[9.63,42.994999722222225]]]}},{"type":"Feature","properties":{"type":"highAirway","uuid":"highairway-t10","name":"T10"},"geometry":{"type":"MultiLineString","coordinates":[[[7.153888888888889,47.407221944444444],[6.658582777777778,47.479416944444445]],[[6.379443888888889,47.49944388888889],[6.037499722222222,47.52305583333333]],[[6.658582777777778,47.479416944444445],[6.379443888888889,47.49944388888889]]]}},{"type":"Feature","properties":{"type":"highAirway","uuid":"highairway-t100","name":"T100"},"geometry":{"type":"MultiLineString","coordinates":[[[4.090832777777777,39.2175],[4.666666944444445,39.585]],[[2.853888888888889,38.405],[3.1416669444444443,38.596943888888894]],[[3.1416669444444443,38.596943888888894],[4.090832777777777,39.2175]]]}},{"type":"Feature","properties":{"type":"highAirway","uuid":"highairway-t103","name":"T103"},"geometry":{"type":"MultiLineString","coordinates":[[[8.333332777777777,47.30222194444444],[8.966943888888888,47.44111083333333]],[[8.966943888888888,47.44111083333333],[9.652499722222222,47.586666944444445]],[[9.652499722222222,47.586666944444445],[10.30558277777778,47.55938888888888]]]}},{"type":"Feature","properties":{"type":"highAirway","uuid":"highairway-t104","name":"T104"},"geometry":{"type":"MultiLineString","coordinates":[[[8.800277777777778,50.056666944444444],[9.41444388888889,49.61833277777778]],[[10.238305833333332,49.14275277777778],[10.456666944444443,49.00694388888889]],[[9.824721944444445,49.383610833333336],[10.143332777777777,49.19833277777777]],[[9.41444388888889,49.61833277777778],[9.824721944444445,49.383610833333336]],[[10.143332777777777,49.19833277777777],[10.238305833333332,49.14275277777778]]]}},{"type":"Feature","properties":{"type":"highAirway","uuid":"highairway-t107","name":"T107"},"geometry":{"type":"MultiLineString","coordinates":[[[7.733621944444445,48.43505277777778],[9.688610833333334,48.46194388888889]]]}},{"type":"Feature","properties":{"type":"highAirway","uuid":"highairway-t109","name":"T109"},"geometry":{"type":"MultiLineString","coordinates":[[[8.526110833333334,49.95],[9.41444388888889,49.61833277777778]],[[8.07826888888889,50.04758888888889],[8.526110833333334,49.95]]]}},{"type":"Feature","properties":{"type":"highAirway","uuid":"highairway-t113","name":"T113"},"geometry":{"type":"MultiLineString","coordinates":[[[1.1297777777777778,41.54386083333333],[1.3236108333333334,42.13611083333333]],[[1.3236108333333334,42.13611083333333],[1.4372219444444445,42.47749972222223]]]}},{"type":"Feature","properties":{"type":"highAirway","uuid":"highairway-t125","name":"T125"},"geometry":{"type":"MultiLineString","coordinates":[[[8.817666944444444,47.59216694444444],[8.534166944444443,47.59805583333333]],[[8.817666944444444,47.59216694444444],[9.107777777777777,47.713055833333335]]]}},{"type":"Feature","properties":{"type":"highAirway","uuid":"highairway-t131","name":"T131"},"geometry":{"type":"MultiLineString","coordinates":[[[6.434999722222223,48.7],[6.693360833333333,48.399027777777775]]]}},{"type":"Feature","properties":{"type":"highAirway","uuid":"highairway-t14","name":"T14"},"geometry":{"type":"MultiLineString","coordinates":[[[6.919999722222222,47.40222194444444],[6.655499722222222,47.39658277777778]],[[5.938332777777778,46.66777777777777],[5.879721944444445,46.30255583333333]],[[6.239166944444444,47.063332777777774],[5.966416944444445,46.84194388888889]],[[5.904749722222222,46.051471944444444],[5.914110833333334,45.953832777777784]],[[7.537427777777777,47.414030833333335],[7.153888888888889,47.407221944444444]],[[7.153888888888889,47.407221944444444],[6.919999722222222,47.40222194444444]],[[5.879721944444445,46.30255583333333],[5.904749722222222,46.051471944444444]],[[6.655499722222222,47.39658277777778],[6.589999722222222,47.34444388888889]],[[6.589999722222222,47.34444388888889],[6.239166944444444,47.063332777777774]],[[5.966416944444445,46.84194388888889],[5.938332777777778,46.66777777777777]]]}},{"type":"Feature","properties":{"type":"highAirway","uuid":"highairway-t157","name":"T157"},"geometry":{"type":"MultiLineString","coordinates":[[[10.210832777777776,50.88055583333333],[10.209166944444444,50.797221944444445]],[[10.215555833333333,51.14388888888889],[10.210832777777776,50.88055583333333]]]}},{"type":"Feature","properties":{"type":"highAirway","uuid":"highairway-t163","name":"T163"},"geometry":{"type":"MultiLineString","coordinates":[[[8.333332777777777,47.30222194444444],[7.725166944444444,47.18988888888889]],[[8.333332777777777,47.30222194444444],[8.817666944444444,47.59216694444444]],[[8.998149999999999,48.46195777777778],[9.023482777777778,48.627652777777776]],[[9.102246944444444,49.00839194444445],[9.128402777777778,49.190793888888884]],[[9.084291944444445,48.88238583333333],[9.102246944444444,49.00839194444445]],[[8.953332777777778,48.166666944444444],[8.998149999999999,48.46195777777778]],[[9.023482777777778,48.627652777777776],[9.084291944444445,48.88238583333333]],[[7.725166944444444,47.18988888888889],[7.3705558333333325,47.16499972222222]],[[8.896110833333333,47.78416694444444],[8.953332777777778,48.166666944444444]],[[8.817666944444444,47.59216694444444],[8.896110833333333,47.78416694444444]]]}},{"type":"Feature","properties":{"type":"highAirway","uuid":"highairway-t175","name":"T175"},"geometry":{"type":"MultiLineString","coordinates":[[[7.272332777777778,41.37277777777778],[6.342499999999999,42.015277777777776]],[[7.759443888888889,41.033610833333334],[7.272332777777778,41.37277777777778]]]}},{"type":"Feature","properties":{"type":"highAirway","uuid":"highairway-t178","name":"T178"},"geometry":{"type":"MultiLineString","coordinates":[[[10.43505,50.8975],[10.280555833333334,50.653888888888886]]]}},{"type":"Feature","properties":{"type":"highAirway","uuid":"highairway-t180","name":"T180"},"geometry":{"type":"MultiLineString","coordinates":[[[6.493055833333333,50.35944388888889],[6.794999722222222,50.43805583333333]],[[6.348332777777777,50.377499722222225],[6.418332777777778,50.36388888888889]],[[5.623610833333334,50.514721944444446],[6.348332777777777,50.377499722222225]],[[6.418332777777778,50.36388888888889],[6.493055833333333,50.35944388888889]]]}},{"type":"Feature","properties":{"type":"highAirway","uuid":"highairway-t201","name":"T201"},"geometry":{"type":"MultiLineString","coordinates":[[[9.709721944444444,50.79277777777778],[10.07638888888889,50.84638888888889]],[[8.899166944444444,50.527499999999996],[9.205555833333333,50.71722194444445]],[[9.205555833333333,50.71722194444445],[9.709721944444444,50.79277777777778]]]}},{"type":"Feature","properties":{"type":"highAirway","uuid":"highairway-t250","name":"T250"},"geometry":{"type":"MultiLineString","coordinates":[[[3.4343608333333338,39.697693888888885],[2.7583058333333335,39.43519388888888]],[[4.666666944444445,40.39120777777778],[3.4343608333333338,39.697693888888885]]]}},{"type":"Feature","properties":{"type":"highAirway","uuid":"highairway-t252","name":"T252"},"geometry":{"type":"MultiLineString","coordinates":[[[-2.188610833333333,38.20805583333333],[-2.092777777777778,38.52111083333333]]]}},{"type":"Feature","properties":{"type":"highAirway","uuid":"highairway-t257","name":"T257"},"geometry":{"type":"MultiLineString","coordinates":[[[-1.5488888888888888,39.72222194444445],[-1.14975,39.54919388888889]],[[-0.5444438888888888,39.28249972222222],[-0.43972194444444446,39.24666694444444]],[[-1.14975,39.54919388888889],[-0.9088888888888889,39.44361083333333]],[[-0.8377777777777778,39.4125],[-0.5444438888888888,39.28249972222222]],[[-2.1745558333333332,39.988860833333334],[-1.5488888888888888,39.72222194444445]],[[-0.9088888888888889,39.44361083333333],[-0.8377777777777778,39.4125]],[[-0.43972194444444446,39.24666694444444],[0.4833327777777778,38.924166944444444]]]}},{"type":"Feature","properties":{"type":"highAirway","uuid":"highairway-t279","name":"T279"},"geometry":{"type":"MultiLineString","coordinates":[[[9.873332777777778,50.40972194444444],[10.280555833333334,50.653888888888886]]]}},{"type":"Feature","properties":{"type":"highAirway","uuid":"highairway-t3","name":"T3"},"geometry":{"type":"MultiLineString","coordinates":[[[-7.753943888888889,42.104666944444446],[-8.081193888888889,41.81513888888889]],[[-7.388610833333334,42.422221944444445],[-7.753943888888889,42.104666944444446]]]}},{"type":"Feature","properties":{"type":"highAirway","uuid":"highairway-t326","name":"T326"},"geometry":{"type":"MultiLineString","coordinates":[[[-7.094166944444444,42.275555833333335],[-8.081193888888889,41.81513888888889]]]}},{"type":"Feature","properties":{"type":"highAirway","uuid":"highairway-t328","name":"T328"},"geometry":{"type":"MultiLineString","coordinates":[[[-7.783610833333333,42.61638888888889],[-8.081193888888889,41.81513888888889]]]}},{"type":"Feature","properties":{"type":"highAirway","uuid":"highairway-t330","name":"T330"},"geometry":{"type":"MultiLineString","coordinates":[[[6.67944388888889,46.443888888888885],[6.239166944444444,47.063332777777774]],[[6.596666944444444,46.244166944444444],[6.67944388888889,46.443888888888885]]]}},{"type":"Feature","properties":{"type":"highAirway","uuid":"highairway-t37","name":"T37"},"geometry":{"type":"MultiLineString","coordinates":[[[5.593055833333333,46.66916694444444],[5.685555833333334,46.55555583333333]],[[5.420832777777778,46.87722194444444],[5.097332777777777,47.270777777777774]],[[5.420832777777778,46.87722194444444],[5.534443888888889,46.74194388888889]],[[5.685555833333334,46.55555583333333],[5.816943888888889,46.39194388888889]],[[5.816943888888889,46.39194388888889],[5.999916944444444,46.163693888888886]],[[5.534443888888889,46.74194388888889],[5.593055833333333,46.66916694444444]]]}},{"type":"Feature","properties":{"type":"highAirway","uuid":"highairway-t410","name":"T410"},"geometry":{"type":"MultiLineString","coordinates":[[[3.2088608333333335,41.947693888888885],[2.10975,41.51986083333333]],[[2.10975,41.51986083333333],[1.5018608333333334,41.546860833333334]],[[1.5018608333333334,41.546860833333334],[1.1297777777777778,41.54386083333333]]]}},{"type":"Feature","properties":{"type":"highAirway","uuid":"highairway-t412","name":"T412"},"geometry":{"type":"MultiLineString","coordinates":[[[0.35222194444444443,40.31527777777777],[0.52175,40.37675]],[[0.52175,40.37675],[1.0029719444444445,40.54969388888889]]]}},{"type":"Feature","properties":{"type":"highAirway","uuid":"highairway-t420","name":"T420"},"geometry":{"type":"MultiLineString","coordinates":[[[1.2254169444444445,50.57562194444445],[0.7781108333333334,50.857241944444446]],[[0.598963888888889,50.96860777777778],[0.43931694444444447,51.067171944444446]],[[0.7781108333333334,50.857241944444446],[0.598963888888889,50.96860777777778]],[[0.43931694444444447,51.067171944444446],[0.03481083333333333,51.33087472222223]]]}},{"type":"Feature","properties":{"type":"highAirway","uuid":"highairway-t421","name":"T421"},"geometry":{"type":"MultiLineString","coordinates":[[[0.36745,51.071691944444446],[0.03481083333333333,51.33087472222223]],[[1.0656108333333334,50.514916944444444],[0.5409827777777778,50.93493583333333]],[[0.5409827777777778,50.93493583333333],[0.36745,51.071691944444446]]]}},{"type":"Feature","properties":{"type":"highAirway","uuid":"highairway-t424","name":"T424"},"geometry":{"type":"MultiLineString","coordinates":[[[-1.4647219444444444,43.07611083333334],[-1.7019997222222223,42.73375]]]}},{"type":"Feature","properties":{"type":"highAirway","uuid":"highairway-t429","name":"T429"},"geometry":{"type":"MultiLineString","coordinates":[[[-2.880693888888889,42.45330583333334],[-2.326916944444444,42.46052777777778]],[[-2.880693888888889,42.45330583333334],[-2.865582777777778,42.73188888888889]],[[-1.369443888888889,42.61666694444445],[-0.19361083333333332,42.79661083333333]],[[-2.326916944444444,42.46052777777778],[-1.369443888888889,42.61666694444445]]]}},{"type":"Feature","properties":{"type":"highAirway","uuid":"highairway-t430","name":"T430"},"geometry":{"type":"MultiLineString","coordinates":[[[-3.2666669444444443,41.504443888888886],[-3.048888888888889,41.72944388888889]],[[-3.048888888888889,41.72944388888889],[-2.6153327777777777,42.17099972222222]],[[-3.6046669444444444,41.151693888888886],[-3.2666669444444443,41.504443888888886]],[[-2.6153327777777777,42.17099972222222],[-2.326916944444444,42.46052777777778]]]}},{"type":"Feature","properties":{"type":"highAirway","uuid":"highairway-t45","name":"T45"},"geometry":{"type":"MultiLineString","coordinates":[[[6.1541669444444445,45.752499722222225],[6.596666944444444,46.244166944444444]],[[5.964166944444445,45.538332777777775],[6.1541669444444445,45.752499722222225]],[[6.596666944444444,46.244166944444444],[6.884443888888889,46.55805583333333]]]}},{"type":"Feature","properties":{"type":"highAirway","uuid":"highairway-t474","name":"T474"},"geometry":{"type":"MultiLineString","coordinates":[[[6.332777777777777,50.494166944444444],[6.5,50.788888888888884]]]}},{"type":"Feature","properties":{"type":"highAirway","uuid":"highairway-t5","name":"T5"},"geometry":{"type":"MultiLineString","coordinates":[[[-6.944610833333334,42.200610833333336],[-7.604777777777778,41.85558277777778]]]}},{"type":"Feature","properties":{"type":"highAirway","uuid":"highairway-t50","name":"T50"},"geometry":{"type":"MultiLineString","coordinates":[[[8.005832777777778,47.268610833333334],[7.725166944444444,47.18988888888889]]]}},{"type":"Feature","properties":{"type":"highAirway","uuid":"highairway-t51","name":"T51"},"geometry":{"type":"MultiLineString","coordinates":[[[7.838055833333333,47.321110833333336],[7.537427777777777,47.414030833333335]],[[7.537427777777777,47.414030833333335],[6.732249722222222,47.56166694444444]],[[8.005832777777778,47.268610833333334],[7.838055833333333,47.321110833333336]]]}},{"type":"Feature","properties":{"type":"highAirway","uuid":"highairway-t520","name":"T520"},"geometry":{"type":"MultiLineString","coordinates":[[[-0.2852777777777778,41.009166944444445],[-0.6863888888888889,40.954166944444445]],[[-0.6863888888888889,40.954166944444445],[-1.2980558333333332,40.86730583333333]]]}},{"type":"Feature","properties":{"type":"highAirway","uuid":"highairway-t53","name":"T53"},"geometry":{"type":"MultiLineString","coordinates":[[[8.513971944444444,47.16457472222222],[8.53211388888889,47.03937472222222]],[[8.255,47.25805583333333],[8.450832777777777,47.24944388888889]],[[8.450832777777777,47.24944388888889],[8.513971944444444,47.16457472222222]],[[8.005832777777778,47.268610833333334],[8.255,47.25805583333333]]]}},{"type":"Feature","properties":{"type":"highAirway","uuid":"highairway-t600","name":"T600"},"geometry":{"type":"MultiLineString","coordinates":[[[0.19938888888888887,41.26844388888889],[1.1711108333333333,41.149721944444444]],[[-0.5476108333333334,41.35388888888889],[0.19938888888888887,41.26844388888889]]]}},{"type":"Feature","properties":{"type":"highAirway","uuid":"highairway-t715","name":"T715"},"geometry":{"type":"MultiLineString","coordinates":[[[7.884166944444444,48.36527777777778],[7.846666944444444,48.14527777777778]],[[8.584235833333334,48.99294388888889],[8.351968888888889,48.78858583333333]],[[8.351968888888889,48.78858583333333],[7.884166944444444,48.36527777777778]],[[8.864166944444444,49.19861083333333],[8.584235833333334,48.99294388888889]]]}},{"type":"Feature","properties":{"type":"highAirway","uuid":"highairway-t718","name":"T718"},"geometry":{"type":"MultiLineString","coordinates":[[[8.907610833333333,47.156777777777776],[8.436971944444444,47.689499999999995]]]}},{"type":"Feature","properties":{"type":"highAirway","uuid":"highairway-t721","name":"T721"},"geometry":{"type":"MultiLineString","coordinates":[[[8.800277777777778,50.056666944444444],[8.989166944444444,49.655832777777775]],[[8.580832777777777,48.16916694444444],[8.513557777777777,47.94286388888889]],[[8.779166944444444,48.88583277777778],[8.644835833333333,48.38158583333333]],[[8.989166944444444,49.655832777777775],[8.864166944444444,49.19861083333333]],[[8.513557777777777,47.94286388888889],[8.817666944444444,47.59216694444444]],[[8.644835833333333,48.38158583333333],[8.580832777777777,48.16916694444444]],[[8.864166944444444,49.19861083333333],[8.779166944444444,48.88583277777778]]]}},{"type":"Feature","properties":{"type":"highAirway","uuid":"highairway-t724","name":"T724"},"geometry":{"type":"MultiLineString","coordinates":[[[8.764721944444444,48.174166944444444],[8.513557777777777,47.94286388888889]],[[8.917499999999999,48.31166694444444],[8.764721944444444,48.174166944444444]],[[9.259207777777778,48.618407777777776],[8.917499999999999,48.31166694444444]]]}},{"type":"Feature","properties":{"type":"highAirway","uuid":"highairway-t729","name":"T729"},"geometry":{"type":"MultiLineString","coordinates":[[[6.711388888888889,50.02055583333333],[7.328888888888889,50.19638888888888]]]}},{"type":"Feature","properties":{"type":"highAirway","uuid":"highairway-t734","name":"T734"},"geometry":{"type":"MultiLineString","coordinates":[[[8.436971944444444,47.689499999999995],[8.456999999999999,47.22625]],[[8.436971944444444,47.689499999999995],[8.731943888888889,47.77777777777778]]]}},{"type":"Feature","properties":{"type":"highAirway","uuid":"highairway-t843","name":"T843"},"geometry":{"type":"MultiLineString","coordinates":[[[9.955832777777777,50.541110833333335],[9.561666944444445,50.528888888888886]],[[10.474721944444445,50.469166944444446],[9.955832777777777,50.541110833333335]]]}},{"type":"Feature","properties":{"type":"highAirway","uuid":"highairway-t844","name":"T844"},"geometry":{"type":"MultiLineString","coordinates":[[[9.084291944444445,48.88238583333333],[8.824180833333333,49.39586388888889]],[[9.462221944444444,48.52916694444444],[9.084291944444445,48.88238583333333]],[[8.824180833333333,49.39586388888889],[8.533610833333332,50.05277777777778]]]}},{"type":"Feature","properties":{"type":"highAirway","uuid":"highairway-t852","name":"T852"},"geometry":{"type":"MultiLineString","coordinates":[[[8.964443888888889,50.83305583333334],[8.596110833333334,51.01694388888889]],[[9.561666944444445,50.528888888888886],[8.964443888888889,50.83305583333334]],[[8.596110833333334,51.01694388888889],[8.247235833333333,51.35133888888889]],[[10.395277777777777,50.206943888888894],[9.873332777777778,50.40972194444444]],[[9.873332777777778,50.40972194444444],[9.561666944444445,50.528888888888886]]]}},{"type":"Feature","properties":{"type":"highAirway","uuid":"highairway-t853","name":"T853"},"geometry":{"type":"MultiLineString","coordinates":[[[6.132221944444444,50.299166944444444],[6.332777777777777,50.494166944444444]],[[6.332777777777777,50.494166944444444],[6.636535833333333,50.822674722222224]]]}},{"type":"Feature","properties":{"type":"highAirway","uuid":"highairway-t856","name":"T856"},"geometry":{"type":"MultiLineString","coordinates":[[[6.196110833333334,49.956110833333334],[6.493055833333333,50.35944388888889]],[[6.129749722222222,49.86130583333333],[6.196110833333334,49.956110833333334]],[[6.7525,50.60833277777778],[6.862221944444444,50.712499722222226]],[[6.690832777777778,50.54944388888889],[6.7525,50.60833277777778]],[[6.493055833333333,50.35944388888889],[6.690832777777778,50.54944388888889]]]}},{"type":"Feature","properties":{"type":"highAirway","uuid":"highairway-t857","name":"T857"},"geometry":{"type":"MultiLineString","coordinates":[[[5.623610833333334,50.514721944444446],[6.207221944444445,50.63666694444444]]]}},{"type":"Feature","properties":{"type":"highAirway","uuid":"highairway-t859","name":"T859"},"geometry":{"type":"MultiLineString","coordinates":[[[5.373610833333333,50.14388888888889],[6.2786108333333335,50.625277777777775]],[[6.2786108333333335,50.625277777777775],[6.636535833333333,50.822674722222224]]]}},{"type":"Feature","properties":{"type":"highAirway","uuid":"highairway-t880","name":"T880"},"geometry":{"type":"MultiLineString","coordinates":[[[7.174721944444444,50.56055583333333],[6.955,50.55583277777777]],[[7.431388888888889,50.55861083333333],[7.174721944444444,50.56055583333333]]]}},{"type":"Feature","properties":{"type":"highAirway","uuid":"highairway-t881","name":"T881"},"geometry":{"type":"MultiLineString","coordinates":[[[7.825152777777777,50.43510277777777],[7.431388888888889,50.55861083333333]],[[8.418624999999999,49.84906388888889],[7.825152777777777,50.43510277777777]]]}},{"type":"Feature","properties":{"type":"highAirway","uuid":"highairway-t892","name":"T892"},"geometry":{"type":"MultiLineString","coordinates":[[[8.265555833333334,49.77805583333333],[6.425277777777778,49.81583277777777]],[[9.946999722222223,49.717530833333335],[8.48,49.74888888888889]],[[8.48,49.74888888888889],[8.265555833333334,49.77805583333333]]]}},{"type":"Feature","properties":{"type":"highAirway","uuid":"highairway-t893","name":"T893"},"geometry":{"type":"MultiLineString","coordinates":[[[9.084291944444445,48.88238583333333],[8.136943888888888,49.07]],[[6.942777777777778,49.29694388888889],[6.4705,49.57215277777778]],[[8.136943888888888,49.07],[6.942777777777778,49.29694388888889]]]}},{"type":"Feature","properties":{"type":"highAirway","uuid":"highairway-t894","name":"T894"},"geometry":{"type":"MultiLineString","coordinates":[[[8.587777777777779,49.59777777777778],[8.48,49.74888888888889]],[[9.084291944444445,48.88238583333333],[8.587777777777779,49.59777777777778]]]}},{"type":"Feature","properties":{"type":"highAirway","uuid":"highairway-t9","name":"T9"},"geometry":{"type":"MultiLineString","coordinates":[[[-9,48.59833277777778],[-9,45]]]}},{"type":"Feature","properties":{"type":"highAirway","uuid":"highairway-t901","name":"T901"},"geometry":{"type":"MultiLineString","coordinates":[[[7.905805833333334,47.17836083333333],[7.834999722222222,47.24805583333333]],[[7.905805833333334,47.17836083333333],[8.010832777777777,47.165277777777774]]]}},{"type":"Feature","properties":{"type":"highAirway","uuid":"highairway-t957","name":"T957"},"geometry":{"type":"MultiLineString","coordinates":[[[10.34888888888889,51.06805583333334],[10.47194388888889,51.273332777777775]]]}},{"type":"Feature","properties":{"type":"highAirway","uuid":"highairway-ua24","name":"UA24"},"geometry":{"type":"MultiLineString","coordinates":[[[4.684999722222223,39],[3.5708327777777775,36.794999999999995]]]}},{"type":"Feature","properties":{"type":"highAirway","uuid":"highairway-ua605","name":"UA605"},"geometry":{"type":"MultiLineString","coordinates":[[[6.608321944444444,36.29326388888889],[7.033332777777778,39]]]}},{"type":"Feature","properties":{"type":"highAirway","uuid":"highairway-ub37","name":"UB37"},"geometry":{"type":"MultiLineString","coordinates":[[[5.420832777777778,46.87722194444444],[5.097332777777777,47.270777777777774]]]}},{"type":"Feature","properties":{"type":"highAirway","uuid":"highairway-ug26","name":"UG26"},"geometry":{"type":"MultiLineString","coordinates":[[[5,37.98916694444445],[6.25,39]]]}},{"type":"Feature","properties":{"type":"highAirway","uuid":"highairway-ug42","name":"UG42"},"geometry":{"type":"MultiLineString","coordinates":[[[4.15,48.771610833333334],[5.1536108333333335,48.29388888888889]],[[3.318055833333333,49.80833277777778],[4.15,48.771610833333334]]]}},{"type":"Feature","properties":{"type":"highAirway","uuid":"highairway-ug6","name":"UG6"},"geometry":{"type":"MultiLineString","coordinates":[[[6.7166669444444445,39],[7.814582777777778,36.83244388888889]]]}},{"type":"Feature","properties":{"type":"highAirway","uuid":"highairway-ug729","name":"UG729"},"geometry":{"type":"MultiLineString","coordinates":[[[8.498610833333332,38.161943888888885],[8.883610833333332,38.527499999999996]]]}},{"type":"Feature","properties":{"type":"highAirway","uuid":"highairway-ug869","name":"UG869"},"geometry":{"type":"MultiLineString","coordinates":[[[8.883610833333332,37.97944388888889],[8.883610833333332,38.527499999999996]]]}},{"type":"Feature","properties":{"type":"highAirway","uuid":"highairway-uh10","name":"UH10"},"geometry":{"type":"MultiLineString","coordinates":[[[3.9486108333333334,47.79666694444444],[3.567499722222222,47.96611083333334]],[[5.097332777777777,47.270777777777774],[4.264721944444444,47.65166694444444]],[[4.264721944444444,47.65166694444444],[3.9486108333333334,47.79666694444444]],[[3.567499722222222,47.96611083333334],[2.980277777777778,48.419443888888885]],[[6.019555833333333,46.72702777777778],[5.097332777777777,47.270777777777774]]]}},{"type":"Feature","properties":{"type":"highAirway","uuid":"highairway-uh101","name":"UH101"},"geometry":{"type":"MultiLineString","coordinates":[[[4.009443888888889,49.11611083333334],[4.361527777777777,49.138777777777776]]]}},{"type":"Feature","properties":{"type":"highAirway","uuid":"highairway-uh37","name":"UH37"},"geometry":{"type":"MultiLineString","coordinates":[[[5.097332777777777,47.270777777777774],[4.141110833333334,47.88333277777778]],[[4.141110833333334,47.88333277777778],[3.7022219444444446,48.157221944444444]]]}},{"type":"Feature","properties":{"type":"highAirway","uuid":"highairway-uj310","name":"UJ310"},"geometry":{"type":"MultiLineString","coordinates":[[[3.963138888888889,48.251221944444445],[3.7320277777777777,48.53883277777778]]]}},{"type":"Feature","properties":{"type":"highAirway","uuid":"highairway-ul10","name":"UL10"},"geometry":{"type":"MultiLineString","coordinates":[[[1.7913608333333333,50.91038888888889],[1.9174719444444444,50.822027777777784]],[[1.9174719444444444,50.822027777777784],[2.093193888888889,50.698138888888884]],[[2.093193888888889,50.698138888888884],[3.318055833333333,49.80833277777778]],[[1.7440827777777779,50.94338888888888],[1.7913608333333333,50.91038888888889]],[[1.6155308333333334,51.032868888888885],[1.7440827777777779,50.94338888888888]]]}},{"type":"Feature","properties":{"type":"highAirway","uuid":"highairway-ul127","name":"UL127"},"geometry":{"type":"MultiLineString","coordinates":[[[5.828860833333333,43.22855583333334],[6.023777777777778,43.22675]],[[3.9747219444444446,43.578360833333335],[4.928888888888889,43.33694388888889]],[[5.333027777777778,43.23163888888889],[5.828860833333333,43.22855583333334]],[[4.928888888888889,43.33694388888889],[5.333027777777778,43.23163888888889]],[[6.023777777777778,43.22675],[6.601805833333333,43.21947194444444]]]}},{"type":"Feature","properties":{"type":"highAirway","uuid":"highairway-ul128","name":"UL128"},"geometry":{"type":"MultiLineString","coordinates":[[[4.779860833333333,44.554943888888886],[5.0868327777777775,43.38630583333333]]]}},{"type":"Feature","properties":{"type":"highAirway","uuid":"highairway-ul14","name":"UL14"},"geometry":{"type":"MultiLineString","coordinates":[[[-7.223332777777778,39.21944388888889],[-7.614443888888888,38.088610833333334]],[[-2.4761108333333333,46.17397194444444],[-2.424443888888889,46.49583277777778]]]}},{"type":"Feature","properties":{"type":"highAirway","uuid":"highairway-ul15","name":"UL15"},"geometry":{"type":"MultiLineString","coordinates":[[[3.318055833333333,49.80833277777778],[4.361527777777777,49.138777777777776]],[[1.4666669444444445,50.95764388888889],[1.7418058333333335,50.88316694444445]],[[4.361527777777777,49.138777777777776],[5.056110833333333,48.8875]],[[1.7418058333333335,50.88316694444445],[3.318055833333333,49.80833277777778]]]}},{"type":"Feature","properties":{"type":"highAirway","uuid":"highairway-ul153","name":"UL153"},"geometry":{"type":"MultiLineString","coordinates":[[[5.9,46.953610833333336],[5.342221944444444,47.29194388888889]]]}},{"type":"Feature","properties":{"type":"highAirway","uuid":"highairway-ul155","name":"UL155"},"geometry":{"type":"MultiLineString","coordinates":[[[-7.777221944444444,41.35861083333334],[-7.469721944444444,41.38583277777778]],[[-7.469721944444444,41.38583277777778],[-6.28,41.48305583333334]],[[-7.919721944444444,41.345555833333336],[-7.777221944444444,41.35861083333334]],[[-8.687832777777778,41.272999999999996],[-7.919721944444444,41.345555833333336]]]}},{"type":"Feature","properties":{"type":"highAirway","uuid":"highairway-ul161","name":"UL161"},"geometry":{"type":"MultiLineString","coordinates":[[[4.226943888888889,48.90091694444444],[5.107777777777778,48.57472194444445]]]}},{"type":"Feature","properties":{"type":"highAirway","uuid":"highairway-ul178","name":"UL178"},"geometry":{"type":"MultiLineString","coordinates":[[[3.8641669444444444,46.28333277777778],[3.957777777777778,46.1135]]]}},{"type":"Feature","properties":{"type":"highAirway","uuid":"highairway-ul194","name":"UL194"},"geometry":{"type":"MultiLineString","coordinates":[[[3.0565277777777777,49.18830583333333],[3.013860833333333,48.844638888888895]],[[3.013860833333333,48.844638888888895],[2.9026388888888888,48.68416694444444]],[[3.106388888888889,49.48583277777778],[3.0565277777777777,49.18830583333333]],[[2.7016669444444448,48.39138888888889],[2.626110833333333,48.28111083333333]],[[2.9026388888888888,48.68416694444444],[2.7016669444444448,48.39138888888889]]]}},{"type":"Feature","properties":{"type":"highAirway","uuid":"highairway-ul55","name":"UL55"},"geometry":{"type":"MultiLineString","coordinates":[[[4.239110833333333,45.03386083333333],[5.16344388888889,45.10263888888889]],[[5.8191669444444445,45.075832777777784],[6.309721944444444,45.04249972222222]],[[6.309721944444444,45.04249972222222],[6.647166944444444,45.01825]],[[5.16344388888889,45.10263888888889],[5.8191669444444445,45.075832777777784]]]}},{"type":"Feature","properties":{"type":"highAirway","uuid":"highairway-ul607","name":"UL607"},"geometry":{"type":"MultiLineString","coordinates":[[[4.601110833333333,50.72305583333333],[4.914027777777778,50.66222194444444]],[[3.6369719444444444,50.912638888888885],[4.601110833333333,50.72305583333333]],[[2.6516669444444445,51.094721944444444],[3.6369719444444444,50.912638888888885]],[[2,51.130763888888886],[2.6516669444444445,51.094721944444444]],[[5.7625,50.49694388888889],[6.369721944444444,50.416666944444444]],[[4.914027777777778,50.66222194444444],[5.623610833333334,50.514721944444446]],[[5.623610833333334,50.514721944444446],[5.7625,50.49694388888889]]]}},{"type":"Feature","properties":{"type":"highAirway","uuid":"highairway-ul612","name":"UL612"},"geometry":{"type":"MultiLineString","coordinates":[[[0.010196944444444446,50.451321944444445],[0.09021388888888889,50.374046944444444]],[[-0.2515469444444444,50.70194388888889],[0.010196944444444446,50.451321944444445]],[[0.09021388888888889,50.374046944444444],[0.2646747222222222,50.20451388888889]],[[1.1797219444444444,49.40805583333333],[2.1919438888888885,48.56861083333334]],[[-0.6250027777777778,51.05395277777777],[-0.2515469444444444,50.70194388888889]],[[2.626110833333333,48.28111083333333],[2.669166944444444,48.21833277777778]],[[2.1919438888888885,48.56861083333334],[2.626110833333333,48.28111083333333]],[[0.62,49.85666694444445],[1.1797219444444444,49.40805583333333]],[[-0.8788,51.45278277777778],[-0.6250027777777778,51.05395277777777]],[[0.2646747222222222,50.20451388888889],[0.62,49.85666694444445]]]}},{"type":"Feature","properties":{"type":"highAirway","uuid":"highairway-ul613","name":"UL613"},"geometry":{"type":"MultiLineString","coordinates":[[[3.282055833333333,49.31363888888889],[2.7552777777777777,49.82611083333334]],[[2.0613888888888887,50.34583277777778],[2.026416944444444,50.37188888888889]],[[3.8711669444444445,48.72441694444445],[3.3506108333333335,49.24605583333334]],[[2.7552777777777777,49.82611083333334],[2.0613888888888887,50.34583277777778]],[[3.3506108333333335,49.24605583333334],[3.282055833333333,49.31363888888889]],[[1.6362777777777777,50.656999722222224],[1.4666669444444445,50.779352777777774]],[[5.249166944444444,47.906305833333334],[4.634166944444444,48.276721944444446]],[[4.634166944444444,48.276721944444446],[3.8711669444444445,48.72441694444445]],[[2.026416944444444,50.37188888888889],[1.6362777777777777,50.656999722222224]]]}},{"type":"Feature","properties":{"type":"highAirway","uuid":"highairway-ul856","name":"UL856"},"geometry":{"type":"MultiLineString","coordinates":[[[5.342221944444444,47.29194388888889],[5.097332777777777,47.270777777777774]],[[5.832221944444444,47.33227777777778],[5.342221944444444,47.29194388888889]]]}},{"type":"Feature","properties":{"type":"highAirway","uuid":"highairway-ul976","name":"UL976"},"geometry":{"type":"MultiLineString","coordinates":[[[-0.8518327777777778,47.53686083333333],[-0.25,48.06694388888889]],[[0.9870558333333332,48.479999722222225],[1.2708327777777777,48.550555833333334]],[[-0.25,48.06694388888889],[0.38194388888888886,48.392221944444444]],[[0.38194388888888886,48.392221944444444],[0.9870558333333332,48.479999722222225]],[[1.6488888888888888,48.64416694444444],[2.1023608333333335,48.75372194444444]],[[1.2708327777777777,48.550555833333334],[1.6488888888888888,48.64416694444444]]]}},{"type":"Feature","properties":{"type":"highAirway","uuid":"highairway-um126","name":"UM126"},"geometry":{"type":"MultiLineString","coordinates":[[[8.498610833333332,38.161943888888885],[8.883610833333332,38.527499999999996]]]}},{"type":"Feature","properties":{"type":"highAirway","uuid":"highairway-um129","name":"UM129"},"geometry":{"type":"MultiLineString","coordinates":[[[5.097332777777777,47.270777777777774],[5.454693888888889,47.6655]],[[4.768332777777777,47.08888888888889],[5.097332777777777,47.270777777777774]]]}},{"type":"Feature","properties":{"type":"highAirway","uuid":"highairway-um154","name":"UM154"},"geometry":{"type":"MultiLineString","coordinates":[[[4.776916944444444,43.05616694444444],[4.9208058333333335,42.73247194444445]],[[4.9208058333333335,42.73247194444445],[4.997388888888889,42.56022194444444]],[[4.997388888888889,42.56022194444444],[5.013332777777777,41.809999999999995]]]}},{"type":"Feature","properties":{"type":"highAirway","uuid":"highairway-um163","name":"UM163"},"geometry":{"type":"MultiLineString","coordinates":[[[3.5776938888888887,49.137749722222225],[5.124416944444444,49.39124972222222]],[[2.6558058333333334,48.90069388888889],[3.5776938888888887,49.137749722222225]],[[5.816138888888888,49.54955583333333],[6.129749722222222,49.86130583333333]],[[5.124416944444444,49.39124972222222],[5.781110833333333,49.51444388888889]],[[-0.25,48.06694388888889],[1.6488888888888888,48.64416694444444]],[[1.6488888888888888,48.64416694444444],[2.1023608333333335,48.75372194444444]],[[2.1023608333333335,48.75372194444444],[2.6558058333333334,48.90069388888889]],[[5.781110833333333,49.51444388888889],[5.816138888888888,49.54955583333333]]]}},{"type":"Feature","properties":{"type":"highAirway","uuid":"highairway-um164","name":"UM164"},"geometry":{"type":"MultiLineString","coordinates":[[[7.733621944444445,48.43505277777778],[9.461666944444444,48.255]],[[4.673499722222222,48.278082777777776],[5.1536108333333335,48.29388888888889]],[[4.673499722222222,48.278082777777776],[4.634166944444444,48.276721944444446]],[[9.674999999999999,48.228055833333336],[9.461666944444444,48.255]],[[4.634166944444444,48.276721944444446],[3.963138888888889,48.251221944444445]]]}},{"type":"Feature","properties":{"type":"highAirway","uuid":"highairway-um170","name":"UM170"},"geometry":{"type":"MultiLineString","coordinates":[[[5.262777777777778,49.69305583333333],[5.213055833333334,49.59138888888889]]]}},{"type":"Feature","properties":{"type":"highAirway","uuid":"highairway-um184","name":"UM184"},"geometry":{"type":"MultiLineString","coordinates":[[[-0.9383469444444444,50.82],[-0.41938277777777777,51.80555583333333]],[[-1.1108327777777778,49.584721944444446],[-1.0822219444444445,49.79361083333333]],[[-1.4991669444444444,48.89944388888889],[-1.1108327777777778,49.584721944444446]],[[-1.4119438888888889,47.71],[-1.4358327777777777,48.02722194444444]],[[-1.0822219444444445,49.79361083333333],[-1.0538419444444445,50]],[[-1.0538419444444445,50],[-1.0072219444444444,50.33416694444445]],[[-0.8611108333333333,46.583332777777784],[-1.3649997222222223,46.97194388888889]],[[-0.9549419444444444,50.70393888888889],[-0.9383469444444444,50.82]],[[-1.0072219444444444,50.33416694444445],[-0.9549419444444444,50.70393888888889]],[[-1.4358327777777777,48.02722194444444],[-1.4991669444444444,48.89944388888889]],[[-0.6627777777777778,46.42916694444444],[-0.8611108333333333,46.583332777777784]],[[-1.3649997222222223,46.97194388888889],[-1.4119438888888889,47.71]]]}},{"type":"Feature","properties":{"type":"highAirway","uuid":"highairway-um185","name":"UM185"},"geometry":{"type":"MultiLineString","coordinates":[[[-0.8259438888888889,50.32361083333333],[-0.7834188888888889,50.61666694444445]],[[-0.7834188888888889,50.61666694444445],[-0.7549138888888889,50.81108888888889]],[[-1.1108327777777778,49.584721944444446],[-0.9066388888888889,49.75683277777778]],[[-0.9066388888888889,49.75683277777778],[-0.8722500000000001,50]],[[-0.8722500000000001,50],[-0.8259438888888889,50.32361083333333]],[[-0.6250027777777778,51.05395277777777],[-0.4861077777777778,51.23360777777778]],[[-0.7549138888888889,50.81108888888889],[-0.6250027777777778,51.05395277777777]]]}},{"type":"Feature","properties":{"type":"highAirway","uuid":"highairway-um189","name":"UM189"},"geometry":{"type":"MultiLineString","coordinates":[[[-1.4166669444444444,49.59138888888889],[-1.0822219444444445,49.79361083333333]],[[-1.0822219444444445,49.79361083333333],[-0.455,49.928332777777776]],[[0.09021388888888889,50.374046944444444],[-0.07611083333333334,50.20944388888889]],[[-2.046143888888889,49.22110583333333],[-1.4166669444444444,49.59138888888889]],[[0.8786608333333333,50.99968583333334],[0.34980277777777774,50.58246888888889]],[[0.34980277777777774,50.58246888888889],[0.09021388888888889,50.374046944444444]]]}},{"type":"Feature","properties":{"type":"highAirway","uuid":"highairway-um2","name":"UM2"},"geometry":{"type":"MultiLineString","coordinates":[[[6.608321944444444,36.29326388888889],[7.033332777777778,39]]]}},{"type":"Feature","properties":{"type":"highAirway","uuid":"highairway-um25","name":"UM25"},"geometry":{"type":"MultiLineString","coordinates":[[[-4.001388888888889,49.65141888888889],[-1.6745558333333332,49.48813888888889]],[[-0.25,49.36444388888889],[0.4963888888888889,49.31583277777777]],[[-1.6745558333333332,49.48813888888889],[-0.25,49.36444388888889]]]}},{"type":"Feature","properties":{"type":"highAirway","uuid":"highairway-um508","name":"UM508"},"geometry":{"type":"MultiLineString","coordinates":[[[5.8754719444444445,36.79758277777778],[6.088332777777778,39]]]}},{"type":"Feature","properties":{"type":"highAirway","uuid":"highairway-um605","name":"UM605"},"geometry":{"type":"MultiLineString","coordinates":[[[0.49112194444444446,50.471041944444444],[0.6414919444444445,50.351707777777776]],[[0.8479997222222223,50.18655583333333],[1.0080558333333334,50.05749972222222]],[[0.12191388888888889,50.760688888888886],[0.34980277777777774,50.58246888888889]],[[0.34980277777777774,50.58246888888889],[0.49112194444444446,50.471041944444444]],[[-0.8788,51.45278277777778],[0.12191388888888889,50.760688888888886]],[[0.6414919444444445,50.351707777777776],[0.8479997222222223,50.18655583333333]]]}},{"type":"Feature","properties":{"type":"highAirway","uuid":"highairway-um606","name":"UM606"},"geometry":{"type":"MultiLineString","coordinates":[[[4.673499722222222,48.278082777777776],[5.165832777777778,48.103055833333336]]]}},{"type":"Feature","properties":{"type":"highAirway","uuid":"highairway-um616","name":"UM616"},"geometry":{"type":"MultiLineString","coordinates":[[[8.940277777777778,43.227221944444445],[8.600277777777777,43.31499972222222]],[[8.600277777777777,43.31499972222222],[7.371166944444444,43.622277777777775]],[[6.377777777777777,44.20861083333334],[5.690805833333334,44.602555833333334]],[[4.638721944444444,45.187638888888884],[4.239471944444444,45.21980583333333]],[[-2.5008327777777777,47.684999999999995],[-1.9288888888888887,47.348888888888894]],[[5.690805833333334,44.602555833333334],[4.638721944444444,45.187638888888884]],[[-0.8611108333333333,46.583332777777784],[-0.6627777777777778,46.42916694444444]],[[-1.6129719444444446,47.16086083333333],[-1.3649997222222223,46.97194388888889]],[[7.371166944444444,43.622277777777775],[6.377777777777777,44.20861083333334]],[[-1.9288888888888887,47.348888888888894],[-1.6129719444444446,47.16086083333333]],[[-1.3649997222222223,46.97194388888889],[-0.8611108333333333,46.583332777777784]]]}},{"type":"Feature","properties":{"type":"highAirway","uuid":"highairway-um617","name":"UM617"},"geometry":{"type":"MultiLineString","coordinates":[[[5.736666944444445,50.93222194444444],[5.045277777777778,50.80638888888888]],[[4.601110833333333,50.72305583333333],[4.056666944444444,50.61805583333334]],[[3.8327777777777774,50.573888888888895],[3.633332777777778,50.47333277777778]],[[3.1514997222222223,50.22813888888889],[3.633332777777778,50.47333277777778]],[[5.960416944444445,50.97194388888889],[5.736666944444445,50.93222194444444]],[[4.056666944444444,50.61805583333334],[3.8327777777777774,50.573888888888895]],[[5.045277777777778,50.80638888888888],[4.601110833333333,50.72305583333333]]]}},{"type":"Feature","properties":{"type":"highAirway","uuid":"highairway-um622","name":"UM622"},"geometry":{"type":"MultiLineString","coordinates":[[[6.890360833333333,44.143610833333334],[6.7904438888888885,44.79999972222222]]]}},{"type":"Feature","properties":{"type":"highAirway","uuid":"highairway-um623","name":"UM623"},"geometry":{"type":"MultiLineString","coordinates":[[[6.890360833333333,44.143610833333334],[6.953332777777778,43.72194388888889]],[[7.0125,44.79999972222222],[6.890360833333333,44.143610833333334]]]}},{"type":"Feature","properties":{"type":"highAirway","uuid":"highairway-um728","name":"UM728"},"geometry":{"type":"MultiLineString","coordinates":[[[5.214999722222222,44.63805583333333],[5.623499722222222,44.38]],[[3.1514997222222223,50.22813888888889],[3.243332777777778,50]],[[2.582055833333333,48.96491694444445],[2.1919438888888885,48.56861083333334]],[[2.299999722222222,48.28333277777778],[2.3597219444444444,48.13333277777778]],[[3.106388888888889,49.48583277777778],[2.582055833333333,48.96491694444445]],[[3.318055833333333,49.80833277777778],[3.106388888888889,49.48583277777778]],[[4.239471944444444,45.21980583333333],[4.445555833333334,45.11361083333333]],[[4.445555833333334,45.11361083333333],[5.214999722222222,44.63805583333333]],[[2.1919438888888885,48.56861083333334],[2.299999722222222,48.28333277777778]],[[5.623499722222222,44.38],[6.953332777777778,43.72194388888889]],[[3.243332777777778,50],[3.318055833333333,49.80833277777778]]]}},{"type":"Feature","properties":{"type":"highAirway","uuid":"highairway-um729","name":"UM729"},"geometry":{"type":"MultiLineString","coordinates":[[[4.5895,47.71563888888889],[4.151110833333334,48.09194388888889]],[[2.980277777777778,48.419443888888885],[2.8509719444444444,48.444332777777774]],[[4.151110833333334,48.09194388888889],[3.963138888888889,48.251221944444445]],[[3.2947777777777776,48.406999722222224],[2.980277777777778,48.419443888888885]],[[2.8509719444444444,48.444332777777774],[2.1919438888888885,48.56861083333334]],[[5.097332777777777,47.270777777777774],[4.5895,47.71563888888889]],[[3.963138888888889,48.251221944444445],[3.2947777777777776,48.406999722222224]],[[5.726943888888889,46.81555583333333],[5.097332777777777,47.270777777777774]]]}},{"type":"Feature","properties":{"type":"highAirway","uuid":"highairway-um731","name":"UM731"},"geometry":{"type":"MultiLineString","coordinates":[[[5.049221944444445,42.87480583333333],[4.776916944444444,43.05616694444444]],[[4.776916944444444,43.05616694444444],[3.9747219444444446,43.578360833333335]]]}},{"type":"Feature","properties":{"type":"highAirway","uuid":"highairway-um732","name":"UM732"},"geometry":{"type":"MultiLineString","coordinates":[[[7.759443888888889,41.033610833333334],[7.031943888888889,41.07527777777778]],[[6.5686108333333335,41.24333277777778],[7.031943888888889,41.07527777777778]]]}},{"type":"Feature","properties":{"type":"highAirway","uuid":"highairway-um733","name":"UM733"},"geometry":{"type":"MultiLineString","coordinates":[[[0.7533327777777777,50.544999999999995],[0.4250077777777778,50.789918888888884]],[[6.890360833333333,44.143610833333334],[6.569499722222222,44.48499972222222]],[[3.2947777777777776,48.406999722222224],[3.013860833333333,48.844638888888895]],[[5.091916944444444,46.04574972222222],[4.963610833333333,46.24722194444445]],[[3.9486108333333334,47.79666694444444],[3.7022219444444446,48.157221944444444]],[[3.013860833333333,48.844638888888895],[2.960443888888889,48.90588888888889]],[[5.529138888888889,45.559888888888885],[5.091916944444444,46.04574972222222]],[[2.421416944444444,49.51416694444445],[1.9112219444444443,49.88102777777778]],[[3.7022219444444446,48.157221944444444],[3.2947777777777776,48.406999722222224]],[[6.569499722222222,44.48499972222222],[5.529138888888889,45.559888888888885]],[[7.371166944444444,43.622277777777775],[6.890360833333333,44.143610833333334]],[[1.9112219444444443,49.88102777777778],[1.5177219444444443,49.984860833333336]],[[4.116110833333333,47.544443888888885],[3.9486108333333334,47.79666694444444]],[[1.5177219444444443,49.984860833333336],[0.8850558333333333,50.44566694444444]],[[0.8850558333333333,50.44566694444444],[0.7533327777777777,50.544999999999995]],[[0.4250077777777778,50.789918888888884],[0.11612194444444446,51.017182777777776]],[[2.960443888888889,48.90588888888889],[2.421416944444444,49.51416694444445]]]}},{"type":"Feature","properties":{"type":"highAirway","uuid":"highairway-um739","name":"UM739"},"geometry":{"type":"MultiLineString","coordinates":[[[8.883610833333332,38.527499999999996],[9.252777777777778,38.26194388888889]],[[8.51388888888889,38.790277777777774],[8.883610833333332,38.527499999999996]]]}},{"type":"Feature","properties":{"type":"highAirway","uuid":"highairway-um8","name":"UM8"},"geometry":{"type":"MultiLineString","coordinates":[[[0.6584497222222222,50.48843277777778],[0.34980277777777774,50.58246888888889]],[[0.8850558333333333,50.44566694444444],[0.6584497222222222,50.48843277777778]]]}},{"type":"Feature","properties":{"type":"highAirway","uuid":"highairway-um858","name":"UM858"},"geometry":{"type":"MultiLineString","coordinates":[[[8.883582777777777,36.978166944444446],[8.883610833333332,38.527499999999996]]]}},{"type":"Feature","properties":{"type":"highAirway","uuid":"highairway-um975","name":"UM975"},"geometry":{"type":"MultiLineString","coordinates":[[[2.1919438888888885,48.56861083333334],[2.825555833333333,48.27583277777778]]]}},{"type":"Feature","properties":{"type":"highAirway","uuid":"highairway-um976","name":"UM976"},"geometry":{"type":"MultiLineString","coordinates":[[[3.8133327777777777,47.559999999999995],[3.567499722222222,47.96611083333334]],[[3.2947777777777776,48.406999722222224],[3.013860833333333,48.844638888888895]],[[3.013860833333333,48.844638888888895],[2.960443888888889,48.90588888888889]],[[4.638721944444444,45.187638888888884],[4.514,45.73005583333334]],[[2.421416944444444,49.51416694444445],[1.8586108333333333,50.171388888888885]],[[4.666666944444445,41.73333277777778],[4.997388888888889,42.56022194444444]],[[4.514,45.73005583333334],[4.384166944444445,46.283610833333334]],[[5.326443888888889,43.37733277777778],[4.779860833333333,44.554943888888886]],[[4.779860833333333,44.554943888888886],[4.638721944444444,45.187638888888884]],[[3.567499722222222,47.96611083333334],[3.2947777777777776,48.406999722222224]],[[5.180527777777778,43.02041694444444],[5.326443888888889,43.37733277777778]],[[2.960443888888889,48.90588888888889],[2.421416944444444,49.51416694444445]]]}},{"type":"Feature","properties":{"type":"highAirway","uuid":"highairway-um982","name":"UM982"},"geometry":{"type":"MultiLineString","coordinates":[[[4.406666944444445,48.13444388888889],[4.239443888888889,48.26194388888889]],[[5.342221944444444,47.29194388888889],[5.098610833333333,47.58888888888889]],[[4.239443888888889,48.26194388888889],[3.7320277777777777,48.53883277777778]],[[5.098610833333333,47.58888888888889],[4.406666944444445,48.13444388888889]],[[5.726943888888889,46.81555583333333],[5.5530558333333335,47.03138888888889]],[[3.7320277777777777,48.53883277777778],[3.563499722222222,48.61130583333333]],[[5.5530558333333335,47.03138888888889],[5.342221944444444,47.29194388888889]]]}},{"type":"Feature","properties":{"type":"highAirway","uuid":"highairway-um984","name":"UM984"},"geometry":{"type":"MultiLineString","coordinates":[[[4.776916944444444,43.05616694444444],[4.268055833333333,42.504443888888886]],[[4.776916944444444,43.05616694444444],[5.333027777777778,43.23163888888889]],[[6.084666944444444,43.462916944444444],[5.333027777777778,43.23163888888889]],[[6.953332777777778,43.72194388888889],[6.084666944444444,43.462916944444444]],[[4.268055833333333,42.504443888888886],[4.000277777777778,42.20916694444445]],[[7.625277777777778,44.14555583333333],[6.953332777777778,43.72194388888889]]]}},{"type":"Feature","properties":{"type":"highAirway","uuid":"highairway-um986","name":"UM986"},"geometry":{"type":"MultiLineString","coordinates":[[[5,37.98916694444445],[6.25,39]]]}},{"type":"Feature","properties":{"type":"highAirway","uuid":"highairway-um989","name":"UM989"},"geometry":{"type":"MultiLineString","coordinates":[[[5.061666944444444,42.414166944444446],[4.997388888888889,42.56022194444444]],[[5.384999722222223,41.66777777777777],[5.061666944444444,42.414166944444446]],[[3.5708327777777775,36.794999999999995],[4.684999722222223,39]]]}},{"type":"Feature","properties":{"type":"highAirway","uuid":"highairway-um998","name":"UM998"},"geometry":{"type":"MultiLineString","coordinates":[[[6.608321944444444,36.29326388888889],[6.088332777777778,39]]]}},{"type":"Feature","properties":{"type":"highAirway","uuid":"highairway-un160","name":"UN160"},"geometry":{"type":"MultiLineString","coordinates":[[[0.7133327777777777,48.85527777777778],[1.3388888888888888,48.685832777777776]],[[-0.4552777777777778,49.17319388888889],[-0.25,49.117221944444445]],[[-0.25,49.117221944444445],[0.7133327777777777,48.85527777777778]],[[-2.046143888888889,49.22110583333333],[-0.4552777777777778,49.17319388888889]]]}},{"type":"Feature","properties":{"type":"highAirway","uuid":"highairway-un26","name":"UN26"},"geometry":{"type":"MultiLineString","coordinates":[[[-2.5008327777777777,47.684999999999995],[-2.091943888888889,46.89611083333333]],[[-2.091943888888889,46.89611083333333],[-1.8441669444444446,46.5]]]}},{"type":"Feature","properties":{"type":"highAirway","uuid":"highairway-un29","name":"UN29"},"geometry":{"type":"MultiLineString","coordinates":[[[-2.525332777777778,48.45908277777778],[-0.7666669444444445,48.54999972222222]]]}},{"type":"Feature","properties":{"type":"highAirway","uuid":"highairway-un460","name":"UN460"},"geometry":{"type":"MultiLineString","coordinates":[[[-8.75,46],[-8,46]]]}},{"type":"Feature","properties":{"type":"highAirway","uuid":"highairway-un461","name":"UN461"},"geometry":{"type":"MultiLineString","coordinates":[[[-1.9288888888888887,47.348888888888894],[-3,47.13916694444445]]]}},{"type":"Feature","properties":{"type":"highAirway","uuid":"highairway-un470","name":"UN470"},"geometry":{"type":"MultiLineString","coordinates":[[[-8.75,47],[-8,47]]]}},{"type":"Feature","properties":{"type":"highAirway","uuid":"highairway-un471","name":"UN471"},"geometry":{"type":"MultiLineString","coordinates":[[[-3,47.13916694444445],[-1.8480558333333335,47.15694388888889]],[[-1.8480558333333335,47.15694388888889],[-1.6129719444444446,47.16086083333333]]]}},{"type":"Feature","properties":{"type":"highAirway","uuid":"highairway-un480","name":"UN480"},"geometry":{"type":"MultiLineString","coordinates":[[[-8.75,48],[-8,48]]]}},{"type":"Feature","properties":{"type":"highAirway","uuid":"highairway-un482","name":"UN482"},"geometry":{"type":"MultiLineString","coordinates":[[[-0.8518327777777778,47.53686083333333],[-0.6858327777777778,47.52861083333333]],[[-0.6858327777777778,47.52861083333333],[0.3569438888888889,47.472499722222224]],[[-1.959999722222222,47.64194388888889],[-1.5174999999999998,47.59972194444445]],[[-2.5008327777777777,47.684999999999995],[-1.959999722222222,47.64194388888889]],[[-1.5174999999999998,47.59972194444445],[-0.8518327777777778,47.53686083333333]],[[0.3569438888888889,47.472499722222224],[0.9419438888888889,47.435832777777776]],[[0.9419438888888889,47.435832777777776],[1.1047219444444445,47.5075]]]}},{"type":"Feature","properties":{"type":"highAirway","uuid":"highairway-un490","name":"UN490"},"geometry":{"type":"MultiLineString","coordinates":[[[-1.3908327777777778,46.598888888888894],[-1.9288888888888887,47.348888888888894]]]}},{"type":"Feature","properties":{"type":"highAirway","uuid":"highairway-un491","name":"UN491"},"geometry":{"type":"MultiLineString","coordinates":[[[0.8891669444444444,48.74472194444444],[1.3388888888888888,48.685832777777776]],[[-1.4991669444444444,48.89944388888889],[-0.25,48.838055833333335]],[[3.2166669444444445,48.53666694444444],[3.533332777777778,48.524721944444444]],[[-0.25,48.838055833333335],[0.5302777777777778,48.79061083333333]],[[4.022305833333333,48.504777777777775],[4.673499722222222,48.278082777777776]],[[0.5302777777777778,48.79061083333333],[0.8891669444444444,48.74472194444444]],[[4.673499722222222,48.278082777777776],[5.1536108333333335,48.29388888888889]],[[-2.4884169444444444,48.93874972222222],[-1.751943888888889,48.91027777777778]],[[1.3388888888888888,48.685832777777776],[1.6488888888888888,48.64416694444444]],[[2.9708608333333335,48.544999999999995],[3.2166669444444445,48.53666694444444]],[[2.1919438888888885,48.56861083333334],[2.75,48.55222194444444]],[[1.6488888888888888,48.64416694444444],[2.1919438888888885,48.56861083333334]],[[2.75,48.55222194444444],[2.9708608333333335,48.544999999999995]],[[-1.751943888888889,48.91027777777778],[-1.4991669444444444,48.89944388888889]],[[3.533332777777778,48.524721944444444],[4.022305833333333,48.504777777777775]]]}},{"type":"Feature","properties":{"type":"highAirway","uuid":"highairway-un502","name":"UN502"},"geometry":{"type":"MultiLineString","coordinates":[[[-0.25,48.929721944444445],[0.5302777777777778,48.79061083333333]],[[-0.25,48.929721944444445],[-1.178332777777778,49.083332777777784]],[[-1.178332777777778,49.083332777777784],[-2.046143888888889,49.22110583333333]]]}},{"type":"Feature","properties":{"type":"highAirway","uuid":"highairway-un536","name":"UN536"},"geometry":{"type":"MultiLineString","coordinates":[[[-8.75,46.5],[-8,46.5]]]}},{"type":"Feature","properties":{"type":"highAirway","uuid":"highairway-un57","name":"UN57"},"geometry":{"type":"MultiLineString","coordinates":[[[1.0675358333333334,51.06411388888888],[0.15170277777777777,51.646025]]]}},{"type":"Feature","properties":{"type":"highAirway","uuid":"highairway-un585","name":"UN585"},"geometry":{"type":"MultiLineString","coordinates":[[[-1.4991669444444444,48.89944388888889],[-0.25,49.36444388888889]],[[-2.5708327777777775,48.775555833333335],[-1.751943888888889,48.91027777777778]],[[-1.751943888888889,48.91027777777778],[-1.4991669444444444,48.89944388888889]]]}},{"type":"Feature","properties":{"type":"highAirway","uuid":"highairway-un6","name":"UN6"},"geometry":{"type":"MultiLineString","coordinates":[[[-1.0072219444444444,50.33416694444445],[-0.8583608333333334,50.616816944444444]],[[-0.8583608333333334,50.616816944444444],[-0.7549138888888889,50.81108888888889]]]}},{"type":"Feature","properties":{"type":"highAirway","uuid":"highairway-un601","name":"UN601"},"geometry":{"type":"MultiLineString","coordinates":[[[1.0675358333333334,51.06411388888888],[0.597275,51.304002777777775]]]}},{"type":"Feature","properties":{"type":"highAirway","uuid":"highairway-un726","name":"UN726"},"geometry":{"type":"MultiLineString","coordinates":[[[-8.05638888888889,40.429721944444445],[-7.989721944444445,39.740832777777776]],[[-7.989721944444445,39.740832777777776],[-7.914166944444445,38.94555583333333]],[[-7.918610833333334,38.66499972222222],[-7.926666944444444,38.12833277777778]],[[-8.228277777777778,42.139805833333334],[-8.199443888888888,41.82361083333333]],[[-8.115,40.88194388888889],[-8.05638888888889,40.429721944444445]],[[-8.199443888888888,41.82361083333333],[-8.115,40.88194388888889]],[[-8.425388888888888,42.92686083333333],[-8.228277777777778,42.139805833333334]],[[-7.914166944444445,38.94555583333333],[-7.918610833333334,38.66499972222222]]]}},{"type":"Feature","properties":{"type":"highAirway","uuid":"highairway-un734","name":"UN734"},"geometry":{"type":"MultiLineString","coordinates":[[[-8.75,47.5],[-8,47.5]]]}},{"type":"Feature","properties":{"type":"highAirway","uuid":"highairway-un736","name":"UN736"},"geometry":{"type":"MultiLineString","coordinates":[[[5.076666944444444,36.71544388888889],[5.374721944444444,39]]]}},{"type":"Feature","properties":{"type":"highAirway","uuid":"highairway-un741","name":"UN741"},"geometry":{"type":"MultiLineString","coordinates":[[[-0.8518327777777778,47.53686083333333],[-0.6150558333333334,47.59491694444445]],[[-3.0946108333333333,46.568805833333336],[-2.3630558333333336,46.85999972222223]],[[-2.3630558333333336,46.85999972222223],[-2.013888888888889,47.00694388888889]],[[-2.013888888888889,47.00694388888889],[-1.6129719444444446,47.16086083333333]],[[-1.6129719444444446,47.16086083333333],[-0.8518327777777778,47.53686083333333]],[[-0.6150558333333334,47.59491694444445],[0.2738888888888889,47.80611083333333]]]}},{"type":"Feature","properties":{"type":"highAirway","uuid":"highairway-un745","name":"UN745"},"geometry":{"type":"MultiLineString","coordinates":[[[-7.6541669444444445,39.821666944444445],[-7.1091669444444445,40.29055583333333]],[[-8.3925,39.16749972222222],[-7.6541669444444445,39.821666944444445]],[[-7.1091669444444445,40.29055583333333],[-6.722777777777778,40.62277777777778]]]}},{"type":"Feature","properties":{"type":"highAirway","uuid":"highairway-un851","name":"UN851"},"geometry":{"type":"MultiLineString","coordinates":[[[4.666666944444445,40.06461083333333],[5.396666944444445,40.38499972222222]],[[7.031943888888889,41.07527777777778],[7.206582777777778,41.14694388888889]],[[8.676943888888887,42.89333277777778],[8.958332777777777,43.38833277777778]],[[7.206582777777778,41.14694388888889],[7.862777777777778,41.41166694444444]]]}},{"type":"Feature","properties":{"type":"highAirway","uuid":"highairway-un852","name":"UN852"},"geometry":{"type":"MultiLineString","coordinates":[[[5.960777777777778,45.47738888888889],[5.690805833333334,44.602555833333334]],[[4.776916944444444,43.05616694444444],[4.115555833333333,42.172221944444445]],[[5.501110833333334,44.156388888888884],[5.454666944444445,44.07127777777778]],[[5.454666944444445,44.07127777777778],[5.403055833333334,43.97583277777778]],[[5.690805833333334,44.602555833333334],[5.623499722222222,44.38]],[[5.0868327777777775,43.38630583333333],[4.776916944444444,43.05616694444444]],[[5.914110833333334,45.953832777777784],[5.960777777777778,45.47738888888889]],[[5.623499722222222,44.38],[5.501110833333334,44.156388888888884]],[[5.403055833333334,43.97583277777778],[5.0868327777777775,43.38630583333333]]]}},{"type":"Feature","properties":{"type":"highAirway","uuid":"highairway-un853","name":"UN853"},"geometry":{"type":"MultiLineString","coordinates":[[[6.377777777777777,44.20861083333334],[6.569499722222222,44.48499972222222]],[[6.078471944444444,43.77144388888889],[6.377777777777777,44.20861083333334]],[[6.040610833333333,43.39549972222222],[6.078471944444444,43.77144388888889]],[[6.569499722222222,44.48499972222222],[6.7904438888888885,44.79999972222222]]]}},{"type":"Feature","properties":{"type":"highAirway","uuid":"highairway-un854","name":"UN854"},"geometry":{"type":"MultiLineString","coordinates":[[[5.094999722222222,46.782777777777774],[5.097332777777777,47.270777777777774]],[[5.091916944444444,46.04574972222222],[5.092832777777778,46.24311083333333]],[[6.608321944444444,36.29326388888889],[6.7166669444444445,39]],[[5.097332777777777,47.270777777777774],[5.098610833333333,47.58888888888889]],[[4.638721944444444,45.187638888888884],[4.890555833333333,45.668055833333334]],[[5.346110833333333,42.49194388888889],[5.315110833333333,42.69772194444444]],[[5.326443888888889,43.37733277777778],[4.779860833333333,44.554943888888886]],[[4.779860833333333,44.554943888888886],[4.638721944444444,45.187638888888884]],[[5.333027777777778,43.23163888888889],[5.326443888888889,43.37733277777778]],[[5.3964719444444444,42.15783277777778],[5.346110833333333,42.49194388888889]],[[4.890555833333333,45.668055833333334],[5.091916944444444,46.04574972222222]],[[5.315110833333333,42.69772194444444],[5.333027777777778,43.23163888888889]]]}},{"type":"Feature","properties":{"type":"highAirway","uuid":"highairway-un857","name":"UN857"},"geometry":{"type":"MultiLineString","coordinates":[[[2.7458058333333333,48.822],[2.1919438888888885,48.56861083333334]],[[6.229166944444445,49.922777777777775],[6.129749722222222,49.86130583333333]],[[2.1,48.28333277777778],[2.1316669444444445,48.13333277777778]],[[6.129749722222222,49.86130583333333],[5.869721944444445,49.74166694444445]],[[3.973832777777778,49.365499722222225],[3.6225,49.20944388888889]],[[5.869721944444445,49.74166694444445],[5.371666944444444,49.625277777777775]],[[4.219999722222222,49.41166694444444],[3.973832777777778,49.365499722222225]],[[6.711388888888889,50.02055583333333],[6.531666944444444,50.015832777777774]],[[3.6225,49.20944388888889],[2.7458058333333333,48.822]],[[6.375277777777777,50.01444388888889],[6.229166944444445,49.922777777777775]],[[5.213055833333334,49.59138888888889],[4.885527777777777,49.533166944444446]],[[4.885527777777777,49.533166944444446],[4.219999722222222,49.41166694444444]],[[2.1919438888888885,48.56861083333334],[2.1,48.28333277777778]],[[5.371666944444444,49.625277777777775],[5.213055833333334,49.59138888888889]],[[6.531666944444444,50.015832777777774],[6.375277777777777,50.01444388888889]]]}},{"type":"Feature","properties":{"type":"highAirway","uuid":"highairway-un858","name":"UN858"},"geometry":{"type":"MultiLineString","coordinates":[[[0.6916669444444444,47.04694388888889],[0.7386108333333333,47.495555833333334]],[[0.7386108333333333,47.495555833333334],[0.9072219444444445,47.837221944444444]],[[6.281666944444444,49.63722194444444],[6.425277777777778,49.81583277777777]],[[5.845832777777778,49.53],[6.281666944444444,49.63722194444444]],[[5.096860833333333,49.3335],[5.781110833333333,49.51444388888889]],[[2.7015558333333334,48.86075],[2.960443888888889,48.90588888888889]],[[4.361527777777777,49.138777777777776],[5.096860833333333,49.3335]],[[1.6488888888888888,48.64416694444444],[2.1023608333333335,48.75372194444444]],[[2.1023608333333335,48.75372194444444],[2.7015558333333334,48.86075]],[[2.960443888888889,48.90588888888889],[4.361527777777777,49.138777777777776]],[[5.781110833333333,49.51444388888889],[5.845832777777778,49.53]],[[0.9072219444444445,47.837221944444444],[1.6488888888888888,48.64416694444444]]]}},{"type":"Feature","properties":{"type":"highAirway","uuid":"highairway-un859","name":"UN859"},"geometry":{"type":"MultiLineString","coordinates":[[[1.064443888888889,47.428916944444445],[1.0549997222222223,47.02583277777778]],[[0.7444438888888888,48.253055833333335],[0.6352777777777777,48.522221944444446]],[[0.31272194444444446,49.31074972222222],[0.5302777777777778,48.79061083333333]],[[0.16333277777777777,49.68333277777778],[0.31272194444444446,49.31074972222222]],[[-0.7567358333333334,50.85521888888889],[0,50.1]],[[0.5302777777777778,48.79061083333333],[0.6352777777777777,48.522221944444446]],[[0,50.1],[0.16333277777777777,49.68333277777778]],[[0.9072219444444445,47.837221944444444],[1.064443888888889,47.428916944444445]],[[0.9072219444444445,47.837221944444444],[0.7444438888888888,48.253055833333335]],[[-1.0451108333333334,51.253880833333334],[-0.7567358333333334,50.85521888888889]]]}},{"type":"Feature","properties":{"type":"highAirway","uuid":"highairway-un861","name":"UN861"},"geometry":{"type":"MultiLineString","coordinates":[[[-0.8518327777777778,47.53686083333333],[-1.1108327777777778,49.584721944444446]],[[-0.6627777777777778,46.42916694444444],[-0.8518327777777778,47.53686083333333]]]}},{"type":"Feature","properties":{"type":"highAirway","uuid":"highairway-un862","name":"UN862"},"geometry":{"type":"MultiLineString","coordinates":[[[-1.959999722222222,47.64194388888889],[-1.7416669444444446,48.069249722222224]],[[-1.959999722222222,47.64194388888889],[-1.9288888888888887,47.348888888888894]],[[-1.7416669444444446,48.069249722222224],[-1.751943888888889,48.91027777777778]],[[-1.9288888888888887,47.348888888888894],[-1.8441669444444446,46.5]],[[-1.751943888888889,48.91027777777778],[-3.0340558333333334,49.82483888888889]],[[-1.8441669444444446,46.5],[-1.4635,46.04549972222222]]]}},{"type":"Feature","properties":{"type":"highAirway","uuid":"highairway-un867","name":"UN867"},"geometry":{"type":"MultiLineString","coordinates":[[[-1.4166669444444444,49.59138888888889],[-1.3804419444444445,50]],[[-1.4991669444444444,48.89944388888889],[-1.4166669444444444,49.59138888888889]],[[-1.3804419444444445,50],[-1.254718888888889,50.502563888888886]],[[-2.013888888888889,47.00694388888889],[-1.9288888888888887,47.348888888888894]],[[-2.091943888888889,46.89611083333333],[-2.013888888888889,47.00694388888889]],[[-1.4358327777777777,48.02722194444444],[-1.4991669444444444,48.89944388888889]],[[-2.424443888888889,46.49583277777778],[-2.091943888888889,46.89611083333333]],[[-1.9288888888888887,47.348888888888894],[-1.4358327777777777,48.02722194444444]],[[-1.254718888888889,50.502563888888886],[-0.9383469444444444,50.82]]]}},{"type":"Feature","properties":{"type":"highAirway","uuid":"highairway-un869","name":"UN869"},"geometry":{"type":"MultiLineString","coordinates":[[[4.648860833333333,45.70802777777778],[4.275277777777777,45.5225]],[[5.5530277777777775,46.14724972222222],[4.648860833333333,45.70802777777778]]]}},{"type":"Feature","properties":{"type":"highAirway","uuid":"highairway-un870","name":"UN870"},"geometry":{"type":"MultiLineString","coordinates":[[[4.415,42.07972194444445],[4.997388888888889,42.56022194444444]],[[-8.3925,39.16749972222222],[-8.016666944444445,39.31916694444445]],[[-8.016666944444445,39.31916694444445],[-7.366388888888888,39.528888888888886]]]}},{"type":"Feature","properties":{"type":"highAirway","uuid":"highairway-un871","name":"UN871"},"geometry":{"type":"MultiLineString","coordinates":[[[5.3075,45.43999972222222],[5.439055833333334,45.488971944444444]],[[4.638721944444444,45.187638888888884],[5.132777777777777,45.374721944444445]],[[5.529138888888889,45.559888888888885],[5.6669438888888894,45.66722194444444]],[[4.239110833333333,45.03386083333333],[4.445555833333334,45.11361083333333]],[[5.439055833333334,45.488971944444444],[5.529138888888889,45.559888888888885]],[[5.132777777777777,45.374721944444445],[5.3075,45.43999972222222]],[[4.195860833333334,45.017110833333334],[4.239110833333333,45.03386083333333]],[[5.6669438888888894,45.66722194444444],[5.745832777777778,45.72880583333333]],[[3.562860833333333,44.76852777777778],[4.195860833333334,45.017110833333334]],[[4.445555833333334,45.11361083333333],[4.638721944444444,45.187638888888884]],[[5.745832777777778,45.72880583333333],[5.974166944444445,45.90611083333333]]]}},{"type":"Feature","properties":{"type":"highAirway","uuid":"highairway-un872","name":"UN872"},"geometry":{"type":"MultiLineString","coordinates":[[[-8.05638888888889,40.429721944444445],[-8.492638888888887,39.66569388888889]],[[-7.236110833333333,41.751110833333335],[-7.469721944444444,41.38583277777778]],[[-7.469721944444444,41.38583277777778],[-7.885832777777777,40.723416944444445]],[[-0.25,48.25972194444444],[-1.5174999999999998,47.59972194444445]],[[0.8891669444444444,48.74472194444444],[-0.042499999999999996,48.362499722222225]],[[-2.3630558333333336,46.85999972222223],[-1.9288888888888887,47.348888888888894]],[[-0.042499999999999996,48.362499722222225],[-0.25,48.25972194444444]],[[2.315138888888889,49.19930583333333],[2.0358888888888886,49.09608277777778]],[[3.106388888888889,49.48583277777778],[2.727777777777778,49.34499972222223]],[[-1.5174999999999998,47.59972194444445],[-1.9288888888888887,47.348888888888894]],[[3.318055833333333,49.80833277777778],[3.106388888888889,49.48583277777778]],[[3.674971944444444,50.34213888888889],[3.5728327777777777,50.19069388888889]],[[2.727777777777778,49.34499972222223],[2.315138888888889,49.19930583333333]],[[3.5728327777777777,50.19069388888889],[3.318055833333333,49.80833277777778]],[[2.0358888888888886,49.09608277777778],[0.8891669444444444,48.74472194444444]],[[-7.116388888888888,41.93666694444444],[-7.236110833333333,41.751110833333335]],[[-7.885832777777777,40.723416944444445],[-8.05638888888889,40.429721944444445]]]}},{"type":"Feature","properties":{"type":"highAirway","uuid":"highairway-un873","name":"UN873"},"geometry":{"type":"MultiLineString","coordinates":[[[-0.9058327777777778,47.731388888888894],[-0.25,48.06694388888889]],[[-1.6380558333333333,47.346943888888894],[-0.9058327777777778,47.731388888888894]],[[1.9253327777777776,49.51536083333333],[2.3049999999999997,49.77027777777778]],[[2.584443888888889,49.955555833333335],[3.2749997222222222,50.40416694444444]],[[-7.511943888888889,39.105555833333334],[-7.3025,39.329999722222226]],[[0.8891669444444444,48.74472194444444],[1.2208608333333335,49.03169388888889]],[[1.2208608333333335,49.03169388888889],[1.5530558333333333,49.26138888888889]],[[-7.918610833333334,38.66499972222222],[-7.511943888888889,39.105555833333334]],[[-2.013888888888889,47.00694388888889],[-1.8480558333333335,47.15694388888889]],[[-2.091943888888889,46.89611083333333],[-2.013888888888889,47.00694388888889]],[[-0.25,48.06694388888889],[0.38194388888888886,48.392221944444444]],[[-1.8480558333333335,47.15694388888889],[-1.6380558333333333,47.346943888888894]],[[1.5530558333333333,49.26138888888889],[1.9253327777777776,49.51536083333333]],[[0.38194388888888886,48.392221944444444],[0.6352777777777777,48.522221944444446]],[[2.3049999999999997,49.77027777777778],[2.584443888888889,49.955555833333335]],[[0.6352777777777777,48.522221944444446],[0.8891669444444444,48.74472194444444]],[[-8.22,38.29277777777778],[-7.918610833333334,38.66499972222222]],[[-2.424443888888889,46.49583277777778],[-2.091943888888889,46.89611083333333]],[[3.2749997222222222,50.40416694444444],[3.3616669444444445,50.515]]]}},{"type":"Feature","properties":{"type":"highAirway","uuid":"highairway-un874","name":"UN874"},"geometry":{"type":"MultiLineString","coordinates":[[[2.1341669444444444,49.350721944444444],[2.421416944444444,49.51416694444445]],[[1.4861108333333335,48.97527777777778],[2.1341669444444444,49.350721944444444]],[[3.1514997222222223,50.22813888888889],[3.2749997222222222,50.40416694444444]],[[2.4894719444444444,49.552638888888886],[2.7552777777777777,49.82611083333334]],[[2.421416944444444,49.51416694444445],[2.4894719444444444,49.552638888888886]],[[2.7552777777777777,49.82611083333334],[2.839999722222222,49.9125]],[[2.839999722222222,49.9125],[2.925555833333333,50]],[[1.0989719444444443,48.21491694444445],[1.2708327777777777,48.550555833333334]],[[2.925555833333333,50],[3.1514997222222223,50.22813888888889]],[[1.2708327777777777,48.550555833333334],[1.4861108333333335,48.97527777777778]],[[0.9072219444444445,47.837221944444444],[1.0989719444444443,48.21491694444445]]]}},{"type":"Feature","properties":{"type":"highAirway","uuid":"highairway-un975","name":"UN975"},"geometry":{"type":"MultiLineString","coordinates":[[[-7.511943888888889,39.105555833333334],[-7.914166944444445,38.94555583333333]],[[4.776916944444444,43.05616694444444],[3.8286108333333333,42.26027777777778]],[[-7.223332777777778,39.21944388888889],[-7.511943888888889,39.105555833333334]],[[-7.914166944444445,38.94555583333333],[-8.6225,38.65833277777778]]]}},{"type":"Feature","properties":{"type":"highAirway","uuid":"highairway-un976","name":"UN976"},"geometry":{"type":"MultiLineString","coordinates":[[[-7.083888888888889,41.040277777777774],[-7.885832777777777,40.723416944444445]],[[-6.776943888888889,41.12972194444445],[-7.083888888888889,41.040277777777774]]]}},{"type":"Feature","properties":{"type":"highAirway","uuid":"highairway-un979","name":"UN979"},"geometry":{"type":"MultiLineString","coordinates":[[[-7.926666944444444,38.12833277777778],[-7.223332777777778,39.21944388888889]]]}},{"type":"Feature","properties":{"type":"highAirway","uuid":"highairway-up132","name":"UP132"},"geometry":{"type":"MultiLineString","coordinates":[[[5.180527777777778,43.02041694444444],[4.776916944444444,43.05616694444444]]]}},{"type":"Feature","properties":{"type":"highAirway","uuid":"highairway-up600","name":"UP600"},"geometry":{"type":"MultiLineString","coordinates":[[[-8.492638888888887,39.66569388888889],[-8.616110833333334,40.691943888888886]],[[-8.3925,39.16749972222222],[-8.492638888888887,39.66569388888889]],[[-8.616110833333334,40.691943888888886],[-8.687832777777778,41.272999999999996]],[[-8.597777777777779,41.85111083333334],[-8.563416944444445,42.06791694444445]],[[-8.687832777777778,41.272999999999996],[-8.597777777777779,41.85111083333334]],[[-8.22,38.29277777777778],[-8.3925,39.16749972222222]]]}},{"type":"Feature","properties":{"type":"highAirway","uuid":"highairway-up83","name":"UP83"},"geometry":{"type":"MultiLineString","coordinates":[[[-1.6915077777777778,50],[-1.3333969444444445,50.52044194444444]],[[-1.3372027777777777,50.66336083333333],[-1.3450558333333333,50.95524972222223]],[[-1.3333969444444445,50.52044194444444],[-1.3372027777777777,50.66336083333333]]]}},{"type":"Feature","properties":{"type":"highAirway","uuid":"highairway-up860","name":"UP860"},"geometry":{"type":"MultiLineString","coordinates":[[[5.960777777777778,45.47738888888889],[6.441610833333334,45.38977777777778]],[[4.131666944444444,45.791666944444444],[4.514,45.73005583333334]],[[5.529138888888889,45.559888888888885],[5.960777777777778,45.47738888888889]],[[4.514,45.73005583333334],[4.648860833333333,45.70802777777778]],[[4.648860833333333,45.70802777777778],[4.890555833333333,45.668055833333334]],[[-1.4436108333333333,47.09638888888889],[-1.038888888888889,46.94027777777777]],[[-1.6129719444444446,47.16086083333333],[-1.4436108333333333,47.09638888888889]],[[-1.038888888888889,46.94027777777777],[-0.25,46.62888888888889]],[[5.3502777777777775,45.59055583333333],[5.529138888888889,45.559888888888885]],[[4.890555833333333,45.668055833333334],[5.3502777777777775,45.59055583333333]],[[3.5535827777777778,45.88183277777778],[4.131666944444444,45.791666944444444]]]}},{"type":"Feature","properties":{"type":"highAirway","uuid":"highairway-up87","name":"UP87"},"geometry":{"type":"MultiLineString","coordinates":[[[-1.6915077777777778,50],[-1.5623358333333335,50.266191944444444]],[[-2.25,46.051943888888886],[-2.013888888888889,47.00694388888889]],[[-1.959999722222222,47.64194388888889],[-1.7416669444444446,48.069249722222224]],[[-2.013888888888889,47.00694388888889],[-1.9288888888888887,47.348888888888894]],[[-1.7416669444444446,48.069249722222224],[-1.751943888888889,48.91027777777778]],[[-1.7255558333333334,49.59722194444445],[-1.6915077777777778,50]],[[-1.9288888888888887,47.348888888888894],[-1.959999722222222,47.64194388888889]],[[-1.751943888888889,48.91027777777778],[-1.7255558333333334,49.59722194444445]]]}},{"type":"Feature","properties":{"type":"highAirway","uuid":"highairway-up88","name":"UP88"},"geometry":{"type":"MultiLineString","coordinates":[[[-1.3790469444444444,50.251352777777775],[-1.254718888888889,50.502563888888886]],[[-1.5020719444444444,50],[-1.3790469444444444,50.251352777777775]],[[-1.7255558333333334,49.59722194444445],[-1.5020719444444444,50]]]}},{"type":"Feature","properties":{"type":"highAirway","uuid":"highairway-up991","name":"UP991"},"geometry":{"type":"MultiLineString","coordinates":[[[7.23,43.549166944444444],[8.434721944444444,43.14555583333333]]]}},{"type":"Feature","properties":{"type":"highAirway","uuid":"highairway-uq220","name":"UQ220"},"geometry":{"type":"MultiLineString","coordinates":[[[3.0565277777777777,49.18830583333333],[2.236388888888889,49.919916944444445]],[[3.8711669444444445,48.72441694444445],[3.0565277777777777,49.18830583333333]],[[2.236388888888889,49.919916944444445],[1.6740827777777776,50.07077777777778]]]}},{"type":"Feature","properties":{"type":"highAirway","uuid":"highairway-ur34","name":"UR34"},"geometry":{"type":"MultiLineString","coordinates":[[[7.331110833333333,39],[7.814582777777778,36.83244388888889]]]}},{"type":"Feature","properties":{"type":"highAirway","uuid":"highairway-ur723","name":"UR723"},"geometry":{"type":"MultiLineString","coordinates":[[[8.883610833333332,38.527499999999996],[8.51388888888889,38.790277777777774]],[[9.252777777777778,38.26194388888889],[8.883610833333332,38.527499999999996]]]}},{"type":"Feature","properties":{"type":"highAirway","uuid":"highairway-ur978","name":"UR978"},"geometry":{"type":"MultiLineString","coordinates":[[[6.088332777777778,39],[6.608321944444444,36.29326388888889]]]}},{"type":"Feature","properties":{"type":"highAirway","uuid":"highairway-ut10","name":"UT10"},"geometry":{"type":"MultiLineString","coordinates":[[[1.8586108333333333,50.171388888888885],[1.3663327777777778,50.492555833333334]],[[3.5776938888888887,49.137749722222225],[3.282055833333333,49.31363888888889]],[[3.282055833333333,49.31363888888889],[2.626888888888889,49.69508277777778]],[[1.3663327777777778,50.492555833333334],[1.2254169444444445,50.57562194444445]],[[2.626888888888889,49.69508277777778],[2.236388888888889,49.919916944444445]],[[2.236388888888889,49.919916944444445],[1.8586108333333333,50.171388888888885]],[[5.249166944444444,47.906305833333334],[3.5776938888888887,49.137749722222225]]]}},{"type":"Feature","properties":{"type":"highAirway","uuid":"highairway-ut121","name":"UT121"},"geometry":{"type":"MultiLineString","coordinates":[[[4.537499722222222,44.66916694444444],[4.638721944444444,45.187638888888884]],[[4.746388888888889,43.995360833333336],[4.537499722222222,44.66916694444444]]]}},{"type":"Feature","properties":{"type":"highAirway","uuid":"highairway-ut123","name":"UT123"},"geometry":{"type":"MultiLineString","coordinates":[[[4.900388888888889,44.72552777777778],[4.638721944444444,45.187638888888884]],[[5.095277777777778,43.88333277777778],[4.900388888888889,44.72552777777778]]]}},{"type":"Feature","properties":{"type":"highAirway","uuid":"highairway-ut133","name":"UT133"},"geometry":{"type":"MultiLineString","coordinates":[[[5.058721944444445,45.921749999999996],[4.721943888888889,46.29361083333333]]]}},{"type":"Feature","properties":{"type":"highAirway","uuid":"highairway-ut15","name":"UT15"},"geometry":{"type":"MultiLineString","coordinates":[[[4.151110833333334,48.09194388888889],[3.567499722222222,47.96611083333334]],[[5.1536108333333335,48.29388888888889],[4.151110833333334,48.09194388888889]]]}},{"type":"Feature","properties":{"type":"highAirway","uuid":"highairway-ut158","name":"UT158"},"geometry":{"type":"MultiLineString","coordinates":[[[1.064443888888889,47.428916944444445],[1.1047219444444445,47.5075]],[[0.9308327777777777,47.01194388888889],[1.064443888888889,47.428916944444445]],[[1.1047219444444445,47.5075],[1.2858327777777776,47.86277777777778]],[[1.2858327777777776,47.86277777777778],[1.3870827777777777,48.05916694444444]]]}},{"type":"Feature","properties":{"type":"highAirway","uuid":"highairway-ut161","name":"UT161"},"geometry":{"type":"MultiLineString","coordinates":[[[4.746388888888889,43.995360833333336],[4.776916944444444,43.05616694444444]],[[4.779860833333333,44.554943888888886],[4.746388888888889,43.995360833333336]]]}},{"type":"Feature","properties":{"type":"highAirway","uuid":"highairway-ut176","name":"UT176"},"geometry":{"type":"MultiLineString","coordinates":[[[0.7133327777777777,48.85527777777778],[1.2208608333333335,49.03169388888889]],[[-1.5174999999999998,47.59972194444445],[-1.9288888888888887,47.348888888888894]],[[0.5302777777777778,48.79061083333333],[0.7133327777777777,48.85527777777778]],[[0.5302777777777778,48.79061083333333],[0.15666694444444443,48.579999722222226]],[[-0.25,48.35],[-1.5174999999999998,47.59972194444445]],[[0.15666694444444443,48.579999722222226],[-0.25,48.35]]]}},{"type":"Feature","properties":{"type":"highAirway","uuid":"highairway-ut182","name":"UT182"},"geometry":{"type":"MultiLineString","coordinates":[[[0.2738888888888889,47.80611083333333],[0.41333277777777777,47.93944388888889]],[[0.41333277777777777,47.93944388888889],[0.8441108333333334,48.34658277777778]],[[0.3569438888888889,47.472499722222224],[0.2738888888888889,47.80611083333333]],[[0.4525,47.081388888888895],[0.3569438888888889,47.472499722222224]]]}},{"type":"Feature","properties":{"type":"highAirway","uuid":"highairway-ut183","name":"UT183"},"geometry":{"type":"MultiLineString","coordinates":[[[-0.9419438888888889,46.21333277777778],[-1.3908327777777778,46.598888888888894]],[[-2.013888888888889,47.00694388888889],[-2.8811108333333335,47.583332777777784]],[[4.445555833333334,45.11361083333333],[4.900388888888889,44.72552777777778]],[[-1.3908327777777778,46.598888888888894],[-2.013888888888889,47.00694388888889]],[[4.098943888888889,45.185832777777776],[4.445555833333334,45.11361083333333]]]}},{"type":"Feature","properties":{"type":"highAirway","uuid":"highairway-ut188","name":"UT188"},"geometry":{"type":"MultiLineString","coordinates":[[[-0.8518327777777778,47.53686083333333],[0.9870558333333332,48.479999722222225]]]}},{"type":"Feature","properties":{"type":"highAirway","uuid":"highairway-ut190","name":"UT190"},"geometry":{"type":"MultiLineString","coordinates":[[[0.5302777777777778,48.79061083333333],[-0.042499999999999996,48.362499722222225]]]}},{"type":"Feature","properties":{"type":"highAirway","uuid":"highairway-ut191","name":"UT191"},"geometry":{"type":"MultiLineString","coordinates":[[[1.4861108333333335,48.97527777777778],[1.5530558333333333,49.26138888888889]],[[1.6740827777777776,50.07077777777778],[1.6362777777777777,50.656999722222224]],[[1.6547219444444443,49.72527777777778],[1.6852777777777779,49.863055833333334]],[[1.5530558333333333,49.26138888888889],[1.6547219444444443,49.72527777777778]],[[1.6852777777777779,49.863055833333334],[1.6740827777777776,50.07077777777778]]]}},{"type":"Feature","properties":{"type":"highAirway","uuid":"highairway-ut21","name":"UT21"},"geometry":{"type":"MultiLineString","coordinates":[[[3.6546108333333334,43.27144388888889],[4.776916944444444,43.05616694444444]]]}},{"type":"Feature","properties":{"type":"highAirway","uuid":"highairway-ut225","name":"UT225"},"geometry":{"type":"MultiLineString","coordinates":[[[2.3686108333333333,49.78527777777778],[2.026416944444444,50.37188888888889]]]}},{"type":"Feature","properties":{"type":"highAirway","uuid":"highairway-ut250","name":"UT250"},"geometry":{"type":"MultiLineString","coordinates":[[[5.69,40.94666694444444],[4.755277777777778,40.43999972222222]],[[4.755277777777778,40.43999972222222],[4.666666944444445,40.39120777777778]]]}},{"type":"Feature","properties":{"type":"highAirway","uuid":"highairway-ut26","name":"UT26"},"geometry":{"type":"MultiLineString","coordinates":[[[5.529138888888889,45.559888888888885],[5.092832777777778,46.24311083333333]]]}},{"type":"Feature","properties":{"type":"highAirway","uuid":"highairway-ut260","name":"UT260"},"geometry":{"type":"MultiLineString","coordinates":[[[-2.1049997222222223,49.72444388888889],[-1.751943888888889,48.91027777777778]]]}},{"type":"Feature","properties":{"type":"highAirway","uuid":"highairway-ut27","name":"UT27"},"geometry":{"type":"MultiLineString","coordinates":[[[5.806943888888889,50.07777777777778],[6.114999999999999,49.47638888888889]]]}},{"type":"Feature","properties":{"type":"highAirway","uuid":"highairway-ut3","name":"UT3"},"geometry":{"type":"MultiLineString","coordinates":[[[-8.081193888888889,41.81513888888889],[-8.687832777777778,41.272999999999996]]]}},{"type":"Feature","properties":{"type":"highAirway","uuid":"highairway-ut300","name":"UT300"},"geometry":{"type":"MultiLineString","coordinates":[[[3.0565277777777777,49.18830583333333],[2.393860833333333,49.1295]],[[1.2208608333333335,49.03169388888889],[-0.25,49.06916694444445]],[[2.393860833333333,49.1295],[2.0358888888888886,49.09608277777778]],[[3.973832777777778,49.365499722222225],[3.3506108333333335,49.24605583333334]],[[3.3506108333333335,49.24605583333334],[3.0565277777777777,49.18830583333333]],[[2.0358888888888886,49.09608277777778],[1.2208608333333335,49.03169388888889]],[[-0.25,49.06916694444445],[-1.178332777777778,49.083332777777784]]]}},{"type":"Feature","properties":{"type":"highAirway","uuid":"highairway-ut421","name":"UT421"},"geometry":{"type":"MultiLineString","coordinates":[[[2.626888888888889,49.69508277777778],[2.3049999999999997,49.77027777777778]],[[1.6740827777777776,50.07077777777778],[1.0656108333333334,50.514916944444444]],[[1.8850827777777777,49.899749722222225],[1.6740827777777776,50.07077777777778]],[[1.9112219444444443,49.88102777777778],[1.8850827777777777,49.899749722222225]],[[2.3049999999999997,49.77027777777778],[1.9112219444444443,49.88102777777778]]]}},{"type":"Feature","properties":{"type":"highAirway","uuid":"highairway-ut423","name":"UT423"},"geometry":{"type":"MultiLineString","coordinates":[[[5.4569438888888895,47.52499972222222],[3.963138888888889,48.251221944444445]],[[5.9,46.953610833333336],[5.4569438888888895,47.52499972222222]],[[3.963138888888889,48.251221944444445],[3.013860833333333,48.844638888888895]]]}},{"type":"Feature","properties":{"type":"highAirway","uuid":"highairway-ut426","name":"UT426"},"geometry":{"type":"MultiLineString","coordinates":[[[1.6740827777777776,50.07077777777778],[1.3663327777777778,50.492555833333334]]]}},{"type":"Feature","properties":{"type":"highAirway","uuid":"highairway-ut43","name":"UT43"},"geometry":{"type":"MultiLineString","coordinates":[[[5.214999722222222,44.63805583333333],[5.234443888888889,44.461666944444445]],[[5.234443888888889,44.461666944444445],[5.265555833333333,44.37277777777778]],[[5.16344388888889,45.10263888888889],[5.214999722222222,44.63805583333333]],[[5.265555833333333,44.37277777777778],[5.403055833333334,43.97583277777778]]]}},{"type":"Feature","properties":{"type":"highAirway","uuid":"highairway-ut451","name":"UT451"},"geometry":{"type":"MultiLineString","coordinates":[[[7.198888888888889,40.89666694444444],[7.862777777777778,41.41166694444444]],[[7.862777777777778,41.41166694444444],[8.774666944444446,41.77052777777778]]]}},{"type":"Feature","properties":{"type":"highAirway","uuid":"highairway-ut47","name":"UT47"},"geometry":{"type":"MultiLineString","coordinates":[[[5.964166944444445,45.538332777777775],[6.339721944444444,45.57222194444445]]]}},{"type":"Feature","properties":{"type":"highAirway","uuid":"highairway-ut494","name":"UT494"},"geometry":{"type":"MultiLineString","coordinates":[[[-1.4991669444444444,48.89944388888889],[-0.25,48.929721944444445]]]}},{"type":"Feature","properties":{"type":"highAirway","uuid":"highairway-ut499","name":"UT499"},"geometry":{"type":"MultiLineString","coordinates":[[[-3.1175,47.405832777777775],[-1.6129719444444446,47.16086083333333]]]}},{"type":"Feature","properties":{"type":"highAirway","uuid":"highairway-ut5","name":"UT5"},"geometry":{"type":"MultiLineString","coordinates":[[[-7.604777777777778,41.85558277777778],[-8.687832777777778,41.272999999999996]]]}},{"type":"Feature","properties":{"type":"highAirway","uuid":"highairway-ut501","name":"UT501"},"geometry":{"type":"MultiLineString","coordinates":[[[-1.3908327777777778,46.598888888888894],[-1.3649997222222223,46.97194388888889]]]}},{"type":"Feature","properties":{"type":"highAirway","uuid":"highairway-ut507","name":"UT507"},"geometry":{"type":"MultiLineString","coordinates":[[[-1.4991669444444444,48.89944388888889],[-1.7255558333333334,49.59722194444445]]]}},{"type":"Feature","properties":{"type":"highAirway","uuid":"highairway-ut510","name":"UT510"},"geometry":{"type":"MultiLineString","coordinates":[[[-1.751943888888889,48.91027777777778],[-1.1108327777777778,49.584721944444446]]]}},{"type":"Feature","properties":{"type":"highAirway","uuid":"highairway-ut512","name":"UT512"},"geometry":{"type":"MultiLineString","coordinates":[[[-3.1175,47.405832777777775],[-0.8518327777777778,47.53686083333333]]]}},{"type":"Feature","properties":{"type":"highAirway","uuid":"highairway-uv44","name":"UV44"},"geometry":{"type":"MultiLineString","coordinates":[[[4.779860833333333,44.554943888888886],[4.843499722222222,45.17444388888889]]]}},{"type":"Feature","properties":{"type":"highAirway","uuid":"highairway-uy11","name":"UY11"},"geometry":{"type":"MultiLineString","coordinates":[[[5.960777777777778,45.47738888888889],[6.411388888888889,45.22027777777778]],[[6.411388888888889,45.22027777777778],[6.5939169444444445,45.11505583333334]]]}},{"type":"Feature","properties":{"type":"highAirway","uuid":"highairway-uy110","name":"UY110"},"geometry":{"type":"MultiLineString","coordinates":[[[-1.6380558333333333,47.346943888888894],[-1.7416669444444446,48.069249722222224]],[[-1.5833327777777777,46.869999722222225],[-1.6129719444444446,47.16086083333333]],[[-0.9419438888888889,46.21333277777778],[-1.3908327777777778,46.598888888888894]],[[-1.6129719444444446,47.16086083333333],[-1.6380558333333333,47.346943888888894]],[[-1.7416669444444446,48.069249722222224],[-1.751943888888889,48.91027777777778]],[[-1.7255558333333334,49.59722194444445],[-1.8449997222222223,50]],[[-1.3908327777777778,46.598888888888894],[-1.5833327777777777,46.869999722222225]],[[-1.751943888888889,48.91027777777778],[-1.7255558333333334,49.59722194444445]]]}},{"type":"Feature","properties":{"type":"highAirway","uuid":"highairway-uy111","name":"UY111"},"geometry":{"type":"MultiLineString","coordinates":[[[-2.046143888888889,49.22110583333333],[-0.25,49.36444388888889]]]}},{"type":"Feature","properties":{"type":"highAirway","uuid":"highairway-uy120","name":"UY120"},"geometry":{"type":"MultiLineString","coordinates":[[[-1.1173608333333334,47.51463888888889],[-1.4166669444444444,49.59138888888889]],[[-1.038888888888889,46.94027777777777],[-1.1173608333333334,47.51463888888889]],[[-0.6627777777777778,46.42916694444444],[-1.038888888888889,46.94027777777777]]]}},{"type":"Feature","properties":{"type":"highAirway","uuid":"highairway-uy122","name":"UY122"},"geometry":{"type":"MultiLineString","coordinates":[[[5.326443888888889,43.37733277777778],[5.438332777777778,43.50138888888889]]]}},{"type":"Feature","properties":{"type":"highAirway","uuid":"highairway-uy131","name":"UY131"},"geometry":{"type":"MultiLineString","coordinates":[[[4.1716669444444445,51.003055833333335],[4.158610833333333,50.83305583333334]],[[4.158610833333333,50.83305583333334],[4.118888888888889,50.29666694444444]],[[4.183888888888889,51.16499972222222],[4.1716669444444445,51.003055833333335]],[[4.118888888888889,50.29666694444444],[4.107777777777778,50.147777777777776]]]}},{"type":"Feature","properties":{"type":"highAirway","uuid":"highairway-uy157","name":"UY157"},"geometry":{"type":"MultiLineString","coordinates":[[[5.331388888888888,49.831943888888894],[5.021110833333333,49.77583277777778]],[[5.021110833333333,49.77583277777778],[4.067221944444444,49.59666694444444]]]}},{"type":"Feature","properties":{"type":"highAirway","uuid":"highairway-uy16","name":"UY16"},"geometry":{"type":"MultiLineString","coordinates":[[[5.960777777777778,45.47738888888889],[5.411388888888889,45.09166694444445]],[[5.411388888888889,45.09166694444445],[4.900388888888889,44.72552777777778]],[[4.900388888888889,44.72552777777778],[4.779860833333333,44.554943888888886]]]}},{"type":"Feature","properties":{"type":"highAirway","uuid":"highairway-uy22","name":"UY22"},"geometry":{"type":"MultiLineString","coordinates":[[[5.501110833333334,44.156388888888884],[5.823332777777778,43.85722194444445]],[[4.239110833333333,45.03386083333333],[4.839999722222222,44.640277777777776]],[[5.0713888888888885,44.49527777777778],[5.265555833333333,44.37277777777778]],[[4.839999722222222,44.640277777777776],[5.0713888888888885,44.49527777777778]],[[5.823332777777778,43.85722194444445],[6.101110833333333,43.59583277777778]],[[5.265555833333333,44.37277777777778],[5.501110833333334,44.156388888888884]]]}},{"type":"Feature","properties":{"type":"highAirway","uuid":"highairway-uy23","name":"UY23"},"geometry":{"type":"MultiLineString","coordinates":[[[4.900388888888889,44.72552777777778],[5.16344388888889,45.10263888888889]],[[4.779860833333333,44.554943888888886],[4.900388888888889,44.72552777777778]]]}},{"type":"Feature","properties":{"type":"highAirway","uuid":"highairway-uy24","name":"UY24"},"geometry":{"type":"MultiLineString","coordinates":[[[7.151138888888889,44.214443888888894],[7.254388888888889,43.77063888888889]]]}},{"type":"Feature","properties":{"type":"highAirway","uuid":"highairway-uy25","name":"UY25"},"geometry":{"type":"MultiLineString","coordinates":[[[3.9747219444444446,43.578360833333335],[4.474166944444445,43.38472194444444]],[[4.474166944444445,43.38472194444444],[4.730138888888889,43.282805833333335]]]}},{"type":"Feature","properties":{"type":"highAirway","uuid":"highairway-uy30","name":"UY30"},"geometry":{"type":"MultiLineString","coordinates":[[[5.719721944444444,43.66972194444444],[5.875277777777778,43.581110833333334]],[[4.239110833333333,45.03386083333333],[4.779860833333333,44.554943888888886]],[[4.001777777777778,45.14277777777778],[4.239110833333333,45.03386083333333]],[[4.779860833333333,44.554943888888886],[5.178610833333334,44.27027777777778]],[[5.569999999999999,43.75416694444444],[5.719721944444444,43.66972194444444]],[[5.403055833333334,43.97583277777778],[5.569999999999999,43.75416694444444]],[[5.875277777777778,43.581110833333334],[6.114999999999999,43.44416694444444]],[[5.178610833333334,44.27027777777778],[5.403055833333334,43.97583277777778]]]}},{"type":"Feature","properties":{"type":"highAirway","uuid":"highairway-uy305","name":"UY305"},"geometry":{"type":"MultiLineString","coordinates":[[[5.599166944444444,45.971110833333334],[5.494443888888889,45.92499972222222]],[[5.494443888888889,45.92499972222222],[5.090582777777778,45.74552777777778]],[[5.090582777777778,45.74552777777778],[4.890555833333333,45.668055833333334]],[[4.890555833333333,45.668055833333334],[4.3883608333333335,45.48930583333333]],[[5.711138888888889,46.02505583333333],[5.599166944444444,45.971110833333334]]]}},{"type":"Feature","properties":{"type":"highAirway","uuid":"highairway-uy31","name":"UY31"},"geometry":{"type":"MultiLineString","coordinates":[[[5.8191669444444445,45.075832777777784],[5.529138888888889,45.559888888888885]],[[6.569499722222222,44.48499972222222],[5.8191669444444445,45.075832777777784]]]}},{"type":"Feature","properties":{"type":"highAirway","uuid":"highairway-uy341","name":"UY341"},"geometry":{"type":"MultiLineString","coordinates":[[[4.903332777777778,43.27361083333333],[5.0868327777777775,43.38630583333333]],[[4.730138888888889,43.282805833333335],[4.903332777777778,43.27361083333333]]]}},{"type":"Feature","properties":{"type":"highAirway","uuid":"highairway-uy342","name":"UY342"},"geometry":{"type":"MultiLineString","coordinates":[[[4.903332777777778,43.27361083333333],[5.333027777777778,43.23163888888889]]]}},{"type":"Feature","properties":{"type":"highAirway","uuid":"highairway-uy36","name":"UY36"},"geometry":{"type":"MultiLineString","coordinates":[[[5.439055833333334,45.488971944444444],[5.960777777777778,45.47738888888889]]]}},{"type":"Feature","properties":{"type":"highAirway","uuid":"highairway-uy373","name":"UY373"},"geometry":{"type":"MultiLineString","coordinates":[[[5.438332777777778,43.50138888888889],[5.674721944444444,43.56777777777778]],[[5.0868327777777775,43.38630583333333],[5.438332777777778,43.50138888888889]],[[4.928888888888889,43.33694388888889],[5.0868327777777775,43.38630583333333]]]}},{"type":"Feature","properties":{"type":"highAirway","uuid":"highairway-uy376","name":"UY376"},"geometry":{"type":"MultiLineString","coordinates":[[[2.421416944444444,49.51416694444445],[2.3049999999999997,49.77027777777778]],[[2.236388888888889,49.919916944444445],[2.026416944444444,50.37188888888889]],[[2.3049999999999997,49.77027777777778],[2.236388888888889,49.919916944444445]]]}},{"type":"Feature","properties":{"type":"highAirway","uuid":"highairway-uy38","name":"UY38"},"geometry":{"type":"MultiLineString","coordinates":[[[5.333027777777778,43.23163888888889],[4.115555833333333,42.172221944444445]]]}},{"type":"Feature","properties":{"type":"highAirway","uuid":"highairway-uy420","name":"UY420"},"geometry":{"type":"MultiLineString","coordinates":[[[3.5776938888888887,49.137749722222225],[3.0565277777777777,49.18830583333333]]]}},{"type":"Feature","properties":{"type":"highAirway","uuid":"highairway-uy47","name":"UY47"},"geometry":{"type":"MultiLineString","coordinates":[[[0.010196944444444446,50.451321944444445],[-0.07611083333333334,50.20944388888889]],[[0.12191388888888889,50.760688888888886],[0.010196944444444446,50.451321944444445]]]}},{"type":"Feature","properties":{"type":"highAirway","uuid":"highairway-uy473","name":"UY473"},"geometry":{"type":"MultiLineString","coordinates":[[[2.584443888888889,49.955555833333335],[2.969443888888889,50.41972194444444]],[[2.969443888888889,50.41972194444444],[3.2822219444444443,50.55749972222222]]]}},{"type":"Feature","properties":{"type":"highAirway","uuid":"highairway-uy50","name":"UY50"},"geometry":{"type":"MultiLineString","coordinates":[[[3.8327777777777774,50.573888888888895],[4.089666944444444,50.31472194444444]],[[3.8327777777777774,50.573888888888895],[3.6369719444444444,50.912638888888885]],[[3.6369719444444444,50.912638888888885],[3.4066669444444444,51.26944388888889]]]}},{"type":"Feature","properties":{"type":"highAirway","uuid":"highairway-uy873","name":"UY873"},"geometry":{"type":"MultiLineString","coordinates":[[[3.214443888888889,50.70944388888889],[3.6575997222222223,51.23612194444445]],[[3.1197219444444446,50.59777777777778],[3.214443888888889,50.70944388888889]],[[2.969443888888889,50.41972194444444],[3.1197219444444446,50.59777777777778]]]}},{"type":"Feature","properties":{"type":"highAirway","uuid":"highairway-uz116","name":"UZ116"},"geometry":{"type":"MultiLineString","coordinates":[[[5.439055833333334,45.488971944444444],[5.5938888888888885,45.67527777777777]]]}},{"type":"Feature","properties":{"type":"highAirway","uuid":"highairway-uz12","name":"UZ12"},"geometry":{"type":"MultiLineString","coordinates":[[[6.528777777777778,44.21369388888889],[5.8191669444444445,45.075832777777784]],[[5.439055833333334,45.488971944444444],[5.091916944444444,46.04574972222222]],[[5.8191669444444445,45.075832777777784],[5.439055833333334,45.488971944444444]]]}},{"type":"Feature","properties":{"type":"highAirway","uuid":"highairway-uz124","name":"UZ124"},"geometry":{"type":"MultiLineString","coordinates":[[[5.420832777777778,46.87722194444444],[5.246943888888889,46.921388888888885]],[[5.246943888888889,46.921388888888885],[4.264721944444444,47.65166694444444]]]}},{"type":"Feature","properties":{"type":"highAirway","uuid":"highairway-uz15","name":"UZ15"},"geometry":{"type":"MultiLineString","coordinates":[[[-7.083888888888889,41.040277777777774],[-7.1091669444444445,40.29055583333333]],[[-7.511943888888889,39.105555833333334],[-7.926666944444444,38.12833277777778]],[[-0.25,48.25972194444444],[-0.9058327777777778,47.731388888888894]],[[-7.1091669444444445,40.29055583333333],[-7.366388888888888,39.528888888888886]],[[0.15666694444444443,48.579999722222226],[-0.25,48.25972194444444]],[[-7.366388888888888,39.528888888888886],[-7.511943888888889,39.105555833333334]]]}},{"type":"Feature","properties":{"type":"highAirway","uuid":"highairway-uz157","name":"UZ157"},"geometry":{"type":"MultiLineString","coordinates":[[[5.213055833333334,49.59138888888889],[4.7813888888888885,49.594721944444444]],[[4.7813888888888885,49.594721944444444],[4.067221944444444,49.59666694444444]],[[4.067221944444444,49.59666694444444],[3.7779438888888888,49.47469388888889]]]}},{"type":"Feature","properties":{"type":"highAirway","uuid":"highairway-uz168","name":"UZ168"},"geometry":{"type":"MultiLineString","coordinates":[[[4.239110833333333,45.03386083333333],[4.537499722222222,44.66916694444444]]]}},{"type":"Feature","properties":{"type":"highAirway","uuid":"highairway-uz173","name":"UZ173"},"geometry":{"type":"MultiLineString","coordinates":[[[3.2749997222222222,50.40416694444444],[3.496943888888889,50.545832777777775]]]}},{"type":"Feature","properties":{"type":"highAirway","uuid":"highairway-uz184","name":"UZ184"},"geometry":{"type":"MultiLineString","coordinates":[[[6.953332777777778,43.72194388888889],[6.674860833333334,43.54333277777778]],[[6.674860833333334,43.54333277777778],[6.084666944444444,43.462916944444444]]]}},{"type":"Feature","properties":{"type":"highAirway","uuid":"highairway-uz218","name":"UZ218"},"geometry":{"type":"MultiLineString","coordinates":[[[-7.083888888888889,41.040277777777774],[-7.989721944444445,39.740832777777776]],[[-6.6219438888888895,41.70055583333334],[-7.083888888888889,41.040277777777774]],[[-7.989721944444445,39.740832777777776],[-8.3925,39.16749972222222]],[[-2.3630558333333336,46.85999972222223],[-2.8786388888888887,46.266305833333334]],[[-8.3925,39.16749972222222],[-8.6225,38.65833277777778]],[[-6.560832777777778,41.78666694444444],[-6.6219438888888895,41.70055583333334]]]}},{"type":"Feature","properties":{"type":"highAirway","uuid":"highairway-uz219","name":"UZ219"},"geometry":{"type":"MultiLineString","coordinates":[[[-7.223332777777778,39.21944388888889],[-8.016666944444445,39.31916694444445]]]}},{"type":"Feature","properties":{"type":"highAirway","uuid":"highairway-uz222","name":"UZ222"},"geometry":{"type":"MultiLineString","coordinates":[[[-7.511943888888889,39.105555833333334],[-7.614443888888888,38.088610833333334]],[[-7.989721944444445,39.740832777777776],[-7.511943888888889,39.105555833333334]]]}},{"type":"Feature","properties":{"type":"highAirway","uuid":"highairway-uz226","name":"UZ226"},"geometry":{"type":"MultiLineString","coordinates":[[[-8.302002777777778,40.00191888888889],[-8.687832777777778,41.272999999999996]]]}},{"type":"Feature","properties":{"type":"highAirway","uuid":"highairway-uz227","name":"UZ227"},"geometry":{"type":"MultiLineString","coordinates":[[[-7.101249999999999,38.021499999999996],[-8.016666944444445,38.90441388888889]]]}},{"type":"Feature","properties":{"type":"highAirway","uuid":"highairway-uz257","name":"UZ257"},"geometry":{"type":"MultiLineString","coordinates":[[[5.124416944444444,49.39124972222222],[4.885527777777777,49.533166944444446]],[[4.885527777777777,49.533166944444446],[4.7813888888888885,49.594721944444444]]]}},{"type":"Feature","properties":{"type":"highAirway","uuid":"highairway-uz273","name":"UZ273"},"geometry":{"type":"MultiLineString","coordinates":[[[-0.455,49.928332777777776],[-0.36823277777777774,50]],[[-1.1108327777777778,49.584721944444446],[-0.455,49.928332777777776]],[[-1.1108327777777778,49.584721944444446],[-1.6905558333333333,49.06694388888889]]]}},{"type":"Feature","properties":{"type":"highAirway","uuid":"highairway-uz274","name":"UZ274"},"geometry":{"type":"MultiLineString","coordinates":[[[2.3049999999999997,49.77027777777778],[2.683332777777778,49.86666694444445]],[[2.683332777777778,49.86666694444445],[2.839999722222222,49.9125]]]}},{"type":"Feature","properties":{"type":"highAirway","uuid":"highairway-uz296","name":"UZ296"},"geometry":{"type":"MultiLineString","coordinates":[[[0.8479997222222223,50.18655583333333],[1.2866669444444443,49.93861083333333]]]}},{"type":"Feature","properties":{"type":"highAirway","uuid":"highairway-uz297","name":"UZ297"},"geometry":{"type":"MultiLineString","coordinates":[[[-0.25,49.36444388888889],[0.2908327777777778,49.21083277777778]],[[0.2908327777777778,49.21083277777778],[0.6133327777777777,49.20277777777778]]]}},{"type":"Feature","properties":{"type":"highAirway","uuid":"highairway-uz319","name":"UZ319"},"geometry":{"type":"MultiLineString","coordinates":[[[4.089666944444444,50.31472194444444],[4.107777777777778,50.147777777777776]],[[4.027777777777778,50.879443888888886],[4.056666944444444,50.61805583333334]],[[4.0938888888888885,49.95861083333334],[4.067221944444444,49.59666694444444]],[[4.107777777777778,50.147777777777776],[4.0938888888888885,49.95861083333334]],[[4.056666944444444,50.61805583333334],[4.089666944444444,50.31472194444444]]]}},{"type":"Feature","properties":{"type":"highAirway","uuid":"highairway-uz373","name":"UZ373"},"geometry":{"type":"MultiLineString","coordinates":[[[3.1514997222222223,50.22813888888889],[3.496943888888889,50.545832777777775]]]}},{"type":"Feature","properties":{"type":"highAirway","uuid":"highairway-uz38","name":"UZ38"},"geometry":{"type":"MultiLineString","coordinates":[[[4.779860833333333,44.554943888888886],[4.265916944444444,44.38033277777778]]]}},{"type":"Feature","properties":{"type":"highAirway","uuid":"highairway-uz40","name":"UZ40"},"geometry":{"type":"MultiLineString","coordinates":[[[5.9372219444444445,45.330555833333335],[5.518471944444444,45.279693888888886]],[[6.441610833333334,45.38977777777778],[5.9372219444444445,45.330555833333335]]]}},{"type":"Feature","properties":{"type":"highAirway","uuid":"highairway-uz46","name":"UZ46"},"geometry":{"type":"MultiLineString","coordinates":[[[4.195860833333334,45.017110833333334],[4.843499722222222,45.17444388888889]]]}},{"type":"Feature","properties":{"type":"highAirway","uuid":"highairway-uz474","name":"UZ474"},"geometry":{"type":"MultiLineString","coordinates":[[[3.0565277777777777,49.18830583333333],[2.7552777777777777,49.82611083333334]]]}},{"type":"Feature","properties":{"type":"highAirway","uuid":"highairway-uz57","name":"UZ57"},"geometry":{"type":"MultiLineString","coordinates":[[[-0.7666669444444445,48.54999972222222],[-0.25,48.48027777777778]],[[-2.4884169444444444,48.93874972222222],[-0.7666669444444445,48.54999972222222]]]}},{"type":"Feature","properties":{"type":"highAirway","uuid":"highairway-uz66","name":"UZ66"},"geometry":{"type":"MultiLineString","coordinates":[[[5.713332777777778,46.10666694444445],[5.599166944444444,45.971110833333334]]]}},{"type":"Feature","properties":{"type":"highAirway","uuid":"highairway-uz7","name":"UZ7"},"geometry":{"type":"MultiLineString","coordinates":[[[-7.926666944444444,38.12833277777778],[-8.3925,39.16749972222222]]]}},{"type":"Feature","properties":{"type":"highAirway","uuid":"highairway-uz87","name":"UZ87"},"geometry":{"type":"MultiLineString","coordinates":[[[5.3502777777777775,45.59055583333333],[5.5938888888888885,45.67527777777777]]]}},{"type":"Feature","properties":{"type":"highAirway","uuid":"highairway-uz871","name":"UZ871"},"geometry":{"type":"MultiLineString","coordinates":[[[4.028693888888889,44.80072194444444],[5.16344388888889,45.10263888888889]],[[5.16344388888889,45.10263888888889],[5.8191669444444445,45.075832777777784]]]}},{"type":"Feature","properties":{"type":"highAirway","uuid":"highairway-v25","name":"V25"},"geometry":{"type":"MultiLineString","coordinates":[[[5.593055833333333,46.66916694444444],[5.828249722222222,46.840805833333334]],[[5.828249722222222,46.840805833333334],[6.026388888888889,46.984166944444446]]]}},{"type":"Feature","properties":{"type":"highAirway","uuid":"highairway-v32","name":"V32"},"geometry":{"type":"MultiLineString","coordinates":[[[6.059416944444444,48.31783277777778],[6.931888888888889,48.62138888888889]]]}},{"type":"Feature","properties":{"type":"highAirway","uuid":"highairway-v36","name":"V36"},"geometry":{"type":"MultiLineString","coordinates":[[[6.414805833333333,48.88752777777778],[6.4376669444444445,49.11377777777778]],[[6.391416944444445,48.658499722222224],[6.414805833333333,48.88752777777778]],[[6.4376669444444445,49.11377777777778],[6.4638888888888895,49.36694388888889]]]}},{"type":"Feature","properties":{"type":"highAirway","uuid":"highairway-y1","name":"Y1"},"geometry":{"type":"MultiLineString","coordinates":[[[6.132221944444444,46.25391694444444],[6.973860833333333,46.05961083333333]],[[5.879721944444445,46.30255583333333],[6.132221944444444,46.25391694444444]],[[5.093610833333333,46.44888888888889],[5.879721944444445,46.30255583333333]]]}},{"type":"Feature","properties":{"type":"highAirway","uuid":"highairway-y100","name":"Y100"},"geometry":{"type":"MultiLineString","coordinates":[[[9.996943888888888,47.838610833333334],[9.62419388888889,47.83755583333333]],[[10.33,47.85249972222223],[9.996943888888888,47.838610833333334]],[[8.436971944444444,47.689499999999995],[7.905805833333334,47.17836083333333]],[[9.62419388888889,47.83755583333333],[8.436971944444444,47.689499999999995]]]}},{"type":"Feature","properties":{"type":"highAirway","uuid":"highairway-y101","name":"Y101"},"geometry":{"type":"MultiLineString","coordinates":[[[10.166943888888888,49.91027777777778],[9.783055833333334,50.07]],[[9.783055833333334,50.07],[9.136388888888888,50.34277777777778]]]}},{"type":"Feature","properties":{"type":"highAirway","uuid":"highairway-y102","name":"Y102"},"geometry":{"type":"MultiLineString","coordinates":[[[10.395277777777777,50.206943888888894],[10.230277777777777,50.37722194444444]]]}},{"type":"Feature","properties":{"type":"highAirway","uuid":"highairway-y109","name":"Y109"},"geometry":{"type":"MultiLineString","coordinates":[[[10.26218888888889,47.99738083333333],[9.840832777777779,47.891666944444445]],[[9.840832777777779,47.891666944444445],[9.62419388888889,47.83755583333333]],[[9.62419388888889,47.83755583333333],[9.236663888888888,47.848843888888894]]]}},{"type":"Feature","properties":{"type":"highAirway","uuid":"highairway-y110","name":"Y110"},"geometry":{"type":"MultiLineString","coordinates":[[[-1.8449997222222223,50],[-1.8262169444444445,50.13943888888889]]]}},{"type":"Feature","properties":{"type":"highAirway","uuid":"highairway-y112","name":"Y112"},"geometry":{"type":"MultiLineString","coordinates":[[[7.665443888888889,47.46655583333334],[6.732249722222222,47.56166694444444]],[[9.996943888888888,47.838610833333334],[9.669443888888889,47.729166944444444]],[[9.669443888888889,47.729166944444444],[7.665443888888889,47.46655583333334]],[[5.607999722222222,47.83280583333334],[6.295582777777778,47.68827777777778]],[[5.249166944444444,47.906305833333334],[4.406666944444445,48.13444388888889]],[[5.249166944444444,47.906305833333334],[5.607999722222222,47.83280583333334]]]}},{"type":"Feature","properties":{"type":"highAirway","uuid":"highairway-y127","name":"Y127"},"geometry":{"type":"MultiLineString","coordinates":[[[8.608888888888888,49.71833277777778],[8.418624999999999,49.84906388888889]],[[7.714721944444444,49.90361083333333],[6.908332777777778,50.025555833333335]],[[8.850555833333333,49.58777777777778],[8.608888888888888,49.71833277777778]],[[8.418624999999999,49.84906388888889],[7.714721944444444,49.90361083333333]]]}},{"type":"Feature","properties":{"type":"highAirway","uuid":"highairway-y15","name":"Y15"},"geometry":{"type":"MultiLineString","coordinates":[[[7.545277777777778,43.679360833333334],[7.713860833333333,43.73425]],[[7.371166944444444,43.622277777777775],[7.545277777777778,43.679360833333334]],[[6.893332777777777,43.373332777777776],[7.094443888888889,43.478610833333335]],[[6.601805833333333,43.21947194444444],[6.893332777777777,43.373332777777776]],[[7.094443888888889,43.478610833333335],[7.371166944444444,43.622277777777775]]]}},{"type":"Feature","properties":{"type":"highAirway","uuid":"highairway-y150","name":"Y150"},"geometry":{"type":"MultiLineString","coordinates":[[[8.671941944444443,50.82116694444445],[8.924443888888888,50.94222194444444]],[[8.924443888888888,50.94222194444444],[9.281666944444446,51.11138888888889]]]}},{"type":"Feature","properties":{"type":"highAirway","uuid":"highairway-y16","name":"Y16"},"geometry":{"type":"MultiLineString","coordinates":[[[9.191666944444444,43.14333277777778],[9.175832777777778,43.33166694444445]]]}},{"type":"Feature","properties":{"type":"highAirway","uuid":"highairway-y161","name":"Y161"},"geometry":{"type":"MultiLineString","coordinates":[[[10.246388888888887,48.95166694444445],[10.418610833333332,48.82944388888889]],[[10.088055833333334,49.06361083333333],[10.246388888888887,48.95166694444445]]]}},{"type":"Feature","properties":{"type":"highAirway","uuid":"highairway-y163","name":"Y163"},"geometry":{"type":"MultiLineString","coordinates":[[[8.480427777777777,49.31727194444445],[8.47638888888889,49.28611083333333]],[[8.447499722222222,49.06361083333333],[8.351968888888889,48.78858583333333]],[[8.542360833333333,49.79097194444444],[8.533888888888889,49.72555583333334]],[[8.243610833333333,48.490832777777776],[8.321260833333334,48.169999999999995]],[[8.47638888888889,49.28611083333333],[8.447499722222222,49.06361083333333]],[[8.479166944444444,49.86638888888889],[8.542360833333333,49.79097194444444]],[[8.533888888888889,49.72555583333334],[8.480427777777777,49.31727194444445]],[[8.351968888888889,48.78858583333333],[8.243610833333333,48.490832777777776]]]}},{"type":"Feature","properties":{"type":"highAirway","uuid":"highairway-y164","name":"Y164"},"geometry":{"type":"MultiLineString","coordinates":[[[8.243610833333333,48.490832777777776],[8.154535833333334,48.246375]],[[8.154535833333334,48.246375],[7.62944388888889,47.30444388888888]]]}},{"type":"Feature","properties":{"type":"highAirway","uuid":"highairway-y165","name":"Y165"},"geometry":{"type":"MultiLineString","coordinates":[[[10.432402777777778,49.65490777777778],[10.166943888888888,49.91027777777778]]]}},{"type":"Feature","properties":{"type":"highAirway","uuid":"highairway-y170","name":"Y170"},"geometry":{"type":"MultiLineString","coordinates":[[[9.551388888888889,46.30694388888889],[9.298055833333333,47.04999972222222]],[[9.298055833333333,47.04999972222222],[9.107777777777777,47.713055833333335]]]}},{"type":"Feature","properties":{"type":"highAirway","uuid":"highairway-y173","name":"Y173"},"geometry":{"type":"MultiLineString","coordinates":[[[8.310832777777778,48.98888888888889],[8.351968888888889,48.78858583333333]],[[8.287499722222222,49.10249972222223],[8.310832777777778,48.98888888888889]]]}},{"type":"Feature","properties":{"type":"highAirway","uuid":"highairway-y18","name":"Y18"},"geometry":{"type":"MultiLineString","coordinates":[[[3.6369719444444444,50.912638888888885],[3.6575997222222223,51.23612194444445]]]}},{"type":"Feature","properties":{"type":"highAirway","uuid":"highairway-y180","name":"Y180"},"geometry":{"type":"MultiLineString","coordinates":[[[6.276175,49.90289388888889],[6.243055833333333,49.89277777777778]],[[6.561627777777778,49.98295],[6.276175,49.90289388888889]],[[6.129749722222222,49.86130583333333],[5.869721944444445,49.74166694444445]],[[6.243055833333333,49.89277777777778],[6.129749722222222,49.86130583333333]],[[6.904496944444444,49.99325777777778],[6.561627777777778,49.98295]],[[7.775555833333334,49.86083277777778],[8.02911888888889,49.82108083333333]],[[7.719443888888889,49.86972194444444],[6.904496944444444,49.99325777777778]],[[7.719443888888889,49.86972194444444],[7.775555833333334,49.86083277777778]]]}},{"type":"Feature","properties":{"type":"highAirway","uuid":"highairway-y181","name":"Y181"},"geometry":{"type":"MultiLineString","coordinates":[[[6.561627777777778,49.98295],[6.167221944444445,49.96999972222223]],[[6.069721944444444,49.96638888888889],[5.978610833333334,49.963055833333335]],[[6.167221944444445,49.96999972222223],[6.069721944444444,49.96638888888889]]]}},{"type":"Feature","properties":{"type":"highAirway","uuid":"highairway-y19","name":"Y19"},"geometry":{"type":"MultiLineString","coordinates":[[[6.5686108333333335,41.24333277777778],[7.831388888888888,41.18055583333333]],[[7.831388888888888,41.18055583333333],[8.161388888888888,41.161943888888885]]]}},{"type":"Feature","properties":{"type":"highAirway","uuid":"highairway-y21","name":"Y21"},"geometry":{"type":"MultiLineString","coordinates":[[[6.2902499999999995,45.88988888888889],[6.4280558333333335,45.76222194444444]],[[5.999916944444444,46.163693888888886],[6.2902499999999995,45.88988888888889]],[[6.4280558333333335,45.76222194444444],[6.746860833333334,45.457166944444445]]]}},{"type":"Feature","properties":{"type":"highAirway","uuid":"highairway-y223","name":"Y223"},"geometry":{"type":"MultiLineString","coordinates":[[[6.596666944444444,46.244166944444444],[6.973860833333333,46.05961083333333]]]}},{"type":"Feature","properties":{"type":"highAirway","uuid":"highairway-y224","name":"Y224"},"geometry":{"type":"MultiLineString","coordinates":[[[6.722666944444445,45.80972194444444],[6.973860833333333,46.05961083333333]]]}},{"type":"Feature","properties":{"type":"highAirway","uuid":"highairway-y24","name":"Y24"},"geometry":{"type":"MultiLineString","coordinates":[[[7.0125,44.79999972222222],[7.151138888888889,44.214443888888894]]]}},{"type":"Feature","properties":{"type":"highAirway","uuid":"highairway-y27","name":"Y27"},"geometry":{"type":"MultiLineString","coordinates":[[[-6.317,43.110999722222225],[-6.164443888888889,42.767221944444444]],[[-6.164443888888889,42.767221944444444],[-5.639693888888888,41.53019388888889]]]}},{"type":"Feature","properties":{"type":"highAirway","uuid":"highairway-y28","name":"Y28"},"geometry":{"type":"MultiLineString","coordinates":[[[4.5380827777777775,50.90233277777778],[4.035,51.095555833333336]],[[4.035,51.095555833333336],[3.8697108333333334,51.23531388888889]]]}},{"type":"Feature","properties":{"type":"highAirway","uuid":"highairway-y321","name":"Y321"},"geometry":{"type":"MultiLineString","coordinates":[[[-1.2436719444444444,51.19665277777777],[-1.3804277777777778,51.000905833333334]]]}},{"type":"Feature","properties":{"type":"highAirway","uuid":"highairway-y326","name":"Y326"},"geometry":{"type":"MultiLineString","coordinates":[[[9.618541944444445,48.33885],[9.674999999999999,48.228055833333336]],[[9.674999999999999,48.228055833333336],[9.674999999999999,48.09027777777778]],[[9.674999999999999,48.09027777777778],[9.996943888888888,47.838610833333334]]]}},{"type":"Feature","properties":{"type":"highAirway","uuid":"highairway-y37","name":"Y37"},"geometry":{"type":"MultiLineString","coordinates":[[[6.129749722222222,49.86130583333333],[5.848777777777777,50.649166944444445]]]}},{"type":"Feature","properties":{"type":"highAirway","uuid":"highairway-y51","name":"Y51"},"geometry":{"type":"MultiLineString","coordinates":[[[6.5157219444444445,46.22322194444445],[6.448055833333334,46.46869388888889]],[[6.5625,46.05166694444444],[6.542610833333333,46.12502777777778]],[[6.542610833333333,46.12502777777778],[6.5157219444444445,46.22322194444445]],[[6.604916944444444,45.89583277777778],[6.5625,46.05166694444444]],[[6.645582777777777,45.74527777777778],[6.604916944444444,45.89583277777778]],[[6.746860833333334,45.457166944444445],[6.645582777777777,45.74527777777778]]]}},{"type":"Feature","properties":{"type":"highAirway","uuid":"highairway-y52","name":"Y52"},"geometry":{"type":"MultiLineString","coordinates":[[[7.054721944444444,45.82],[6.5625,46.05166694444444]],[[6.253832777777777,46.19716694444444],[6.065943888888889,46.07377777777778]],[[6.5625,46.05166694444444],[6.489832777777778,46.08602777777778]],[[6.351055833333333,46.15149972222222],[6.253832777777777,46.19716694444444]],[[6.489832777777778,46.08602777777778],[6.351055833333333,46.15149972222222]]]}},{"type":"Feature","properties":{"type":"highAirway","uuid":"highairway-y58","name":"Y58"},"geometry":{"type":"MultiLineString","coordinates":[[[6.132221944444444,46.25391694444444],[6.065943888888889,46.07377777777778]],[[6.906555833333334,46.911943888888885],[6.753610833333333,46.657221944444444]],[[6.448055833333334,46.46869388888889],[6.132221944444444,46.25391694444444]],[[6.753610833333333,46.657221944444444],[6.448055833333334,46.46869388888889]]]}},{"type":"Feature","properties":{"type":"highAirway","uuid":"highairway-y61","name":"Y61"},"geometry":{"type":"MultiLineString","coordinates":[[[8.594166944444446,46.60666694444445],[8.758610833333334,46.585]]]}},{"type":"Feature","properties":{"type":"highAirway","uuid":"highairway-y710","name":"Y710"},"geometry":{"type":"MultiLineString","coordinates":[[[9.227499722222221,48.43416694444444],[9.462221944444444,48.52916694444444]],[[9.462221944444444,48.52916694444444],[9.459999999999999,48.72749972222223]]]}},{"type":"Feature","properties":{"type":"highAirway","uuid":"highairway-y712","name":"Y712"},"geometry":{"type":"MultiLineString","coordinates":[[[8.4669,48.629725],[8.722777777777777,48.65194388888889]],[[9.084291944444445,48.88238583333333],[9.340227777777779,48.912974999999996]],[[8.722777777777777,48.65194388888889],[9.084291944444445,48.88238583333333]]]}},{"type":"Feature","properties":{"type":"highAirway","uuid":"highairway-y715","name":"Y715"},"geometry":{"type":"MultiLineString","coordinates":[[[9.162499722222222,48.04416694444444],[9.328488888888888,48.166666944444444]],[[8.948905833333333,47.99301083333334],[9.162499722222222,48.04416694444444]],[[8.396666944444444,47.85833277777778],[8.948905833333333,47.99301083333334]]]}},{"type":"Feature","properties":{"type":"highAirway","uuid":"highairway-y753","name":"Y753"},"geometry":{"type":"MultiLineString","coordinates":[[[-3.780860833333333,42.95777777777778],[-3.9024169444444445,43.449777777777776]],[[-3.699832777777778,42.68227777777778],[-3.780860833333333,42.95777777777778]]]}},{"type":"Feature","properties":{"type":"highAirway","uuid":"highairway-y8","name":"Y8"},"geometry":{"type":"MultiLineString","coordinates":[[[0.7533327777777777,50.544999999999995],[0.34980277777777774,50.58246888888889]],[[-0.7567358333333334,50.85521888888889],[0.34980277777777774,50.58246888888889]],[[1.0656108333333334,50.514916944444444],[0.7533327777777777,50.544999999999995]],[[-1.3450558333333333,50.95524972222223],[-0.7567358333333334,50.85521888888889]]]}},{"type":"Feature","properties":{"type":"highAirway","uuid":"highairway-y80","name":"Y80"},"geometry":{"type":"MultiLineString","coordinates":[[[1.2317777777777779,40.70872194444445],[0.4425277777777778,41.02163888888889]],[[1.4490558333333334,40.62111083333333],[1.2317777777777779,40.70872194444445]],[[0.4425277777777778,41.02163888888889],[0.16525,41.12958277777778]]]}},{"type":"Feature","properties":{"type":"highAirway","uuid":"highairway-y803","name":"Y803"},"geometry":{"type":"MultiLineString","coordinates":[[[-0.5618969444444445,51.24974388888889],[-0.6250027777777778,51.05395277777777]],[[-0.6250027777777778,51.05395277777777],[0.12191388888888889,50.760688888888886]]]}},{"type":"Feature","properties":{"type":"highAirway","uuid":"highairway-y841","name":"Y841"},"geometry":{"type":"MultiLineString","coordinates":[[[6.636535833333333,50.822674722222224],[6.239443888888889,50.722499722222224]],[[6.636535833333333,50.822674722222224],[6.848332777777777,51.10333277777778]]]}},{"type":"Feature","properties":{"type":"highAirway","uuid":"highairway-y852","name":"Y852"},"geometry":{"type":"MultiLineString","coordinates":[[[8.093249722222223,50.60225583333334],[8.154166944444444,50.135555833333335]],[[8.310832777777778,48.98888888888889],[8.321260833333334,48.169999999999995]],[[8.154166944444444,50.135555833333335],[8.310832777777778,48.98888888888889]]]}},{"type":"Feature","properties":{"type":"highAirway","uuid":"highairway-y853","name":"Y853"},"geometry":{"type":"MultiLineString","coordinates":[[[8.093249722222223,50.60225583333334],[8.800277777777778,50.056666944444444]]]}},{"type":"Feature","properties":{"type":"highAirway","uuid":"highairway-y854","name":"Y854"},"geometry":{"type":"MultiLineString","coordinates":[[[8.531666944444446,50.37833277777778],[8.800277777777778,50.056666944444444]]]}},{"type":"Feature","properties":{"type":"highAirway","uuid":"highairway-y862","name":"Y862"},"geometry":{"type":"MultiLineString","coordinates":[[[6.140277777777778,50.689166944444445],[6.239443888888889,50.722499722222224]],[[5.623610833333334,50.514721944444446],[6.140277777777778,50.689166944444445]]]}},{"type":"Feature","properties":{"type":"highAirway","uuid":"highairway-y863","name":"Y863"},"geometry":{"type":"MultiLineString","coordinates":[[[6.191666944444445,50.18194388888889],[6.642777777777777,50.209721944444446]],[[6.642777777777777,50.209721944444446],[6.848332777777777,50.22194388888889]],[[5.773888888888889,50.25277777777778],[6.191666944444445,50.18194388888889]]]}},{"type":"Feature","properties":{"type":"highAirway","uuid":"highairway-y867","name":"Y867"},"geometry":{"type":"MultiLineString","coordinates":[[[8.235555833333333,51.096110833333334],[8.526666944444445,51.20138888888889]],[[7.819457777777777,50.94272194444444],[8.235555833333333,51.096110833333334]]]}},{"type":"Feature","properties":{"type":"highAirway","uuid":"highairway-y868","name":"Y868"},"geometry":{"type":"MultiLineString","coordinates":[[[5.918099722222222,50.827443888888894],[5.654721944444445,50.821666944444445]],[[5.654721944444445,50.821666944444445],[5.045277777777778,50.80638888888888]]]}},{"type":"Feature","properties":{"type":"highAirway","uuid":"highairway-y90","name":"Y90"},"geometry":{"type":"MultiLineString","coordinates":[[[0.35222194444444443,40.31527777777777],[0.6666669444444444,41.13388888888889]],[[-0.0077777777777777776,39.35083277777778],[0.23611083333333333,40.00694388888889]],[[0.23611083333333333,40.00694388888889],[0.35222194444444443,40.31527777777777]],[[0.6666669444444444,41.13388888888889],[1.0658327777777779,42.143610833333334]]]}},{"type":"Feature","properties":{"type":"highAirway","uuid":"highairway-z1","name":"Z1"},"geometry":{"type":"MultiLineString","coordinates":[[[9.462785833333333,47.799727777777775],[9.461943888888888,48.166666944444444]],[[9.451388888888888,47.587499722222226],[9.462785833333333,47.799727777777775]],[[9.201943888888888,47.4125],[9.403610833333333,47.49055583333333]],[[9.461943888888888,48.166666944444444],[9.462221944444444,48.52916694444444]],[[9.403610833333333,47.49055583333333],[9.451388888888888,47.587499722222226]],[[9.462221944444444,48.52916694444444],[9.459999999999999,48.72749972222223]]]}},{"type":"Feature","properties":{"type":"highAirway","uuid":"highairway-z104","name":"Z104"},"geometry":{"type":"MultiLineString","coordinates":[[[6.004999722222222,50.079166944444445],[5.806943888888889,50.07777777777778]],[[7.291388888888889,50.07805583333334],[6.87944388888889,50.09527777777778]],[[6.87944388888889,50.09527777777778],[6.756388888888889,50.09277777777778]],[[7.733888888888889,49.98777777777778],[7.425277777777778,50.05111083333333]],[[7.425277777777778,50.05111083333333],[7.291388888888889,50.07805583333334]]]}},{"type":"Feature","properties":{"type":"highAirway","uuid":"highairway-z111","name":"Z111"},"geometry":{"type":"MultiLineString","coordinates":[[[6.281666944444444,49.63722194444444],[6.519332777777778,49.72858277777778]],[[6.519332777777778,49.72858277777778],[7.253055833333334,50.309999999999995]]]}},{"type":"Feature","properties":{"type":"highAirway","uuid":"highairway-z114","name":"Z114"},"geometry":{"type":"MultiLineString","coordinates":[[[8.02911888888889,49.82108083333333],[6.908332777777778,50.025555833333335]],[[8.02911888888889,49.82108083333333],[8.48,49.74888888888889]],[[8.48,49.74888888888889],[8.533888888888889,49.72555583333334]],[[8.850555833333333,49.58777777777778],[8.533888888888889,49.72555583333334]]]}},{"type":"Feature","properties":{"type":"highAirway","uuid":"highairway-z119","name":"Z119"},"geometry":{"type":"MultiLineString","coordinates":[[[10.127777777777778,46.73527777777778],[10.259,46.77941694444444]],[[8.814999722222224,46.60611083333333],[8.983055833333333,46.60527777777778]],[[7.223499722222222,46.77758277777777],[7.0146669444444445,46.80211083333333]],[[7.223499722222222,46.77758277777777],[7.270805833333333,46.771971944444445]],[[7.988416944444444,46.68427777777777],[8.594166944444446,46.60666694444445]],[[9.725832777777779,46.598888888888894],[10.127777777777778,46.73527777777778]],[[8.983055833333333,46.60527777777778],[9.725832777777779,46.598888888888894]],[[10.259,46.77941694444444],[10.28194388888889,47.13722194444444]],[[8.594166944444446,46.60666694444445],[8.814999722222224,46.60611083333333]],[[7.270805833333333,46.771971944444445],[7.988416944444444,46.68427777777777]]]}},{"type":"Feature","properties":{"type":"highAirway","uuid":"highairway-z12","name":"Z12"},"geometry":{"type":"MultiLineString","coordinates":[[[9.946999722222223,49.717530833333335],[10.096666944444445,49.786943888888885]],[[10.096666944444445,49.786943888888885],[10.389443888888888,49.92166694444444]],[[9.667538888888888,49.66821083333333],[9.805941944444445,49.71353583333334]],[[8.985743888888887,49.45247472222223],[9.378610833333333,49.45444388888889]],[[9.378610833333333,49.45444388888889],[9.667538888888888,49.66821083333333]],[[9.805941944444445,49.71353583333334],[9.946999722222223,49.717530833333335]],[[8.824180833333333,49.39586388888889],[8.985743888888887,49.45247472222223]],[[8.824180833333333,49.39586388888889],[8.63551388888889,49.32913083333334]]]}},{"type":"Feature","properties":{"type":"highAirway","uuid":"highairway-z124","name":"Z124"},"geometry":{"type":"MultiLineString","coordinates":[[[6.019555833333333,46.72702777777778],[5.420832777777778,46.87722194444444]]]}},{"type":"Feature","properties":{"type":"highAirway","uuid":"highairway-z138","name":"Z138"},"geometry":{"type":"MultiLineString","coordinates":[[[8.716666944444444,47.234721944444445],[8.966943888888888,47.44111083333333]],[[8.966943888888888,47.44111083333333],[9.201943888888888,47.4125]]]}},{"type":"Feature","properties":{"type":"highAirway","uuid":"highairway-z140","name":"Z140"},"geometry":{"type":"MultiLineString","coordinates":[[[6.756388888888889,50.09277777777778],[6.87944388888889,50.09527777777778]],[[6.425277777777778,49.81583277777777],[6.561627777777778,49.98295]],[[6.561627777777778,49.98295],[6.756388888888889,50.09277777777778]]]}},{"type":"Feature","properties":{"type":"highAirway","uuid":"highairway-z141","name":"Z141"},"geometry":{"type":"MultiLineString","coordinates":[[[7.941305833333334,47.135527777777774],[8.076943888888888,47.77916694444444]]]}},{"type":"Feature","properties":{"type":"highAirway","uuid":"highairway-z152","name":"Z152"},"geometry":{"type":"MultiLineString","coordinates":[[[5.023610833333334,42.804721944444445],[5.118527777777778,42.943638888888884]],[[5.118527777777778,42.943638888888884],[5.216416944444445,43.43824972222222]]]}},{"type":"Feature","properties":{"type":"highAirway","uuid":"highairway-z154","name":"Z154"},"geometry":{"type":"MultiLineString","coordinates":[[[8.774666944444446,41.77052777777778],[8.445,41.86472194444445]],[[8.03277777777778,41.980555833333334],[7.613360833333333,42.09655583333333]],[[8.445,41.86472194444445],[8.158055833333334,41.94555583333333]],[[7.613360833333333,42.09655583333333],[6.568888888888889,42.37694388888889]],[[6.568888888888889,42.37694388888889],[5.315110833333333,42.69772194444444]],[[5.315110833333333,42.69772194444444],[5.118527777777778,42.943638888888884]],[[8.158055833333334,41.94555583333333],[8.03277777777778,41.980555833333334]]]}},{"type":"Feature","properties":{"type":"highAirway","uuid":"highairway-z16","name":"Z16"},"geometry":{"type":"MultiLineString","coordinates":[[[5.023610833333334,42.804721944444445],[5.050027777777777,43.04908277777778]],[[5.050027777777777,43.04908277777778],[5.0868327777777775,43.38630583333333]],[[4.997388888888889,42.56022194444444],[5.023610833333334,42.804721944444445]],[[4.997388888888889,42.56022194444444],[4.666666944444445,41.73333277777778]]]}},{"type":"Feature","properties":{"type":"highAirway","uuid":"highairway-z162","name":"Z162"},"geometry":{"type":"MultiLineString","coordinates":[[[8.889166944444444,47.289721944444445],[8.817666944444444,47.59216694444444]]]}},{"type":"Feature","properties":{"type":"highAirway","uuid":"highairway-z163","name":"Z163"},"geometry":{"type":"MultiLineString","coordinates":[[[9.451388888888888,47.587499722222226],[9.652499722222222,47.586666944444445]],[[8.817666944444444,47.59216694444444],[9.451388888888888,47.587499722222226]]]}},{"type":"Feature","properties":{"type":"highAirway","uuid":"highairway-z165","name":"Z165"},"geometry":{"type":"MultiLineString","coordinates":[[[-5.149888888888889,39],[-4.746388888888889,39.19366694444444]]]}},{"type":"Feature","properties":{"type":"highAirway","uuid":"highairway-z167","name":"Z167"},"geometry":{"type":"MultiLineString","coordinates":[[[2.1078058333333334,41.307138888888886],[2.702582777777778,40.5]]]}},{"type":"Feature","properties":{"type":"highAirway","uuid":"highairway-z170","name":"Z170"},"geometry":{"type":"MultiLineString","coordinates":[[[9.298055833333333,47.04999972222222],[8.966943888888888,47.44111083333333]],[[8.966943888888888,47.44111083333333],[8.896110833333333,47.78416694444444]]]}},{"type":"Feature","properties":{"type":"highAirway","uuid":"highairway-z174","name":"Z174"},"geometry":{"type":"MultiLineString","coordinates":[[[2.1078058333333334,41.307138888888886],[2.255813888888889,40.41558583333333]]]}},{"type":"Feature","properties":{"type":"highAirway","uuid":"highairway-z180","name":"Z180"},"geometry":{"type":"MultiLineString","coordinates":[[[-5.3186108333333335,39.766666944444445],[-5.610555833333333,39]],[[-5.610555833333333,39],[-6,37.95]]]}},{"type":"Feature","properties":{"type":"highAirway","uuid":"highairway-z2","name":"Z2"},"geometry":{"type":"MultiLineString","coordinates":[[[9.201943888888888,47.4125],[9.600971944444444,47.47273583333334]],[[9.600971944444444,47.47273583333334],[10.183332777777776,47.43999972222222]],[[10.183332777777776,47.43999972222222],[10.479874722222222,47.40001083333333]]]}},{"type":"Feature","properties":{"type":"highAirway","uuid":"highairway-z209","name":"Z209"},"geometry":{"type":"MultiLineString","coordinates":[[[9.651910833333334,47.408452777777775],[10.28194388888889,47.13722194444444]]]}},{"type":"Feature","properties":{"type":"highAirway","uuid":"highairway-z224","name":"Z224"},"geometry":{"type":"MultiLineString","coordinates":[[[-1.2629997222222222,39.024388888888886],[-0.5444438888888888,39.28249972222222]],[[1.365943888888889,38.86833277777778],[1.5427777777777776,38.82333277777778]],[[0.9433327777777778,38.963055833333335],[1.365943888888889,38.86833277777778]],[[-0.5444438888888888,39.28249972222222],[0.4833327777777778,39.06419388888889]],[[0.4833327777777778,39.06419388888889],[0.6749999999999999,39.022330833333335]],[[1.5427777777777776,38.82333277777778],[2.161388888888889,38.66361083333333]],[[0.6749999999999999,39.022330833333335],[0.9433327777777778,38.963055833333335]]]}},{"type":"Feature","properties":{"type":"highAirway","uuid":"highairway-z230","name":"Z230"},"geometry":{"type":"MultiLineString","coordinates":[[[-5.099693888888889,38.50813888888889],[-4.846943888888888,39]],[[-4.846943888888888,39],[-4.746388888888889,39.19366694444444]],[[-4.746388888888889,39.19366694444444],[-4.431110833333333,39.79361083333333]],[[-4.3373888888888885,39.96947194444444],[-4.2494169444444445,40.36866694444444]],[[-4.431110833333333,39.79361083333333],[-4.3373888888888885,39.96947194444444]]]}},{"type":"Feature","properties":{"type":"highAirway","uuid":"highairway-z237","name":"Z237"},"geometry":{"type":"MultiLineString","coordinates":[[[2.3958608333333333,39.54944388888889],[1.4441669444444445,39.11638888888889]],[[2.471388888888889,39.657777777777774],[2.3958608333333333,39.54944388888889]],[[3.9336108333333337,41.92388888888889],[3.441388888888889,41.184443888888886]],[[3.1458327777777777,40.609166944444446],[2.471388888888889,39.657777777777774]],[[3.441388888888889,41.184443888888886],[3.1458327777777777,40.609166944444446]]]}},{"type":"Feature","properties":{"type":"highAirway","uuid":"highairway-z238","name":"Z238"},"geometry":{"type":"MultiLineString","coordinates":[[[3.4343608333333338,39.697693888888885],[4.504999722222222,41.075]],[[3.2567219444444446,39.42733277777778],[3.4343608333333338,39.697693888888885]]]}},{"type":"Feature","properties":{"type":"highAirway","uuid":"highairway-z24","name":"Z24"},"geometry":{"type":"MultiLineString","coordinates":[[[6.648749722222222,47.21333277777778],[6.314721944444444,46.95861083333334]],[[5.938332777777778,46.66777777777777],[5.814305833333333,46.57094388888889]],[[6.314721944444444,46.95861083333334],[5.938332777777778,46.66777777777777]],[[6.655499722222222,47.39658277777778],[6.648749722222222,47.21333277777778]]]}},{"type":"Feature","properties":{"type":"highAirway","uuid":"highairway-z240","name":"Z240"},"geometry":{"type":"MultiLineString","coordinates":[[[7.031943888888889,41.07527777777778],[7.831943888888889,41.13916694444445]],[[7.831943888888889,41.13916694444445],[8.161388888888888,41.161943888888885]]]}},{"type":"Feature","properties":{"type":"highAirway","uuid":"highairway-z245","name":"Z245"},"geometry":{"type":"MultiLineString","coordinates":[[[-1.7769438888888889,41.03333277777778],[-2.1378327777777777,40.72502777777778]],[[-2.1378327777777777,40.72502777777778],[-2.544610833333333,40.37197194444445]],[[-1.0308608333333333,41.657888888888884],[-1.7769438888888889,41.03333277777778]]]}},{"type":"Feature","properties":{"type":"highAirway","uuid":"highairway-z26","name":"Z26"},"geometry":{"type":"MultiLineString","coordinates":[[[1.2317777777777779,40.70872194444445],[1.6183058333333333,41.77163888888889]]]}},{"type":"Feature","properties":{"type":"highAirway","uuid":"highairway-z28","name":"Z28"},"geometry":{"type":"MultiLineString","coordinates":[[[6.563055833333333,51.087499722222226],[6.124443888888888,51.27694388888889]],[[7.338046944444444,50.74486388888889],[6.994166944444444,50.89805583333333]],[[6.994166944444444,50.89805583333333],[6.563055833333333,51.087499722222226]]]}},{"type":"Feature","properties":{"type":"highAirway","uuid":"highairway-z283","name":"Z283"},"geometry":{"type":"MultiLineString","coordinates":[[[5.710277777777778,50.58583277777778],[5.773888888888889,50.25277777777778]],[[6.090077777777777,51.017488888888884],[6.01625,50.94315777777778]],[[5.918099722222222,50.827443888888894],[5.862580833333333,50.76304972222222]],[[5.862580833333333,50.76304972222222],[5.710277777777778,50.58583277777778]],[[5.806943888888889,50.07777777777778],[5.869721944444445,49.74166694444445]],[[5.773888888888889,50.25277777777778],[5.806943888888889,50.07777777777778]],[[6.01625,50.94315777777778],[5.918099722222222,50.827443888888894]],[[6.164166944444445,51.144999999999996],[6.090077777777777,51.017488888888884]]]}},{"type":"Feature","properties":{"type":"highAirway","uuid":"highairway-z29","name":"Z29"},"geometry":{"type":"MultiLineString","coordinates":[[[7.338046944444444,50.74486388888889],[6.9638888888888895,50.86638888888889]],[[6.9638888888888895,50.86638888888889],[6.100555833333333,51.14]]]}},{"type":"Feature","properties":{"type":"highAirway","uuid":"highairway-z308","name":"Z308"},"geometry":{"type":"MultiLineString","coordinates":[[[2.10975,41.51986083333333],[2.771860833333333,41.93124972222222]]]}},{"type":"Feature","properties":{"type":"highAirway","uuid":"highairway-z32","name":"Z32"},"geometry":{"type":"MultiLineString","coordinates":[[[5.265055833333333,46.340221944444444],[5.4219719444444445,46.35241694444444]],[[5.4219719444444445,46.35241694444444],[6.007221944444445,46.39311083333333]]]}},{"type":"Feature","properties":{"type":"highAirway","uuid":"highairway-z405","name":"Z405"},"geometry":{"type":"MultiLineString","coordinates":[[[-4.3373888888888885,39.96947194444444],[-6.302443888888889,40.5835]],[[-4.3373888888888885,39.96947194444444],[-3.464027777777778,39.78074972222222]]]}},{"type":"Feature","properties":{"type":"highAirway","uuid":"highairway-z406","name":"Z406"},"geometry":{"type":"MultiLineString","coordinates":[[[-7.753943888888889,42.104666944444446],[-7.116388888888888,41.93666694444444]],[[-6.323610833333333,41.72138888888889],[-5.639693888888888,41.53019388888889]],[[-6.560832777777778,41.78666694444444],[-6.323610833333333,41.72138888888889]],[[-7.116388888888888,41.93666694444444],[-6.560832777777778,41.78666694444444]]]}},{"type":"Feature","properties":{"type":"highAirway","uuid":"highairway-z409","name":"Z409"},"geometry":{"type":"MultiLineString","coordinates":[[[-6.400555833333334,39.80166694444444],[-5.544721944444444,39.87583277777778]],[[-6.628610833333334,39.780832777777775],[-6.400555833333334,39.80166694444444]],[[-5.544721944444444,39.87583277777778],[-4.611110833333333,39.94944388888889]],[[-4.611110833333333,39.94944388888889],[-4.3373888888888885,39.96947194444444]]]}},{"type":"Feature","properties":{"type":"highAirway","uuid":"highairway-z424","name":"Z424"},"geometry":{"type":"MultiLineString","coordinates":[[[8.472221944444444,46.27305583333333],[8.495555833333333,46.109721944444445]],[[8.618332777777779,46.43611083333333],[8.472221944444444,46.27305583333333]]]}},{"type":"Feature","properties":{"type":"highAirway","uuid":"highairway-z436","name":"Z436"},"geometry":{"type":"MultiLineString","coordinates":[[[-4.549888888888889,40.624610833333335],[-6.434721944444445,39.524499999999996]]]}},{"type":"Feature","properties":{"type":"highAirway","uuid":"highairway-z444","name":"Z444"},"geometry":{"type":"MultiLineString","coordinates":[[[1.2317777777777779,40.70872194444445],[1.7058608333333334,41.210638888888894]]]}},{"type":"Feature","properties":{"type":"highAirway","uuid":"highairway-z475","name":"Z475"},"geometry":{"type":"MultiLineString","coordinates":[[[0.26547194444444444,40.55658277777778],[0.6666669444444444,41.13388888888889]]]}},{"type":"Feature","properties":{"type":"highAirway","uuid":"highairway-z50","name":"Z50"},"geometry":{"type":"MultiLineString","coordinates":[[[7.941305833333334,47.135527777777774],[8.413610833333333,47.05888888888889]],[[8.53211388888889,47.03937472222222],[8.761666944444444,46.95619388888889]],[[8.761666944444444,46.95619388888889],[8.94444388888889,46.88944388888889]],[[7.62944388888889,47.30444388888888],[7.725166944444444,47.18988888888889]],[[9.725832777777779,46.598888888888894],[10.043332777777778,46.47833277777778]],[[7.725166944444444,47.18988888888889],[7.941305833333334,47.135527777777774]],[[8.94444388888889,46.88944388888889],[9.725832777777779,46.598888888888894]],[[8.413610833333333,47.05888888888889],[8.53211388888889,47.03937472222222]]]}},{"type":"Feature","properties":{"type":"highAirway","uuid":"highairway-z57","name":"Z57"},"geometry":{"type":"MultiLineString","coordinates":[[[7.490277777777778,46.78472194444444],[8.016666944444445,47.07]],[[7.231388888888889,46.57972194444445],[7.490277777777778,46.78472194444444]]]}},{"type":"Feature","properties":{"type":"highAirway","uuid":"highairway-z58","name":"Z58"},"geometry":{"type":"MultiLineString","coordinates":[[[7.941305833333334,47.135527777777774],[8.436971944444444,47.689499999999995]]]}},{"type":"Feature","properties":{"type":"highAirway","uuid":"highairway-z596","name":"Z596"},"geometry":{"type":"MultiLineString","coordinates":[[[-1.2980558333333332,40.86730583333333],[-1.8283327777777778,40.77833277777778]],[[0.06155583333333334,40.872277777777775],[-0.7927777777777778,40.87111083333333]],[[0.38491694444444446,40.87108277777778],[0.06155583333333334,40.872277777777775]],[[-1.8283327777777778,40.77833277777778],[-2.1378327777777777,40.72502777777778]],[[-0.7927777777777778,40.87111083333333],[-1.2980558333333332,40.86730583333333]],[[0.7387777777777778,40.868749722222226],[0.38491694444444446,40.87108277777778]]]}},{"type":"Feature","properties":{"type":"highAirway","uuid":"highairway-z6","name":"Z6"},"geometry":{"type":"MultiLineString","coordinates":[[[9.201943888888888,47.4125],[9.652499722222222,47.586666944444445]]]}},{"type":"Feature","properties":{"type":"highAirway","uuid":"highairway-z600","name":"Z600"},"geometry":{"type":"MultiLineString","coordinates":[[[6.732249722222222,47.56166694444444],[7.153888888888889,47.407221944444444]]]}},{"type":"Feature","properties":{"type":"highAirway","uuid":"highairway-z61","name":"Z61"},"geometry":{"type":"MultiLineString","coordinates":[[[6.884443888888889,46.55805583333333],[7.223499722222222,46.77758277777777]]]}},{"type":"Feature","properties":{"type":"highAirway","uuid":"highairway-z63","name":"Z63"},"geometry":{"type":"MultiLineString","coordinates":[[[6.458360833333334,46.56844388888889],[6.884443888888889,46.55805583333333]]]}},{"type":"Feature","properties":{"type":"highAirway","uuid":"highairway-z64","name":"Z64"},"geometry":{"type":"MultiLineString","coordinates":[[[5.814305833333333,46.57094388888889],[6.448055833333334,46.46869388888889]],[[5.179471944444445,46.66888888888889],[5.477693888888889,46.62369388888889]],[[6.711082777777778,46.18969388888888],[6.67944388888889,46.443888888888885]],[[6.448055833333334,46.46869388888889],[6.67944388888889,46.443888888888885]],[[5.477693888888889,46.62369388888889],[5.814305833333333,46.57094388888889]]]}},{"type":"Feature","properties":{"type":"highAirway","uuid":"highairway-z65","name":"Z65"},"geometry":{"type":"MultiLineString","coordinates":[[[6.244221944444445,46.40869388888889],[5.879721944444445,46.30255583333333]],[[6.244221944444445,46.40869388888889],[6.448055833333334,46.46869388888889]]]}},{"type":"Feature","properties":{"type":"highAirway","uuid":"highairway-z651","name":"Z651"},"geometry":{"type":"MultiLineString","coordinates":[[[8.814999722222224,46.60611083333333],[8.761666944444444,46.95619388888889]],[[8.761666944444444,46.95619388888889],[8.743805833333333,47.06908277777778]],[[8.716666944444444,47.234721944444445],[8.817666944444444,47.59216694444444]],[[8.722221944444444,47.204166944444445],[8.716666944444444,47.234721944444445]],[[8.743805833333333,47.06908277777778],[8.722221944444444,47.204166944444445]]]}},{"type":"Feature","properties":{"type":"highAirway","uuid":"highairway-z652","name":"Z652"},"geometry":{"type":"MultiLineString","coordinates":[[[8.716666944444444,47.234721944444445],[8.436971944444444,47.689499999999995]],[[8.436971944444444,47.689499999999995],[8.154535833333334,48.246375]]]}},{"type":"Feature","properties":{"type":"highAirway","uuid":"highairway-z653","name":"Z653"},"geometry":{"type":"MultiLineString","coordinates":[[[8.716666944444444,47.234721944444445],[8.889166944444444,47.289721944444445]]]}},{"type":"Feature","properties":{"type":"highAirway","uuid":"highairway-z669","name":"Z669"},"geometry":{"type":"MultiLineString","coordinates":[[[7.424443888888889,47.02722194444444],[7.292638888888889,46.95502777777778]],[[7.0146669444444445,46.80211083333333],[6.753610833333333,46.657221944444444]],[[7.725166944444444,47.18988888888889],[7.424443888888889,47.02722194444444]],[[8.436971944444444,47.689499999999995],[7.725166944444444,47.18988888888889]],[[7.292638888888889,46.95502777777778],[7.0146669444444445,46.80211083333333]],[[6.753610833333333,46.657221944444444],[5.879721944444445,46.30255583333333]]]}},{"type":"Feature","properties":{"type":"highAirway","uuid":"highairway-z67","name":"Z67"},"geometry":{"type":"MultiLineString","coordinates":[[[6.211693888888889,46.08888888888889],[6.596666944444444,46.244166944444444]],[[7.231388888888889,46.57972194444445],[7.414166944444445,46.85055583333334]],[[6.596666944444444,46.244166944444444],[7.231388888888889,46.57972194444445]]]}},{"type":"Feature","properties":{"type":"highAirway","uuid":"highairway-z671","name":"Z671"},"geometry":{"type":"MultiLineString","coordinates":[[[8.333332777777777,47.30222194444444],[8.889166944444444,47.289721944444445]]]}},{"type":"Feature","properties":{"type":"highAirway","uuid":"highairway-z69","name":"Z69"},"geometry":{"type":"MultiLineString","coordinates":[[[8.436971944444444,47.689499999999995],[7.62944388888889,47.30444388888888]]]}},{"type":"Feature","properties":{"type":"highAirway","uuid":"highairway-z714","name":"Z714"},"geometry":{"type":"MultiLineString","coordinates":[[[10.231999722222222,48.208332777777784],[9.910871944444445,48.218041944444444]],[[9.674999999999999,48.228055833333336],[9.195891944444444,48.24542777777778]],[[9.674999999999999,48.228055833333336],[9.910871944444445,48.218041944444444]]]}},{"type":"Feature","properties":{"type":"highAirway","uuid":"highairway-z717","name":"Z717"},"geometry":{"type":"MultiLineString","coordinates":[[[5.989732777777778,50.98226694444445],[5.960416944444445,50.97194388888889]],[[6.563055833333333,51.087499722222226],[6.090077777777777,51.017488888888884]]]}},{"type":"Feature","properties":{"type":"highAirway","uuid":"highairway-z719","name":"Z719"},"geometry":{"type":"MultiLineString","coordinates":[[[8.896943888888888,50.26694388888889],[9.288610833333333,50.18111083333333]],[[8.848625,50.27627472222222],[8.896943888888888,50.26694388888889]],[[8.618871944444445,50.44489972222222],[8.848625,50.27627472222222]]]}},{"type":"Feature","properties":{"type":"highAirway","uuid":"highairway-z721","name":"Z721"},"geometry":{"type":"MultiLineString","coordinates":[[[8.351968888888889,48.78858583333333],[9.461666944444444,48.255]]]}},{"type":"Feature","properties":{"type":"highAirway","uuid":"highairway-z723","name":"Z723"},"geometry":{"type":"MultiLineString","coordinates":[[[8.800277777777778,50.056666944444444],[9.080555833333333,50.13694388888889]],[[9.288610833333333,50.18111083333333],[9.506666944444444,50.18388888888889]],[[9.506666944444444,50.18388888888889],[10.029999722222223,50.189166944444445]],[[9.080555833333333,50.13694388888889],[9.288610833333333,50.18111083333333]]]}},{"type":"Feature","properties":{"type":"highAirway","uuid":"highairway-z726","name":"Z726"},"geometry":{"type":"MultiLineString","coordinates":[[[9.023482777777778,48.627652777777776],[9.506388888888889,48.956110833333334]]]}},{"type":"Feature","properties":{"type":"highAirway","uuid":"highairway-z728","name":"Z728"},"geometry":{"type":"MultiLineString","coordinates":[[[8.800277777777778,50.056666944444444],[9.136388888888888,50.34277777777778]],[[9.136388888888888,50.34277777777778],[9.59833277777778,50.729166944444444]]]}},{"type":"Feature","properties":{"type":"highAirway","uuid":"highairway-z74","name":"Z74"},"geometry":{"type":"MultiLineString","coordinates":[[[9.187541944444444,49.74679388888889],[9.41444388888889,49.61833277777778]],[[9.41444388888889,49.61833277777778],[9.668046944444443,49.34009694444445]]]}},{"type":"Feature","properties":{"type":"highAirway","uuid":"highairway-z744","name":"Z744"},"geometry":{"type":"MultiLineString","coordinates":[[[9.946999722222223,49.717530833333335],[9.590610833333335,49.822880833333336]]]}},{"type":"Feature","properties":{"type":"highAirway","uuid":"highairway-z82","name":"Z82"},"geometry":{"type":"MultiLineString","coordinates":[[[4.3665827777777775,40.5],[3.756943888888889,41.152971944444445]]]}},{"type":"Feature","properties":{"type":"highAirway","uuid":"highairway-z850","name":"Z850"},"geometry":{"type":"MultiLineString","coordinates":[[[8.30633888888889,51.01659194444444],[8.235555833333333,51.096110833333334]],[[8.235555833333333,51.096110833333334],[7.954166944444444,51.409999722222224]],[[9.486388888888888,50.06694388888889],[9.136388888888888,50.34277777777778]],[[8.899166944444444,50.527499999999996],[8.30633888888889,51.01659194444444]],[[9.136388888888888,50.34277777777778],[8.899166944444444,50.527499999999996]]]}},{"type":"Feature","properties":{"type":"highAirway","uuid":"highairway-z924","name":"Z924"},"geometry":{"type":"MultiLineString","coordinates":[[[7.297777777777777,40.33444388888889],[5.858888888888888,40.13583277777778]]]}},{"type":"Feature","properties":{"type":"highAirway","uuid":"highairway-z94","name":"Z94"},"geometry":{"type":"MultiLineString","coordinates":[[[10.483888888888888,50.22444388888889],[10.242707777777778,50.07336083333334]]]}},{"type":"Feature","properties":{"type":"highAirway","uuid":"highairway-z99","name":"Z99"},"geometry":{"type":"MultiLineString","coordinates":[[[9.561666944444445,50.528888888888886],[9.57216888888889,50.59245583333333]],[[9.667499999999999,51.085],[9.690988888888889,51.20431694444445]],[[9.57216888888889,50.59245583333333],[9.59833277777778,50.729166944444444]],[[9.486388888888888,50.06694388888889],[9.561666944444445,50.528888888888886]],[[9.59833277777778,50.729166944444444],[9.667499999999999,51.085]],[[9.363888888888889,49.74888888888889],[9.486388888888888,50.06694388888889]]]}},{"type":"Feature","properties":{"type":"highAirway","uuid":"highairway-z999","name":"Z999"},"geometry":{"type":"MultiLineString","coordinates":[[[10.30558277777778,47.55938888888888],[10.34983277777778,47.745775]]]}}]}