{"type":"FeatureCollection","features":[{"type":"Feature","properties":{"type":"lowAirway","uuid":"lowairway-a2","name":"A2"},"geometry":{"type":"MultiLineString","coordinates":[[[4.538055833333333,46.5],[4.259138888888889,46.80594388888888]],[[3.8133327777777777,47.559999999999995],[3.567499722222222,47.96611083333334]],[[5.20575,45.75538888888889],[5.058721944444445,45.921749999999996]],[[4.721943888888889,46.29361083333333],[4.538055833333333,46.5]],[[4.106666944444444,47.06666694444445],[3.8133327777777777,47.559999999999995]],[[5.058721944444445,45.921749999999996],[4.721943888888889,46.29361083333333]],[[5.231527777777778,45.726082777777776],[5.20575,45.75538888888889]],[[5.439055833333334,45.488971944444444],[5.3502777777777775,45.59055583333333]],[[3.567499722222222,47.96611083333334],[3.2947777777777776,48.406999722222224]],[[4.259138888888889,46.80594388888888],[4.106666944444444,47.06666694444445]],[[5.3502777777777775,45.59055583333333],[5.231527777777778,45.726082777777776]]]}},{"type":"Feature","properties":{"type":"lowAirway","uuid":"lowairway-a24","name":"A24"},"geometry":{"type":"MultiLineString","coordinates":[[[4.684999722222223,39],[3.5708327777777775,36.794999999999995]]]}},{"type":"Feature","properties":{"type":"lowAirway","uuid":"lowairway-a242","name":"A242"},"geometry":{"type":"MultiLineString","coordinates":[[[6.6657777777777785,47.67258277777778],[6.670777777777778,47.80616694444444]],[[6.732249722222222,47.56166694444444],[6.6657777777777785,47.67258277777778]],[[6.69075,48.331],[6.693360833333333,48.399027777777775]],[[6.702777777777778,48.64472194444444],[6.716221944444444,48.98644388888889]],[[6.6841388888888895,48.158943888888885],[6.69075,48.331]],[[6.678832777777778,48.01924972222222],[6.6841388888888895,48.158943888888885]],[[6.693360833333333,48.399027777777775],[6.702777777777778,48.64472194444444]],[[6.670777777777778,47.80616694444444],[6.678832777777778,48.01924972222222]]]}},{"type":"Feature","properties":{"type":"lowAirway","uuid":"lowairway-a25","name":"A25"},"geometry":{"type":"MultiLineString","coordinates":[[[-0.7211108333333334,44.82694388888889],[-0.15291694444444442,44.67680583333333]],[[-2.082332777777778,48.58605583333333],[-1.889443888888889,48.299166944444444]],[[-0.91875,45.35013888888889],[-0.8617777777777778,45.19591694444444]],[[-0.8617777777777778,45.19591694444444],[-0.7211108333333334,44.82694388888889]],[[-1.959999722222222,47.64194388888889],[-1.6129719444444446,47.16086083333333]],[[-1.889443888888889,48.299166944444444],[-1.7416669444444446,48.069249722222224]],[[-2.4086108333333334,49.01888888888889],[-2.082332777777778,48.58605583333333]],[[-1.3508327777777778,46.5],[-1.2095827777777777,46.12763888888889]],[[-1.0616669444444444,45.73333277777778],[-1.0366669444444445,45.666666944444444]],[[-1.6129719444444446,47.16086083333333],[-1.3908327777777778,46.598888888888894]],[[-0.15291694444444442,44.67680583333333],[0.3580558333333333,44.28777777777778]],[[-1.1502777777777777,45.969721944444444],[-1.0616669444444444,45.73333277777778]],[[-1.2095827777777777,46.12763888888889],[-1.1502777777777777,45.969721944444444]],[[0.6924997222222222,44.028888888888886],[0.8728608333333333,43.88802777777778]],[[-1.7416669444444446,48.069249722222224],[-1.959999722222222,47.64194388888889]],[[0.3580558333333333,44.28777777777778],[0.6924997222222222,44.028888888888886]],[[-1.0366669444444445,45.666666944444444],[-0.91875,45.35013888888889]],[[-3.0340558333333334,49.82483888888889],[-2.4086108333333334,49.01888888888889]],[[-1.3908327777777778,46.598888888888894],[-1.3508327777777778,46.5]]]}},{"type":"Feature","properties":{"type":"lowAirway","uuid":"lowairway-a27","name":"A27"},"geometry":{"type":"MultiLineString","coordinates":[[[3.5314719444444442,46.5],[3.6316669444444445,46.70677777777778]],[[3.0233327777777776,43.7475],[3.1624169444444443,44.608360833333336]],[[3.1921938888888888,45.78747194444444],[3.387138888888889,46.19924972222222]],[[2.9831669444444446,42.48030583333333],[2.867138888888889,42.75047194444444]],[[3.1624169444444443,44.608360833333336],[3.166971944444444,44.957055833333335]],[[3.174805833333333,45.10436083333334],[3.1921938888888888,45.78747194444444]],[[3.166971944444444,44.957055833333335],[3.174805833333333,45.10436083333334]],[[3.6316669444444445,46.70677777777778],[3.4347219444444446,47.71888888888889]],[[3.4347219444444446,47.71888888888889],[3.2947777777777776,48.406999722222224]],[[3.387138888888889,46.19924972222222],[3.5314719444444442,46.5]],[[2.867138888888889,42.75047194444444],[2.936943888888889,43.19749972222222]],[[2.936943888888889,43.19749972222222],[3.0233327777777776,43.7475]]]}},{"type":"Feature","properties":{"type":"lowAirway","uuid":"lowairway-a29","name":"A29"},"geometry":{"type":"MultiLineString","coordinates":[[[0.9797219444444445,43],[0.8728608333333333,43.88802777777778]],[[0.9972219444444443,42.77499972222222],[0.9797219444444445,43]]]}},{"type":"Feature","properties":{"type":"lowAirway","uuid":"lowairway-a3","name":"A3"},"geometry":{"type":"MultiLineString","coordinates":[[[6.101110833333333,43.59583277777778],[6.114999999999999,43.44416694444444]],[[4.483166944444444,45.128055833333335],[4.779860833333333,44.554943888888886]],[[3.4086108333333334,46.84861083333334],[3.6316669444444445,46.70677777777778]],[[4.131666944444444,45.791666944444444],[4.375555833333333,45.33291694444445]],[[4.044999722222222,45.952555833333335],[4.108221944444444,45.83511083333334]],[[9.5745,42.84730583333334],[9.75,42.82277777777778]],[[1.2858327777777776,47.86277777777778],[1.7430558333333335,47.72416694444445]],[[5.234443888888889,44.461666944444445],[5.623499722222222,44.38]],[[3.8222219444444443,46.36388888888889],[3.957777777777778,46.1135]],[[6.100832777777778,43.99138888888889],[6.101110833333333,43.59583277777778]],[[6.114999999999999,43.44416694444444],[6.2559169444444445,43.382777777777775]],[[1.7430558333333335,47.72416694444445],[2.22,47.57666694444445]],[[8.286416944444444,43.01863888888889],[8.37194388888889,43.01305583333333]],[[2.8024999999999998,47.229999722222225],[2.929360833333333,47.15299972222222]],[[2.9847219444444444,47.11833277777778],[3.4086108333333334,46.84861083333334]],[[7.072971944444444,43.16594388888889],[7.5911108333333335,43.10472194444445]],[[3.957777777777778,46.1135],[4.044999722222222,45.952555833333335]],[[6.2559169444444445,43.382777777777775],[6.412221944444445,43.22222194444445]],[[7.793332777777778,43.079999722222226],[8.286416944444444,43.01863888888889]],[[9.211943888888888,42.89694388888889],[9.5745,42.84730583333334]],[[2.22,47.57666694444445],[2.7416669444444444,47.266666944444445]],[[3.6316669444444445,46.70677777777778],[3.767971944444444,46.45733277777778]],[[4.779860833333333,44.554943888888886],[5.234443888888889,44.461666944444445]],[[4.375555833333333,45.33291694444445],[4.483166944444444,45.128055833333335]],[[8.79138888888889,42.95305583333334],[8.90625,42.938138888888886]],[[3.767971944444444,46.45733277777778],[3.8222219444444443,46.36388888888889]],[[7.5911108333333335,43.10472194444445],[7.793332777777778,43.079999722222226]],[[4.108221944444444,45.83511083333334],[4.131666944444444,45.791666944444444]],[[6.103332777777777,44.15333277777778],[6.100832777777778,43.99138888888889]],[[5.623499722222222,44.38],[6.103332777777777,44.15333277777778]],[[6.412221944444445,43.22222194444445],[6.601805833333333,43.21947194444444]],[[2.7416669444444444,47.266666944444445],[2.8024999999999998,47.229999722222225]],[[8.37194388888889,43.01305583333333],[8.79138888888889,42.95305583333334]],[[6.601805833333333,43.21947194444444],[7.072971944444444,43.16594388888889]],[[8.90625,42.938138888888886],[9.211943888888888,42.89694388888889]],[[2.929360833333333,47.15299972222222],[2.9847219444444444,47.11833277777778]]]}},{"type":"Feature","properties":{"type":"lowAirway","uuid":"lowairway-a30","name":"A30"},"geometry":{"type":"MultiLineString","coordinates":[[[1.7418058333333335,50.88316694444445],[1.4666669444444445,50.92111083333333]],[[1.968332777777778,50.851666944444446],[1.7418058333333335,50.88316694444445]]]}},{"type":"Feature","properties":{"type":"lowAirway","uuid":"lowairway-a32","name":"A32"},"geometry":{"type":"MultiLineString","coordinates":[[[8.36444388888889,42.79944388888889],[7.793332777777778,43.079999722222226]],[[8.806582777777779,42.576971944444445],[8.528055833333335,42.71694388888889]],[[8.528055833333335,42.71694388888889],[8.36444388888889,42.79944388888889]]]}},{"type":"Feature","properties":{"type":"lowAirway","uuid":"lowairway-a34","name":"A34"},"geometry":{"type":"MultiLineString","coordinates":[[[1.064443888888889,47.428916944444445],[1.0549997222222223,47.02583277777778]],[[1.0333327777777777,46.516110833333336],[1.0255827777777777,45.81591694444444]],[[0.7444438888888888,48.253055833333335],[0.8466669444444445,47.99305583333334]],[[0.6483327777777778,48.49583277777778],[0.7444438888888888,48.253055833333335]],[[0.9605558333333333,45],[0.9204997222222222,44.5]],[[0.31272194444444446,49.31074972222222],[0.40194388888888893,49.10333277777778]],[[0.16333277777777777,49.68333277777778],[0.31272194444444446,49.31074972222222]],[[0.8466669444444445,47.99305583333334],[0.9072219444444445,47.837221944444444]],[[0.9043888888888889,44.29677777777778],[0.8728608333333333,43.88802777777778]],[[0.5302777777777778,48.79061083333333],[0.6483327777777778,48.49583277777778]],[[0.40194388888888893,49.10333277777778],[0.5302777777777778,48.79061083333333]],[[1.0255827777777777,45.81591694444444],[1.001943888888889,45.51638888888889]],[[1.001943888888889,45.51638888888889],[0.9694438888888889,45.117221944444445]],[[1.04875,46.88238888888889],[1.0333327777777777,46.516110833333336]],[[0.9694438888888889,45.117221944444445],[0.9605558333333333,45]],[[0.9204997222222222,44.5],[0.9043888888888889,44.29677777777778]],[[0,50.1],[0.16333277777777777,49.68333277777778]],[[1.0549997222222223,47.02583277777778],[1.04875,46.88238888888889]],[[0.9072219444444445,47.837221944444444],[1.064443888888889,47.428916944444445]]]}},{"type":"Feature","properties":{"type":"lowAirway","uuid":"lowairway-a361","name":"A361"},"geometry":{"type":"MultiLineString","coordinates":[[[0.9530558333333333,48.939166944444445],[1.2208608333333335,49.03169388888889]],[[0.5302777777777778,48.79061083333333],[0.9530558333333333,48.939166944444445]],[[0.5302777777777778,48.79061083333333],[-0.25,48.550555833333334]],[[-0.25,48.550555833333334],[-1.2822219444444445,48.21999972222223]],[[-1.2822219444444445,48.21999972222223],[-1.7416669444444446,48.069249722222224]]]}},{"type":"Feature","properties":{"type":"lowAirway","uuid":"lowairway-a43","name":"A43"},"geometry":{"type":"MultiLineString","coordinates":[[[-7.777221944444444,41.35861083333334],[-7.469721944444444,41.38583277777778]],[[-7.469721944444444,41.38583277777778],[-6.28,41.48305583333334]],[[-7.919721944444444,41.345555833333336],[-7.777221944444444,41.35861083333334]],[[-8.687832777777778,41.272999999999996],[-7.919721944444444,41.345555833333336]]]}},{"type":"Feature","properties":{"type":"lowAirway","uuid":"lowairway-a5","name":"A5"},"geometry":{"type":"MultiLineString","coordinates":[[[-0.9058327777777778,47.731388888888894],[-1.1105558333333334,47.562777777777775]],[[-0.25,48.25972194444444],[-0.9058327777777778,47.731388888888894]],[[-2.4005277777777776,46.72302777777778],[-2.091943888888889,46.89611083333333]],[[-8.492638888888887,39.66569388888889],[-8.536205833333334,40.0311]],[[0.5302777777777778,48.79061083333333],[0.15666694444444443,48.579999722222226]],[[-5.836666944444445,44.65888888888889],[-2.4005277777777776,46.72302777777778]],[[-8.616110833333334,40.691943888888886],[-8.687832777777778,41.272999999999996]],[[-1.2647219444444444,47.44055583333333],[-1.6129719444444446,47.16086083333333]],[[-2.091943888888889,46.89611083333333],[-1.6129719444444446,47.16086083333333]],[[-8.687832777777778,41.272999999999996],[-8.5975,41.85277777777778]],[[-8.5975,41.85277777777778],[-8.563416944444445,42.06791694444445]],[[0.15666694444444443,48.579999722222226],[-0.25,48.25972194444444]],[[-1.1105558333333334,47.562777777777775],[-1.2647219444444444,47.44055583333333]],[[-8.536205833333334,40.0311],[-8.616110833333334,40.691943888888886]]]}},{"type":"Feature","properties":{"type":"lowAirway","uuid":"lowairway-a53","name":"A53"},"geometry":{"type":"MultiLineString","coordinates":[[[-0.8518327777777778,47.53686083333333],[-0.45861083333333336,47.88472194444444]],[[-1.1902777777777778,46.83833277777778],[-1.1466669444444444,46.92999972222222]],[[-1.3508327777777778,46.5],[-1.1902777777777778,46.83833277777778]],[[-1.1466669444444444,46.92999972222222],[-0.8518327777777778,47.53686083333333]],[[-0.45861083333333336,47.88472194444444],[-0.25,48.06694388888889]],[[-0.25,48.06694388888889],[0.38194388888888886,48.392221944444444]]]}},{"type":"Feature","properties":{"type":"lowAirway","uuid":"lowairway-a532","name":"A532"},"geometry":{"type":"MultiLineString","coordinates":[[[-1.4408327777777779,47.64583277777778],[-1.5174999999999998,47.59972194444445]],[[-1.5174999999999998,47.59972194444445],[-1.6627777777777777,47.53555583333333]],[[-0.25,48.35],[-0.9399997222222223,47.95638888888889]],[[0.15666694444444443,48.579999722222226],[-0.25,48.35]],[[-0.9399997222222223,47.95638888888889],[-1.4408327777777779,47.64583277777778]]]}},{"type":"Feature","properties":{"type":"lowAirway","uuid":"lowairway-a6","name":"A6"},"geometry":{"type":"MultiLineString","coordinates":[[[3.932221944444444,48.71583277777778],[4.061666944444444,48.559999999999995]],[[4.952693888888889,46.5],[4.967777777777778,46.41583277777777]],[[4.061666944444444,48.559999999999995],[4.244443888888889,48.33777777777778]],[[4.585277777777778,42.416666944444444],[5.0868327777777775,43.38630583333333]],[[4.639693888888888,47.84672194444445],[5.097332777777777,47.270777777777774]],[[3.8699169444444443,48.79055583333333],[3.932221944444444,48.71583277777778]],[[3.8699169444444443,48.79055583333333],[3.6616669444444443,49.105555833333334]],[[4.985193888888889,46.32405583333334],[5.058721944444445,45.921749999999996]],[[4.905388888888889,43.908277777777776],[5.0868327777777775,43.38630583333333]],[[5.058721944444445,45.921749999999996],[5.090582777777778,45.74552777777778]],[[4.415,42.07972194444445],[4.585277777777778,42.416666944444444]],[[5.097332777777777,47.270777777777774],[4.952693888888889,46.5]],[[4.406666944444445,48.13444388888889],[4.639693888888888,47.84672194444445]],[[4.900388888888889,44.72552777777778],[4.779860833333333,44.554943888888886]],[[5.090582777777778,45.74552777777778],[5.132777777777777,45.374721944444445]],[[5.132777777777777,45.374721944444445],[5.16344388888889,45.10263888888889]],[[4.779860833333333,44.554943888888886],[4.905388888888889,43.908277777777776]],[[5.16344388888889,45.10263888888889],[4.900388888888889,44.72552777777778]],[[4.244443888888889,48.33777777777778],[4.406666944444445,48.13444388888889]],[[4.967777777777778,46.41583277777777],[4.985193888888889,46.32405583333334]]]}},{"type":"Feature","properties":{"type":"lowAirway","uuid":"lowairway-a605","name":"A605"},"geometry":{"type":"MultiLineString","coordinates":[[[6.608321944444444,36.29326388888889],[7.033332777777778,39]]]}},{"type":"Feature","properties":{"type":"lowAirway","uuid":"lowairway-a9","name":"A9"},"geometry":{"type":"MultiLineString","coordinates":[[[8.774666944444446,41.77052777777778],[8.812221944444445,41.333332777777784]],[[8.940277777777778,43.227221944444445],[8.90625,42.938138888888886]],[[8.828332777777778,42.251110833333335],[8.774666944444446,41.77052777777778]],[[8.891388888888889,42.80805583333333],[8.885832777777777,42.75527777777778]],[[8.885832777777777,42.75527777777778],[8.828332777777778,42.251110833333335]],[[8.90625,42.938138888888886],[8.891388888888889,42.80805583333333]],[[8.958332777777777,43.38833277777778],[8.940277777777778,43.227221944444445]]]}},{"type":"Feature","properties":{"type":"lowAirway","uuid":"lowairway-a975","name":"A975"},"geometry":{"type":"MultiLineString","coordinates":[[[-7.511943888888889,39.105555833333334],[-7.914166944444445,38.94555583333333]],[[-7.223332777777778,39.21944388888889],[-7.511943888888889,39.105555833333334]],[[-7.914166944444445,38.94555583333333],[-8.6225,38.65833277777778]]]}},{"type":"Feature","properties":{"type":"lowAirway","uuid":"lowairway-b13","name":"B13"},"geometry":{"type":"MultiLineString","coordinates":[[[3.932221944444444,48.71583277777778],[4.061666944444444,48.559999999999995]],[[4.061666944444444,48.559999999999995],[4.244443888888889,48.33777777777778]],[[3.8699169444444443,48.79055583333333],[3.932221944444444,48.71583277777778]],[[3.8699169444444443,48.79055583333333],[3.6616669444444443,49.105555833333334]],[[4.244443888888889,48.33777777777778],[5.249166944444444,47.906305833333334]]]}},{"type":"Feature","properties":{"type":"lowAirway","uuid":"lowairway-b19","name":"B19"},"geometry":{"type":"MultiLineString","coordinates":[[[-0.7211108333333334,44.82694388888889],[-0.31163888888888885,45.65955583333333]],[[-0.31163888888888885,45.65955583333333],[0.10472194444444445,46.290277777777774]],[[-0.6902777777777778,44.2],[-0.6940827777777778,44.27777777777778]],[[0.8247219444444445,47.166666944444444],[1.064443888888889,47.428916944444445]],[[0.29819388888888887,46.581],[0.8247219444444445,47.166666944444444]],[[-0.6940827777777778,44.27777777777778],[-0.7211108333333334,44.82694388888889]],[[0.10472194444444445,46.290277777777774],[0.29819388888888887,46.581]]]}},{"type":"Feature","properties":{"type":"lowAirway","uuid":"lowairway-b24","name":"B24"},"geometry":{"type":"MultiLineString","coordinates":[[[1.9071108333333333,50.62477777777778],[1.7418058333333335,50.88316694444445]],[[2.0613888888888887,50.34583277777778],[1.9071108333333333,50.62477777777778]],[[2.4894719444444444,49.552638888888886],[2.2566669444444445,49.99]],[[2.2566669444444445,49.99],[2.0613888888888887,50.34583277777778]]]}},{"type":"Feature","properties":{"type":"lowAirway","uuid":"lowairway-b25","name":"B25"},"geometry":{"type":"MultiLineString","coordinates":[[[3.957777777777778,46.1135],[5.090582777777778,45.74552777777778]],[[3.283332777777778,46.325],[3.957777777777778,46.1135]]]}},{"type":"Feature","properties":{"type":"lowAirway","uuid":"lowairway-b3","name":"B3"},"geometry":{"type":"MultiLineString","coordinates":[[[3.4472219444444447,49.90194388888889],[3.243332777777778,50]],[[3.1514997222222223,50.22813888888889],[1.968332777777778,50.851666944444446]],[[4.049166944444444,49.1375],[4.0453608333333335,49.311638888888886]],[[4.0453608333333335,49.311638888888886],[3.4472219444444447,49.90194388888889]],[[5.249166944444444,47.906305833333334],[4.822332777777778,48.228166944444446]],[[1.968332777777778,50.851666944444446],[1.6155308333333334,51.032868888888885]],[[4.058332777777777,48.79333277777778],[4.049166944444444,49.1375]],[[3.243332777777778,50],[3.1514997222222223,50.22813888888889]],[[4.822332777777778,48.228166944444446],[4.058332777777777,48.79333277777778]]]}},{"type":"Feature","properties":{"type":"lowAirway","uuid":"lowairway-b31","name":"B31"},"geometry":{"type":"MultiLineString","coordinates":[[[1.8241669444444444,43.954055833333335],[1.8969438888888888,43.33638888888889]],[[1.8969438888888888,43.33638888888889],[1.9288888888888887,43.07972194444445]],[[1.9288888888888887,43.07972194444445],[2.0084719444444445,42.36680583333333]]]}},{"type":"Feature","properties":{"type":"lowAirway","uuid":"lowairway-b373","name":"B373"},"geometry":{"type":"MultiLineString","coordinates":[[[3.8133327777777777,47.559999999999995],[3.9138888888888888,48.02583277777778]],[[3.637582777777778,48.45711083333334],[3.490388888888889,48.549388888888885]],[[3.9138888888888888,48.02583277777778],[3.963138888888889,48.251221944444445]],[[3.6316669444444445,46.70677777777778],[3.6794438888888887,46.93388888888889]],[[3.6794438888888887,46.93388888888889],[3.8133327777777777,47.559999999999995]],[[3.963138888888889,48.251221944444445],[3.637582777777778,48.45711083333334]]]}},{"type":"Feature","properties":{"type":"lowAirway","uuid":"lowairway-b384","name":"B384"},"geometry":{"type":"MultiLineString","coordinates":[[[2.867138888888889,42.75047194444444],[2.832110833333333,42.4515]]]}},{"type":"Feature","properties":{"type":"lowAirway","uuid":"lowairway-b60","name":"B60"},"geometry":{"type":"MultiLineString","coordinates":[[[-7.936388888888889,39.18333277777778],[-7.3025,39.329999722222226]]]}},{"type":"Feature","properties":{"type":"lowAirway","uuid":"lowairway-b734","name":"B734"},"geometry":{"type":"MultiLineString","coordinates":[[[5.076666944444444,36.71544388888889],[5.374721944444444,39]]]}},{"type":"Feature","properties":{"type":"lowAirway","uuid":"lowairway-g116","name":"G116"},"geometry":{"type":"MultiLineString","coordinates":[[[8.434721944444444,43.14555583333333],[8.79138888888889,42.95305583333334]]]}},{"type":"Feature","properties":{"type":"lowAirway","uuid":"lowairway-g17","name":"G17"},"geometry":{"type":"MultiLineString","coordinates":[[[0.8728608333333333,43.88802777777778],[0.5583327777777778,43.65138888888889]],[[0.5583327777777778,43.65138888888889],[0.47222194444444443,43.62416694444445]],[[-1.1356669444444445,43.41733277777777],[-1.5102777777777778,43.466638888888895]],[[0.21472194444444445,43.54194388888889],[-0.018416944444444444,43.46666694444445]],[[-0.018416944444444444,43.46666694444445],[-0.7166669444444445,43.36555583333333]],[[-0.7166669444444445,43.36555583333333],[-0.9,43.38694388888889]],[[-0.9,43.38694388888889],[-1.1356669444444445,43.41733277777777]],[[0.47222194444444443,43.62416694444445],[0.21472194444444445,43.54194388888889]]]}},{"type":"Feature","properties":{"type":"lowAirway","uuid":"lowairway-g21","name":"G21"},"geometry":{"type":"MultiLineString","coordinates":[[[4.106666944444444,47.06666694444445],[4.769999722222222,47.55833277777778]],[[3.452777777777778,46.648332777777775],[3.6316669444444445,46.70677777777778]],[[6.059416944444444,48.31783277777778],[6.391416944444445,48.658499722222224]],[[6.391416944444445,48.658499722222224],[6.434999722222223,48.7]],[[6.716221944444444,48.98644388888889],[7.039443888888889,49.172221944444445]],[[2.089443888888889,46.18999972222222],[2.1983327777777775,46.22749972222223]],[[4.769999722222222,47.55833277777778],[5.249166944444444,47.906305833333334]],[[3.1291669444444445,46.54183277777778],[3.22,46.57194388888889]],[[2.1983327777777775,46.22749972222223],[2.6033327777777777,46.36555583333333]],[[3.0534999999999997,46.51672194444444],[3.1291669444444445,46.54183277777778]],[[1.0255827777777777,45.81591694444444],[2.089443888888889,46.18999972222222]],[[3.22,46.57194388888889],[3.452777777777778,46.648332777777775]],[[6.434999722222223,48.7],[6.716221944444444,48.98644388888889]],[[3.6316669444444445,46.70677777777778],[4.106666944444444,47.06666694444445]],[[2.6033327777777777,46.36555583333333],[3.0534999999999997,46.51672194444444]],[[5.249166944444444,47.906305833333334],[6.059416944444444,48.31783277777778]]]}},{"type":"Feature","properties":{"type":"lowAirway","uuid":"lowairway-g26","name":"G26"},"geometry":{"type":"MultiLineString","coordinates":[[[5,37.98916694444445],[6.25,39]]]}},{"type":"Feature","properties":{"type":"lowAirway","uuid":"lowairway-g27","name":"G27"},"geometry":{"type":"MultiLineString","coordinates":[[[-1.4166669444444444,49.59138888888889],[-1.0822219444444445,49.79361083333333]],[[-0.455,49.928332777777776],[-0.36823277777777774,50]],[[-2.9511108333333333,48.71083277777778],[-2.4086108333333334,49.01888888888889]],[[-1.4899997222222223,49.54666694444444],[-1.4166669444444444,49.59138888888889]],[[-1.0822219444444445,49.79361083333333],[-0.455,49.928332777777776]],[[-3.6024719444444444,48.332638888888894],[-2.9511108333333333,48.71083277777778]],[[-2.046143888888889,49.22110583333333],[-1.8730558333333334,49.32333277777778]],[[-1.8730558333333334,49.32333277777778],[-1.4899997222222223,49.54666694444444]],[[-2.4086108333333334,49.01888888888889],[-2.046143888888889,49.22110583333333]]]}},{"type":"Feature","properties":{"type":"lowAirway","uuid":"lowairway-g271","name":"G271"},"geometry":{"type":"MultiLineString","coordinates":[[[-1.917499722222222,49.38527777777778],[-1.4899997222222223,49.54666694444444]]]}},{"type":"Feature","properties":{"type":"lowAirway","uuid":"lowairway-g272","name":"G272"},"geometry":{"type":"MultiLineString","coordinates":[[[-1.7955558333333332,49.21472194444445],[-1.4899997222222223,49.54666694444444]]]}},{"type":"Feature","properties":{"type":"lowAirway","uuid":"lowairway-g273","name":"G273"},"geometry":{"type":"MultiLineString","coordinates":[[[-0.455,49.928332777777776],[-1.1108327777777778,49.584721944444446]],[[-1.1108327777777778,49.584721944444446],[-1.3855558333333333,49.34111083333334]],[[-1.3855558333333333,49.34111083333334],[-1.6905558333333333,49.06694388888889]]]}},{"type":"Feature","properties":{"type":"lowAirway","uuid":"lowairway-g274","name":"G274"},"geometry":{"type":"MultiLineString","coordinates":[[[-0.4552777777777778,49.17319388888889],[-1.178332777777778,49.083332777777784]],[[-1.178332777777778,49.083332777777784],[-1.6905558333333333,49.06694388888889]]]}},{"type":"Feature","properties":{"type":"lowAirway","uuid":"lowairway-g28","name":"G28"},"geometry":{"type":"MultiLineString","coordinates":[[[1.4777777777777779,46.47416694444445],[1.8011388888888888,46.93661083333333]],[[1.0255827777777777,45.81591694444444],[1.4777777777777779,46.47416694444445]]]}},{"type":"Feature","properties":{"type":"lowAirway","uuid":"lowairway-g36","name":"G36"},"geometry":{"type":"MultiLineString","coordinates":[[[1.6474997222222223,44.37861083333333],[1.7594438888888888,44.10999972222223]],[[1.428332777777778,44.89277777777778],[1.4775,44.780277777777776]],[[2.029888888888889,43.71508277777778],[2.251943888888889,43.467777777777776]],[[1.8241669444444444,43.954055833333335],[2.029888888888889,43.71508277777778]],[[1.7594438888888888,44.10999972222223],[1.8241669444444444,43.954055833333335]],[[1.5302777777777776,44.65416694444444],[1.6474997222222223,44.37861083333333]],[[1.0255827777777777,45.81591694444444],[1.2380558333333334,45.33277777777778]],[[1.2380558333333334,45.33277777777778],[1.428332777777778,44.89277777777778]],[[2.251943888888889,43.467777777777776],[2.3572219444444444,43.34777777777778]],[[2.493332777777778,43.18999972222222],[2.867138888888889,42.75047194444444]],[[1.4775,44.780277777777776],[1.5302777777777776,44.65416694444444]],[[2.3572219444444444,43.34777777777778],[2.493332777777778,43.18999972222222]]]}},{"type":"Feature","properties":{"type":"lowAirway","uuid":"lowairway-g374","name":"G374"},"geometry":{"type":"MultiLineString","coordinates":[[[6.66388888888889,43.867777777777775],[7.094443888888889,43.478610833333335]],[[7.621388888888889,43.301943888888886],[8.37194388888889,43.01305583333333]],[[7.621388888888889,43.301943888888886],[7.094443888888889,43.478610833333335]],[[6.103332777777777,44.15333277777778],[6.66388888888889,43.867777777777775]],[[8.676943888888887,42.89333277777778],[9.104443888888888,42.72305583333333]],[[9.104443888888888,42.72305583333333],[9.474832777777777,42.57358277777778]],[[8.37194388888889,43.01305583333333],[8.676943888888887,42.89333277777778]]]}},{"type":"Feature","properties":{"type":"lowAirway","uuid":"lowairway-g39","name":"G39"},"geometry":{"type":"MultiLineString","coordinates":[[[2.8691669444444443,43.774166944444445],[2.578749722222222,43.82794388888889]],[[2.578749722222222,43.82794388888889],[2.021638888888889,43.92155583333333]],[[1.8241669444444444,43.954055833333335],[0.9043888888888889,44.29677777777778]],[[0.9043888888888889,44.29677777777778],[0.5152777777777777,44.43861083333333]],[[2.021638888888889,43.92155583333333],[1.8241669444444444,43.954055833333335]],[[0.5152777777777777,44.43861083333333],[-0.15291694444444442,44.67680583333333]]]}},{"type":"Feature","properties":{"type":"lowAirway","uuid":"lowairway-g393","name":"G393"},"geometry":{"type":"MultiLineString","coordinates":[[[2.8691669444444443,43.774166944444445],[2.029888888888889,43.71508277777778]],[[3.0233327777777776,43.7475],[2.8691669444444443,43.774166944444445]],[[2.029888888888889,43.71508277777778],[1.3098058333333333,43.68083277777777]],[[3.9747219444444446,43.578360833333335],[3.5295558333333332,43.65808277777778]],[[3.5295558333333332,43.65808277777778],[3.0233327777777776,43.7475]]]}},{"type":"Feature","properties":{"type":"lowAirway","uuid":"lowairway-g40","name":"G40"},"geometry":{"type":"MultiLineString","coordinates":[[[4.061666944444444,48.559999999999995],[4.058332777777777,48.79333277777778]],[[4.259138888888889,46.80594388888888],[3.963138888888889,48.251221944444445]],[[3.963138888888889,48.251221944444445],[4.061666944444444,48.559999999999995]],[[4.058332777777777,48.79333277777778],[3.5776938888888887,49.137749722222225]]]}},{"type":"Feature","properties":{"type":"lowAirway","uuid":"lowairway-g41","name":"G41"},"geometry":{"type":"MultiLineString","coordinates":[[[-8.492638888888887,39.66569388888889],[-7.885832777777777,40.723416944444445]],[[-7.885832777777777,40.723416944444445],[-7.469721944444444,41.38583277777778]]]}},{"type":"Feature","properties":{"type":"lowAirway","uuid":"lowairway-g414","name":"G414"},"geometry":{"type":"MultiLineString","coordinates":[[[-7.604777777777778,41.85558277777778],[-8.058332777777778,41.61416694444445]],[[-8.058332777777778,41.61416694444445],[-8.687832777777778,41.272999999999996]]]}},{"type":"Feature","properties":{"type":"lowAirway","uuid":"lowairway-g42","name":"G42"},"geometry":{"type":"MultiLineString","coordinates":[[[6.6657777777777785,47.67258277777778],[7.4995,47.632805833333336]],[[6.295582777777778,47.68827777777778],[6.6657777777777785,47.67258277777778]]]}},{"type":"Feature","properties":{"type":"lowAirway","uuid":"lowairway-g52","name":"G52"},"geometry":{"type":"MultiLineString","coordinates":[[[-8.3925,39.16749972222222],[-7.914610833333334,39.56466694444444]],[[-7.914610833333334,39.56466694444444],[-7.1091669444444445,40.29055583333333]],[[-7.1091669444444445,40.29055583333333],[-6.722777777777778,40.62277777777778]]]}},{"type":"Feature","properties":{"type":"lowAirway","uuid":"lowairway-g53","name":"G53"},"geometry":{"type":"MultiLineString","coordinates":[[[4.317416944444444,45.064166944444445],[4.483166944444444,45.128055833333335]],[[4.483166944444444,45.128055833333335],[4.638721944444444,45.187638888888884]],[[4.638721944444444,45.187638888888884],[5.132777777777777,45.374721944444445]],[[5.132777777777777,45.374721944444445],[5.439055833333334,45.488971944444444]],[[3.1624169444444443,44.608360833333336],[3.562860833333333,44.76852777777778]],[[4.195860833333334,45.017110833333334],[4.317416944444444,45.064166944444445]],[[3.562860833333333,44.76852777777778],[4.195860833333334,45.017110833333334]]]}},{"type":"Feature","properties":{"type":"lowAirway","uuid":"lowairway-g54","name":"G54"},"geometry":{"type":"MultiLineString","coordinates":[[[2.5297219444444443,47.66583277777777],[2.2016669444444448,47.34]],[[-0.4583327777777778,46.583332777777784],[-0.25,46.579999722222226]],[[-0.25,46.579999722222226],[0.29819388888888887,46.581]],[[2.1791669444444444,47.31777777777778],[1.8011388888888888,46.93661083333333]],[[2.6233327777777777,47.7575],[2.571110833333333,47.706110833333334]],[[2.571110833333333,47.706110833333334],[2.5297219444444443,47.66583277777777]],[[-0.8611108333333333,46.583332777777784],[-0.4583327777777778,46.583332777777784]],[[1.04875,46.88238888888889],[1.8011388888888888,46.93661083333333]],[[0.29819388888888887,46.581],[1.04875,46.88238888888889]],[[2.7622219444444442,47.893610833333334],[2.6233327777777777,47.7575]],[[-1.3908327777777778,46.598888888888894],[-0.8611108333333333,46.583332777777784]],[[2.2016669444444448,47.34],[2.1791669444444444,47.31777777777778]]]}},{"type":"Feature","properties":{"type":"lowAirway","uuid":"lowairway-g6","name":"G6"},"geometry":{"type":"MultiLineString","coordinates":[[[6.7166669444444445,39],[7.814582777777778,36.83244388888889]]]}},{"type":"Feature","properties":{"type":"lowAirway","uuid":"lowairway-g7","name":"G7"},"geometry":{"type":"MultiLineString","coordinates":[[[6.13444388888889,43.22611083333334],[6.014443888888889,43.227221944444445]],[[6.13444388888889,43.22611083333334],[6.412221944444445,43.22222194444445]],[[4.776916944444444,43.05616694444444],[4.000277777777778,42.20916694444445]],[[6.014443888888889,43.227221944444445],[5.891110833333333,43.22819388888889]],[[5.0868327777777775,43.38630583333333],[4.776916944444444,43.05616694444444]],[[5.665416944444445,43.22983277777778],[5.328416944444444,43.294193888888884]],[[5.328416944444444,43.294193888888884],[5.0868327777777775,43.38630583333333]],[[5.891110833333333,43.22819388888889],[5.665416944444445,43.22983277777778]]]}},{"type":"Feature","properties":{"type":"lowAirway","uuid":"lowairway-g701","name":"G701"},"geometry":{"type":"MultiLineString","coordinates":[[[6.119721944444444,43.391666944444445],[6.2559169444444445,43.382777777777775]],[[5.216416944444445,43.43824972222222],[5.730832777777778,43.41305583333333]],[[5.0868327777777775,43.38630583333333],[5.216416944444445,43.43824972222222]],[[5.992499722222222,43.398610833333336],[6.119721944444444,43.391666944444445]],[[5.891110833333333,43.40416694444444],[5.992499722222222,43.398610833333336]],[[5.730832777777778,43.41305583333333],[5.891110833333333,43.40416694444444]]]}},{"type":"Feature","properties":{"type":"lowAirway","uuid":"lowairway-g702","name":"G702"},"geometry":{"type":"MultiLineString","coordinates":[[[8.940277777777778,43.227221944444445],[9.083332777777777,43.053888888888885]],[[9.083332777777777,43.053888888888885],[9.211943888888888,42.89694388888889]],[[9.211943888888888,42.89694388888889],[9.474832777777777,42.57358277777778]]]}},{"type":"Feature","properties":{"type":"lowAirway","uuid":"lowairway-g869","name":"G869"},"geometry":{"type":"MultiLineString","coordinates":[[[8.883610833333332,37.97944388888889],[8.883610833333332,38.527499999999996]]]}},{"type":"Feature","properties":{"type":"lowAirway","uuid":"lowairway-h20","name":"H20"},"geometry":{"type":"MultiLineString","coordinates":[[[1.6261108333333334,49.924166944444444],[1.170638888888889,49.92538888888889]],[[0.7444438888888888,48.253055833333335],[0.8466669444444445,47.99305583333334]],[[3.4472219444444447,49.90194388888889],[2.839999722222222,49.9125]],[[0.6483327777777778,48.49583277777778],[0.7444438888888888,48.253055833333335]],[[1.2858327777777776,47.86277777777778],[2.0161108333333333,47.97555583333334]],[[0.8077777777777778,49.28638888888889],[0.6916669444444444,49.078610833333336]],[[3.964999722222222,49.796388888888885],[3.4472219444444447,49.90194388888889]],[[0.6916669444444444,49.078610833333336],[0.5302777777777778,48.79061083333333]],[[0.8466669444444445,47.99305583333334],[1.2858327777777776,47.86277777777778]],[[0.5302777777777778,48.79061083333333],[0.6483327777777778,48.49583277777778]],[[1.170638888888889,49.92538888888889],[1.0027777777777778,49.63138888888889]],[[1.0027777777777778,49.63138888888889],[0.8077777777777778,49.28638888888889]],[[2.0161108333333333,47.97555583333334],[2.264777777777778,48.155582777777774]],[[2.839999722222222,49.9125],[2.4511108333333333,49.91777777777777]],[[2.4511108333333333,49.91777777777777],[1.6261108333333334,49.924166944444444]]]}},{"type":"Feature","properties":{"type":"lowAirway","uuid":"lowairway-h22","name":"H22"},"geometry":{"type":"MultiLineString","coordinates":[[[1.854693888888889,50.13513888888889],[1.6261108333333334,49.924166944444444]]]}},{"type":"Feature","properties":{"type":"lowAirway","uuid":"lowairway-h34","name":"H34"},"geometry":{"type":"MultiLineString","coordinates":[[[-0.8518327777777778,47.53686083333333],[-0.25,47.853055833333336]],[[-2.8811108333333335,47.583332777777784],[-2.5786108333333333,47.48444388888889]],[[-3.1566669444444444,47.74388888888889],[-2.8811108333333335,47.583332777777784]],[[-3.1566669444444444,47.74388888888889],[-3.566666944444444,47.89472194444444]],[[-2.3258327777777774,47.40083277777778],[-1.6129719444444446,47.16086083333333]],[[0.8466669444444445,47.99305583333334],[1.3870827777777777,48.05916694444444]],[[0.41333277777777777,47.93944388888889],[0.8466669444444445,47.99305583333334]],[[-2.5786108333333333,47.48444388888889],[-2.3258327777777774,47.40083277777778]],[[-1.6129719444444446,47.16086083333333],[-1.3830558333333334,47.275555833333335]],[[-1.3830558333333334,47.275555833333335],[-0.9538888888888889,47.48694388888889]],[[-3.566666944444444,47.89472194444444],[-3.750805833333333,47.96152777777778]],[[-0.25,47.853055833333336],[0.20166694444444447,47.9125]],[[-0.9538888888888889,47.48694388888889],[-0.8518327777777778,47.53686083333333]],[[0.20166694444444447,47.9125],[0.41333277777777777,47.93944388888889]]]}},{"type":"Feature","properties":{"type":"lowAirway","uuid":"lowairway-h38","name":"H38"},"geometry":{"type":"MultiLineString","coordinates":[[[4.131666944444444,45.791666944444444],[3.5535827777777778,45.88183277777778]],[[5.439055833333334,45.488971944444444],[4.890555833333333,45.668055833333334]],[[4.514,45.73005583333334],[4.131666944444444,45.791666944444444]],[[4.648860833333333,45.70802777777778],[4.514,45.73005583333334]],[[4.890555833333333,45.668055833333334],[4.648860833333333,45.70802777777778]]]}},{"type":"Feature","properties":{"type":"lowAirway","uuid":"lowairway-h40","name":"H40"},"geometry":{"type":"MultiLineString","coordinates":[[[1.854693888888889,50.13513888888889],[2.2566669444444445,49.99]],[[2.2566669444444445,49.99],[2.4511108333333333,49.91777777777777]]]}},{"type":"Feature","properties":{"type":"lowAirway","uuid":"lowairway-h490","name":"H490"},"geometry":{"type":"MultiLineString","coordinates":[[[-0.25,48.929721944444445],[-1.178332777777778,49.083332777777784]],[[0.5302777777777778,48.79061083333333],[-0.25,48.929721944444445]]]}},{"type":"Feature","properties":{"type":"lowAirway","uuid":"lowairway-h9","name":"H9"},"geometry":{"type":"MultiLineString","coordinates":[[[4.0453608333333335,49.311638888888886],[4.264999722222222,49.25333277777778]]]}},{"type":"Feature","properties":{"type":"lowAirway","uuid":"lowairway-j10","name":"J10"},"geometry":{"type":"MultiLineString","coordinates":[[[4.049166944444444,49.1375],[4.264999722222222,49.25333277777778]],[[3.5508327777777775,49.086110833333336],[4.009443888888889,49.11611083333334]],[[4.009443888888889,49.11611083333334],[4.049166944444444,49.1375]]]}},{"type":"Feature","properties":{"type":"lowAirway","uuid":"lowairway-j116","name":"J116"},"geometry":{"type":"MultiLineString","coordinates":[[[-0.4552777777777778,49.17319388888889],[0.2908327777777778,49.21083277777778]],[[1.5705558333333334,49.299971944444444],[1.7572777777777777,49.29172194444444]],[[0.2908327777777778,49.21083277777778],[0.6133327777777777,49.20277777777778]],[[0.6133327777777777,49.20277777777778],[0.9333327777777778,49.19472194444444]],[[0.9333327777777778,49.19472194444444],[1.5705558333333334,49.299971944444444]]]}},{"type":"Feature","properties":{"type":"lowAirway","uuid":"lowairway-j150","name":"J150"},"geometry":{"type":"MultiLineString","coordinates":[[[1.5883327777777778,49.61749972222222],[1.7665277777777777,49.605221944444445]],[[0.8479997222222223,50.18655583333333],[1.2866669444444443,49.93861083333333]],[[1.2866669444444443,49.93861083333333],[1.5011108333333334,49.71027777777778]],[[1.5011108333333334,49.71027777777778],[1.5883327777777778,49.61749972222222]]]}},{"type":"Feature","properties":{"type":"lowAirway","uuid":"lowairway-j151","name":"J151"},"geometry":{"type":"MultiLineString","coordinates":[[[1.5011108333333334,49.71027777777778],[1.606443888888889,49.455443888888894]]]}},{"type":"Feature","properties":{"type":"lowAirway","uuid":"lowairway-j18","name":"J18"},"geometry":{"type":"MultiLineString","coordinates":[[[2.299999722222222,48.28333277777778],[2.264777777777778,48.155582777777774]],[[2.22,47.57666694444445],[2.2016669444444448,47.34]],[[2.264777777777778,48.155582777777774],[2.22,47.57666694444445]]]}},{"type":"Feature","properties":{"type":"lowAirway","uuid":"lowairway-j19","name":"J19"},"geometry":{"type":"MultiLineString","coordinates":[[[9.036943888888889,41.333332777777784],[8.774666944444446,41.77052777777778]]]}},{"type":"Feature","properties":{"type":"lowAirway","uuid":"lowairway-j20","name":"J20"},"geometry":{"type":"MultiLineString","coordinates":[[[1.8850827777777777,49.899749722222225],[1.854693888888889,50.13513888888889]]]}},{"type":"Feature","properties":{"type":"lowAirway","uuid":"lowairway-j22","name":"J22"},"geometry":{"type":"MultiLineString","coordinates":[[[2.3686108333333333,49.78527777777778],[2.026416944444444,50.37188888888889]]]}},{"type":"Feature","properties":{"type":"lowAirway","uuid":"lowairway-j250","name":"J250"},"geometry":{"type":"MultiLineString","coordinates":[[[0.9333327777777778,49.19472194444444],[1.606443888888889,49.455443888888894]]]}},{"type":"Feature","properties":{"type":"lowAirway","uuid":"lowairway-j251","name":"J251"},"geometry":{"type":"MultiLineString","coordinates":[[[1.2136108333333333,49.587499722222226],[1.5883327777777778,49.61749972222222]],[[0.6133327777777777,49.20277777777778],[1.2136108333333333,49.587499722222226]]]}},{"type":"Feature","properties":{"type":"lowAirway","uuid":"lowairway-j27","name":"J27"},"geometry":{"type":"MultiLineString","coordinates":[[[2.8691669444444443,43.774166944444445],[2.987499722222222,44.11469388888889]],[[2.987499722222222,44.11469388888889],[3.1624169444444443,44.608360833333336]],[[2.8686108333333333,43.17194388888888],[2.8691669444444443,43.774166944444445]],[[2.8686108333333333,43.17194388888888],[2.867138888888889,42.75047194444444]]]}},{"type":"Feature","properties":{"type":"lowAirway","uuid":"lowairway-j301","name":"J301"},"geometry":{"type":"MultiLineString","coordinates":[[[3.8086108333333333,47.95916694444445],[3.567499722222222,47.96611083333334]],[[3.2061108333333337,48.20213888888889],[3.062943888888889,48.295027777777776]],[[4.0313888888888885,47.952221944444446],[3.8086108333333333,47.95916694444445]],[[3.567499722222222,47.96611083333334],[3.2061108333333337,48.20213888888889]],[[5.249166944444444,47.906305833333334],[4.0313888888888885,47.952221944444446]]]}},{"type":"Feature","properties":{"type":"lowAirway","uuid":"lowairway-j302","name":"J302"},"geometry":{"type":"MultiLineString","coordinates":[[[3.963138888888889,48.251221944444445],[3.7320277777777777,48.53883277777778]]]}},{"type":"Feature","properties":{"type":"lowAirway","uuid":"lowairway-j34","name":"J34"},"geometry":{"type":"MultiLineString","coordinates":[[[4.721943888888889,46.29361083333333],[3.6316669444444445,46.70677777777778]]]}},{"type":"Feature","properties":{"type":"lowAirway","uuid":"lowairway-j55","name":"J55"},"geometry":{"type":"MultiLineString","coordinates":[[[0.1799997222222222,47.166666944444444],[0.08611083333333333,47.59638888888889]],[[0.08611083333333333,47.59638888888889],[0.20166694444444447,47.9125]],[[0.29819388888888887,46.581],[0.1799997222222222,47.166666944444444]],[[0.38194388888888886,48.392221944444444],[0.5302777777777778,48.79061083333333]],[[0.20166694444444447,47.9125],[0.38194388888888886,48.392221944444444]]]}},{"type":"Feature","properties":{"type":"lowAirway","uuid":"lowairway-j685","name":"J685"},"geometry":{"type":"MultiLineString","coordinates":[[[5.633332777777778,43.01277777777778],[5.326443888888889,43.37733277777778]]]}},{"type":"Feature","properties":{"type":"lowAirway","uuid":"lowairway-j924","name":"J924"},"geometry":{"type":"MultiLineString","coordinates":[[[3.4197219444444444,46.13722194444444],[3.999277777777778,46.05916694444444]],[[2.930832777777778,46.20055583333334],[3.112777777777778,46.17722194444444]],[[3.112777777777778,46.17722194444444],[3.4197219444444444,46.13722194444444]]]}},{"type":"Feature","properties":{"type":"lowAirway","uuid":"lowairway-l10","name":"L10"},"geometry":{"type":"MultiLineString","coordinates":[[[1.3590858333333333,51.162621944444446],[1.6155308333333334,51.032868888888885]]]}},{"type":"Feature","properties":{"type":"lowAirway","uuid":"lowairway-l110","name":"L110"},"geometry":{"type":"MultiLineString","coordinates":[[[3.2088608333333335,41.947693888888885],[4.415,42.07972194444445]],[[2.771860833333333,41.93124972222222],[3.2088608333333335,41.947693888888885]],[[1.6183058333333333,41.77163888888889],[2.072082777777778,41.83675]],[[0.6480277777777778,41.55291694444444],[1.1134719444444445,41.697916944444444]],[[2.072082777777778,41.83675],[2.771860833333333,41.93124972222222]],[[0.5111108333333333,41.487471944444444],[0.6480277777777778,41.55291694444444]],[[1.1134719444444445,41.697916944444444],[1.6183058333333333,41.77163888888889]],[[0.2186938888888889,41.34669388888889],[0.5111108333333333,41.487471944444444]]]}},{"type":"Feature","properties":{"type":"lowAirway","uuid":"lowairway-l127","name":"L127"},"geometry":{"type":"MultiLineString","coordinates":[[[9.75,42.82277777777778],[10.395721944444444,42.730693888888894]]]}},{"type":"Feature","properties":{"type":"lowAirway","uuid":"lowairway-l129","name":"L129"},"geometry":{"type":"MultiLineString","coordinates":[[[2.821666944444444,39.523332777777775],[2.7583058333333335,39.43519388888888]],[[3.3924719444444444,40.43966694444444],[3.1145827777777777,39.92744388888889]],[[2.2281108333333335,38.750971944444444],[2.161388888888889,38.66361083333333]],[[2.7583058333333335,39.43519388888888],[2.6105558333333336,39.24611083333333]],[[2.161388888888889,38.66361083333333],[1.9169438888888888,38.34222194444445]],[[3.1145827777777777,39.92744388888889],[2.821666944444444,39.523332777777775]],[[2.6105558333333336,39.24611083333333],[2.2281108333333335,38.750971944444444]],[[3.756943888888889,41.152971944444445],[3.3924719444444444,40.43966694444444]]]}},{"type":"Feature","properties":{"type":"lowAirway","uuid":"lowairway-l14","name":"L14"},"geometry":{"type":"MultiLineString","coordinates":[[[-3.221027777777778,43],[-4.1091388888888885,42.027610833333334]],[[-2.925360833333333,43.30419388888889],[-3.221027777777778,43]],[[-2.925360833333333,43.30419388888889],[-2.840277777777778,43.94861083333333]],[[-4.1091388888888885,42.027610833333334],[-4.964721944444444,41.28805583333333]],[[-5.808277777777778,40.53524972222222],[-6.373610833333333,40.01777777777777]],[[-4.964721944444444,41.28805583333333],[-5.808277777777778,40.53524972222222]]]}},{"type":"Feature","properties":{"type":"lowAirway","uuid":"lowairway-l146","name":"L146"},"geometry":{"type":"MultiLineString","coordinates":[[[9.474832777777777,42.57358277777778],[9.75,42.62138888888889]],[[8.828332777777778,42.251110833333335],[9.474832777777777,42.57358277777778]],[[9.75,42.62138888888889],[9.866666944444445,42.64138888888889]],[[9.866666944444445,42.64138888888889],[10.395721944444444,42.730693888888894]]]}},{"type":"Feature","properties":{"type":"lowAirway","uuid":"lowairway-l149","name":"L149"},"geometry":{"type":"MultiLineString","coordinates":[[[-3.2956138888888886,50.47174694444445],[-3.131705833333333,50.371274722222225]],[[-3.463952777777778,50.57425277777778],[-3.2956138888888886,50.47174694444445]],[[-3.131705833333333,50.371274722222225],[-2.8249999999999997,50]]]}},{"type":"Feature","properties":{"type":"lowAirway","uuid":"lowairway-l150","name":"L150"},"geometry":{"type":"MultiLineString","coordinates":[[[-1.2629997222222222,39.024388888888886],[-0.9986669444444444,38.738305833333335]],[[-2.544610833333333,40.37197194444445],[-3.246638888888889,40.853860833333336]],[[-2.544610833333333,40.37197194444445],[-2.4104438888888886,40.23294388888889]],[[-1.745193888888889,39.538777777777774],[-1.4954719444444444,39.27349972222222]],[[-2.1745558333333332,39.988860833333334],[-1.745193888888889,39.538777777777774]],[[-0.9986669444444444,38.738305833333335],[-0.5701108333333333,38.268277777777776]],[[-1.4954719444444444,39.27349972222222],[-1.2629997222222222,39.024388888888886]],[[-2.4104438888888886,40.23294388888889],[-2.1745558333333332,39.988860833333334]]]}},{"type":"Feature","properties":{"type":"lowAirway","uuid":"lowairway-l151","name":"L151"},"geometry":{"type":"MultiLineString","coordinates":[[[-0.07611083333333334,50.20944388888889],[0,50.1]],[[-1.049218888888889,51.47058888888889],[-0.6250027777777778,51.05395277777777]],[[-0.6250027777777778,51.05395277777777],[-0.07611083333333334,50.20944388888889]]]}},{"type":"Feature","properties":{"type":"lowAirway","uuid":"lowairway-l153","name":"L153"},"geometry":{"type":"MultiLineString","coordinates":[[[10.351666944444444,44.16555583333333],[10.293332777777778,44.82222194444445]],[[8.58888888888889,45.836666944444445],[8.375,45.92944388888888]],[[10.370277777777778,43.92583277777778],[10.351666944444444,44.16555583333333]],[[10.391555833333333,43.676582777777774],[10.370277777777778,43.92583277777778]],[[9.726110833333333,45.19361083333333],[10.293332777777778,44.82222194444445]],[[9.021582777777779,45.64597194444445],[8.58888888888889,45.836666944444445]],[[9.021582777777779,45.64597194444445],[9.726110833333333,45.19361083333333]]]}},{"type":"Feature","properties":{"type":"lowAirway","uuid":"lowairway-l155","name":"L155"},"geometry":{"type":"MultiLineString","coordinates":[[[-6.28,41.48305583333334],[-5.639693888888888,41.53019388888889]],[[-4.549888888888889,40.624610833333335],[-4.2494169444444445,40.36866694444444]],[[-3.464027777777778,39.78074972222222],[-4.2494169444444445,40.36866694444444]],[[-5.639693888888888,41.53019388888889],[-4.549888888888889,40.624610833333335]]]}},{"type":"Feature","properties":{"type":"lowAirway","uuid":"lowairway-l16","name":"L16"},"geometry":{"type":"MultiLineString","coordinates":[[[3.4886108333333334,41.544805833333335],[3.756943888888889,41.152971944444445]],[[3.2088608333333335,41.947693888888885],[3.357888888888889,41.73377777777778]],[[3.357888888888889,41.73377777777778],[3.4886108333333334,41.544805833333335]],[[3.8069438888888887,41.015277777777776],[3.9918608333333334,40.5]],[[3.756943888888889,41.152971944444445],[3.8069438888888887,41.015277777777776]]]}},{"type":"Feature","properties":{"type":"lowAirway","uuid":"lowairway-l173","name":"L173"},"geometry":{"type":"MultiLineString","coordinates":[[[10.107060833333334,48.85463277777778],[9.748063888888888,48.88263583333333]],[[9.748063888888888,48.88263583333333],[9.340227777777779,48.912974999999996]],[[10.418610833333332,48.82944388888889],[10.107060833333334,48.85463277777778]]]}},{"type":"Feature","properties":{"type":"lowAirway","uuid":"lowairway-l176","name":"L176"},"geometry":{"type":"MultiLineString","coordinates":[[[-2.0947219444444447,43.098443888888895],[-1.8303888888888888,43.31119388888889]],[[-2.2363608333333334,42.98372194444445],[-2.0947219444444447,43.098443888888895]],[[-2.880693888888889,42.45330583333334],[-2.2363608333333334,42.98372194444445]]]}},{"type":"Feature","properties":{"type":"lowAirway","uuid":"lowairway-l18","name":"L18"},"geometry":{"type":"MultiLineString","coordinates":[[[0.11612194444444446,51.017182777777776],[0.9530808333333333,51.11666694444445]],[[-0.6250027777777778,51.05395277777777],[0.11612194444444446,51.017182777777776]],[[-1.0451108333333334,51.253880833333334],[-0.6250027777777778,51.05395277777777]]]}},{"type":"Feature","properties":{"type":"lowAirway","uuid":"lowairway-l184","name":"L184"},"geometry":{"type":"MultiLineString","coordinates":[[[-3.246638888888889,40.853860833333336],[-2.629777777777778,41.32355583333334]]]}},{"type":"Feature","properties":{"type":"lowAirway","uuid":"lowairway-l185","name":"L185"},"geometry":{"type":"MultiLineString","coordinates":[[[-4.611110833333333,40.23333277777778],[-5.544721944444444,39.87583277777778]],[[-4.2494169444444445,40.36866694444444],[-4.611110833333333,40.23333277777778]],[[-7.3025,39.329999722222226],[-6.434721944444445,39.524499999999996]],[[-5.544721944444444,39.87583277777778],[-6.434721944444445,39.524499999999996]]]}},{"type":"Feature","properties":{"type":"lowAirway","uuid":"lowairway-l2","name":"L2"},"geometry":{"type":"MultiLineString","coordinates":[[[2.3958608333333333,39.54944388888889],[2.0955558333333335,40.283027777777775]],[[2.0955558333333335,40.283027777777775],[1.9248327777777776,40.69274972222222]],[[1.9248327777777776,40.69274972222222],[1.7058608333333334,41.210638888888894]]]}},{"type":"Feature","properties":{"type":"lowAirway","uuid":"lowairway-l22","name":"L22"},"geometry":{"type":"MultiLineString","coordinates":[[[-3.173071944444444,50],[-3.319160833333333,50.055477777777774]]]}},{"type":"Feature","properties":{"type":"lowAirway","uuid":"lowairway-l27","name":"L27"},"geometry":{"type":"MultiLineString","coordinates":[[[-3.221388888888889,39],[-3.0277777777777777,39.399138888888885]],[[-3.6247219444444445,38.15255583333333],[-3.221388888888889,39]],[[-2.078027777777778,41.07908277777778],[-1.2127777777777777,42.09861083333334]],[[-2.544610833333333,40.37197194444445],[-2.078027777777778,41.07908277777778]],[[-2.933888888888889,39.59],[-2.544610833333333,40.37197194444445]],[[-3.0277777777777777,39.399138888888885],[-2.933888888888889,39.59]]]}},{"type":"Feature","properties":{"type":"lowAirway","uuid":"lowairway-l34","name":"L34"},"geometry":{"type":"MultiLineString","coordinates":[[[-0.48305583333333335,39.48563888888889],[-0.5701108333333333,38.268277777777776]],[[-0.48305583333333335,39.48563888888889],[0.14305583333333333,40.23083277777778]]]}},{"type":"Feature","properties":{"type":"lowAirway","uuid":"lowairway-l37","name":"L37"},"geometry":{"type":"MultiLineString","coordinates":[[[-7.258268888888889,50.851755833333335],[-7.567957777777777,51.23993888888889]]]}},{"type":"Feature","properties":{"type":"lowAirway","uuid":"lowairway-l38","name":"L38"},"geometry":{"type":"MultiLineString","coordinates":[[[-6.970010833333333,51.02258277777778],[-7.417777777777778,51.322499722222226]]]}},{"type":"Feature","properties":{"type":"lowAirway","uuid":"lowairway-l42","name":"L42"},"geometry":{"type":"MultiLineString","coordinates":[[[8.243888888888888,40.62813888888889],[8.483055833333333,41.14694388888889]],[[8.483055833333333,41.14694388888889],[8.57,41.333332777777784]],[[8.57,41.333332777777784],[8.774666944444446,41.77052777777778]]]}},{"type":"Feature","properties":{"type":"lowAirway","uuid":"lowairway-l45","name":"L45"},"geometry":{"type":"MultiLineString","coordinates":[[[-0.8377777777777778,39.4125],[-0.48305583333333335,39.48563888888889]],[[-1.4954719444444444,39.27349972222222],[-0.8377777777777778,39.4125]],[[0.4833327777777778,38.924166944444444],[1.771388888888889,38.14888888888889]],[[0.4833327777777778,38.924166944444444],[-0.48305583333333335,39.48563888888889]]]}},{"type":"Feature","properties":{"type":"lowAirway","uuid":"lowairway-l47","name":"L47"},"geometry":{"type":"MultiLineString","coordinates":[[[6.007221944444445,46.39311083333333],[6.019555833333333,46.72702777777778]],[[6.019555833333333,46.72702777777778],[6.026388888888889,46.984166944444446]]]}},{"type":"Feature","properties":{"type":"lowAirway","uuid":"lowairway-l5","name":"L5"},"geometry":{"type":"MultiLineString","coordinates":[[[8.243888888888888,40.62813888888889],[8.855555833333334,40.81916694444445]],[[8.855555833333334,40.81916694444445],[9.266388888888889,40.945832777777774]],[[9.266388888888889,40.945832777777774],[9.770832777777779,41.098888888888894]],[[9.770832777777779,41.098888888888894],[10.009443888888889,41.16916694444444]],[[10.009443888888889,41.16916694444444],[10.15638888888889,41.21277777777778]]]}},{"type":"Feature","properties":{"type":"lowAirway","uuid":"lowairway-l50","name":"L50"},"geometry":{"type":"MultiLineString","coordinates":[[[7.293332777777778,45.55916694444444],[7.208055833333334,45.65277777777778]],[[8.725555833333333,44.20111083333334],[8.803610833333334,44.13472194444444]],[[9.887499722222222,43.18805583333333],[10.395721944444444,42.730693888888894]],[[9.813055833333333,43.254443888888886],[9.887499722222222,43.18805583333333]],[[8.803610833333334,44.13472194444444],[9.025,43.944443888888884]],[[9.529999722222223,43.50472194444445],[9.813055833333333,43.254443888888886]],[[7.208055833333334,45.65277777777778],[7.054721944444444,45.82]],[[8.498055833333332,44.39416694444444],[8.725555833333333,44.20111083333334]],[[8.140555833333332,44.693888888888885],[8.498055833333332,44.39416694444444]],[[9.19194388888889,43.79999972222222],[9.529999722222223,43.50472194444445]],[[7.861666944444444,44.92541694444444],[8.140555833333332,44.693888888888885]],[[7.861666944444444,44.92541694444444],[7.597777777777777,45.22138888888889]],[[7.597777777777777,45.22138888888889],[7.293332777777778,45.55916694444444]],[[9.025,43.944443888888884],[9.19194388888889,43.79999972222222]]]}},{"type":"Feature","properties":{"type":"lowAirway","uuid":"lowairway-l603","name":"L603"},"geometry":{"type":"MultiLineString","coordinates":[[[8.408055833333334,50.69499999999999],[8.618871944444445,50.44489972222222]],[[8.800277777777778,50.056666944444444],[8.880555833333334,49.922777777777775]],[[9.187541944444444,49.74679388888889],[9.305277777777778,49.72777777777778]],[[7.6738558333333335,51.164207777777776],[8.073325,50.83658583333334]],[[8.880555833333334,49.922777777777775],[9.187541944444444,49.74679388888889]],[[8.073325,50.83658583333334],[8.408055833333334,50.69499999999999]],[[9.516666944444445,49.69305583333333],[10.12091888888889,49.376021944444446]],[[9.305277777777778,49.72777777777778],[9.516666944444445,49.69305583333333]],[[10.12091888888889,49.376021944444446],[10.383055833333334,49.236110833333335]],[[8.618871944444445,50.44489972222222],[8.800277777777778,50.056666944444444]]]}},{"type":"Feature","properties":{"type":"lowAirway","uuid":"lowairway-l604","name":"L604"},"geometry":{"type":"MultiLineString","coordinates":[[[10.230277777777777,50.37722194444444],[10.278610833333333,50.35194388888889]],[[10.136943888888888,50.434999999999995],[10.230277777777777,50.37722194444444]],[[9.955832777777777,50.541110833333335],[10.136943888888888,50.434999999999995]],[[10.278610833333333,50.35194388888889],[10.483888888888888,50.22444388888889]],[[9.59833277777778,50.729166944444444],[8.81388888888889,51.133610833333336]],[[9.59833277777778,50.729166944444444],[9.723055833333333,50.663888888888884]],[[9.723055833333333,50.663888888888884],[9.955832777777777,50.541110833333335]]]}},{"type":"Feature","properties":{"type":"lowAirway","uuid":"lowairway-l607","name":"L607"},"geometry":{"type":"MultiLineString","coordinates":[[[6.132221944444444,50.299166944444444],[6.288610833333333,50.282777777777774]],[[3.4964169444444444,50.96447194444445],[2.6516669444444445,51.094721944444444]],[[10.30558277777778,47.55938888888888],[10.479874722222222,47.40001083333333]],[[4.027777777777778,50.879443888888886],[3.615832777777778,50.945277777777775]],[[7.328888888888889,50.19638888888888],[7.906388888888889,50.07333277777778]],[[4.774110833333333,50.752027777777776],[4.027777777777778,50.879443888888886]],[[3.615832777777778,50.945277777777775],[3.4964169444444444,50.96447194444445]],[[2.6516669444444445,51.094721944444444],[2,51.130763888888886]],[[5.710277777777778,50.58583277777778],[6.132221944444444,50.299166944444444]],[[5.710277777777778,50.58583277777778],[4.967455833333333,50.719566944444445]],[[4.967455833333333,50.719566944444445],[4.774110833333333,50.752027777777776]],[[6.848332777777777,50.22194388888889],[7.328888888888889,50.19638888888888]],[[6.288610833333333,50.282777777777774],[6.848332777777777,50.22194388888889]],[[7.906388888888889,50.07333277777778],[8.418624999999999,49.84906388888889]]]}},{"type":"Feature","properties":{"type":"lowAirway","uuid":"lowairway-l608","name":"L608"},"geometry":{"type":"MultiLineString","coordinates":[[[10.34983277777778,47.745775],[9.618541944444445,48.33885]]]}},{"type":"Feature","properties":{"type":"lowAirway","uuid":"lowairway-l610","name":"L610"},"geometry":{"type":"MultiLineString","coordinates":[[[10.389443888888888,49.92166694444444],[10.242707777777778,50.07336083333334]],[[10.242707777777778,50.07336083333334],[10.156110833333333,50.36888888888889]],[[10.156110833333333,50.36888888888889],[10.136943888888888,50.434999999999995]]]}},{"type":"Feature","properties":{"type":"lowAirway","uuid":"lowairway-l612","name":"L612"},"geometry":{"type":"MultiLineString","coordinates":[[[0.010196944444444446,50.451321944444445],[0.09021388888888889,50.374046944444444]],[[-0.2515469444444444,50.70194388888889],[0.010196944444444446,50.451321944444445]],[[0.09021388888888889,50.374046944444444],[0.2646747222222222,50.20451388888889]],[[-0.6250027777777778,51.05395277777777],[-0.2515469444444444,50.70194388888889]],[[-0.6250027777777778,51.05395277777777],[-0.8788,51.45278277777778]]]}},{"type":"Feature","properties":{"type":"lowAirway","uuid":"lowairway-l613","name":"L613"},"geometry":{"type":"MultiLineString","coordinates":[[[9.298055833333333,47.04999972222222],[8.907610833333333,47.156777777777776]],[[2.0613888888888887,50.34583277777778],[2.026416944444444,50.37188888888889]],[[8.333332777777777,47.30222194444444],[7.665443888888889,47.46655583333334]],[[8.907610833333333,47.156777777777776],[8.722221944444444,47.204166944444445]],[[8.722221944444444,47.204166944444445],[8.5,47.26027777777778]],[[1.6362777777777777,50.656999722222224],[1.4666669444444445,50.779352777777774]],[[8.5,47.26027777777778],[8.333332777777777,47.30222194444444]],[[10.259,46.77941694444444],[9.298055833333333,47.04999972222222]],[[1.4666669444444445,50.779352777777774],[1.0675358333333334,51.06411388888888]],[[10.479166944444444,46.56222194444444],[10.386110833333333,46.632777777777775]],[[10.386110833333333,46.632777777777775],[10.259,46.77941694444444]],[[2.026416944444444,50.37188888888889],[1.6362777777777777,50.656999722222224]]]}},{"type":"Feature","properties":{"type":"lowAirway","uuid":"lowairway-l615","name":"L615"},"geometry":{"type":"MultiLineString","coordinates":[[[7.054721944444444,45.82],[6.828582777777777,46.06397194444444]],[[8.407777777777778,45.703610833333336],[8.042777777777777,45.736666944444444]],[[3.2947777777777776,48.406999722222224],[3.9138888888888888,48.02583277777778]],[[9.125832777777779,45.64583277777778],[9.62944388888889,45.65333277777778]],[[6.119721944444444,46.666666944444444],[6.448055833333334,46.46869388888889]],[[5.097332777777777,47.270777777777774],[5.778055833333333,46.870555833333334]],[[9.76944388888889,45.650277777777774],[10.116666944444445,45.649166944444445]],[[5.778055833333333,46.870555833333334],[6.019555833333333,46.72702777777778]],[[3.9138888888888888,48.02583277777778],[5.097332777777777,47.270777777777774]],[[6.711082777777778,46.18969388888888],[6.632471944444445,46.273471944444445]],[[8.042777777777777,45.736666944444444],[7.4597219444444445,45.786943888888885]],[[10.116666944444445,45.649166944444445],[10.422499722222222,45.648332777777775]],[[9.62944388888889,45.65333277777778],[9.76944388888889,45.650277777777774]],[[6.019555833333333,46.72702777777778],[6.119721944444444,46.666666944444444]],[[6.632471944444445,46.273471944444445],[6.448055833333334,46.46869388888889]],[[9.021582777777779,45.64597194444445],[8.407777777777778,45.703610833333336]],[[9.021582777777779,45.64597194444445],[9.125832777777779,45.64583277777778]],[[7.4597219444444445,45.786943888888885],[7.345832777777778,45.796388888888885]],[[6.828582777777777,46.06397194444444],[6.711082777777778,46.18969388888888]]]}},{"type":"Feature","properties":{"type":"lowAirway","uuid":"lowairway-l620","name":"L620"},"geometry":{"type":"MultiLineString","coordinates":[[[-1.982777777777778,50.84527777777778],[-1.3450558333333333,50.95524972222223]],[[-2.238888888888889,50.79999972222222],[-1.982777777777778,50.84527777777778]],[[-2.75,50.70763083333333],[-2.5187027777777775,50.74974388888889]],[[-3.463952777777778,50.57425277777778],[-2.75,50.70763083333333]],[[-2.5187027777777775,50.74974388888889],[-2.238888888888889,50.79999972222222]],[[-0.9844608333333332,51.00528583333333],[-0.9170777777777778,51.01449972222222]],[[-0.9170777777777778,51.01449972222222],[-0.7541438888888888,51.036607777777775]],[[-0.7541438888888888,51.036607777777775],[-0.6250027777777778,51.05395277777777]],[[-1.3450558333333333,50.95524972222223],[-0.9844608333333332,51.00528583333333]]]}},{"type":"Feature","properties":{"type":"lowAirway","uuid":"lowairway-l856","name":"L856"},"geometry":{"type":"MultiLineString","coordinates":[[[9.233332777777777,47.71694388888889],[9.107777777777777,47.713055833333335]],[[9.550555833333334,47.72583277777778],[9.427221944444444,47.72222194444445]],[[7.665443888888889,47.46655583333334],[8.436971944444444,47.689499999999995]],[[10.34983277777778,47.745775],[9.969166944444444,47.73694388888889]],[[6.531666944444444,47.3875],[6.032638888888889,47.34891694444445]],[[6.655499722222222,47.39658277777778],[6.531666944444444,47.3875]],[[9.427221944444444,47.72222194444445],[9.233332777777777,47.71694388888889]],[[9.669443888888889,47.729166944444444],[9.550555833333334,47.72583277777778]],[[9.107777777777777,47.713055833333335],[8.436971944444444,47.689499999999995]],[[9.969166944444444,47.73694388888889],[9.669443888888889,47.729166944444444]]]}},{"type":"Feature","properties":{"type":"lowAirway","uuid":"lowairway-l866","name":"L866"},"geometry":{"type":"MultiLineString","coordinates":[[[-2.880693888888889,42.45330583333334],[-2.326916944444444,42.46052777777778]],[[-2.326916944444444,42.46052777777778],[-2.0258327777777776,42.59286083333333]],[[-2.0258327777777776,42.59286083333333],[-1.7019997222222223,42.73375]]]}},{"type":"Feature","properties":{"type":"lowAirway","uuid":"lowairway-l89","name":"L89"},"geometry":{"type":"MultiLineString","coordinates":[[[-0.9844608333333332,51.00528583333333],[-0.8788,51.45278277777778]],[[-1.3333969444444445,50.52044194444444],[-0.9844608333333332,51.00528583333333]]]}},{"type":"Feature","properties":{"type":"lowAirway","uuid":"lowairway-l978","name":"L978"},"geometry":{"type":"MultiLineString","coordinates":[[[8.243888888888888,40.62813888888889],[8.443888888888889,41.333332777777784]],[[8.443888888888889,41.333332777777784],[8.444471944444444,41.64058277777778]],[[8.444471944444444,41.64058277777778],[8.445,41.86472194444445]],[[8.445,41.86472194444445],[8.445555833333334,42.21694388888889]]]}},{"type":"Feature","properties":{"type":"lowAirway","uuid":"lowairway-l980","name":"L980"},"geometry":{"type":"MultiLineString","coordinates":[[[-1.1747358333333333,50.641371944444444],[-0.9383469444444444,50.82]],[[-0.9383469444444444,50.82],[-0.6250027777777778,51.05395277777777]],[[-1.6690688888888887,50.261825],[-1.3333969444444445,50.52044194444444]],[[-1.3333969444444445,50.52044194444444],[-1.1747358333333333,50.641371944444444]],[[0.15170277777777777,51.646025],[-0.6250027777777778,51.05395277777777]],[[-1.8262169444444445,50.13943888888889],[-1.6690688888888887,50.261825]]]}},{"type":"Feature","properties":{"type":"lowAirway","uuid":"lowairway-l982","name":"L982"},"geometry":{"type":"MultiLineString","coordinates":[[[-1.0492108333333334,50.65871694444444],[-0.7549138888888889,50.81108888888889]],[[-1.7471277777777778,50.123646944444445],[-1.5623358333333335,50.266191944444444]],[[-1.8449997222222223,50],[-1.7471277777777778,50.123646944444445]],[[-1.5623358333333335,50.266191944444444],[-1.254718888888889,50.502563888888886]],[[-1.254718888888889,50.502563888888886],[-1.0492108333333334,50.65871694444444]]]}},{"type":"Feature","properties":{"type":"lowAirway","uuid":"lowairway-l984","name":"L984"},"geometry":{"type":"MultiLineString","coordinates":[[[8.533610833333332,50.05277777777778],[8.637091944444444,50.05374194444444]],[[9.023055833333334,50.06055583333333],[9.486388888888888,50.06694388888889]],[[8.800277777777778,50.056666944444444],[9.023055833333334,50.06055583333333]],[[8.637091944444444,50.05374194444444],[8.800277777777778,50.056666944444444]],[[9.486388888888888,50.06694388888889],[9.783055833333334,50.07]],[[9.783055833333334,50.07],[10.098610833333334,50.07277777777778]],[[10.098610833333334,50.07277777777778],[10.242707777777778,50.07336083333334]],[[8.07826888888889,50.04758888888889],[8.533610833333332,50.05277777777778]],[[7.906388888888889,50.07333277777778],[8.07826888888889,50.04758888888889]]]}},{"type":"Feature","properties":{"type":"lowAirway","uuid":"lowairway-l995","name":"L995"},"geometry":{"type":"MultiLineString","coordinates":[[[9.761110833333333,45.325],[9.506999722222222,45.55922194444444]],[[10.386943888888888,44.71944388888889],[10.474999722222222,44.6225]],[[10.080555833333333,45.02388888888889],[9.761110833333333,45.325]],[[10.080555833333333,45.02388888888889],[10.293332777777778,44.82222194444445]],[[10.293332777777778,44.82222194444445],[10.386943888888888,44.71944388888889]],[[9.071388888888889,45.98388888888889],[8.881110833333334,46.166666944444444]],[[9.506999722222222,45.55922194444444],[9.071388888888889,45.98388888888889]]]}},{"type":"Feature","properties":{"type":"lowAirway","uuid":"lowairway-m126","name":"M126"},"geometry":{"type":"MultiLineString","coordinates":[[[9.508027777777778,39.111360833333336],[9.675832777777778,39.28416694444444]],[[9.675832777777778,39.28416694444444],[9.993888888888888,39.61027777777778]]]}},{"type":"Feature","properties":{"type":"lowAirway","uuid":"lowairway-m134","name":"M134"},"geometry":{"type":"MultiLineString","coordinates":[[[-0.0077777777777777776,39.35083277777778],[-0.48305583333333335,39.48563888888889]],[[1.4704169444444446,38.91547194444444],[0.7417188888888888,39.13308083333333]],[[2.161388888888889,38.66361083333333],[1.4704169444444446,38.91547194444444]],[[2.161388888888889,38.66361083333333],[2.5180558333333334,38.53111083333333]],[[0.4833327777777778,39.20883277777778],[-0.0077777777777777776,39.35083277777778]],[[2.5180558333333334,38.53111083333333],[2.853888888888889,38.405]],[[0.7417188888888888,39.13308083333333],[0.4833327777777778,39.20883277777778]]]}},{"type":"Feature","properties":{"type":"lowAirway","uuid":"lowairway-m135","name":"M135"},"geometry":{"type":"MultiLineString","coordinates":[[[8.290410833333333,44.941716944444444],[9.316666944444444,45.07833277777778]],[[7.088888888888889,45.52777777777778],[7.38944388888889,45.29555583333333]],[[7.861666944444444,44.92541694444444],[8.290410833333333,44.941716944444444]],[[7.38944388888889,45.29555583333333],[7.861666944444444,44.92541694444444]]]}},{"type":"Feature","properties":{"type":"lowAirway","uuid":"lowairway-m143","name":"M143"},"geometry":{"type":"MultiLineString","coordinates":[[[-2.4128608333333332,39],[-2.4955558333333334,39.869166944444444]],[[-2.4955558333333334,39.869166944444444],[-2.544610833333333,40.37197194444445]],[[-2.352777777777778,38.36077777777778],[-2.4128608333333332,39]]]}},{"type":"Feature","properties":{"type":"lowAirway","uuid":"lowairway-m150","name":"M150"},"geometry":{"type":"MultiLineString","coordinates":[[[8.287499722222222,49.10249972222223],[8.584235833333334,48.99294388888889]],[[8.584235833333334,48.99294388888889],[8.779166944444444,48.88583277777778]],[[7.839471944444444,49.265255833333335],[8.287499722222222,49.10249972222223]],[[6.519332777777778,49.72858277777778],[7.839471944444444,49.265255833333335]]]}},{"type":"Feature","properties":{"type":"lowAirway","uuid":"lowairway-m163","name":"M163"},"geometry":{"type":"MultiLineString","coordinates":[[[3.5776938888888887,49.137749722222225],[4.264999722222222,49.25333277777778]],[[4.264999722222222,49.25333277777778],[5.124416944444444,49.39124972222222]]]}},{"type":"Feature","properties":{"type":"lowAirway","uuid":"lowairway-m170","name":"M170"},"geometry":{"type":"MultiLineString","coordinates":[[[6.836666944444445,50.96694388888889],[7.309005833333333,51.18877472222222]],[[6.239443888888889,50.722499722222224],[6.636535833333333,50.822674722222224]],[[5.710277777777778,50.58583277777778],[5.331388888888888,49.831943888888894]],[[5.710277777777778,50.58583277777778],[6.136388888888889,50.695832777777774]],[[6.636535833333333,50.822674722222224],[6.836666944444445,50.96694388888889]],[[6.136388888888889,50.695832777777774],[6.239443888888889,50.722499722222224]]]}},{"type":"Feature","properties":{"type":"lowAirway","uuid":"lowairway-m176","name":"M176"},"geometry":{"type":"MultiLineString","coordinates":[[[-0.5701108333333333,38.268277777777776],[-0.8568327777777778,39.26599972222222]],[[-0.9863327777777777,39.707166944444445],[-1.0404997222222223,39.91177777777778]],[[-1.2633327777777779,40.74027777777778],[-1.2980558333333332,40.86730583333333]],[[-1.3836108333333332,41.272221944444446],[-1.2980558333333332,40.86730583333333]],[[-1.0404997222222223,39.91177777777778],[-1.2633327777777779,40.74027777777778]],[[-1.7019997222222223,42.73375],[-1.3836108333333332,41.272221944444446]],[[-0.9088888888888889,39.44361083333333],[-0.9863327777777777,39.707166944444445]],[[-0.8568327777777778,39.26599972222222],[-0.9088888888888889,39.44361083333333]]]}},{"type":"Feature","properties":{"type":"lowAirway","uuid":"lowairway-m182","name":"M182"},"geometry":{"type":"MultiLineString","coordinates":[[[0.6392777777777777,40.80355583333333],[0.7387777777777778,40.868749722222226]],[[0.26547194444444444,40.55658277777778],[0.6392777777777777,40.80355583333333]],[[-0.18336083333333333,40.25602777777778],[0.26547194444444444,40.55658277777778]],[[0.7387777777777778,40.868749722222226],[1.1711108333333333,41.149721944444444]]]}},{"type":"Feature","properties":{"type":"lowAirway","uuid":"lowairway-m184","name":"M184"},"geometry":{"type":"MultiLineString","coordinates":[[[-0.9383469444444444,50.82],[-0.41938277777777777,51.80555583333333]],[[-1.0538419444444445,50],[-1.0072219444444444,50.33416694444445]],[[-0.9549419444444444,50.70393888888889],[-0.9383469444444444,50.82]],[[-1.0072219444444444,50.33416694444445],[-0.9549419444444444,50.70393888888889]]]}},{"type":"Feature","properties":{"type":"lowAirway","uuid":"lowairway-m185","name":"M185"},"geometry":{"type":"MultiLineString","coordinates":[[[-0.8259438888888889,50.32361083333333],[-0.7834188888888889,50.61666694444445]],[[-0.7834188888888889,50.61666694444445],[-0.7549138888888889,50.81108888888889]],[[-0.8722500000000001,50],[-0.8259438888888889,50.32361083333333]],[[-0.6250027777777778,51.05395277777777],[-0.4861077777777778,51.23360777777778]],[[-0.7549138888888889,50.81108888888889],[-0.6250027777777778,51.05395277777777]]]}},{"type":"Feature","properties":{"type":"lowAirway","uuid":"lowairway-m189","name":"M189"},"geometry":{"type":"MultiLineString","coordinates":[[[1.3590858333333333,51.162621944444446],[1.0675358333333334,51.06411388888888]],[[0.5334358333333333,50.72846083333334],[0.34980277777777774,50.58246888888889]],[[0.09021388888888889,50.374046944444444],[-0.18551083333333332,50.14999972222222]],[[0.8786608333333333,50.99968583333334],[0.5334358333333333,50.72846083333334]],[[-0.18551083333333332,50.14999972222222],[-0.36823277777777774,50]],[[1.0675358333333334,51.06411388888888],[0.8786608333333333,50.99968583333334]],[[0.34980277777777774,50.58246888888889],[0.09021388888888889,50.374046944444444]]]}},{"type":"Feature","properties":{"type":"lowAirway","uuid":"lowairway-m190","name":"M190"},"geometry":{"type":"MultiLineString","coordinates":[[[-5.3209719444444445,43.52883277777778],[-4.873332777777779,43.50416694444444]],[[-2.925360833333333,43.30419388888889],[-1.8303888888888888,43.31119388888889]],[[-3.316666944444444,43.362721944444445],[-2.925360833333333,43.30419388888889]],[[-4.873332777777779,43.50416694444444],[-4.503610833333333,43.48444388888889]],[[-6.655693888888889,43.392332777777774],[-6.007082777777778,43.55705583333333]],[[-4.333332777777778,43.47625],[-3.9024169444444445,43.449777777777776]],[[-4.503610833333333,43.48444388888889],[-4.333332777777778,43.47625]],[[-7.357555833333333,43.213],[-6.655693888888889,43.392332777777774]],[[-3.9024169444444445,43.449777777777776],[-3.316666944444444,43.362721944444445]],[[-8.425388888888888,42.92686083333333],[-7.357555833333333,43.213]],[[-6.007082777777778,43.55705583333333],[-5.3209719444444445,43.52883277777778]]]}},{"type":"Feature","properties":{"type":"lowAirway","uuid":"lowairway-m191","name":"M191"},"geometry":{"type":"MultiLineString","coordinates":[[[-6.302443888888889,40.5835],[-5.808277777777778,40.53524972222222]],[[-5.808277777777778,40.53524972222222],[-4.676388888888889,40.41638888888889]],[[-6.722777777777778,40.62277777777778],[-6.302443888888889,40.5835]]]}},{"type":"Feature","properties":{"type":"lowAirway","uuid":"lowairway-m194","name":"M194"},"geometry":{"type":"MultiLineString","coordinates":[[[8.774666944444446,41.77052777777778],[8.690832777777779,41.333332777777784]]]}},{"type":"Feature","properties":{"type":"lowAirway","uuid":"lowairway-m195","name":"M195"},"geometry":{"type":"MultiLineString","coordinates":[[[-1.7856827777777777,50.52880777777778],[-2.0723358333333337,50.24626694444444]],[[-2.0723358333333337,50.24626694444444],[-2.3710108333333335,49.93836083333333]],[[-1.3450558333333333,50.95524972222223],[-1.7856827777777777,50.52880777777778]]]}},{"type":"Feature","properties":{"type":"lowAirway","uuid":"lowairway-m24","name":"M24"},"geometry":{"type":"MultiLineString","coordinates":[[[3.756943888888889,41.152971944444445],[4.461388888888889,40.89527777777778]]]}},{"type":"Feature","properties":{"type":"lowAirway","uuid":"lowairway-m299","name":"M299"},"geometry":{"type":"MultiLineString","coordinates":[[[-3.2533327777777776,42.55511083333333],[-2.865582777777778,42.73188888888889]],[[-1.4508327777777776,43.05833277777778],[-1.491443888888889,43.28377777777778]],[[-3.6352777777777776,42.35805583333333],[-3.2533327777777776,42.55511083333333]],[[-1.5,42.995110833333335],[-1.4508327777777776,43.05833277777778]],[[-2.193055833333333,42.73433277777778],[-1.7019997222222223,42.73375]],[[-4.1091388888888885,42.027610833333334],[-3.6352777777777776,42.35805583333333]],[[-1.7019997222222223,42.73375],[-1.5,42.995110833333335]],[[-2.865582777777778,42.73188888888889],[-2.193055833333333,42.73433277777778]]]}},{"type":"Feature","properties":{"type":"lowAirway","uuid":"lowairway-m30","name":"M30"},"geometry":{"type":"MultiLineString","coordinates":[[[-5.878610833333334,42.863055833333334],[-5.9121669444444445,43.061832777777774]],[[-5.099693888888889,38.50813888888889],[-5.149888888888889,39]],[[-5.934610833333333,44.054360833333334],[-5.836666944444445,44.65888888888889]],[[-5.3186108333333335,39.766666944444445],[-5.639693888888888,41.53019388888889]],[[-5.7722219444444445,42.27638888888889],[-5.856416944444444,42.741860833333334]],[[-6,37.95],[-5.099693888888889,38.50813888888889]],[[-5.149888888888889,39],[-5.3186108333333335,39.766666944444445]],[[-5.856416944444444,42.741860833333334],[-5.878610833333334,42.863055833333334]],[[-6.007082777777778,43.55705583333333],[-5.934610833333333,44.054360833333334]],[[-5.715832777777778,41.96194388888889],[-5.7722219444444445,42.27638888888889]],[[-5.9121669444444445,43.061832777777774],[-6.007082777777778,43.55705583333333]],[[-5.639693888888888,41.53019388888889],[-5.715832777777778,41.96194388888889]]]}},{"type":"Feature","properties":{"type":"lowAirway","uuid":"lowairway-m445","name":"M445"},"geometry":{"type":"MultiLineString","coordinates":[[[-0.771943888888889,39.06916694444445],[-0.5444438888888888,39.28249972222222]],[[-0.5444438888888888,39.28249972222222],[-0.004693888888888889,39.83383277777778]],[[-1.3422219444444443,38.72694388888889],[-0.771943888888889,39.06916694444445]],[[-0.004693888888888889,39.83383277777778],[0.35222194444444443,40.31527777777777]],[[-1.9361388888888889,38.364249722222226],[-1.3422219444444443,38.72694388888889]]]}},{"type":"Feature","properties":{"type":"lowAirway","uuid":"lowairway-m601","name":"M601"},"geometry":{"type":"MultiLineString","coordinates":[[[0.4985277777777778,41.93297194444444],[0.7302777777777778,41.84499972222223]],[[5.69,40.94666694444444],[4.666666944444445,41.05749972222222]],[[-2.925360833333333,43.30419388888889],[-2.2363608333333334,42.98372194444445]],[[7.198888888888889,40.89666694444444],[5.69,40.94666694444444]],[[1.6636108333333333,41.48333277777778],[2.1078058333333334,41.307138888888886]],[[-2.2363608333333334,42.98372194444445],[-1.9386669444444444,42.84494388888889]],[[4.504999722222222,41.075],[3.756943888888889,41.152971944444445]],[[8.109721944444445,40.85722194444445],[8,40.86233277777778]],[[0.7302777777777778,41.84499972222223],[1.1134719444444445,41.697916944444444]],[[8,40.86233277777778],[7.198888888888889,40.89666694444444]],[[-1.369443888888889,42.61666694444445],[-1.0306669444444443,42.49597194444445]],[[0.37644388888888886,41.97902777777778],[0.4985277777777778,41.93297194444444]],[[8.345555833333334,40.84583277777778],[8.109721944444445,40.85722194444445]],[[8.345555833333334,40.84583277777778],[8.867221944444445,40.676943888888886]],[[-1.9386669444444444,42.84494388888889],[-1.7019997222222223,42.73375]],[[-0.24411083333333333,42.210193888888895],[0.15716694444444443,42.06130583333333]],[[4.666666944444445,41.05749972222222],[4.504999722222222,41.075]],[[0.15716694444444443,42.06130583333333],[0.37644388888888886,41.97902777777778]],[[-1.7019997222222223,42.73375],[-1.5425558333333331,42.67783277777777]],[[1.1134719444444445,41.697916944444444],[1.5018608333333334,41.546860833333334]],[[-1.0306669444444443,42.49597194444445],[-0.8447219444444445,42.42916694444444]],[[-0.8447219444444445,42.42916694444444],[-0.5679438888888889,42.328805833333334]],[[3.1737777777777776,41.21027777777778],[2.1078058333333334,41.307138888888886]],[[3.441388888888889,41.184443888888886],[3.1737777777777776,41.21027777777778]],[[-0.5679438888888889,42.328805833333334],[-0.24411083333333333,42.210193888888895]],[[-1.5425558333333331,42.67783277777777],[-1.369443888888889,42.61666694444445]],[[3.756943888888889,41.152971944444445],[3.441388888888889,41.184443888888886]],[[1.5018608333333334,41.546860833333334],[1.6636108333333333,41.48333277777778]]]}},{"type":"Feature","properties":{"type":"lowAirway","uuid":"lowairway-m603","name":"M603"},"geometry":{"type":"MultiLineString","coordinates":[[[8.243888888888888,40.62813888888889],[8.461388888888887,40.64555583333333]],[[8.461388888888887,40.64555583333333],[8.723055833333333,40.66583277777777]],[[0.6749999999999999,38.87983277777778],[0.4833327777777778,38.81986083333334]],[[6.056110833333333,40.266110833333336],[7.482777777777778,40.56388888888888]],[[3.4343608333333338,39.697693888888885],[2.821666944444444,39.523332777777775]],[[2.417416944444444,39.406082777777776],[1.4441669444444445,39.11638888888889]],[[8,40.60805583333333],[8.243888888888888,40.62813888888889]],[[0.4833327777777778,38.81986083333334],[-0.5701108333333333,38.268277777777776]],[[0.9433327777777778,38.963055833333335],[0.6749999999999999,38.87983277777778]],[[9.580277777777777,40.72833277777778],[9.911110833333334,40.75055583333334]],[[9.441110833333333,40.71805583333334],[9.580277777777777,40.72833277777778]],[[2.821666944444444,39.523332777777775],[2.417416944444444,39.406082777777776]],[[4.216305833333333,39.86361083333333],[3.4343608333333338,39.697693888888885]],[[4.216305833333333,39.86361083333333],[4.666666944444445,39.956696944444445]],[[8.723055833333333,40.66583277777777],[8.867221944444445,40.676943888888886]],[[4.666666944444445,39.956696944444445],[4.771388888888889,39.978055833333336]],[[1.4441669444444445,39.11638888888889],[0.9433327777777778,38.963055833333335]],[[7.482777777777778,40.56388888888888],[8,40.60805583333333]],[[8.867221944444445,40.676943888888886],[9.441110833333333,40.71805583333334]],[[4.771388888888889,39.978055833333336],[6.056110833333333,40.266110833333336]],[[9.911110833333334,40.75055583333334],[10.135555833333333,40.765277777777776]]]}},{"type":"Feature","properties":{"type":"lowAirway","uuid":"lowairway-m604","name":"M604"},"geometry":{"type":"MultiLineString","coordinates":[[[0.597275,51.304002777777775],[0.8786608333333333,50.99968583333334]]]}},{"type":"Feature","properties":{"type":"lowAirway","uuid":"lowairway-m605","name":"M605"},"geometry":{"type":"MultiLineString","coordinates":[[[0.49112194444444446,50.471041944444444],[0.6414919444444445,50.351707777777776]],[[0.8479997222222223,50.18655583333333],[1.0080558333333334,50.05749972222222]],[[0.12191388888888889,50.760688888888886],[0.34980277777777774,50.58246888888889]],[[0.12191388888888889,50.760688888888886],[-0.8788,51.45278277777778]],[[0.34980277777777774,50.58246888888889],[0.49112194444444446,50.471041944444444]],[[0.6414919444444445,50.351707777777776],[0.8479997222222223,50.18655583333333]]]}},{"type":"Feature","properties":{"type":"lowAirway","uuid":"lowairway-m616","name":"M616"},"geometry":{"type":"MultiLineString","coordinates":[[[9.75,42.95388888888889],[10.395721944444444,42.730693888888894]]]}},{"type":"Feature","properties":{"type":"lowAirway","uuid":"lowairway-m617","name":"M617"},"geometry":{"type":"MultiLineString","coordinates":[[[3.1514997222222223,50.22813888888889],[3.633332777777778,50.47333277777778]],[[5.5061108333333335,50.838055833333335],[5.045277777777778,50.80638888888888]],[[4.641638888888888,50.749471944444444],[3.8327777777777774,50.573888888888895]],[[5.960416944444445,50.97194388888889],[5.688332777777778,50.891666944444445]],[[3.633332777777778,50.47333277777778],[3.8327777777777774,50.573888888888895]],[[5.688332777777778,50.891666944444445],[5.5061108333333335,50.838055833333335]],[[5.045277777777778,50.80638888888888],[4.641638888888888,50.749471944444444]]]}},{"type":"Feature","properties":{"type":"lowAirway","uuid":"lowairway-m622","name":"M622"},"geometry":{"type":"MultiLineString","coordinates":[[[8.774666944444446,41.77052777777778],[8.445555833333334,42.21694388888889]],[[8.445555833333334,42.21694388888889],[8.361943888888888,42.32888888888889]],[[7.621388888888889,43.301943888888886],[7.371166944444444,43.622277777777775]],[[8.023971944444446,42.77686083333333],[7.793332777777778,43.079999722222226]],[[7.793332777777778,43.079999722222226],[7.621388888888889,43.301943888888886]],[[9.823888888888888,40.830555833333335],[9.359999722222222,41.251110833333335]],[[8.361943888888888,42.32888888888889],[8.023971944444446,42.77686083333333]],[[7.371166944444444,43.622277777777775],[7.254388888888889,43.77063888888889]],[[9.359999722222222,41.251110833333335],[9.268332777777779,41.333332777777784]],[[9.911110833333334,40.75055583333334],[9.823888888888888,40.830555833333335]]]}},{"type":"Feature","properties":{"type":"lowAirway","uuid":"lowairway-m623","name":"M623"},"geometry":{"type":"MultiLineString","coordinates":[[[8.120832777777778,41.41027777777778],[8.161388888888888,41.161943888888885]],[[7.362499722222222,43.32777777777778],[7.5911108333333335,43.10472194444445]],[[8.03277777777778,41.980555833333334],[8.054277777777779,41.841749722222225]],[[7.5911108333333335,43.10472194444445],[7.980555833333334,42.31305583333333]],[[8.161388888888888,41.161943888888885],[8.855555833333334,40.81916694444445]],[[8.090305833333334,41.609055833333336],[8.120832777777778,41.41027777777778]],[[7.980555833333334,42.31305583333333],[8.03277777777778,41.980555833333334]],[[7.094443888888889,43.478610833333335],[7.362499722222222,43.32777777777778]],[[8.054277777777779,41.841749722222225],[8.090305833333334,41.609055833333336]]]}},{"type":"Feature","properties":{"type":"lowAirway","uuid":"lowairway-m624","name":"M624"},"geometry":{"type":"MultiLineString","coordinates":[[[4.5380827777777775,50.90233277777778],[4.183888888888889,51.16499972222222]],[[5.978610833333334,49.963055833333335],[5.806943888888889,50.07777777777778]],[[6.129749722222222,49.86130583333333],[5.978610833333334,49.963055833333335]],[[4.774110833333333,50.752027777777776],[4.5380827777777775,50.90233277777778]],[[4.914027777777778,50.66222194444444],[4.774110833333333,50.752027777777776]],[[5.806943888888889,50.07777777777778],[4.914027777777778,50.66222194444444]]]}},{"type":"Feature","properties":{"type":"lowAirway","uuid":"lowairway-m727","name":"M727"},"geometry":{"type":"MultiLineString","coordinates":[[[8.664925,46.10440277777778],[9.021582777777779,45.64597194444445]]]}},{"type":"Feature","properties":{"type":"lowAirway","uuid":"lowairway-m729","name":"M729"},"geometry":{"type":"MultiLineString","coordinates":[[[9.768332777777779,43.55305583333333],[9.594721944444444,43.776110833333334]],[[10.086971944444445,43.13863583333333],[9.979721944444444,43.278888888888886]],[[10.395721944444444,42.730693888888894],[10.086971944444445,43.13863583333333]],[[9.430832777777777,43.98499972222222],[9.308610833333335,44.14]],[[9.308610833333335,44.14],[9.082332777777777,44.42444388888889]],[[9.979721944444444,43.278888888888886],[9.903055833333333,43.37888888888889]],[[9.594721944444444,43.776110833333334],[9.430832777777777,43.98499972222222]],[[9.903055833333333,43.37888888888889],[9.768332777777779,43.55305583333333]]]}},{"type":"Feature","properties":{"type":"lowAirway","uuid":"lowairway-m730","name":"M730"},"geometry":{"type":"MultiLineString","coordinates":[[[9.082332777777777,44.42444388888889],[9.594166944444446,44.321666944444445]],[[9.594166944444446,44.321666944444445],[10.070555833333334,44.22416694444445]],[[7.669721944444444,44.942499999999995],[7.861666944444444,44.92541694444444]],[[7.348610833333333,44.96611083333334],[7.669721944444444,44.942499999999995]],[[10.070555833333334,44.22416694444445],[10.351666944444444,44.16555583333333]],[[7.1577777777777785,45.10611083333333],[7.348610833333333,44.96611083333334]],[[8.665555833333334,44.59722194444445],[9.082332777777777,44.42444388888889]],[[7.861666944444444,44.92541694444444],[8.665555833333334,44.59722194444445]]]}},{"type":"Feature","properties":{"type":"lowAirway","uuid":"lowairway-m731","name":"M731"},"geometry":{"type":"MultiLineString","coordinates":[[[8.461388888888887,40.64555583333333],[8.77194388888889,40.004443888888886]],[[6.410277777777778,42.12388888888889],[7.895832777777778,41.311388888888885]],[[4.776916944444444,43.05616694444444],[5.315110833333333,42.69772194444444]],[[7.895832777777778,41.311388888888885],[8.161388888888888,41.161943888888885]],[[8.345555833333334,40.84583277777778],[8.461388888888887,40.64555583333333]],[[8.161388888888888,41.161943888888885],[8.345555833333334,40.84583277777778]],[[4.730138888888889,43.282805833333335],[4.776916944444444,43.05616694444444]],[[5.315110833333333,42.69772194444444],[6.410277777777778,42.12388888888889]]]}},{"type":"Feature","properties":{"type":"lowAirway","uuid":"lowairway-m732","name":"M732"},"geometry":{"type":"MultiLineString","coordinates":[[[8.243888888888888,40.62813888888889],[8,40.86233277777778]],[[8.243888888888888,40.62813888888889],[8.398888888888889,40.44638888888888]],[[9.508027777777778,39.111360833333336],[9.726943888888888,38.97777777777778]],[[8,40.86233277777778],[7.759443888888889,41.033610833333334]],[[9.070555833333334,39.64555583333333],[9.508027777777778,39.111360833333336]],[[9.726943888888888,38.97777777777778],[9.933332777777776,38.85]],[[8.939166944444445,39.803888888888885],[9.070555833333334,39.64555583333333]],[[8.54194388888889,40.27777777777778],[8.77194388888889,40.004443888888886]],[[8.77194388888889,40.004443888888886],[8.939166944444445,39.803888888888885]],[[8.398888888888889,40.44638888888888],[8.54194388888889,40.27777777777778]]]}},{"type":"Feature","properties":{"type":"lowAirway","uuid":"lowairway-m733","name":"M733"},"geometry":{"type":"MultiLineString","coordinates":[[[0.7533327777777777,50.544999999999995],[0.4250077777777778,50.789918888888884]],[[9.787221944444445,38.25472194444445],[9.578332777777778,38.90138888888889]],[[9.578332777777778,38.90138888888889],[9.508027777777778,39.111360833333336]],[[0.8850558333333333,50.44566694444444],[0.7533327777777777,50.544999999999995]],[[0.4250077777777778,50.789918888888884],[0.11612194444444446,51.017182777777776]]]}},{"type":"Feature","properties":{"type":"lowAirway","uuid":"lowairway-m8","name":"M8"},"geometry":{"type":"MultiLineString","coordinates":[[[0.6584497222222222,50.48843277777778],[0.34980277777777774,50.58246888888889]],[[0.8850558333333333,50.44566694444444],[0.6584497222222222,50.48843277777778]]]}},{"type":"Feature","properties":{"type":"lowAirway","uuid":"lowairway-m858","name":"M858"},"geometry":{"type":"MultiLineString","coordinates":[[[8.605027777777778,47.11713888888889],[8.570499722222221,47.23577777777778]],[[8.570499722222221,47.23577777777778],[8.561110833333334,47.268610833333334]],[[8.561110833333334,47.268610833333334],[8.5075,47.45305583333334]],[[8.893888888888888,40.35666694444445],[8.855555833333334,40.81916694444445]],[[8.881110833333334,46.166666944444444],[8.758610833333334,46.585]],[[9.082332777777777,44.42444388888889],[8.991388888888888,44.86527777777778]],[[8.977499722222221,43.54361083333333],[9.008610833333334,43.809999999999995]],[[8.758610833333334,46.585],[8.638332777777777,47.00222194444444]],[[8.855555833333334,40.81916694444445],[8.812221944444445,41.333332777777784]],[[9.008610833333334,43.809999999999995],[9.025,43.944443888888884]],[[9.054721944444445,44.19472194444444],[9.082332777777777,44.42444388888889]],[[8.939166944444445,39.803888888888885],[8.893888888888888,40.35666694444445]],[[8.5075,47.45305583333334],[8.436971944444444,47.689499999999995]],[[9.021582777777779,45.64597194444445],[8.881110833333334,46.166666944444444]],[[8.958332777777777,43.38833277777778],[8.977499722222221,43.54361083333333]],[[8.991388888888888,44.86527777777778],[8.97019388888889,44.96458277777778]],[[9.025,43.944443888888884],[9.054721944444445,44.19472194444444]],[[8.638332777777777,47.00222194444444],[8.605027777777778,47.11713888888889]],[[8.97019388888889,44.96458277777778],[9.021582777777779,45.64597194444445]]]}},{"type":"Feature","properties":{"type":"lowAirway","uuid":"lowairway-m859","name":"M859"},"geometry":{"type":"MultiLineString","coordinates":[[[10.162499722222222,44.484166944444446],[9.848055833333333,44.46833277777778]],[[10.314166944444445,44.49166694444445],[10.162499722222222,44.484166944444446]],[[9.082332777777777,44.42444388888889],[8.498055833333332,44.39416694444444]],[[9.617499722222222,44.454999722222226],[9.082332777777777,44.42444388888889]],[[9.848055833333333,44.46833277777778],[9.617499722222222,44.454999722222226]]]}},{"type":"Feature","properties":{"type":"lowAirway","uuid":"lowairway-m871","name":"M871"},"geometry":{"type":"MultiLineString","coordinates":[[[-1.2845827777777776,39.77924972222222],[-1.14975,39.54919388888889]],[[-3.2186108333333334,40.22444388888889],[-2.1745558333333332,39.988860833333334]],[[9.508027777777778,39.111360833333336],[9.770277777777778,39.03944388888889]],[[-4.676388888888889,40.41638888888889],[-4.2494169444444445,40.36866694444444]],[[2.417416944444444,39.406082777777776],[3.2567219444444446,39.42733277777778]],[[1.410749722222222,39.37261083333333],[2.417416944444444,39.406082777777776]],[[-0.5444438888888888,39.28249972222222],[0.43130583333333333,39.331610833333336]],[[-1.14975,39.54919388888889],[-0.9088888888888889,39.44361083333333]],[[-1.4808327777777779,39.82611083333334],[-1.2845827777777776,39.77924972222222]],[[-0.8377777777777778,39.4125],[-0.5444438888888888,39.28249972222222]],[[-2.1745558333333332,39.988860833333334],[-1.4808327777777779,39.82611083333334]],[[-4.2494169444444445,40.36866694444444],[-3.348027777777778,40.25291694444444]],[[0.43130583333333333,39.331610833333336],[1.410749722222222,39.37261083333333]],[[-3.348027777777778,40.25291694444444],[-3.2186108333333334,40.22444388888889]],[[-0.9088888888888889,39.44361083333333],[-0.8377777777777778,39.4125]]]}},{"type":"Feature","properties":{"type":"lowAirway","uuid":"lowairway-m91","name":"M91"},"geometry":{"type":"MultiLineString","coordinates":[[[0.7094277777777778,51.24718888888889],[0.8786608333333333,50.99968583333334]],[[1.4666669444444445,50.92111083333333],[0.8786608333333333,50.99968583333334]]]}},{"type":"Feature","properties":{"type":"lowAirway","uuid":"lowairway-m984","name":"M984"},"geometry":{"type":"MultiLineString","coordinates":[[[10.430277777777777,46.15416694444444],[10.116666944444445,46.043055833333334]],[[3.625805833333333,42.08638888888889],[3.2088608333333335,41.947693888888885]],[[10.116666944444445,46.043055833333334],[9.554721944444445,45.85277777777778]],[[4.000277777777778,42.20916694444445],[3.625805833333333,42.08638888888889]]]}},{"type":"Feature","properties":{"type":"lowAirway","uuid":"lowairway-m985","name":"M985"},"geometry":{"type":"MultiLineString","coordinates":[[[3.4886108333333334,41.544805833333335],[3.8602777777777777,41.605555833333334]],[[-1.2629997222222222,39.024388888888886],[-0.8568327777777778,39.26599972222222]],[[3.8602777777777777,41.605555833333334],[4.666666944444445,41.73333277777778]],[[0.23611083333333333,40.00694388888889],[0.5881938888888889,40.257916944444446]],[[8.852221944444445,44.32638888888889],[9.082332777777777,44.42444388888889]],[[1.2317777777777779,40.70872194444445],[1.451943888888889,40.86083277777778]],[[8.221110833333334,44.05611083333333],[8.852221944444445,44.32638888888889]],[[9.082332777777777,44.42444388888889],[9.250555833333333,44.62638888888889]],[[1.0029719444444445,40.54969388888889],[1.2317777777777779,40.70872194444445]],[[10.116666944444445,45.649166944444445],[10.426943888888887,45.803888888888885]],[[1.451943888888889,40.86083277777778],[1.7302777777777778,41.05138888888889]],[[-1.7688888888888887,38.719166944444446],[-1.2629997222222222,39.024388888888886]],[[1.7302777777777778,41.05138888888889],[2.1078058333333334,41.307138888888886]],[[-0.8568327777777778,39.26599972222222],[-0.48305583333333335,39.48563888888889]],[[-0.004693888888888889,39.83383277777778],[0.23611083333333333,40.00694388888889]],[[0.5881938888888889,40.257916944444446],[1.0029719444444445,40.54969388888889]],[[-0.48305583333333335,39.48563888888889],[-0.004693888888888889,39.83383277777778]],[[-2.092777777777778,38.52111083333333],[-1.7688888888888887,38.719166944444446]],[[-2.352777777777778,38.36077777777778],[-2.092777777777778,38.52111083333333]]]}},{"type":"Feature","properties":{"type":"lowAirway","uuid":"lowairway-m986","name":"M986"},"geometry":{"type":"MultiLineString","coordinates":[[[7.176943888888889,40.18361083333333],[7.297777777777777,40.33444388888889]],[[6.804443888888889,39.71388888888889],[7.176943888888889,40.18361083333333]],[[7.297777777777777,40.33444388888889],[7.482777777777778,40.56388888888888]],[[6.25,39],[6.804443888888889,39.71388888888889]]]}},{"type":"Feature","properties":{"type":"lowAirway","uuid":"lowairway-n10","name":"N10"},"geometry":{"type":"MultiLineString","coordinates":[[[-1.9633327777777778,42.34366694444444],[-1.9074169444444444,42.42761083333333]],[[-2.629777777777778,41.32355583333334],[-2.514527777777778,41.502610833333335]],[[-2.514527777777778,41.502610833333335],[-2.0778058333333336,42.17102777777777]],[[-2.544610833333333,40.37197194444445],[-2.5991669444444447,40.98030583333333]],[[-4.556388888888889,38.93861083333333],[-3.7461108333333333,39.56611083333333]],[[-1.7643608333333334,43.01558277777778],[-1.8303888888888888,43.31119388888889]],[[-2.0778058333333336,42.17102777777777],[-2.0111108333333334,42.271943888888885]],[[-5.099693888888889,38.50813888888889],[-4.556388888888889,38.93861083333333]],[[-3.7461108333333333,39.56611083333333],[-3.464027777777778,39.78074972222222]],[[-1.9074169444444444,42.42761083333333],[-1.7019997222222223,42.73375]],[[-2.5991669444444447,40.98030583333333],[-2.629777777777778,41.32355583333334]],[[-1.7019997222222223,42.73375],[-1.7643608333333334,43.01558277777778]],[[-5.762221944444445,37.42758277777777],[-5.099693888888889,38.50813888888889]],[[-2.0111108333333334,42.271943888888885],[-1.9633327777777778,42.34366694444444]],[[-3.464027777777778,39.78074972222222],[-2.544610833333333,40.37197194444445]]]}},{"type":"Feature","properties":{"type":"lowAirway","uuid":"lowairway-n14","name":"N14"},"geometry":{"type":"MultiLineString","coordinates":[[[-0.9170777777777778,51.01449972222222],[-0.9639438888888888,51.059124999999995]],[[-0.9639438888888888,51.059124999999995],[-1.232218888888889,51.337966944444446]]]}},{"type":"Feature","properties":{"type":"lowAirway","uuid":"lowairway-n16","name":"N16"},"geometry":{"type":"MultiLineString","coordinates":[[[-0.9383469444444444,50.82],[-0.7567358333333334,50.85521888888889]],[[-1.235552777777778,50.76253277777778],[-0.9383469444444444,50.82]],[[-2.5187027777777775,50.74974388888889],[-1.235552777777778,50.76253277777778]],[[-0.7567358333333334,50.85521888888889],[-0.23083583333333335,51.17292777777777]]]}},{"type":"Feature","properties":{"type":"lowAirway","uuid":"lowairway-n160","name":"N160"},"geometry":{"type":"MultiLineString","coordinates":[[[0.6333327777777779,49.083332777777784],[0.40194388888888893,49.10333277777778]],[[-0.4552777777777778,49.17319388888889],[-1.7955558333333332,49.21472194444445]],[[1.2208608333333335,49.03169388888889],[0.6916669444444444,49.078610833333336]],[[-7.114405833333333,50.93725777777777],[-7.567957777777777,51.23993888888889]],[[0.6916669444444444,49.078610833333336],[0.6333327777777779,49.083332777777784]],[[-2.046143888888889,49.22110583333333],[-3,49.38138888888889]],[[0.40194388888888893,49.10333277777778],[-0.25,49.155]],[[-1.7955558333333332,49.21472194444445],[-2.046143888888889,49.22110583333333]],[[-3,49.38138888888889],[-4.330152777777777,49.59034388888889]],[[-0.25,49.155],[-0.4552777777777778,49.17319388888889]]]}},{"type":"Feature","properties":{"type":"lowAirway","uuid":"lowairway-n163","name":"N163"},"geometry":{"type":"MultiLineString","coordinates":[[[6.534721944444445,42.882777777777775],[7.5911108333333335,43.10472194444445]],[[5.633332777777778,43.01277777777778],[6.534721944444445,42.882777777777775]],[[5.0868327777777775,43.38630583333333],[5.633332777777778,43.01277777777778]]]}},{"type":"Feature","properties":{"type":"lowAirway","uuid":"lowairway-n17","name":"N17"},"geometry":{"type":"MultiLineString","coordinates":[[[-3.463952777777778,50.57425277777778],[-2.9899247222222223,50.629075]],[[-2.9899247222222223,50.629075],[-2.514825,50.68196083333333]],[[-1.5477388888888888,50.666110833333335],[-0.7549138888888889,50.81108888888889]],[[-2.514825,50.68196083333333],[-2.02585,50.660893888888886]],[[-2.02585,50.660893888888886],[-1.5477388888888888,50.666110833333335]]]}},{"type":"Feature","properties":{"type":"lowAirway","uuid":"lowairway-n19","name":"N19"},"geometry":{"type":"MultiLineString","coordinates":[[[-1.9941688888888889,50.87127777777778],[-2.545960833333333,50.79681083333333]],[[-1.3450558333333333,50.95524972222223],[-1.9941688888888889,50.87127777777778]]]}},{"type":"Feature","properties":{"type":"lowAirway","uuid":"lowairway-n20","name":"N20"},"geometry":{"type":"MultiLineString","coordinates":[[[1.854693888888889,50.13513888888889],[1.0656108333333334,50.514916944444444]],[[0.6584497222222222,50.48843277777778],[-0.4174827777777778,50.58615]],[[1.0656108333333334,50.514916944444444],[0.6584497222222222,50.48843277777778]],[[-0.4174827777777778,50.58615],[-0.5780169444444444,50.68771694444444]]]}},{"type":"Feature","properties":{"type":"lowAirway","uuid":"lowairway-n22","name":"N22"},"geometry":{"type":"MultiLineString","coordinates":[[[-3.500227777777778,50.28013583333333],[-3.493688888888889,50.3986]]]}},{"type":"Feature","properties":{"type":"lowAirway","uuid":"lowairway-n31","name":"N31"},"geometry":{"type":"MultiLineString","coordinates":[[[2.032055833333333,42.171527777777776],[2.072082777777778,41.83675]],[[2.0084719444444445,42.36680583333333],[2.032055833333333,42.171527777777776]],[[2.10975,41.51986083333333],[2.1078058333333334,41.307138888888886]],[[2.10975,41.51986083333333],[2.072082777777778,41.83675]]]}},{"type":"Feature","properties":{"type":"lowAirway","uuid":"lowairway-n40","name":"N40"},"geometry":{"type":"MultiLineString","coordinates":[[[-3.359752777777778,51.17854388888889],[-3.2439327777777778,51.08000277777778]],[[-3.2439327777777778,51.08000277777778],[-3.2382358333333334,50.7608]],[[-3.2382358333333334,50.7608],[-3.131705833333333,50.371274722222225]]]}},{"type":"Feature","properties":{"type":"lowAirway","uuid":"lowairway-n480","name":"N480"},"geometry":{"type":"MultiLineString","coordinates":[[[-5.5530558333333335,44.609721944444445],[-5.934610833333333,44.054360833333334]]]}},{"type":"Feature","properties":{"type":"lowAirway","uuid":"lowairway-n491","name":"N491"},"geometry":{"type":"MultiLineString","coordinates":[[[8.076943888888888,47.77916694444444],[8.436971944444444,47.689499999999995]],[[7.583332777777778,47.90833277777778],[8.076943888888888,47.77916694444444]],[[6.059416944444444,48.31783277777778],[6.6841388888888895,48.158943888888885]],[[8.436971944444444,47.689499999999995],[8.817666944444444,47.59216694444444]],[[8.817666944444444,47.59216694444444],[9.201943888888888,47.4125]]]}},{"type":"Feature","properties":{"type":"lowAirway","uuid":"lowairway-n514","name":"N514"},"geometry":{"type":"MultiLineString","coordinates":[[[-1.2158527777777777,51.08185],[-1.3804277777777778,51.000905833333334]],[[-1.3804277777777778,51.000905833333334],[-2.003874722222222,50.89340583333333]],[[-0.9600058333333333,51.20666388888889],[-1.2158527777777777,51.08185]],[[-2.003874722222222,50.89340583333333],[-2.545960833333333,50.79681083333333]]]}},{"type":"Feature","properties":{"type":"lowAirway","uuid":"lowairway-n57","name":"N57"},"geometry":{"type":"MultiLineString","coordinates":[[[1.854693888888889,50.13513888888889],[1.9071108333333333,50.62477777777778]],[[1.9071108333333333,50.62477777777778],[1.4666669444444445,50.85704194444445]],[[1.4666669444444445,50.85704194444445],[1.0675358333333334,51.06411388888888]],[[2.4894719444444444,49.552638888888886],[1.854693888888889,50.13513888888889]],[[1.0675358333333334,51.06411388888888],[0.597275,51.304002777777775]]]}},{"type":"Feature","properties":{"type":"lowAirway","uuid":"lowairway-n6","name":"N6"},"geometry":{"type":"MultiLineString","coordinates":[[[-1.0072219444444444,50.33416694444445],[-0.8583608333333334,50.616816944444444]],[[-0.8583608333333334,50.616816944444444],[-0.7549138888888889,50.81108888888889]]]}},{"type":"Feature","properties":{"type":"lowAirway","uuid":"lowairway-n608","name":"N608"},"geometry":{"type":"MultiLineString","coordinates":[[[0.90275,42.448832777777774],[0.9972219444444443,42.77499972222222]],[[0.14305583333333333,40.23083277777778],[0.26547194444444444,40.55658277777778]],[[-0.0077777777777777776,39.35083277777778],[-0.004693888888888889,39.83383277777778]],[[0.38491694444444446,40.87108277777778],[0.4425277777777778,41.02163888888889]],[[0.7302777777777778,41.84499972222223],[0.90275,42.448832777777774]],[[0.6480277777777778,41.55291694444444],[0.6786108333333333,41.661943888888885]],[[0.26547194444444444,40.55658277777778],[0.38491694444444446,40.87108277777778]],[[0.6786108333333333,41.661943888888885],[0.7302777777777778,41.84499972222223]],[[-0.013721944444444445,38.44944388888889],[-0.0077777777777777776,39.35083277777778]],[[0.4425277777777778,41.02163888888889],[0.4763888888888889,41.109721944444445]],[[0.4763888888888889,41.109721944444445],[0.5659169444444445,41.341749722222225]],[[-0.004693888888888889,39.83383277777778],[0.14305583333333333,40.23083277777778]],[[0.5659169444444445,41.341749722222225],[0.6480277777777778,41.55291694444444]]]}},{"type":"Feature","properties":{"type":"lowAirway","uuid":"lowairway-n621","name":"N621"},"geometry":{"type":"MultiLineString","coordinates":[[[-1.2158527777777777,51.08185],[-1.3450558333333333,50.95524972222223]],[[-1.0006419444444445,51.29087777777777],[-1.2158527777777777,51.08185]],[[-1.849943888888889,50.67491694444444],[-2.0723358333333337,50.24626694444444]],[[-2.0723358333333337,50.24626694444444],[-2.1065058333333333,49.98244388888889]],[[-1.3450558333333333,50.95524972222223],[-1.849943888888889,50.67491694444444]]]}},{"type":"Feature","properties":{"type":"lowAirway","uuid":"lowairway-n624","name":"N624"},"geometry":{"type":"MultiLineString","coordinates":[[[9.668046944444443,49.34009694444445],[9.810832777777778,49.60777777777778]],[[9.506388888888889,48.956110833333334],[9.668046944444443,49.34009694444445]],[[9.259207777777778,48.618407777777776],[9.506388888888889,48.956110833333334]]]}},{"type":"Feature","properties":{"type":"lowAirway","uuid":"lowairway-n63","name":"N63"},"geometry":{"type":"MultiLineString","coordinates":[[[-0.5323327777777779,51.17469388888889],[-0.9639438888888888,51.059124999999995]],[[-1.5227077777777778,50.73229694444445],[-2.1065058333333333,49.98244388888889]],[[-1.3450558333333333,50.95524972222223],[-1.5227077777777778,50.73229694444445]],[[-0.9639438888888888,51.059124999999995],[-1.3450558333333333,50.95524972222223]]]}},{"type":"Feature","properties":{"type":"lowAirway","uuid":"lowairway-n725","name":"N725"},"geometry":{"type":"MultiLineString","coordinates":[[[-6.538610833333333,42.79666694444444],[-6.164443888888889,42.767221944444444]],[[-2.880693888888889,42.45330583333334],[-2.0111108333333334,42.271943888888885]],[[6.157221944444445,40.71083277777778],[7.482777777777778,40.56388888888888]],[[-3.2395827777777777,42.49238888888889],[-2.880693888888889,42.45330583333334]],[[-6.164443888888889,42.767221944444444],[-5.856416944444444,42.741860833333334]],[[-7.296027777777778,42.852805833333335],[-6.538610833333333,42.79666694444444]],[[-4.849721944444444,42.65333277777778],[-4.030777777777778,42.574443888888894]],[[-4.988888888888889,42.666110833333335],[-4.849721944444444,42.65333277777778]],[[4.666666944444445,40.85694388888889],[6.157221944444445,40.71083277777778]],[[-4.030777777777778,42.574443888888894],[-3.2395827777777777,42.49238888888889]],[[-5.856416944444444,42.741860833333334],[-5.442777777777778,42.70638888888889]],[[-8.425388888888888,42.92686083333333],[-7.296027777777778,42.852805833333335]],[[-5.442777777777778,42.70638888888889],[-4.988888888888889,42.666110833333335]]]}},{"type":"Feature","properties":{"type":"lowAirway","uuid":"lowairway-n726","name":"N726"},"geometry":{"type":"MultiLineString","coordinates":[[[-8.425388888888888,42.92686083333333],[-8.228277777777778,42.139805833333334]]]}},{"type":"Feature","properties":{"type":"lowAirway","uuid":"lowairway-n727","name":"N727"},"geometry":{"type":"MultiLineString","coordinates":[[[3.540055833333333,41.06294388888889],[3.9918608333333334,40.5]],[[2.771860833333333,41.93124972222222],[3.187193888888889,41.4945]],[[3.187193888888889,41.4945],[3.441388888888889,41.184443888888886]],[[3.441388888888889,41.184443888888886],[3.540055833333333,41.06294388888889]]]}},{"type":"Feature","properties":{"type":"lowAirway","uuid":"lowairway-n728","name":"N728"},"geometry":{"type":"MultiLineString","coordinates":[[[-7.865582777777777,43.65311083333333],[-6.919721944444444,44.83527777777778]],[[-8.425388888888888,42.92686083333333],[-7.865582777777777,43.65311083333333]]]}},{"type":"Feature","properties":{"type":"lowAirway","uuid":"lowairway-n733","name":"N733"},"geometry":{"type":"MultiLineString","coordinates":[[[2.471388888888889,39.657777777777774],[1.3803777777777777,39.60314388888889]],[[0.29872194444444444,39.53863888888889],[-0.48305583333333335,39.48563888888889]],[[-6.944610833333334,42.200610833333336],[-6.2166669444444445,41.83027777777778]],[[-2.158332777777778,40.21055583333334],[-2.0103327777777777,40.1475]],[[-1.2116669444444443,39.80533277777778],[-1.0944438888888888,39.75416694444444]],[[-1.4319997222222223,39.90061083333333],[-1.2116669444444443,39.80533277777778]],[[-2.544610833333333,40.37197194444445],[-2.158332777777778,40.21055583333334]],[[-2.544610833333333,40.37197194444445],[-4.22325,41.01525]],[[-0.9863327777777777,39.707166944444445],[-0.48305583333333335,39.48563888888889]],[[-6.2166669444444445,41.83027777777778],[-5.639693888888888,41.53019388888889]],[[-4.22325,41.01525],[-4.611110833333333,41.15888888888889]],[[-7.783610833333333,42.61638888888889],[-7.481471944444444,42.468110833333334]],[[1.3803777777777777,39.60314388888889],[0.6208327777777778,39.55888888888889]],[[-7.388610833333334,42.422221944444445],[-7.094166944444444,42.275555833333335]],[[-7.481471944444444,42.468110833333334],[-7.388610833333334,42.422221944444445]],[[-7.094166944444444,42.275555833333335],[-6.944610833333334,42.200610833333336]],[[0.6208327777777778,39.55888888888889],[0.29872194444444444,39.53863888888889]],[[2.612499722222222,39.664166944444446],[2.471388888888889,39.657777777777774]],[[-2.0103327777777777,40.1475],[-1.4319997222222223,39.90061083333333]],[[-8.425388888888888,42.92686083333333],[-7.783610833333333,42.61638888888889]],[[-4.611110833333333,41.15888888888889],[-4.964721944444444,41.28805583333333]],[[-1.0944438888888888,39.75416694444444],[-0.9863327777777777,39.707166944444445]],[[-4.964721944444444,41.28805583333333],[-5.639693888888888,41.53019388888889]]]}},{"type":"Feature","properties":{"type":"lowAirway","uuid":"lowairway-n736","name":"N736"},"geometry":{"type":"MultiLineString","coordinates":[[[7.7519438888888885,44.02305583333333],[7.5291669444444445,43.78944388888889]],[[8.760832777777777,45.337499722222226],[7.7519438888888885,44.02305583333333]],[[7.5291669444444445,43.78944388888889],[7.452610833333334,43.708555833333335]],[[7.452610833333334,43.708555833333335],[7.371166944444444,43.622277777777775]]]}},{"type":"Feature","properties":{"type":"lowAirway","uuid":"lowairway-n745","name":"N745"},"geometry":{"type":"MultiLineString","coordinates":[[[-6.722777777777778,40.62277777777778],[-6.288610833333333,40.990832777777776]],[[-6.288610833333333,40.990832777777776],[-5.639693888888888,41.53019388888889]]]}},{"type":"Feature","properties":{"type":"lowAirway","uuid":"lowairway-n75","name":"N75"},"geometry":{"type":"MultiLineString","coordinates":[[[-2.925360833333333,43.30419388888889],[-3.316666944444444,43.68055583333333]],[[-3.987499722222222,44.32888888888889],[-3.4516108333333335,43.81241694444444]],[[-3.4516108333333335,43.81241694444444],[-3.316666944444444,43.68055583333333]]]}},{"type":"Feature","properties":{"type":"lowAirway","uuid":"lowairway-n850","name":"N850"},"geometry":{"type":"MultiLineString","coordinates":[[[8.923332777777777,50.141666944444445],[8.800277777777778,50.056666944444444]],[[8.977227777777777,51.110932777777776],[8.959166944444444,51.04749972222222]],[[8.896943888888888,50.26694388888889],[8.923332777777777,50.141666944444445]],[[8.800277777777778,50.056666944444444],[8.689999722222222,49.73722194444444]],[[8.618332777777779,46.43611083333333],[8.664925,46.10440277777778]],[[8.852221944444445,44.32638888888889],[8.803610833333334,44.13472194444444]],[[8.959166944444444,51.04749972222222],[8.884999722222222,50.824938888888894]],[[8.4669,48.629725],[8.41476888888889,48.46585277777778]],[[8.53211388888889,47.03937472222222],[8.594166944444446,46.60666694444445]],[[8.81944388888889,50.635555833333335],[8.896943888888888,50.26694388888889]],[[8.607777777777777,49.14999972222222],[8.584235833333334,48.99294388888889]],[[8.812221944444445,44.77499972222222],[8.852221944444445,44.32638888888889]],[[8.584235833333334,48.99294388888889],[8.4669,48.629725]],[[8.400777777777778,48.421813888888884],[8.321260833333334,48.169999999999995]],[[8.321260833333334,48.169999999999995],[8.396666944444444,47.85833277777778]],[[8.884999722222222,50.824938888888894],[8.81944388888889,50.635555833333335]],[[8.63551388888889,49.32913083333334],[8.607777777777777,49.14999972222222]],[[8.5,47.26027777777778],[8.53211388888889,47.03937472222222]],[[8.594166944444446,46.60666694444445],[8.618332777777779,46.43611083333333]],[[8.396666944444444,47.85833277777778],[8.436971944444444,47.689499999999995]],[[8.436971944444444,47.689499999999995],[8.5,47.26027777777778]],[[8.41476888888889,48.46585277777778],[8.400777777777778,48.421813888888884]],[[8.689999722222222,49.73722194444444],[8.63551388888889,49.32913083333334]]]}},{"type":"Feature","properties":{"type":"lowAirway","uuid":"lowairway-n851","name":"N851"},"geometry":{"type":"MultiLineString","coordinates":[[[9.042777777777777,46.15972194444444],[9.009166944444445,46.41055583333333]],[[2.7155558333333336,39.27583277777778],[3.2567219444444446,39.42733277777778]],[[0.4833327777777778,38.60833277777778],[0.6749999999999999,38.66880777777777]],[[9.125832777777779,45.64583277777778],[9.071388888888889,45.98388888888889]],[[8.907610833333333,47.156777777777776],[8.889166944444444,47.289721944444445]],[[9.227499722222221,48.43416694444444],[9.259207777777778,48.618407777777776]],[[9.162499722222222,48.04416694444444],[9.182777777777778,48.166666944444444]],[[1.4704169444444446,38.91547194444444],[2.6105558333333336,39.24611083333333]],[[8.966943888888888,47.44111083333333],[9.107777777777777,47.713055833333335]],[[9.340227777777779,48.912974999999996],[9.316124722222224,49.21475277777778]],[[9.195891944444444,48.24542777777778],[9.227499722222221,48.43416694444444]],[[9.182777777777778,48.166666944444444],[9.195891944444444,48.24542777777778]],[[9.308610833333335,44.14],[9.250555833333333,44.62638888888889]],[[-0.013721944444444445,38.44944388888889],[0.4833327777777778,38.60833277777778]],[[9.250555833333333,44.62638888888889],[9.125832777777779,45.64583277777778]],[[9.316124722222224,49.21475277777778],[9.305321944444445,49.35415583333334]],[[9.071388888888889,45.98388888888889],[9.042777777777777,46.15972194444444]],[[8.983055833333333,46.60527777777778],[8.94444388888889,46.88944388888889]],[[3.2567219444444446,39.42733277777778],[4.216305833333333,39.86361083333333]],[[9.136388888888888,47.88666694444444],[9.162499722222222,48.04416694444444]],[[9.363888888888889,49.74888888888889],[9.783055833333334,50.07]],[[8.889166944444444,47.289721944444445],[8.966943888888888,47.44111083333333]],[[9.305321944444445,49.35415583333334],[9.363888888888889,49.74888888888889]],[[9.107777777777777,47.713055833333335],[9.120555833333334,47.78999972222222]],[[0.6749999999999999,38.66880777777777],[1.4704169444444446,38.91547194444444]],[[8.94444388888889,46.88944388888889],[8.907610833333333,47.156777777777776]],[[9.259207777777778,48.618407777777776],[9.340227777777779,48.912974999999996]],[[9.127777777777778,47.83527777777778],[9.136388888888888,47.88666694444444]],[[8.958332777777777,43.38833277777778],[9.308610833333335,44.14]],[[2.6105558333333336,39.24611083333333],[2.7155558333333336,39.27583277777778]],[[9.009166944444445,46.41055583333333],[8.983055833333333,46.60527777777778]],[[9.120555833333334,47.78999972222222],[9.127777777777778,47.83527777777778]]]}},{"type":"Feature","properties":{"type":"lowAirway","uuid":"lowairway-n852","name":"N852"},"geometry":{"type":"MultiLineString","coordinates":[[[6.4638888888888895,49.36694388888889],[6.565693888888888,49.214221944444446]],[[3.8602777777777777,41.605555833333334],[3.756943888888889,41.152971944444445]],[[3.4343608333333338,39.697693888888885],[3.147777777777778,38.29361083333333]],[[6.129749722222222,49.86130583333333],[6.281666944444444,49.63722194444444]],[[6.565693888888888,49.214221944444446],[6.716221944444444,48.98644388888889]],[[6.004999722222222,50.079166944444445],[6.069721944444444,49.96638888888889]],[[6.069721944444444,49.96638888888889],[6.129749722222222,49.86130583333333]],[[6.4421108333333335,49.397060833333335],[6.4638888888888895,49.36694388888889]],[[6.281666944444444,49.63722194444444],[6.391666944444445,49.46666694444445]],[[5.710277777777778,50.58583277777778],[6.004999722222222,50.079166944444445]],[[5.710277777777778,50.58583277777778],[5.665555833333333,50.68249972222222]],[[3.5208327777777777,40.094166944444446],[3.4343608333333338,39.697693888888885]],[[3.9336108333333337,41.92388888888889],[3.8602777777777777,41.605555833333334]],[[6.391666944444445,49.46666694444445],[6.4421108333333335,49.397060833333335]],[[4.115555833333333,42.172221944444445],[3.9336108333333337,41.92388888888889]],[[3.756943888888889,41.152971944444445],[3.5208327777777777,40.094166944444446]]]}},{"type":"Feature","properties":{"type":"lowAirway","uuid":"lowairway-n853","name":"N853"},"geometry":{"type":"MultiLineString","coordinates":[[[6.132221944444444,50.299166944444444],[6.2005558333333335,50.57]],[[4.504999722222222,41.075],[4.666666944444445,41.73333277777778]],[[6.129749722222222,49.86130583333333],[6.132221944444444,50.299166944444444]],[[6.67944388888889,51.02305583333333],[6.848332777777777,51.10333277777778]],[[4.168055833333334,39.61611083333334],[4.216305833333333,39.86361083333333]],[[6.239443888888889,50.722499722222224],[6.67944388888889,51.02305583333333]],[[6.2005558333333335,50.57],[6.239443888888889,50.722499722222224]],[[4.461388888888889,40.89527777777778],[4.504999722222222,41.075]],[[4.090832777777777,39.2175],[4.168055833333334,39.61611083333334]],[[4.3665827777777775,40.5],[4.461388888888889,40.89527777777778]],[[4.216305833333333,39.86361083333333],[4.3665827777777775,40.5]],[[6.722666944444445,45.80972194444444],[6.701110833333334,46.12638888888889]],[[3.9497219444444447,38.48027777777778],[4.090832777777777,39.2175]],[[6.701110833333334,46.12638888888889],[6.67944388888889,46.443888888888885]],[[6.746860833333334,45.457166944444445],[6.722666944444445,45.80972194444444]]]}},{"type":"Feature","properties":{"type":"lowAirway","uuid":"lowairway-n855","name":"N855"},"geometry":{"type":"MultiLineString","coordinates":[[[3.2088608333333335,41.947693888888885],[3.1959999999999997,41.67961083333333]],[[3.2088608333333335,41.947693888888885],[2.9831669444444446,42.48030583333333]],[[3.1575558333333333,40.86375],[3.1458327777777777,40.609166944444446]],[[3.1959999999999997,41.67961083333333],[3.187193888888889,41.4945]],[[3.1407219444444445,40.5],[3.1145827777777777,39.92744388888889]],[[3.1145827777777777,39.92744388888889],[3.1311108333333335,39.117777777777775]],[[3.1737777777777776,41.21027777777778],[3.1575558333333333,40.86375]],[[3.187193888888889,41.4945],[3.1737777777777776,41.21027777777778]],[[3.1458327777777777,40.609166944444446],[3.1407219444444445,40.5]],[[3.1311108333333335,39.117777777777775],[3.1416669444444443,38.596943888888894]],[[3.1416669444444443,38.596943888888894],[3.147777777777778,38.29361083333333]]]}},{"type":"Feature","properties":{"type":"lowAirway","uuid":"lowairway-n856","name":"N856"},"geometry":{"type":"MultiLineString","coordinates":[[[1.2317777777777779,40.70872194444445],[1.1711108333333333,41.149721944444444]],[[1.3803777777777777,39.60314388888889],[1.2799169444444445,40.35461083333333]],[[1.410749722222222,39.37261083333333],[1.3803777777777777,39.60314388888889]],[[1.75315,38.553749999999994],[1.5427777777777776,38.82333277777778]],[[1.4704169444444446,38.91547194444444],[1.4441669444444445,39.11638888888889]],[[1.2799169444444445,40.35461083333333],[1.2317777777777779,40.70872194444445]],[[1.4441669444444445,39.11638888888889],[1.410749722222222,39.37261083333333]],[[1.5427777777777776,38.82333277777778],[1.4704169444444446,38.91547194444444]],[[1.9169438888888888,38.34222194444445],[1.75315,38.553749999999994]]]}},{"type":"Feature","properties":{"type":"lowAirway","uuid":"lowairway-n857","name":"N857"},"geometry":{"type":"MultiLineString","coordinates":[[[-1.9633327777777778,42.34366694444444],[-1.9074169444444444,42.42761083333333]],[[-2.629777777777778,41.32355583333334],[-2.514527777777778,41.502610833333335]],[[-2.629777777777778,41.32355583333334],[-3.724443888888889,40.11083277777778]],[[-2.514527777777778,41.502610833333335],[-2.0778058333333336,42.17102777777777]],[[-2.0778058333333336,42.17102777777777],[-2.0111108333333334,42.271943888888885]],[[-3.724443888888889,40.11083277777778],[-4.0553888888888885,39.73333277777778]],[[-4.0553888888888885,39.73333277777778],[-4.496943888888889,39.22166694444444]],[[-4.685832777777778,39],[-5.099693888888889,38.50813888888889]],[[-4.496943888888889,39.22166694444444],[-4.685832777777778,39]],[[-1.9074169444444444,42.42761083333333],[-1.7019997222222223,42.73375]],[[-5.762221944444445,37.42758277777777],[-5.099693888888889,38.50813888888889]],[[-2.0111108333333334,42.271943888888885],[-1.9633327777777778,42.34366694444444]]]}},{"type":"Feature","properties":{"type":"lowAirway","uuid":"lowairway-n858","name":"N858"},"geometry":{"type":"MultiLineString","coordinates":[[[-5.476943888888889,38.59722194444445],[-5.149888888888889,39]],[[-3.4116669444444443,41.504443888888886],[-2.880693888888889,42.45330583333334]],[[9.963055833333332,50.9525],[10.286602777777778,51.05058083333333]],[[10.286602777777778,51.05058083333333],[10.34888888888889,51.06805583333334]],[[9.701388888888888,50.87222194444445],[9.963055833333332,50.9525]],[[-6,37.95],[-5.476943888888889,38.59722194444445]],[[-5.149888888888889,39],[-4.3373888888888885,39.96947194444444]],[[-3.6046669444444444,41.151693888888886],[-3.4116669444444443,41.504443888888886]],[[9.205555833333333,50.71722194444445],[9.701388888888888,50.87222194444445]],[[-4.3373888888888885,39.96947194444444],[-3.6046669444444444,41.151693888888886]],[[8.785780833333334,50.571646944444446],[9.205555833333333,50.71722194444445]]]}},{"type":"Feature","properties":{"type":"lowAirway","uuid":"lowairway-n859","name":"N859"},"geometry":{"type":"MultiLineString","coordinates":[[[2.1078058333333334,41.307138888888886],[2.28675,40.80291694444444]],[[-0.07611083333333334,50.20944388888889],[0,50.1]],[[-0.5780169444444444,50.68771694444444],[-0.7567358333333334,50.85521888888889]],[[-0.5780169444444444,50.68771694444444],[-0.5358327777777778,50.64805583333333]],[[2.28675,40.80291694444444],[2.348638888888889,40.62661083333333]],[[3.147777777777778,38.29361083333333],[2.8998327777777777,39.02474972222222]],[[-0.5358327777777778,50.64805583333333],[-0.07611083333333334,50.20944388888889]],[[2.348638888888889,40.62661083333333],[2.392888888888889,40.5]],[[2.496268888888889,40.20222777777778],[2.7583058333333335,39.43519388888888]],[[2.8998327777777777,39.02474972222222],[2.7583058333333335,39.43519388888888]],[[2.0084719444444445,42.36680583333333],[2.0724997222222226,41.68722194444444]],[[2.392888888888889,40.5],[2.496268888888889,40.20222777777778]],[[-1.0451108333333334,51.253880833333334],[-0.7567358333333334,50.85521888888889]],[[2.0724997222222226,41.68722194444444],[2.1078058333333334,41.307138888888886]]]}},{"type":"Feature","properties":{"type":"lowAirway","uuid":"lowairway-n86","name":"N86"},"geometry":{"type":"MultiLineString","coordinates":[[[7.189166944444445,43.344721944444444],[7.371166944444444,43.622277777777775]],[[4.585277777777778,42.416666944444444],[4.997388888888889,42.56022194444444]],[[6.534721944444445,42.882777777777775],[7.072971944444444,43.16594388888889]],[[7.072971944444444,43.16594388888889],[7.189166944444445,43.344721944444444]],[[4.000277777777778,42.20916694444445],[4.585277777777778,42.416666944444444]],[[4.997388888888889,42.56022194444444],[5.315110833333333,42.69772194444444]],[[5.315110833333333,42.69772194444444],[6.534721944444445,42.882777777777775]]]}},{"type":"Feature","properties":{"type":"lowAirway","uuid":"lowairway-n860","name":"N860"},"geometry":{"type":"MultiLineString","coordinates":[[[0.558443888888889,42.69299972222222],[0.47500000000000003,42.36749972222222]],[[-0.771943888888889,39.06916694444445],[-0.9986669444444444,38.738305833333335]],[[0.19938888888888887,41.26844388888889],[0.16525,41.12958277777778]],[[0.06155583333333334,40.872277777777775],[-0.0639438888888889,40.557943888888886]],[[0.37644388888888886,41.97902777777778],[0.31844388888888886,41.747999722222225]],[[0.31844388888888886,41.747999722222225],[0.2186938888888889,41.34669388888889]],[[0.16525,41.12958277777778],[0.06155583333333334,40.872277777777775]],[[-0.9986669444444444,38.738305833333335],[-1.5575827777777778,37.90755583333333]],[[-0.3263888888888889,39.89055583333333],[-0.48305583333333335,39.48563888888889]],[[-0.0639438888888889,40.557943888888886],[-0.18336083333333333,40.25602777777778]],[[-0.18336083333333333,40.25602777777778],[-0.2837497222222222,40]],[[0.2186938888888889,41.34669388888889],[0.19938888888888887,41.26844388888889]],[[-0.2837497222222222,40],[-0.3263888888888889,39.89055583333333]],[[0.47500000000000003,42.36749972222222],[0.37644388888888886,41.97902777777778]],[[-0.48305583333333335,39.48563888888889],[-0.771943888888889,39.06916694444445]]]}},{"type":"Feature","properties":{"type":"lowAirway","uuid":"lowairway-n861","name":"N861"},"geometry":{"type":"MultiLineString","coordinates":[[[2.3958608333333333,39.54944388888889],[1.9408608333333333,40.154360833333335]],[[1.6983327777777777,41.25972194444444],[1.6891669444444444,41.31861083333334]],[[2.7155558333333336,39.27583277777778],[2.7583058333333335,39.43519388888888]],[[1.6891669444444444,41.31861083333334],[1.6738888888888888,41.41722194444444]],[[1.6636108333333333,41.48333277777778],[1.6183058333333333,41.77163888888889]],[[1.9408608333333333,40.154360833333335],[1.7302777777777778,41.05138888888889]],[[2.7583058333333335,39.43519388888888],[2.3958608333333333,39.54944388888889]],[[2.5180558333333334,38.53111083333333],[2.7155558333333336,39.27583277777778]],[[1.7302777777777778,41.05138888888889],[1.7058608333333334,41.210638888888894]],[[2.328888888888889,37.80361083333333],[2.5180558333333334,38.53111083333333]],[[1.6738888888888888,41.41722194444444],[1.6636108333333333,41.48333277777778]],[[1.7058608333333334,41.210638888888894],[1.6983327777777777,41.25972194444444]]]}},{"type":"Feature","properties":{"type":"lowAirway","uuid":"lowairway-n862","name":"N862"},"geometry":{"type":"MultiLineString","coordinates":[[[-3.2956138888888886,50.47174694444445],[-3.3125077777777774,50.38595]],[[0.15958277777777777,41.78552777777777],[0.16525,41.12958277777778]],[[-3.256505833333333,50.23170777777778],[-3.173071944444444,50]],[[-3.114082777777778,51.37410583333333],[-3.2382358333333334,50.7608]],[[-3.2382358333333334,50.7608],[-3.2956138888888886,50.47174694444445]],[[-3.0340558333333334,49.82483888888889],[-3.173071944444444,50]],[[-3.3125077777777774,50.38595],[-3.256505833333333,50.23170777777778]]]}},{"type":"Feature","properties":{"type":"lowAirway","uuid":"lowairway-n863","name":"N863"},"geometry":{"type":"MultiLineString","coordinates":[[[2.3958608333333333,39.54944388888889],[1.7656669444444444,40.007805833333336]],[[1.1297777777777778,41.54386083333333],[1.1134719444444445,41.697916944444444]],[[1.7656669444444444,40.007805833333336],[1.4490558333333334,40.62111083333333]],[[1.1521669444444445,41.331027777777784],[1.1297777777777778,41.54386083333333]],[[1.0343608333333334,42.43536083333333],[0.9972219444444443,42.77499972222222]],[[1.4490558333333334,40.62111083333333],[1.1711108333333333,41.149721944444444]],[[1.1134719444444445,41.697916944444444],[1.0658327777777779,42.143610833333334]],[[1.1711108333333333,41.149721944444444],[1.1663888888888887,41.19611083333333]],[[1.0658327777777779,42.143610833333334],[1.0343608333333334,42.43536083333333]],[[1.1663888888888887,41.19611083333333],[1.1521669444444445,41.331027777777784]]]}},{"type":"Feature","properties":{"type":"lowAirway","uuid":"lowairway-n864","name":"N864"},"geometry":{"type":"MultiLineString","coordinates":[[[-3.4760108333333335,50.5033],[-3.463952777777778,50.57425277777778]],[[-3.493688888888889,50.3986],[-3.4760108333333335,50.5033]],[[-4.556388888888889,38.93861083333333],[-4.686638888888889,38.30955583333333]],[[-3.463952777777778,50.57425277777778],[-3.3410419444444446,51.19351694444444]],[[-4.22325,41.01525],[-4.3373888888888885,39.96947194444444]],[[-4.383610833333334,39.75527777777778],[-4.496943888888889,39.22166694444444]],[[-4.496943888888889,39.22166694444444],[-4.556388888888889,38.93861083333333]],[[-4.1091388888888885,42.027610833333334],[-4.168999722222223,41.500305833333336]],[[-4.168999722222223,41.500305833333336],[-4.195332777777778,41.265721944444444]],[[-4.195332777777778,41.265721944444444],[-4.22325,41.01525]],[[-4.030777777777778,42.574443888888894],[-4.1091388888888885,42.027610833333334]],[[-3.173071944444444,50],[-3.493688888888889,50.3986]],[[-3.9024169444444445,43.449777777777776],[-3.975027777777778,42.95777777777778]],[[-3.975027777777778,42.95777777777778],[-4.030777777777778,42.574443888888894]],[[-4.3373888888888885,39.96947194444444],[-4.383610833333334,39.75527777777778]],[[-3.9327777777777775,43.766666944444445],[-3.987499722222222,44.32888888888889]],[[-3.9327777777777775,43.766666944444445],[-3.9024169444444445,43.449777777777776]]]}},{"type":"Feature","properties":{"type":"lowAirway","uuid":"lowairway-n865","name":"N865"},"geometry":{"type":"MultiLineString","coordinates":[[[-3.613582777777778,42.02155583333333],[-3.6352777777777776,42.35805583333333]],[[-3.4847219444444444,39.574443888888894],[-3.464027777777778,39.78074972222222]],[[-3.6247219444444445,38.15255583333333],[-3.5421669444444444,39]],[[-3.6352777777777776,42.35805583333333],[-3.699832777777778,42.68227777777778]],[[-3.5421669444444444,39],[-3.4847219444444444,39.574443888888894]],[[-3.6046669444444444,41.151693888888886],[-3.6136108333333334,41.50361083333333]],[[-3.699832777777778,42.68227777777778],[-3.987499722222222,44.32888888888889]],[[-3.464027777777778,39.78074972222222],[-3.6046669444444444,41.151693888888886]],[[-3.6136108333333334,41.50361083333333],[-3.613582777777778,42.02155583333333]]]}},{"type":"Feature","properties":{"type":"lowAirway","uuid":"lowairway-n866","name":"N866"},"geometry":{"type":"MultiLineString","coordinates":[[[-2.125710833333333,50.6753],[-2.214243888888889,50.503505833333335]],[[-2.214243888888889,50.503505833333335],[-2.3287058333333333,50.279421944444444]],[[-1.3450558333333333,50.95524972222223],[-2.125710833333333,50.6753]]]}},{"type":"Feature","properties":{"type":"lowAirway","uuid":"lowairway-n867","name":"N867"},"geometry":{"type":"MultiLineString","coordinates":[[[-1.4166669444444444,49.59138888888889],[-1.3804419444444445,50]],[[-2.925360833333333,43.30419388888889],[-3.0440827777777777,43.683749999999996]],[[-2.880693888888889,42.45330583333334],[-2.925360833333333,43.30419388888889]],[[-1.3804419444444445,50],[-1.254718888888889,50.502563888888886]],[[-3.048888888888889,41.72944388888889],[-2.880693888888889,42.45330583333334]],[[-3.4002777777777777,39.57694388888889],[-3.221388888888889,39]],[[-3.0440827777777777,43.683749999999996],[-3.1502777777777777,44.05138888888889]],[[-3.1,41.504443888888886],[-3.048888888888889,41.72944388888889]],[[-3.246638888888889,40.853860833333336],[-3.2025,41.05111083333333]],[[-1.254718888888889,50.502563888888886],[-0.9383469444444444,50.82]],[[-3.2025,41.05111083333333],[-3.1,41.504443888888886]]]}},{"type":"Feature","properties":{"type":"lowAirway","uuid":"lowairway-n869","name":"N869"},"geometry":{"type":"MultiLineString","coordinates":[[[-2.0642777777777774,40.51233277777778],[-2.158332777777778,40.40555583333333]],[[-3.221388888888889,39],[-3.6247219444444445,38.15255583333333]],[[7.172805833333333,47.057693888888885],[6.906555833333334,46.911943888888885]],[[10.383055833333334,49.236110833333335],[10.238305833333332,49.14275277777778]],[[10.238305833333332,49.14275277777778],[9.748063888888888,48.88263583333333]],[[-1.8283327777777778,40.77833277777778],[-2.0642777777777774,40.51233277777778]],[[9.459999999999999,48.72749972222223],[9.259207777777778,48.618407777777776]],[[-1.3836108333333332,41.272221944444446],[-1.4549999999999998,41.19361083333333]],[[9.748063888888888,48.88263583333333],[9.459999999999999,48.72749972222223]],[[7.3705558333333325,47.16499972222222],[7.172805833333333,47.057693888888885]],[[5.879721944444445,46.30255583333333],[5.5530277777777775,46.14724972222222]],[[-3.0277777777777777,39.399138888888885],[-3.221388888888889,39]],[[8.321260833333334,48.169999999999995],[7.62944388888889,47.30444388888888]],[[6.906555833333334,46.911943888888885],[6.573332777777778,46.72749972222223]],[[-2.158332777777778,40.40555583333333],[-2.7955558333333332,39.671388888888885]],[[-2.7955558333333332,39.671388888888885],[-3.0277777777777777,39.399138888888885]],[[7.62944388888889,47.30444388888888],[7.3705558333333325,47.16499972222222]],[[-1.4549999999999998,41.19361083333333],[-1.8283327777777778,40.77833277777778]],[[9.259207777777778,48.618407777777776],[8.321260833333334,48.169999999999995]],[[6.573332777777778,46.72749972222223],[5.879721944444445,46.30255583333333]],[[-1.0308608333333333,41.657888888888884],[-1.3836108333333332,41.272221944444446]]]}},{"type":"Feature","properties":{"type":"lowAirway","uuid":"lowairway-n870","name":"N870"},"geometry":{"type":"MultiLineString","coordinates":[[[2.1078058333333334,41.307138888888886],[3.1959999999999997,41.67961083333333]],[[1.6891669444444444,41.31861083333334],[2.1078058333333334,41.307138888888886]],[[-2.078027777777778,41.07908277777778],[-1.4549999999999998,41.19361083333333]],[[3.357888888888889,41.73377777777778],[3.9336108333333337,41.92388888888889]],[[-4.676388888888889,40.41638888888889],[-3.246638888888889,40.853860833333336]],[[3.1959999999999997,41.67961083333333],[3.357888888888889,41.73377777777778]],[[1.1521669444444445,41.331027777777784],[1.6891669444444444,41.31861083333334]],[[-2.5991669444444447,40.98030583333333],[-2.376388888888889,41.022777777777776]],[[-1.4549999999999998,41.19361083333333],[-0.5476108333333334,41.35388888888889]],[[3.9336108333333337,41.92388888888889],[4.415,42.07972194444445]],[[-0.5476108333333334,41.35388888888889],[0.2186938888888889,41.34669388888889]],[[-6.628610833333334,39.780832777777775],[-6.393332777777778,39.859721944444445]],[[-3.246638888888889,40.853860833333336],[-2.5991669444444447,40.98030583333333]],[[-2.376388888888889,41.022777777777776],[-2.078027777777778,41.07908277777778]],[[0.2186938888888889,41.34669388888889],[0.5659169444444445,41.341749722222225]],[[-6.393332777777778,39.859721944444445],[-4.676388888888889,40.41638888888889]],[[0.5659169444444445,41.341749722222225],[1.1521669444444445,41.331027777777784]]]}},{"type":"Feature","properties":{"type":"lowAirway","uuid":"lowairway-n871","name":"N871"},"geometry":{"type":"MultiLineString","coordinates":[[[-4.049166944444444,38.72694388888889],[-3.899443888888889,39]],[[7.941305833333334,47.135527777777774],[8.010832777777777,47.165277777777774]],[[9.201943888888888,47.4125],[9.651910833333334,47.408452777777775]],[[8.333332777777777,47.30222194444444],[9.201943888888888,47.4125]],[[-3.5819438888888886,39.57138888888889],[-3.464027777777778,39.78074972222222]],[[9.651910833333334,47.408452777777775],[10.288885833333334,47.324375]],[[5.529138888888889,45.559888888888885],[5.6669438888888894,45.66722194444444]],[[6.211693888888889,46.08888888888889],[6.67944388888889,46.443888888888885]],[[7.680832777777778,46.99527777777778],[7.941305833333334,47.135527777777774]],[[7.414166944444445,46.85055583333334],[7.680832777777778,46.99527777777778]],[[-3.899443888888889,39],[-3.5819438888888886,39.57138888888889]],[[5.439055833333334,45.488971944444444],[5.529138888888889,45.559888888888885]],[[10.288885833333334,47.324375],[10.479874722222222,47.40001083333333]],[[6.67944388888889,46.443888888888885],[6.884443888888889,46.55805583333333]],[[5.6669438888888894,45.66722194444444],[5.745832777777778,45.72880583333333]],[[5.974166944444445,45.90611083333333],[6.211693888888889,46.08888888888889]],[[-3.0483327777777776,40.26222194444444],[-2.376388888888889,41.022777777777776]],[[-4.3875,38.10180583333334],[-4.049166944444444,38.72694388888889]],[[-2.376388888888889,41.022777777777776],[-1.2127777777777777,42.09861083333334]],[[5.745832777777778,45.72880583333333],[5.974166944444445,45.90611083333333]],[[6.884443888888889,46.55805583333333],[7.270805833333333,46.771971944444445]],[[8.010832777777777,47.165277777777774],[8.333332777777777,47.30222194444444]],[[7.270805833333333,46.771971944444445],[7.414166944444445,46.85055583333334]],[[-3.464027777777778,39.78074972222222],[-3.0483327777777776,40.26222194444444]],[[-1.2127777777777777,42.09861083333334],[-0.8447219444444445,42.42916694444444]]]}},{"type":"Feature","properties":{"type":"lowAirway","uuid":"lowairway-n872","name":"N872"},"geometry":{"type":"MultiLineString","coordinates":[[[-4.947499722222222,44.50527777777778],[-5.571610833333333,43.94477777777777]],[[-6.944610833333334,42.200610833333336],[-7.116388888888888,41.93666694444444]],[[-6.538610833333333,42.79666694444444],[-6.944610833333334,42.200610833333336]],[[3.8327777777777774,50.573888888888895],[3.674971944444444,50.34213888888889]],[[4.027777777777778,50.879443888888886],[3.8327777777777774,50.573888888888895]],[[-5.571610833333333,43.94477777777777],[-6.007082777777778,43.55705583333333]],[[-6.317,43.110999722222225],[-6.538610833333333,42.79666694444444]],[[3.674971944444444,50.34213888888889],[3.318055833333333,49.80833277777778]],[[4.183888888888889,51.16499972222222],[4.027777777777778,50.879443888888886]],[[-6.007082777777778,43.55705583333333],[-6.317,43.110999722222225]]]}},{"type":"Feature","properties":{"type":"lowAirway","uuid":"lowairway-n873","name":"N873"},"geometry":{"type":"MultiLineString","coordinates":[[[3.3616669444444445,50.515],[3.6369719444444444,50.912638888888885]],[[-6.302443888888889,40.5835],[-5.639693888888888,41.53019388888889]],[[3.6369719444444444,50.912638888888885],[3.8697108333333334,51.23531388888889]],[[-4.988888888888889,42.666110833333335],[-4.503610833333333,43.48444388888889]],[[-7.3025,39.329999722222226],[-7.065277777777777,39.6325]],[[-4.503610833333333,43.48444388888889],[-3.987499722222222,44.32888888888889]],[[3.2749997222222222,50.40416694444444],[3.3616669444444445,50.515]],[[-5.639693888888888,41.53019388888889],[-4.988888888888889,42.666110833333335]]]}},{"type":"Feature","properties":{"type":"lowAirway","uuid":"lowairway-n874","name":"N874"},"geometry":{"type":"MultiLineString","coordinates":[[[3.1514997222222223,50.22813888888889],[3.2749997222222222,50.40416694444444]],[[2.4894719444444444,49.552638888888886],[2.6483327777777776,49.71666694444445]],[[2.7552777777777777,49.82611083333334],[2.839999722222222,49.9125]],[[2.839999722222222,49.9125],[2.925555833333333,50]],[[2.925555833333333,50],[3.1514997222222223,50.22813888888889]],[[2.6483327777777776,49.71666694444445],[2.7552777777777777,49.82611083333334]]]}},{"type":"Feature","properties":{"type":"lowAirway","uuid":"lowairway-n90","name":"N90"},"geometry":{"type":"MultiLineString","coordinates":[[[-3.4760108333333335,50.5033],[-3.387252777777778,50.393905833333335]],[[-3.256505833333333,50.23170777777778],[-3.012393888888889,49.92549388888889]],[[-3.012393888888889,49.92549388888889],[-3.0340558333333334,49.82483888888889]],[[-3.387252777777778,50.393905833333335],[-3.256505833333333,50.23170777777778]]]}},{"type":"Feature","properties":{"type":"lowAirway","uuid":"lowairway-n92","name":"N92"},"geometry":{"type":"MultiLineString","coordinates":[[[-3.463952777777778,50.57425277777778],[-3.4237919444444445,50.80904972222222]],[[-3.4237919444444445,50.80904972222222],[-3.359752777777778,51.17854388888889]]]}},{"type":"Feature","properties":{"type":"lowAirway","uuid":"lowairway-n975","name":"N975"},"geometry":{"type":"MultiLineString","coordinates":[[[-2.0642777777777774,40.51233277777778],[-2.544610833333333,40.37197194444445]],[[-3.2186108333333334,40.22444388888889],[-3.0483327777777776,40.26222194444444]],[[1.6983327777777777,41.25972194444444],[1.1663888888888887,41.19611083333333]],[[2.1078058333333334,41.307138888888886],[1.6983327777777777,41.25972194444444]],[[3.2088608333333335,41.947693888888885],[2.751388888888889,41.684443888888886]],[[3.625805833333333,42.08638888888889],[3.2088608333333335,41.947693888888885]],[[-6.434721944444445,39.524499999999996],[-5.3186108333333335,39.766666944444445]],[[-1.2633327777777779,40.74027777777778],[-2.0642777777777774,40.51233277777778]],[[-7.223332777777778,39.21944388888889],[-6.434721944444445,39.524499999999996]],[[-3.724443888888889,40.11083277777778],[-3.2186108333333334,40.22444388888889]],[[-5.3186108333333335,39.766666944444445],[-4.586388888888888,39.91888888888889]],[[-4.586388888888888,39.91888888888889],[-4.3373888888888885,39.96947194444444]],[[2.751388888888889,41.684443888888886],[2.1078058333333334,41.307138888888886]],[[-0.7927777777777778,40.87111083333333],[-1.2633327777777779,40.74027777777778]],[[0.6666669444444444,41.13388888888889],[0.4763888888888889,41.109721944444445]],[[-3.0483327777777776,40.26222194444444],[-2.544610833333333,40.37197194444445]],[[-0.2852777777777778,41.009166944444445],[-0.7927777777777778,40.87111083333333]],[[0.4763888888888889,41.109721944444445],[-0.2852777777777778,41.009166944444445]],[[-4.3373888888888885,39.96947194444444],[-3.724443888888889,40.11083277777778]],[[1.1663888888888887,41.19611083333333],[0.6666669444444444,41.13388888888889]]]}},{"type":"Feature","properties":{"type":"lowAirway","uuid":"lowairway-n976","name":"N976"},"geometry":{"type":"MultiLineString","coordinates":[[[-2.880693888888889,42.45330583333334],[-2.155388888888889,42.63111083333333]],[[-2.155388888888889,42.63111083333333],[-1.7019997222222223,42.73375]],[[-4.1091388888888885,42.027610833333334],[-2.880693888888889,42.45330583333334]],[[-5.639693888888888,41.53019388888889],[-6.282221944444444,41.17333277777777]],[[-5.639693888888888,41.53019388888889],[-4.1091388888888885,42.027610833333334]]]}},{"type":"Feature","properties":{"type":"lowAirway","uuid":"lowairway-p131","name":"P131"},"geometry":{"type":"MultiLineString","coordinates":[[[10.043332777777778,46.47833277777778],[10.430277777777777,46.15416694444444]]]}},{"type":"Feature","properties":{"type":"lowAirway","uuid":"lowairway-p152","name":"P152"},"geometry":{"type":"MultiLineString","coordinates":[[[-2.0947219444444447,43.098443888888895],[-2.724443888888889,43.67166694444444]],[[-2.724443888888889,43.67166694444444],[-2.7966669444444445,43.73638888888889]],[[-1.369443888888889,42.61666694444445],[-1.5425558333333331,42.67783277777777]],[[-0.31880583333333334,42.07336083333334],[-0.4933327777777778,42.17805583333333]],[[-1.881527777777778,42.90102777777778],[-2.0947219444444447,43.098443888888895]],[[0.15716694444444443,42.06130583333333],[-0.31880583333333334,42.07336083333334]],[[-1.7019997222222223,42.73375],[-1.881527777777778,42.90102777777778]],[[-1.0306669444444443,42.49597194444445],[-1.369443888888889,42.61666694444445]],[[-1.5425558333333331,42.67783277777777],[-1.7019997222222223,42.73375]],[[-0.4933327777777778,42.17805583333333],[-1.0306669444444443,42.49597194444445]]]}},{"type":"Feature","properties":{"type":"lowAirway","uuid":"lowairway-p16","name":"P16"},"geometry":{"type":"MultiLineString","coordinates":[[[-3.319160833333333,50.055477777777774],[-3.500227777777778,50.28013583333333]],[[-3.6150997222222223,50.748060833333334],[-3.5785277777777775,50.93785277777778]],[[-3.5785277777777775,50.93785277777778],[-3.5198497222222223,51.239132777777776]],[[-3.500227777777778,50.28013583333333],[-3.6656277777777775,50.483271944444446]],[[-3.6456108333333335,50.58853083333334],[-3.6150997222222223,50.748060833333334]],[[-3.172985833333333,49.872349722222225],[-3.319160833333333,50.055477777777774]],[[-3.0340558333333334,49.82483888888889],[-3.172985833333333,49.872349722222225]],[[-3.6656277777777775,50.483271944444446],[-3.6456108333333335,50.58853083333334]]]}},{"type":"Feature","properties":{"type":"lowAirway","uuid":"lowairway-p161","name":"P161"},"geometry":{"type":"MultiLineString","coordinates":[[[9.508027777777778,39.111360833333336],[10.286388888888888,38.038888888888884]]]}},{"type":"Feature","properties":{"type":"lowAirway","uuid":"lowairway-p167","name":"P167"},"geometry":{"type":"MultiLineString","coordinates":[[[8.461388888888887,40.64555583333333],[9.19138888888889,40.44277777777778]]]}},{"type":"Feature","properties":{"type":"lowAirway","uuid":"lowairway-p181","name":"P181"},"geometry":{"type":"MultiLineString","coordinates":[[[-1.8303888888888888,43.31119388888889],[-1.7402777777777778,43.354999722222225]],[[-1.8303888888888888,43.31119388888889],[-2.865582777777778,42.73188888888889]],[[-2.865582777777778,42.73188888888889],[-4.1091388888888885,42.027610833333334]]]}},{"type":"Feature","properties":{"type":"lowAirway","uuid":"lowairway-p34","name":"P34"},"geometry":{"type":"MultiLineString","coordinates":[[[-0.43972194444444446,39.24666694444444],[-0.28175,38.36033277777778]],[[-0.48305583333333335,39.48563888888889],[-0.43972194444444446,39.24666694444444]]]}},{"type":"Feature","properties":{"type":"lowAirway","uuid":"lowairway-p600","name":"P600"},"geometry":{"type":"MultiLineString","coordinates":[[[-8.491943888888889,42.515832777777774],[-8.425388888888888,42.92686083333333]],[[-7.596471944444444,43.49886083333333],[-5.836666944444445,44.65888888888889]],[[-8.425388888888888,42.92686083333333],[-7.596471944444444,43.49886083333333]],[[-8.563416944444445,42.06791694444445],[-8.491943888888889,42.515832777777774]]]}},{"type":"Feature","properties":{"type":"lowAirway","uuid":"lowairway-p605","name":"P605"},"geometry":{"type":"MultiLineString","coordinates":[[[9.833055833333333,49.52805583333333],[9.805941944444445,49.71353583333334]],[[10.238305833333332,49.14275277777778],[10.12091888888889,49.376021944444446]],[[9.701388888888888,50.87222194444445],[9.690988888888889,51.20431694444445]],[[9.723055833333333,50.663888888888884],[9.701388888888888,50.87222194444445]],[[9.783055833333334,50.07],[9.723055833333333,50.663888888888884]],[[10.12091888888889,49.376021944444446],[9.833055833333333,49.52805583333333]],[[9.805941944444445,49.71353583333334],[9.783055833333334,50.07]]]}},{"type":"Feature","properties":{"type":"lowAirway","uuid":"lowairway-p64","name":"P64"},"geometry":{"type":"MultiLineString","coordinates":[[[7.279996944444444,51.04835277777777],[6.875832777777778,51.40472194444445]]]}},{"type":"Feature","properties":{"type":"lowAirway","uuid":"lowairway-p66","name":"P66"},"geometry":{"type":"MultiLineString","coordinates":[[[10.34983277777778,47.745775],[9.910871944444445,48.218041944444444]],[[9.910871944444445,48.218041944444444],[9.645555833333333,48.51944388888889]]]}},{"type":"Feature","properties":{"type":"lowAirway","uuid":"lowairway-p83","name":"P83"},"geometry":{"type":"MultiLineString","coordinates":[[[-1.6915077777777778,50],[-1.3333969444444445,50.52044194444444]],[[-1.3372027777777777,50.66336083333333],[-1.3450558333333333,50.95524972222223]],[[-1.3333969444444445,50.52044194444444],[-1.3372027777777777,50.66336083333333]]]}},{"type":"Feature","properties":{"type":"lowAirway","uuid":"lowairway-p84","name":"P84"},"geometry":{"type":"MultiLineString","coordinates":[[[2.832110833333333,42.4515],[2.771860833333333,41.93124972222222]]]}},{"type":"Feature","properties":{"type":"lowAirway","uuid":"lowairway-p856","name":"P856"},"geometry":{"type":"MultiLineString","coordinates":[[[5.438332777777778,43.50138888888889],[5.5938888888888885,43.48861083333333]],[[7.189166944444445,43.344721944444444],[7.362499722222222,43.32777777777778]],[[7.621388888888889,43.301943888888886],[8.434721944444444,43.14555583333333]],[[7.362499722222222,43.32777777777778],[7.621388888888889,43.301943888888886]],[[9.083332777777777,43.053888888888885],[9.603999722222222,42.92777777777778]],[[6.114999999999999,43.44416694444444],[6.2675,43.43083277777777]],[[5.5938888888888885,43.48861083333333],[6.114999999999999,43.44416694444444]],[[6.2675,43.43083277777777],[6.893332777777777,43.373332777777776]],[[8.434721944444444,43.14555583333333],[9.083332777777777,43.053888888888885]],[[6.893332777777777,43.373332777777776],[7.189166944444445,43.344721944444444]]]}},{"type":"Feature","properties":{"type":"lowAirway","uuid":"lowairway-p860","name":"P860"},"geometry":{"type":"MultiLineString","coordinates":[[[8.725555833333333,44.20111083333334],[8.746943888888888,44.69611083333333]],[[8.746943888888888,44.69611083333333],[7.861666944444444,44.92541694444444]]]}},{"type":"Feature","properties":{"type":"lowAirway","uuid":"lowairway-p87","name":"P87"},"geometry":{"type":"MultiLineString","coordinates":[[[-2.7966669444444445,43.73638888888889],[-2.7386108333333334,43.914166944444446]],[[-2.8137777777777777,43.68333277777778],[-2.7966669444444445,43.73638888888889]],[[-2.925360833333333,43.30419388888889],[-2.8137777777777777,43.68333277777778]],[[-1.6915077777777778,50],[-1.5623358333333335,50.266191944444444]]]}},{"type":"Feature","properties":{"type":"lowAirway","uuid":"lowairway-p872","name":"P872"},"geometry":{"type":"MultiLineString","coordinates":[[[8.855555833333334,40.81916694444445],[9.106388888888889,41.333332777777784]],[[9.106388888888889,41.333332777777784],[8.774666944444446,41.77052777777778]]]}},{"type":"Feature","properties":{"type":"lowAirway","uuid":"lowairway-p88","name":"P88"},"geometry":{"type":"MultiLineString","coordinates":[[[-1.3790469444444444,50.251352777777775],[-1.254718888888889,50.502563888888886]],[[-1.5020719444444444,50],[-1.3790469444444444,50.251352777777775]]]}},{"type":"Feature","properties":{"type":"lowAirway","uuid":"lowairway-p980","name":"P980"},"geometry":{"type":"MultiLineString","coordinates":[[[9.113610833333333,41.54805583333333],[9.104443888888888,42.72305583333333]],[[9.106388888888889,41.333332777777784],[9.113610833333333,41.54805583333333]],[[9.266388888888889,40.945832777777774],[9.106388888888889,41.333332777777784]],[[9.104443888888888,42.72305583333333],[9.175832777777778,43.33166694444445]]]}},{"type":"Feature","properties":{"type":"lowAirway","uuid":"lowairway-q123","name":"Q123"},"geometry":{"type":"MultiLineString","coordinates":[[[9.885277777777777,40.255832777777776],[9.345555833333334,40.3275]],[[9.345555833333334,40.3275],[8.398888888888889,40.44638888888888]]]}},{"type":"Feature","properties":{"type":"lowAirway","uuid":"lowairway-q125","name":"Q125"},"geometry":{"type":"MultiLineString","coordinates":[[[9.59888888888889,40.76444388888889],[9.580277777777777,40.72833277777778]],[[9.142221944444444,39.85888888888889],[9.070555833333334,39.64555583333333]],[[10.395721944444444,42.730693888888894],[10.258055833333334,42.36388888888889]],[[10.048055833333333,41.79472194444444],[9.85388888888889,41.25888888888889]],[[9.580277777777777,40.72833277777778],[9.543888888888889,40.65694388888889]],[[9.404443888888888,40.382221944444446],[9.142221944444444,39.85888888888889]],[[10.258055833333334,42.36388888888889],[10.048055833333333,41.79472194444444]],[[9.85388888888889,41.25888888888889],[9.770832777777779,41.098888888888894]],[[9.770832777777779,41.098888888888894],[9.676666944444444,40.916666944444444]],[[9.676666944444444,40.916666944444444],[9.59888888888889,40.76444388888889]],[[9.543888888888889,40.65694388888889],[9.404443888888888,40.382221944444446]]]}},{"type":"Feature","properties":{"type":"lowAirway","uuid":"lowairway-q16","name":"Q16"},"geometry":{"type":"MultiLineString","coordinates":[[[4.195860833333334,45.017110833333334],[4.375555833333333,45.33291694444445]]]}},{"type":"Feature","properties":{"type":"lowAirway","uuid":"lowairway-q160","name":"Q160"},"geometry":{"type":"MultiLineString","coordinates":[[[10.383055833333334,42.330555833333335],[10.258055833333334,42.36388888888889]]]}},{"type":"Feature","properties":{"type":"lowAirway","uuid":"lowairway-q163","name":"Q163"},"geometry":{"type":"MultiLineString","coordinates":[[[9.751388888888888,48.602221944444445],[9.340227777777779,48.912974999999996]],[[9.340227777777779,48.912974999999996],[9.128402777777778,49.190793888888884]],[[10.416943888888888,47.899166944444445],[10.231999722222222,48.208332777777784]],[[10.231999722222222,48.208332777777784],[9.751388888888888,48.602221944444445]]]}},{"type":"Feature","properties":{"type":"lowAirway","uuid":"lowairway-q182","name":"Q182"},"geometry":{"type":"MultiLineString","coordinates":[[[9.441110833333333,40.71805583333334],[8.855555833333334,40.81916694444445]],[[8.855555833333334,40.81916694444445],[8.345555833333334,40.84583277777778]]]}},{"type":"Feature","properties":{"type":"lowAirway","uuid":"lowairway-q20","name":"Q20"},"geometry":{"type":"MultiLineString","coordinates":[[[4.648860833333333,45.70802777777778],[4.205555833333333,45.65333277777778]],[[4.205555833333333,45.65333277777778],[3.8163888888888886,45.60388888888889]]]}},{"type":"Feature","properties":{"type":"lowAirway","uuid":"lowairway-q210","name":"Q210"},"geometry":{"type":"MultiLineString","coordinates":[[[-2.0778058333333336,42.17102777777777],[-2.326916944444444,42.46052777777778]],[[-4.333332777777778,43.53388888888889],[-3.9024169444444445,43.449777777777776]],[[-5.3591669444444445,43.72611083333334],[-4.333332777777778,43.53388888888889]],[[-2.326916944444444,42.46052777777778],[-2.865582777777778,42.73188888888889]],[[-3.3910827777777777,43.099221944444444],[-3.9024169444444445,43.449777777777776]],[[-2.865582777777778,42.73188888888889],[-3.3910827777777777,43.099221944444444]]]}},{"type":"Feature","properties":{"type":"lowAirway","uuid":"lowairway-q213","name":"Q213"},"geometry":{"type":"MultiLineString","coordinates":[[[9.163055833333333,40.25805583333333],[8.812221944444445,41.333332777777784]],[[9.070555833333334,39.64555583333333],[9.163055833333333,40.25805583333333]],[[9.770277777777778,39.03944388888889],[9.070555833333334,39.64555583333333]]]}},{"type":"Feature","properties":{"type":"lowAirway","uuid":"lowairway-q214","name":"Q214"},"geometry":{"type":"MultiLineString","coordinates":[[[9.266388888888889,40.945832777777774],[9.036943888888889,41.333332777777784]]]}},{"type":"Feature","properties":{"type":"lowAirway","uuid":"lowairway-q226","name":"Q226"},"geometry":{"type":"MultiLineString","coordinates":[[[5.972777777777778,45.68861083333333],[5.960777777777778,45.47738888888889]],[[5.999916944444444,46.163693888888886],[5.981443888888889,45.86188888888889]],[[5.981443888888889,45.86188888888889],[5.972777777777778,45.68861083333333]]]}},{"type":"Feature","properties":{"type":"lowAirway","uuid":"lowairway-q252","name":"Q252"},"geometry":{"type":"MultiLineString","coordinates":[[[6.716221944444444,48.98644388888889],[6.776416944444445,49.16780583333333]]]}},{"type":"Feature","properties":{"type":"lowAirway","uuid":"lowairway-q255","name":"Q255"},"geometry":{"type":"MultiLineString","coordinates":[[[3.3924719444444444,40.43966694444444],[3.1458327777777777,40.609166944444446]],[[3.1458327777777777,40.609166944444446],[2.8939719444444445,40.780860833333335]]]}},{"type":"Feature","properties":{"type":"lowAirway","uuid":"lowairway-q302","name":"Q302"},"geometry":{"type":"MultiLineString","coordinates":[[[5.674721944444444,43.56777777777778],[5.875277777777778,43.581110833333334]],[[5.438332777777778,43.50138888888889],[5.674721944444444,43.56777777777778]],[[5.216416944444445,43.43824972222222],[5.438332777777778,43.50138888888889]],[[5.875277777777778,43.581110833333334],[6.101110833333333,43.59583277777778]]]}},{"type":"Feature","properties":{"type":"lowAirway","uuid":"lowairway-q41","name":"Q41"},"geometry":{"type":"MultiLineString","coordinates":[[[-1.5477388888888888,50.666110833333335],[-1.3450558333333333,50.95524972222223]],[[-2.005005833333333,49.99917194444445],[-2.1049997222222223,49.72444388888889]],[[-2.005005833333333,49.99917194444445],[-1.6638969444444442,50.498641944444444]],[[-1.3450558333333333,50.95524972222223],[-1.2436719444444444,51.19665277777777]],[[-1.6638969444444442,50.498641944444444],[-1.5477388888888888,50.666110833333335]]]}},{"type":"Feature","properties":{"type":"lowAirway","uuid":"lowairway-q42","name":"Q42"},"geometry":{"type":"MultiLineString","coordinates":[[[-3.9024169444444445,43.449777777777776],[-3.4516108333333335,43.81241694444444]],[[-3.4516108333333335,43.81241694444444],[-3.1502777777777777,44.05138888888889]]]}},{"type":"Feature","properties":{"type":"lowAirway","uuid":"lowairway-q50","name":"Q50"},"geometry":{"type":"MultiLineString","coordinates":[[[5.794166944444444,50.44277777777778],[6.132221944444444,50.299166944444444]],[[5.623610833333334,50.514721944444446],[5.794166944444444,50.44277777777778]]]}},{"type":"Feature","properties":{"type":"lowAirway","uuid":"lowairway-q603","name":"Q603"},"geometry":{"type":"MultiLineString","coordinates":[[[7.892038888888888,51.17051083333333],[8.049443888888888,51.015832777777774]],[[8.049443888888888,51.015832777777774],[8.618871944444445,50.44489972222222]]]}},{"type":"Feature","properties":{"type":"lowAirway","uuid":"lowairway-q70","name":"Q70"},"geometry":{"type":"MultiLineString","coordinates":[[[2.4074999999999998,51.226666944444446],[2.6516669444444445,51.094721944444444]]]}},{"type":"Feature","properties":{"type":"lowAirway","uuid":"lowairway-q700","name":"Q700"},"geometry":{"type":"MultiLineString","coordinates":[[[2.1078058333333334,41.307138888888886],[3.1575558333333333,40.86375]],[[3.1575558333333333,40.86375],[3.9918608333333334,40.5]]]}},{"type":"Feature","properties":{"type":"lowAirway","uuid":"lowairway-q705","name":"Q705"},"geometry":{"type":"MultiLineString","coordinates":[[[9.726110833333333,45.19361083333333],[10.162499722222222,44.484166944444446]]]}},{"type":"Feature","properties":{"type":"lowAirway","uuid":"lowairway-q710","name":"Q710"},"geometry":{"type":"MultiLineString","coordinates":[[[10.158055833333334,40.927499999999995],[8,40.86233277777778]],[[10.158055833333334,40.927499999999995],[10.355555833333334,41.04833277777777]]]}},{"type":"Feature","properties":{"type":"lowAirway","uuid":"lowairway-q712","name":"Q712"},"geometry":{"type":"MultiLineString","coordinates":[[[8.746943888888888,44.69611083333333],[8.812221944444445,44.77499972222222]],[[8.30638888888889,44.29972194444444],[8.498055833333332,44.39416694444444]],[[8.812221944444445,44.77499972222222],[8.97019388888889,44.96458277777778]],[[8.498055833333332,44.39416694444444],[8.665555833333334,44.59722194444445]],[[8.665555833333334,44.59722194444445],[8.746943888888888,44.69611083333333]]]}},{"type":"Feature","properties":{"type":"lowAirway","uuid":"lowairway-q713","name":"Q713"},"geometry":{"type":"MultiLineString","coordinates":[[[9.082332777777777,44.42444388888889],[9.36701888888889,44.59755277777778]],[[9.082332777777777,44.42444388888889],[8.803610833333334,44.13472194444444]]]}},{"type":"Feature","properties":{"type":"lowAirway","uuid":"lowairway-q714","name":"Q714"},"geometry":{"type":"MultiLineString","coordinates":[[[8.851388888888888,40.97972194444445],[8.109721944444445,40.85722194444445]],[[9.770832777777779,41.098888888888894],[8.851388888888888,40.97972194444445]]]}},{"type":"Feature","properties":{"type":"lowAirway","uuid":"lowairway-q760","name":"Q760"},"geometry":{"type":"MultiLineString","coordinates":[[[6.7525,50.60833277777778],[6.636535833333333,50.822674722222224]],[[6.955396944444445,49.70695277777778],[6.904496944444444,49.99325777777778]],[[6.480277777777778,50.97277777777778],[6.125,51.196999999999996]],[[7.039443888888889,49.44805583333333],[7.020555833333333,49.50666694444445]],[[6.636535833333333,50.822674722222224],[6.480277777777778,50.97277777777778]],[[6.87944388888889,50.09527777777778],[6.848332777777777,50.22194388888889]],[[6.794999722222222,50.43805583333333],[6.7525,50.60833277777778]],[[6.848332777777777,50.22194388888889],[6.794999722222222,50.43805583333333]],[[6.904496944444444,49.99325777777778],[6.87944388888889,50.09527777777778]],[[7.118343888888888,49.21885277777778],[7.152777777777779,49.12361083333333]],[[7.118343888888888,49.21885277777778],[7.057568888888889,49.39196694444444]],[[7.020555833333333,49.50666694444445],[6.955396944444445,49.70695277777778]],[[7.057568888888889,49.39196694444444],[7.039443888888889,49.44805583333333]]]}},{"type":"Feature","properties":{"type":"lowAirway","uuid":"lowairway-q762","name":"Q762"},"geometry":{"type":"MultiLineString","coordinates":[[[7.330277777777778,49.92944388888888],[7.605649722222222,49.77829694444444]],[[7.935277777777778,49.56638888888889],[8.02583277777778,49.45444388888889]],[[8.191657777777777,49.29458277777778],[8.447499722222222,49.06361083333333]],[[7.673610833333334,49.73499972222222],[7.935277777777778,49.56638888888889]],[[7.605649722222222,49.77829694444444],[7.673610833333334,49.73499972222222]],[[6.904496944444444,49.99325777777778],[6.406666944444445,50.08527777777778]],[[6.904496944444444,49.99325777777778],[7.197499722222222,49.94944388888889]],[[7.197499722222222,49.94944388888889],[7.330277777777778,49.92944388888888]],[[8.02583277777778,49.45444388888889],[8.191657777777777,49.29458277777778]]]}},{"type":"Feature","properties":{"type":"lowAirway","uuid":"lowairway-q763","name":"Q763"},"geometry":{"type":"MultiLineString","coordinates":[[[6.4705,49.57215277777778],[7.039443888888889,49.44805583333333]],[[3.973832777777778,49.365499722222225],[3.683055833333333,49.268610833333334]],[[4.034721944444445,49.37694388888889],[3.973832777777778,49.365499722222225]],[[6.281666944444444,49.63722194444444],[6.4705,49.57215277777778]],[[6.281666944444444,49.63722194444444],[5.584166944444444,49.60833277777778]],[[5.213055833333334,49.59138888888889],[4.885527777777777,49.533166944444446]],[[4.885527777777777,49.533166944444446],[4.357471944444444,49.43711083333333]],[[4.357471944444444,49.43711083333333],[4.050277777777778,49.38]],[[4.050277777777778,49.38],[4.034721944444445,49.37694388888889]],[[5.420555833333333,49.60111083333334],[5.213055833333334,49.59138888888889]],[[5.584166944444444,49.60833277777778],[5.420555833333333,49.60111083333334]]]}},{"type":"Feature","properties":{"type":"lowAirway","uuid":"lowairway-q863","name":"Q863"},"geometry":{"type":"MultiLineString","coordinates":[[[9.748063888888888,48.88263583333333],[9.128402777777778,49.190793888888884]],[[10.068085833333333,48.690549999999995],[9.748063888888888,48.88263583333333]]]}},{"type":"Feature","properties":{"type":"lowAirway","uuid":"lowairway-r10","name":"R10"},"geometry":{"type":"MultiLineString","coordinates":[[[1.064443888888889,47.428916944444445],[1.2858327777777776,47.86277777777778]],[[1.0333327777777777,46.516110833333336],[1.04875,46.88238888888889]],[[-1.5102777777777778,43.466638888888895],[-1.1958327777777777,43.748332777777776]],[[1.3870827777777777,48.05916694444444],[1.4598888888888888,48.13136083333333]],[[1.2858327777777776,47.86277777777778],[1.3870827777777777,48.05916694444444]],[[-0.6902777777777778,44.2],[-0.15291694444444442,44.67680583333333]],[[1.0255827777777777,45.81591694444444],[1.0333327777777777,46.516110833333336]],[[-1.1958327777777777,43.748332777777776],[-1.01,43.92499972222222]],[[0.6774997222222222,45.484721944444445],[1.0255827777777777,45.81591694444444]],[[-0.15291694444444442,44.67680583333333],[0.15555583333333334,44.979999722222225]],[[1.04875,46.88238888888889],[1.0549997222222223,47.02583277777778]],[[-1.01,43.92499972222222],[-0.6902777777777778,44.2]],[[1.0549997222222223,47.02583277777778],[1.064443888888889,47.428916944444445]],[[1.4598888888888888,48.13136083333333],[1.5716388888888888,48.24175]],[[-1.7402777777777778,43.354999722222225],[-1.5102777777777778,43.466638888888895]],[[0.15555583333333334,44.979999722222225],[0.6774997222222222,45.484721944444445]]]}},{"type":"Feature","properties":{"type":"lowAirway","uuid":"lowairway-r106","name":"R106"},"geometry":{"type":"MultiLineString","coordinates":[[[2.003610833333333,48.294999999999995],[2.0097219444444443,48.083332777777784]],[[2.0097219444444443,48.083332777777784],[2.036388888888889,47.63333277777778]]]}},{"type":"Feature","properties":{"type":"lowAirway","uuid":"lowairway-r11","name":"R11"},"geometry":{"type":"MultiLineString","coordinates":[[[4.639693888888888,47.84672194444445],[5.249166944444444,47.906305833333334]],[[6.059416944444444,48.31783277777778],[6.693360833333333,48.399027777777775]],[[4.256388888888889,47.80749972222222],[4.639693888888888,47.84672194444445]],[[2.22,47.57666694444445],[3.4347219444444446,47.71888888888889]],[[7.201666944444445,48.46194388888889],[7.571971944444444,48.50538888888889]],[[3.4347219444444446,47.71888888888889],[4.256388888888889,47.80749972222222]],[[6.822499722222222,48.415277777777774],[7.201666944444445,48.46194388888889]],[[6.693360833333333,48.399027777777775],[6.822499722222222,48.415277777777774]],[[5.249166944444444,47.906305833333334],[6.059416944444444,48.31783277777778]]]}},{"type":"Feature","properties":{"type":"lowAirway","uuid":"lowairway-r111","name":"R111"},"geometry":{"type":"MultiLineString","coordinates":[[[-0.4552777777777778,49.17319388888889],[0.5302777777777778,48.79061083333333]],[[-2.082332777777778,48.58605583333333],[-1.751943888888889,48.91027777777778]],[[-1.4991669444444444,48.89944388888889],[-0.4552777777777778,49.17319388888889]],[[-1.751943888888889,48.91027777777778],[-1.4991669444444444,48.89944388888889]]]}},{"type":"Feature","properties":{"type":"lowAirway","uuid":"lowairway-r112","name":"R112"},"geometry":{"type":"MultiLineString","coordinates":[[[6.697221944444444,48.03416694444444],[7.201666944444445,48.46194388888889]],[[6.295582777777778,47.68827777777778],[6.678832777777778,48.01924972222222]],[[6.678832777777778,48.01924972222222],[6.697221944444444,48.03416694444444]]]}},{"type":"Feature","properties":{"type":"lowAirway","uuid":"lowairway-r14","name":"R14"},"geometry":{"type":"MultiLineString","coordinates":[[[-1.6738888888888888,47.61805583333334],[-1.6129719444444446,47.16086083333333]],[[-2.082332777777778,48.58605583333333],[-1.889443888888889,48.299166944444444]],[[-2.3630558333333336,46.85999972222223],[-2.4005277777777776,46.72302777777778]],[[-1.889443888888889,48.299166944444444],[-1.7416669444444446,48.069249722222224]],[[-2.0569438888888887,49.03333277777778],[-2.082332777777778,48.58605583333333]],[[-2.091943888888889,46.89611083333333],[-2.3630558333333336,46.85999972222223]],[[-1.6129719444444446,47.16086083333333],[-2.091943888888889,46.89611083333333]],[[-1.7416669444444446,48.069249722222224],[-1.6738888888888888,47.61805583333334]]]}},{"type":"Feature","properties":{"type":"lowAirway","uuid":"lowairway-r16","name":"R16"},"geometry":{"type":"MultiLineString","coordinates":[[[8.940277777777778,43.227221944444445],[9.191666944444444,43.14333277777778]],[[8.940277777777778,43.227221944444445],[8.592777777777778,43.34222194444445]],[[9.63,42.994999722222225],[9.75,42.95388888888889]],[[9.191666944444444,43.14333277777778],[9.63,42.994999722222225]]]}},{"type":"Feature","properties":{"type":"lowAirway","uuid":"lowairway-r161","name":"R161"},"geometry":{"type":"MultiLineString","coordinates":[[[5.341943888888888,44.152499999999996],[5.891943888888888,43.751110833333335]],[[3.1921938888888888,45.78747194444444],[4.042277777777778,45.13694388888889]],[[2.6233327777777777,47.7575],[2.929360833333333,47.15299972222222]],[[2.408888888888889,48.28638888888889],[2.4572219444444445,48.083332777777784]],[[3.0534999999999997,46.51672194444444],[3.08,46.336666944444445]],[[5.891943888888888,43.751110833333335],[6.101110833333333,43.59583277777778]],[[4.195860833333334,45.017110833333334],[4.779860833333333,44.554943888888886]],[[4.042277777777778,45.13694388888889],[4.195860833333334,45.017110833333334]],[[2.4572219444444445,48.083332777777784],[2.6233327777777777,47.7575]],[[4.779860833333333,44.554943888888886],[5.341943888888888,44.152499999999996]],[[3.08,46.336666944444445],[3.1921938888888888,45.78747194444444]],[[2.929360833333333,47.15299972222222],[3.0534999999999997,46.51672194444444]]]}},{"type":"Feature","properties":{"type":"lowAirway","uuid":"lowairway-r17","name":"R17"},"geometry":{"type":"MultiLineString","coordinates":[[[0.8728608333333333,43.88802777777778],[0.7308327777777778,44.10833277777778]],[[0.7308327777777778,44.10833277777778],[0.5152777777777777,44.43861083333333]],[[1.8830558333333334,43.344166944444446],[1.3098058333333333,43.68083277777777]],[[0.32694388888888887,44.723888888888894],[0.15555583333333334,44.979999722222225]],[[1.8969438888888888,43.33638888888889],[1.8830558333333334,43.344166944444446]],[[2.350277777777778,43.06583277777777],[1.8969438888888888,43.33638888888889]],[[2.867138888888889,42.75047194444444],[2.350277777777778,43.06583277777777]],[[0.5152777777777777,44.43861083333333],[0.32694388888888887,44.723888888888894]],[[1.3098058333333333,43.68083277777777],[0.8728608333333333,43.88802777777778]],[[0.1119438888888889,45.04141694444444],[-0.31163888888888885,45.65955583333333]],[[0.15555583333333334,44.979999722222225],[0.1119438888888889,45.04141694444444]]]}},{"type":"Feature","properties":{"type":"lowAirway","uuid":"lowairway-r28","name":"R28"},"geometry":{"type":"MultiLineString","coordinates":[[[2.626110833333333,48.28111083333333],[2.7777777777777777,48.083332777777784]],[[2.7777777777777777,48.083332777777784],[3.1205558333333334,47.540277777777774]],[[3.1205558333333334,47.540277777777774],[3.365,47.14527777777778]],[[3.365,47.14527777777778],[3.6316669444444445,46.70677777777778]]]}},{"type":"Feature","properties":{"type":"lowAirway","uuid":"lowairway-r299","name":"R299"},"geometry":{"type":"MultiLineString","coordinates":[[[-1.491443888888889,43.28377777777778],[-1.5102777777777778,43.466638888888895]]]}},{"type":"Feature","properties":{"type":"lowAirway","uuid":"lowairway-r31","name":"R31"},"geometry":{"type":"MultiLineString","coordinates":[[[2.5297219444444443,47.66583277777777],[2.7416669444444444,47.266666944444445]],[[4.317416944444444,45.064166944444445],[4.779860833333333,44.554943888888886]],[[2.209443888888889,48.29083277777777],[2.264777777777778,48.155582777777774]],[[2.8024999999999998,47.229999722222225],[2.929360833333333,47.15299972222222]],[[3.22,46.57194388888889],[3.335388888888889,46.333332777777784]],[[3.335388888888889,46.333332777777784],[3.5535827777777778,45.88183277777778]],[[2.264777777777778,48.155582777777774],[2.5297219444444443,47.66583277777777]],[[4.014721944444444,45.391666944444445],[4.177138888888889,45.21652777777778]],[[2.7416669444444444,47.266666944444445],[2.8024999999999998,47.229999722222225]],[[3.5535827777777778,45.88183277777778],[4.014721944444444,45.391666944444445]],[[2.929360833333333,47.15299972222222],[3.22,46.57194388888889]],[[4.177138888888889,45.21652777777778],[4.317416944444444,45.064166944444445]]]}},{"type":"Feature","properties":{"type":"lowAirway","uuid":"lowairway-r34","name":"R34"},"geometry":{"type":"MultiLineString","coordinates":[[[7.331110833333333,39],[7.814582777777778,36.83244388888889]]]}},{"type":"Feature","properties":{"type":"lowAirway","uuid":"lowairway-r491","name":"R491"},"geometry":{"type":"MultiLineString","coordinates":[[[-1.4991669444444444,48.89944388888889],[-0.7313888888888889,48.86333277777778]],[[-0.25,48.838055833333335],[0.5302777777777778,48.79061083333333]],[[-0.7313888888888889,48.86333277777778],[-0.25,48.838055833333335]]]}},{"type":"Feature","properties":{"type":"lowAirway","uuid":"lowairway-r50","name":"R50"},"geometry":{"type":"MultiLineString","coordinates":[[[1.854693888888889,50.13513888888889],[2.5066669444444445,50.18361083333333]],[[-0.4552777777777778,49.17319388888889],[1.170638888888889,49.92538888888889]],[[2.5066669444444445,50.18361083333333],[3.1514997222222223,50.22813888888889]],[[1.170638888888889,49.92538888888889],[1.854693888888889,50.13513888888889]]]}},{"type":"Feature","properties":{"type":"lowAirway","uuid":"lowairway-r52","name":"R52"},"geometry":{"type":"MultiLineString","coordinates":[[[-0.7313888888888889,48.86333277777778],[-0.4552777777777778,49.17319388888889]],[[-1.2822219444444445,48.21999972222223],[-0.7313888888888889,48.86333277777778]]]}},{"type":"Feature","properties":{"type":"lowAirway","uuid":"lowairway-r66","name":"R66"},"geometry":{"type":"MultiLineString","coordinates":[[[-0.4583327777777778,46.583332777777784],[-0.25,46.579999722222226]],[[0.5308327777777778,46.56111083333333],[0.7808327777777778,46.538888888888884]],[[1.0333327777777777,46.516110833333336],[1.4777777777777779,46.47416694444445]],[[-0.25,46.579999722222226],[0.29819388888888887,46.581]],[[-1.1902777777777778,46.83833277777778],[-0.8611108333333333,46.583332777777784]],[[2.8333327777777777,46.35],[3.08,46.336666944444445]],[[-3.6024719444444444,48.332638888888894],[-2.9622219444444444,47.965]],[[2.4926669444444447,46.37261083333333],[2.6033327777777777,46.36555583333333]],[[1.4777777777777779,46.47416694444445],[2.4926669444444447,46.37261083333333]],[[-2.5008327777777777,47.684999999999995],[-2.1858327777777777,47.507221944444446]],[[-2.9622219444444444,47.965],[-2.5008327777777777,47.684999999999995]],[[-0.8611108333333333,46.583332777777784],[-0.4583327777777778,46.583332777777784]],[[-1.6129719444444446,47.16086083333333],[-1.1902777777777778,46.83833277777778]],[[0.29819388888888887,46.581],[0.5308327777777778,46.56111083333333]],[[-2.1858327777777777,47.507221944444446],[-1.6129719444444446,47.16086083333333]],[[2.6033327777777777,46.36555583333333],[2.8333327777777777,46.35]],[[3.08,46.336666944444445],[3.283332777777778,46.325]],[[0.7808327777777778,46.538888888888884],[1.0333327777777777,46.516110833333336]]]}},{"type":"Feature","properties":{"type":"lowAirway","uuid":"lowairway-r7","name":"R7"},"geometry":{"type":"MultiLineString","coordinates":[[[6.716221944444444,48.98644388888889],[6.988610833333333,48.83694388888889]],[[7.095277777777778,48.77777777777778],[7.571971944444444,48.50538888888889]],[[7.571971944444444,48.50538888888889],[7.733621944444445,48.43505277777778]],[[6.988610833333333,48.83694388888889],[7.095277777777778,48.77777777777778]]]}},{"type":"Feature","properties":{"type":"lowAirway","uuid":"lowairway-r72","name":"R72"},"geometry":{"type":"MultiLineString","coordinates":[[[-7.918610833333334,38.66499972222222],[-7.926666944444444,38.12833277777778]],[[-8.228277777777778,42.139805833333334],[-7.885832777777777,40.723416944444445]],[[-7.914610833333334,39.56466694444444],[-7.936388888888889,39.18333277777778]],[[-7.936388888888889,39.18333277777778],[-7.914166944444445,38.94555583333333]],[[-7.914166944444445,38.94555583333333],[-7.918610833333334,38.66499972222222]],[[-7.885832777777777,40.723416944444445],[-7.914610833333334,39.56466694444444]]]}},{"type":"Feature","properties":{"type":"lowAirway","uuid":"lowairway-r723","name":"R723"},"geometry":{"type":"MultiLineString","coordinates":[[[8.883610833333332,38.527499999999996],[8.51388888888889,38.790277777777774]],[[9.252777777777778,38.26194388888889],[8.883610833333332,38.527499999999996]]]}},{"type":"Feature","properties":{"type":"lowAirway","uuid":"lowairway-r978","name":"R978"},"geometry":{"type":"MultiLineString","coordinates":[[[6.088332777777778,39],[6.608321944444444,36.29326388888889]]]}},{"type":"Feature","properties":{"type":"lowAirway","uuid":"lowairway-t1","name":"T1"},"geometry":{"type":"MultiLineString","coordinates":[[[8.867221944444445,40.676943888888886],[9.676666944444444,40.916666944444444]]]}},{"type":"Feature","properties":{"type":"lowAirway","uuid":"lowairway-t10","name":"T10"},"geometry":{"type":"MultiLineString","coordinates":[[[7.153888888888889,47.407221944444444],[6.658582777777778,47.479416944444445]],[[6.379443888888889,47.49944388888889],[6.037499722222222,47.52305583333333]],[[6.658582777777778,47.479416944444445],[6.379443888888889,47.49944388888889]]]}},{"type":"Feature","properties":{"type":"lowAirway","uuid":"lowairway-t100","name":"T100"},"geometry":{"type":"MultiLineString","coordinates":[[[4.090832777777777,39.2175],[4.666666944444445,39.585]],[[2.853888888888889,38.405],[3.1416669444444443,38.596943888888894]],[[3.1416669444444443,38.596943888888894],[4.090832777777777,39.2175]]]}},{"type":"Feature","properties":{"type":"lowAirway","uuid":"lowairway-t103","name":"T103"},"geometry":{"type":"MultiLineString","coordinates":[[[8.333332777777777,47.30222194444444],[8.966943888888888,47.44111083333333]],[[8.966943888888888,47.44111083333333],[9.652499722222222,47.586666944444445]],[[9.652499722222222,47.586666944444445],[10.30558277777778,47.55938888888888]]]}},{"type":"Feature","properties":{"type":"lowAirway","uuid":"lowairway-t104","name":"T104"},"geometry":{"type":"MultiLineString","coordinates":[[[10.238305833333332,49.14275277777778],[10.456666944444443,49.00694388888889]],[[9.824721944444445,49.383610833333336],[10.143332777777777,49.19833277777777]],[[9.41444388888889,49.61833277777778],[9.824721944444445,49.383610833333336]],[[10.143332777777777,49.19833277777777],[10.238305833333332,49.14275277777778]]]}},{"type":"Feature","properties":{"type":"lowAirway","uuid":"lowairway-t11","name":"T11"},"geometry":{"type":"MultiLineString","coordinates":[[[3.8086108333333333,47.95916694444445],[3.9138888888888888,48.02583277777778]],[[3.9138888888888888,48.02583277777778],[4.244443888888889,48.33777777777778]],[[3.4347219444444446,47.71888888888889],[3.8086108333333333,47.95916694444445]],[[4.244443888888889,48.33777777777778],[4.058332777777777,48.79333277777778]]]}},{"type":"Feature","properties":{"type":"lowAirway","uuid":"lowairway-t112","name":"T112"},"geometry":{"type":"MultiLineString","coordinates":[[[5.091916944444444,46.04574972222222],[4.985193888888889,46.32405583333334]]]}},{"type":"Feature","properties":{"type":"lowAirway","uuid":"lowairway-t113","name":"T113"},"geometry":{"type":"MultiLineString","coordinates":[[[1.1297777777777778,41.54386083333333],[1.3236108333333334,42.13611083333333]],[[1.3236108333333334,42.13611083333333],[1.4372219444444445,42.47749972222223]]]}},{"type":"Feature","properties":{"type":"lowAirway","uuid":"lowairway-t116","name":"T116"},"geometry":{"type":"MultiLineString","coordinates":[[[0.41333277777777777,47.93944388888889],[0.8441108333333334,48.34658277777778]],[[1.3271388888888889,48.51305583333333],[1.5055,48.57419388888889]],[[0.8441108333333334,48.34658277777778],[1.3271388888888889,48.51305583333333]]]}},{"type":"Feature","properties":{"type":"lowAirway","uuid":"lowairway-t120","name":"T120"},"geometry":{"type":"MultiLineString","coordinates":[[[-3.049999722222222,48.69361083333333],[-3.549999722222222,48.61333277777778]],[[-2.9511108333333333,48.71083277777778],[-3.049999722222222,48.69361083333333]],[[-3.549999722222222,48.61333277777778],[-4.0859169444444445,48.52316694444444]],[[-1.751943888888889,48.91027777777778],[-2.9511108333333333,48.71083277777778]]]}},{"type":"Feature","properties":{"type":"lowAirway","uuid":"lowairway-t121","name":"T121"},"geometry":{"type":"MultiLineString","coordinates":[[[4.746388888888889,43.995360833333336],[4.537499722222222,44.66916694444444]]]}},{"type":"Feature","properties":{"type":"lowAirway","uuid":"lowairway-t122","name":"T122"},"geometry":{"type":"MultiLineString","coordinates":[[[9.182777777777778,48.166666944444444],[9.236663888888888,47.848843888888894]]]}},{"type":"Feature","properties":{"type":"lowAirway","uuid":"lowairway-t123","name":"T123"},"geometry":{"type":"MultiLineString","coordinates":[[[5.095277777777778,43.88333277777778],[4.900388888888889,44.72552777777778]]]}},{"type":"Feature","properties":{"type":"lowAirway","uuid":"lowairway-t125","name":"T125"},"geometry":{"type":"MultiLineString","coordinates":[[[9.328488888888888,48.166666944444444],[9.361232777777778,48.36882194444444]],[[8.02444388888889,47.36888888888889],[8.534166944444443,47.59805583333333]],[[8.534166944444443,47.59805583333333],[8.817666944444444,47.59216694444444]],[[9.300174722222224,47.793121944444444],[9.328488888888888,48.166666944444444]],[[7.684166944444445,47.022277777777774],[7.905805833333334,47.17836083333333]],[[9.107777777777777,47.713055833333335],[9.300174722222224,47.793121944444444]],[[7.905805833333334,47.17836083333333],[8.02444388888889,47.36888888888889]],[[8.817666944444444,47.59216694444444],[9.107777777777777,47.713055833333335]]]}},{"type":"Feature","properties":{"type":"lowAirway","uuid":"lowairway-t126","name":"T126"},"geometry":{"type":"MultiLineString","coordinates":[[[7.733621944444445,48.43505277777778],[8.644835833333333,48.38158583333333]],[[9.361232777777778,48.36882194444444],[9.674999999999999,48.228055833333336]],[[8.644835833333333,48.38158583333333],[9.361232777777778,48.36882194444444]]]}},{"type":"Feature","properties":{"type":"lowAirway","uuid":"lowairway-t128","name":"T128"},"geometry":{"type":"MultiLineString","coordinates":[[[8.584235833333334,48.99294388888889],[8.604655833333332,48.820616944444446]],[[8.584235833333334,48.99294388888889],[8.539143888888889,49.08805277777778]]]}},{"type":"Feature","properties":{"type":"lowAirway","uuid":"lowairway-t129","name":"T129"},"geometry":{"type":"MultiLineString","coordinates":[[[10.391666944444443,48.59361083333334],[10.068085833333333,48.690549999999995]]]}},{"type":"Feature","properties":{"type":"lowAirway","uuid":"lowairway-t131","name":"T131"},"geometry":{"type":"MultiLineString","coordinates":[[[6.434999722222223,48.7],[6.693360833333333,48.399027777777775]]]}},{"type":"Feature","properties":{"type":"lowAirway","uuid":"lowairway-t14","name":"T14"},"geometry":{"type":"MultiLineString","coordinates":[[[6.919999722222222,47.40222194444444],[6.655499722222222,47.39658277777778]],[[5.938332777777778,46.66777777777777],[5.879721944444445,46.30255583333333]],[[6.239166944444444,47.063332777777774],[5.966416944444445,46.84194388888889]],[[5.904749722222222,46.051471944444444],[5.914110833333334,45.953832777777784]],[[7.537427777777777,47.414030833333335],[7.153888888888889,47.407221944444444]],[[7.153888888888889,47.407221944444444],[6.919999722222222,47.40222194444444]],[[5.879721944444445,46.30255583333333],[5.904749722222222,46.051471944444444]],[[6.655499722222222,47.39658277777778],[6.589999722222222,47.34444388888889]],[[6.589999722222222,47.34444388888889],[6.239166944444444,47.063332777777774]],[[5.966416944444445,46.84194388888889],[5.938332777777778,46.66777777777777]]]}},{"type":"Feature","properties":{"type":"lowAirway","uuid":"lowairway-t15","name":"T15"},"geometry":{"type":"MultiLineString","coordinates":[[[-0.9058327777777778,47.731388888888894],[-1.5174999999999998,47.59972194444445]],[[-0.25,47.853055833333336],[-0.9058327777777778,47.731388888888894]]]}},{"type":"Feature","properties":{"type":"lowAirway","uuid":"lowairway-t152","name":"T152"},"geometry":{"type":"MultiLineString","coordinates":[[[9.57216888888889,50.59245583333333],[9.581943888888889,50.475]],[[9.281666944444446,51.11138888888889],[9.277221944444445,50.93249972222222]],[[9.277221944444445,50.93249972222222],[9.57216888888889,50.59245583333333]]]}},{"type":"Feature","properties":{"type":"lowAirway","uuid":"lowairway-t157","name":"T157"},"geometry":{"type":"MultiLineString","coordinates":[[[9.521557777777778,50.381391944444445],[9.624157777777778,49.93500777777778]],[[9.581943888888889,50.475],[9.521557777777778,50.381391944444445]],[[10.210832777777776,50.88055583333333],[10.209166944444444,50.797221944444445]],[[10.209166944444444,50.797221944444445],[9.673888888888888,50.62555583333334]],[[10.215555833333333,51.14388888888889],[10.210832777777776,50.88055583333333]],[[9.673888888888888,50.62555583333334],[9.581943888888889,50.475]]]}},{"type":"Feature","properties":{"type":"lowAirway","uuid":"lowairway-t159","name":"T159"},"geometry":{"type":"MultiLineString","coordinates":[[[9.624157777777778,49.93500777777778],[9.348325,49.86224194444445]],[[9.794666944444444,49.88995583333333],[9.624157777777778,49.93500777777778]],[[9.348325,49.86224194444445],[8.542360833333333,49.79097194444444]]]}},{"type":"Feature","properties":{"type":"lowAirway","uuid":"lowairway-t163","name":"T163"},"geometry":{"type":"MultiLineString","coordinates":[[[8.333332777777777,47.30222194444444],[7.725166944444444,47.18988888888889]],[[8.333332777777777,47.30222194444444],[8.817666944444444,47.59216694444444]],[[9.128402777777778,49.190793888888884],[9.141607777777777,49.28364694444444]],[[9.102246944444444,49.00839194444445],[9.128402777777778,49.190793888888884]],[[9.084291944444445,48.88238583333333],[9.102246944444444,49.00839194444445]],[[9.023482777777778,48.627652777777776],[9.084291944444445,48.88238583333333]],[[7.725166944444444,47.18988888888889],[7.3705558333333325,47.16499972222222]],[[9.195555833333334,49.65972194444444],[9.305277777777778,49.72777777777778]],[[9.305277777777778,49.72777777777778],[9.348325,49.86224194444445]],[[9.141607777777777,49.28364694444444],[9.195555833333334,49.65972194444444]]]}},{"type":"Feature","properties":{"type":"lowAirway","uuid":"lowairway-t164","name":"T164"},"geometry":{"type":"MultiLineString","coordinates":[[[9.462221944444444,48.52916694444444],[9.259207777777778,48.618407777777776]],[[9.259207777777778,48.618407777777776],[9.084291944444445,48.88238583333333]]]}},{"type":"Feature","properties":{"type":"lowAirway","uuid":"lowairway-t17","name":"T17"},"geometry":{"type":"MultiLineString","coordinates":[[[0.7444438888888888,48.253055833333335],[1.3870827777777777,48.05916694444444]]]}},{"type":"Feature","properties":{"type":"lowAirway","uuid":"lowairway-t175","name":"T175"},"geometry":{"type":"MultiLineString","coordinates":[[[7.272332777777778,41.37277777777778],[6.342499999999999,42.015277777777776]],[[7.759443888888889,41.033610833333334],[7.272332777777778,41.37277777777778]],[[6.342499999999999,42.015277777777776],[5.315110833333333,42.69772194444444]]]}},{"type":"Feature","properties":{"type":"lowAirway","uuid":"lowairway-t178","name":"T178"},"geometry":{"type":"MultiLineString","coordinates":[[[9.955832777777777,50.541110833333335],[9.739999999999998,50.50222194444444]],[[10.280555833333334,50.653888888888886],[9.955832777777777,50.541110833333335]],[[10.43505,50.8975],[10.280555833333334,50.653888888888886]],[[9.739999999999998,50.50222194444444],[9.581943888888889,50.475]]]}},{"type":"Feature","properties":{"type":"lowAirway","uuid":"lowairway-t180","name":"T180"},"geometry":{"type":"MultiLineString","coordinates":[[[6.493055833333333,50.35944388888889],[6.794999722222222,50.43805583333333]],[[6.348332777777777,50.377499722222225],[6.418332777777778,50.36388888888889]],[[7.040555833333333,50.455555833333335],[7.2272219444444445,50.45472194444445]],[[6.794999722222222,50.43805583333333],[7.040555833333333,50.455555833333335]],[[6.418332777777778,50.36388888888889],[6.493055833333333,50.35944388888889]]]}},{"type":"Feature","properties":{"type":"lowAirway","uuid":"lowairway-t181","name":"T181"},"geometry":{"type":"MultiLineString","coordinates":[[[6.132221944444444,50.299166944444444],[6.285,50.3725]],[[6.366110833333333,50.367221944444445],[6.418332777777778,50.36388888888889]],[[6.285,50.3725],[6.366110833333333,50.367221944444445]]]}},{"type":"Feature","properties":{"type":"lowAirway","uuid":"lowairway-t19","name":"T19"},"geometry":{"type":"MultiLineString","coordinates":[[[1.2413888888888889,45.039166944444446],[2.5,45.34777777777778]],[[-0.15291694444444442,44.67680583333333],[1.2413888888888889,45.039166944444446]],[[2.5,45.34777777777778],[2.9329169444444445,45.45016694444445]]]}},{"type":"Feature","properties":{"type":"lowAirway","uuid":"lowairway-t20","name":"T20"},"geometry":{"type":"MultiLineString","coordinates":[[[1.854693888888889,50.13513888888889],[1.3663327777777778,50.492555833333334]],[[1.3663327777777778,50.492555833333334],[1.2254169444444445,50.57562194444445]]]}},{"type":"Feature","properties":{"type":"lowAirway","uuid":"lowairway-t201","name":"T201"},"geometry":{"type":"MultiLineString","coordinates":[[[9.709721944444444,50.79277777777778],[10.07638888888889,50.84638888888889]],[[8.899166944444444,50.527499999999996],[9.205555833333333,50.71722194444445]],[[9.205555833333333,50.71722194444445],[9.709721944444444,50.79277777777778]]]}},{"type":"Feature","properties":{"type":"lowAirway","uuid":"lowairway-t211","name":"T211"},"geometry":{"type":"MultiLineString","coordinates":[[[9.963055833333332,50.9525],[10.43505,50.8975]]]}},{"type":"Feature","properties":{"type":"lowAirway","uuid":"lowairway-t22","name":"T22"},"geometry":{"type":"MultiLineString","coordinates":[[[1.854693888888889,50.13513888888889],[1.6362777777777777,50.656999722222224]]]}},{"type":"Feature","properties":{"type":"lowAirway","uuid":"lowairway-t220","name":"T220"},"geometry":{"type":"MultiLineString","coordinates":[[[9.690988888888889,51.20431694444445],[10.123055833333334,51.02722194444444]],[[10.123055833333334,51.02722194444444],[10.43505,50.8975]]]}},{"type":"Feature","properties":{"type":"lowAirway","uuid":"lowairway-t250","name":"T250"},"geometry":{"type":"MultiLineString","coordinates":[[[3.4343608333333338,39.697693888888885],[2.7583058333333335,39.43519388888888]],[[4.666666944444445,40.39120777777778],[3.4343608333333338,39.697693888888885]]]}},{"type":"Feature","properties":{"type":"lowAirway","uuid":"lowairway-t252","name":"T252"},"geometry":{"type":"MultiLineString","coordinates":[[[-2.188610833333333,38.20805583333333],[-2.092777777777778,38.52111083333333]]]}},{"type":"Feature","properties":{"type":"lowAirway","uuid":"lowairway-t257","name":"T257"},"geometry":{"type":"MultiLineString","coordinates":[[[-1.5488888888888888,39.72222194444445],[-1.14975,39.54919388888889]],[[-0.5444438888888888,39.28249972222222],[-0.43972194444444446,39.24666694444444]],[[-1.14975,39.54919388888889],[-0.9088888888888889,39.44361083333333]],[[-0.8377777777777778,39.4125],[-0.5444438888888888,39.28249972222222]],[[-2.1745558333333332,39.988860833333334],[-1.5488888888888888,39.72222194444445]],[[-0.9088888888888889,39.44361083333333],[-0.8377777777777778,39.4125]],[[-0.43972194444444446,39.24666694444444],[0.4833327777777778,38.924166944444444]]]}},{"type":"Feature","properties":{"type":"lowAirway","uuid":"lowairway-t258","name":"T258"},"geometry":{"type":"MultiLineString","coordinates":[[[0.7308327777777778,44.10833277777778],[0.9043888888888889,44.29677777777778]],[[0.6924997222222222,44.028888888888886],[0.7308327777777778,44.10833277777778]],[[0.47222194444444443,43.62416694444445],[0.6924997222222222,44.028888888888886]]]}},{"type":"Feature","properties":{"type":"lowAirway","uuid":"lowairway-t259","name":"T259"},"geometry":{"type":"MultiLineString","coordinates":[[[0.21472194444444445,43.54194388888889],[0.5152777777777777,44.43861083333333]]]}},{"type":"Feature","properties":{"type":"lowAirway","uuid":"lowairway-t293","name":"T293"},"geometry":{"type":"MultiLineString","coordinates":[[[7.088888888888889,45.52777777777778],[10.196110833333334,44.713055833333335]]]}},{"type":"Feature","properties":{"type":"lowAirway","uuid":"lowairway-t295","name":"T295"},"geometry":{"type":"MultiLineString","coordinates":[[[7.309005833333333,51.18877472222222],[6.324721944444444,51.06111083333333]]]}},{"type":"Feature","properties":{"type":"lowAirway","uuid":"lowairway-t3","name":"T3"},"geometry":{"type":"MultiLineString","coordinates":[[[-7.753943888888889,42.104666944444446],[-8.081193888888889,41.81513888888889]],[[-7.388610833333334,42.422221944444445],[-7.753943888888889,42.104666944444446]]]}},{"type":"Feature","properties":{"type":"lowAirway","uuid":"lowairway-t313","name":"T313"},"geometry":{"type":"MultiLineString","coordinates":[[[10.459999999999999,43.178888888888885],[10.395721944444444,42.730693888888894]]]}},{"type":"Feature","properties":{"type":"lowAirway","uuid":"lowairway-t326","name":"T326"},"geometry":{"type":"MultiLineString","coordinates":[[[-7.094166944444444,42.275555833333335],[-8.081193888888889,41.81513888888889]]]}},{"type":"Feature","properties":{"type":"lowAirway","uuid":"lowairway-t328","name":"T328"},"geometry":{"type":"MultiLineString","coordinates":[[[-7.783610833333333,42.61638888888889],[-8.081193888888889,41.81513888888889]]]}},{"type":"Feature","properties":{"type":"lowAirway","uuid":"lowairway-t330","name":"T330"},"geometry":{"type":"MultiLineString","coordinates":[[[6.67944388888889,46.443888888888885],[6.239166944444444,47.063332777777774]],[[6.596666944444444,46.244166944444444],[6.67944388888889,46.443888888888885]]]}},{"type":"Feature","properties":{"type":"lowAirway","uuid":"lowairway-t345","name":"T345"},"geometry":{"type":"MultiLineString","coordinates":[[[6.995,45.57416694444445],[7.088888888888889,45.52777777777778]],[[6.343610833333333,45.94222194444444],[6.645582777777777,45.74527777777778]],[[5.999916944444444,46.163693888888886],[6.343610833333333,45.94222194444444]],[[6.645582777777777,45.74527777777778],[6.995,45.57416694444445]]]}},{"type":"Feature","properties":{"type":"lowAirway","uuid":"lowairway-t358","name":"T358"},"geometry":{"type":"MultiLineString","coordinates":[[[10.389443888888888,49.92166694444444],[10.172221944444443,49.92583277777778]],[[9.624157777777778,49.93500777777778],[9.324193888888889,49.997032777777775]],[[10.172221944444443,49.92583277777778],[9.624157777777778,49.93500777777778]]]}},{"type":"Feature","properties":{"type":"lowAirway","uuid":"lowairway-t36","name":"T36"},"geometry":{"type":"MultiLineString","coordinates":[[[2.825555833333333,48.27583277777778],[3.048055833333333,48.083332777777784]],[[3.048055833333333,48.083332777777784],[3.3875,47.540277777777774]]]}},{"type":"Feature","properties":{"type":"lowAirway","uuid":"lowairway-t37","name":"T37"},"geometry":{"type":"MultiLineString","coordinates":[[[4.151110833333334,48.09194388888889],[4.769999722222222,47.55833277777778]],[[3.5776938888888887,49.137749722222225],[3.963138888888889,48.251221944444445]],[[5.593055833333333,46.66916694444444],[5.685555833333334,46.55555583333333]],[[5.097332777777777,47.270777777777774],[5.420832777777778,46.87722194444444]],[[6.3052777777777775,46.06555583333333],[6.457221944444445,46.016110833333336]],[[5.420832777777778,46.87722194444444],[5.534443888888889,46.74194388888889]],[[4.769999722222222,47.55833277777778],[5.097332777777777,47.270777777777774]],[[5.685555833333334,46.55555583333333],[5.816943888888889,46.39194388888889]],[[5.816943888888889,46.39194388888889],[5.999916944444444,46.163693888888886]],[[5.534443888888889,46.74194388888889],[5.593055833333333,46.66916694444444]],[[6.6733327777777784,45.94499999999999],[7.054721944444444,45.82]],[[6.457221944444445,46.016110833333336],[6.6733327777777784,45.94499999999999]],[[5.999916944444444,46.163693888888886],[6.3052777777777775,46.06555583333333]],[[3.963138888888889,48.251221944444445],[4.151110833333334,48.09194388888889]]]}},{"type":"Feature","properties":{"type":"lowAirway","uuid":"lowairway-t372","name":"T372"},"geometry":{"type":"MultiLineString","coordinates":[[[3.243332777777778,50],[3.318055833333333,49.80833277777778]]]}},{"type":"Feature","properties":{"type":"lowAirway","uuid":"lowairway-t40","name":"T40"},"geometry":{"type":"MultiLineString","coordinates":[[[6.743332777777778,46.58638888888889],[5.778055833333333,46.870555833333334]]]}},{"type":"Feature","properties":{"type":"lowAirway","uuid":"lowairway-t41","name":"T41"},"geometry":{"type":"MultiLineString","coordinates":[[[4.014721944444444,45.391666944444445],[3.7501669444444445,45.25727777777778]],[[4.275277777777777,45.5225],[4.014721944444444,45.391666944444445]]]}},{"type":"Feature","properties":{"type":"lowAirway","uuid":"lowairway-t410","name":"T410"},"geometry":{"type":"MultiLineString","coordinates":[[[3.2088608333333335,41.947693888888885],[2.10975,41.51986083333333]],[[2.10975,41.51986083333333],[1.5018608333333334,41.546860833333334]],[[1.5018608333333334,41.546860833333334],[1.1297777777777778,41.54386083333333]]]}},{"type":"Feature","properties":{"type":"lowAirway","uuid":"lowairway-t412","name":"T412"},"geometry":{"type":"MultiLineString","coordinates":[[[0.35222194444444443,40.31527777777777],[0.52175,40.37675]],[[0.52175,40.37675],[1.0029719444444445,40.54969388888889]]]}},{"type":"Feature","properties":{"type":"lowAirway","uuid":"lowairway-t420","name":"T420"},"geometry":{"type":"MultiLineString","coordinates":[[[1.2254169444444445,50.57562194444445],[0.7781108333333334,50.857241944444446]],[[0.598963888888889,50.96860777777778],[0.43931694444444447,51.067171944444446]],[[0.7781108333333334,50.857241944444446],[0.598963888888889,50.96860777777778]],[[0.43931694444444447,51.067171944444446],[0.03481083333333333,51.33087472222223]]]}},{"type":"Feature","properties":{"type":"lowAirway","uuid":"lowairway-t421","name":"T421"},"geometry":{"type":"MultiLineString","coordinates":[[[0.36745,51.071691944444446],[0.03481083333333333,51.33087472222223]],[[1.6740827777777776,50.07077777777778],[1.0656108333333334,50.514916944444444]],[[1.0656108333333334,50.514916944444444],[0.5409827777777778,50.93493583333333]],[[0.5409827777777778,50.93493583333333],[0.36745,51.071691944444446]],[[1.8850827777777777,49.899749722222225],[1.6740827777777776,50.07077777777778]]]}},{"type":"Feature","properties":{"type":"lowAirway","uuid":"lowairway-t429","name":"T429"},"geometry":{"type":"MultiLineString","coordinates":[[[-2.925360833333333,43.30419388888889],[-2.865582777777778,42.73188888888889]],[[-2.880693888888889,42.45330583333334],[-2.326916944444444,42.46052777777778]],[[-2.326916944444444,42.46052777777778],[-1.369443888888889,42.61666694444445]],[[-2.865582777777778,42.73188888888889],[-2.880693888888889,42.45330583333334]]]}},{"type":"Feature","properties":{"type":"lowAirway","uuid":"lowairway-t43","name":"T43"},"geometry":{"type":"MultiLineString","coordinates":[[[5.341943888888888,44.152499999999996],[5.403055833333334,43.97583277777778]],[[5.214999722222222,44.63805583333333],[5.234443888888889,44.461666944444445]],[[5.234443888888889,44.461666944444445],[5.341943888888888,44.152499999999996]],[[5.182777777777778,44.928888888888885],[5.214999722222222,44.63805583333333]],[[5.16344388888889,45.10263888888889],[5.182777777777778,44.928888888888885]]]}},{"type":"Feature","properties":{"type":"lowAirway","uuid":"lowairway-t430","name":"T430"},"geometry":{"type":"MultiLineString","coordinates":[[[-3.2666669444444443,41.504443888888886],[-3.048888888888889,41.72944388888889]],[[-3.048888888888889,41.72944388888889],[-2.6153327777777777,42.17099972222222]],[[-2.326916944444444,42.46052777777778],[-2.155388888888889,42.63111083333333]],[[-1.9386669444444444,42.84494388888889],[-1.881527777777778,42.90102777777778]],[[-2.155388888888889,42.63111083333333],[-1.9386669444444444,42.84494388888889]],[[-1.881527777777778,42.90102777777778],[-1.7643608333333334,43.01558277777778]],[[-3.6046669444444444,41.151693888888886],[-3.2666669444444443,41.504443888888886]],[[-2.6153327777777777,42.17099972222222],[-2.326916944444444,42.46052777777778]]]}},{"type":"Feature","properties":{"type":"lowAirway","uuid":"lowairway-t445","name":"T445"},"geometry":{"type":"MultiLineString","coordinates":[[[8.229721944444444,45.109166944444446],[8.498055833333332,44.39416694444444]]]}},{"type":"Feature","properties":{"type":"lowAirway","uuid":"lowairway-t45","name":"T45"},"geometry":{"type":"MultiLineString","coordinates":[[[6.1541669444444445,45.752499722222225],[6.596666944444444,46.244166944444444]],[[5.964166944444445,45.538332777777775],[6.1541669444444445,45.752499722222225]],[[6.596666944444444,46.244166944444444],[6.884443888888889,46.55805583333333]]]}},{"type":"Feature","properties":{"type":"lowAirway","uuid":"lowairway-t47","name":"T47"},"geometry":{"type":"MultiLineString","coordinates":[[[6.152499722222222,45.55555583333333],[6.339721944444444,45.57222194444445]],[[5.964166944444445,45.538332777777775],[6.152499722222222,45.55555583333333]]]}},{"type":"Feature","properties":{"type":"lowAirway","uuid":"lowairway-t474","name":"T474"},"geometry":{"type":"MultiLineString","coordinates":[[[6.5,50.788888888888884],[6.200832777777778,50.95583277777778]],[[6.332777777777777,50.494166944444444],[6.5,50.788888888888884]],[[6.200832777777778,50.95583277777778],[6.124443888888888,51.27694388888889]]]}},{"type":"Feature","properties":{"type":"lowAirway","uuid":"lowairway-t48","name":"T48"},"geometry":{"type":"MultiLineString","coordinates":[[[3.1921938888888888,45.78747194444444],[3.7501669444444445,45.25727777777778]],[[3.7501669444444445,45.25727777777778],[4.239110833333333,45.03386083333333]]]}},{"type":"Feature","properties":{"type":"lowAirway","uuid":"lowairway-t493","name":"T493"},"geometry":{"type":"MultiLineString","coordinates":[[[-1.4561108333333332,49.075],[-1.751943888888889,48.91027777777778]]]}},{"type":"Feature","properties":{"type":"lowAirway","uuid":"lowairway-t496","name":"T496"},"geometry":{"type":"MultiLineString","coordinates":[[[-1.4991669444444444,48.89944388888889],[-1.6905558333333333,49.06694388888889]]]}},{"type":"Feature","properties":{"type":"lowAirway","uuid":"lowairway-t497","name":"T497"},"geometry":{"type":"MultiLineString","coordinates":[[[-1.6738888888888888,47.61805583333334],[-1.4358327777777777,48.02722194444444]]]}},{"type":"Feature","properties":{"type":"lowAirway","uuid":"lowairway-t498","name":"T498"},"geometry":{"type":"MultiLineString","coordinates":[[[-2.4086108333333334,49.01888888888889],[-1.751943888888889,48.91027777777778]]]}},{"type":"Feature","properties":{"type":"lowAirway","uuid":"lowairway-t499","name":"T499"},"geometry":{"type":"MultiLineString","coordinates":[[[-3.1175,47.405832777777775],[-2.5786108333333333,47.48444388888889]],[[-3.641388888888889,47.59972194444445],[-3.1175,47.405832777777775]],[[-4.0083327777777775,47.73277777777778],[-3.641388888888889,47.59972194444445]],[[-2.5786108333333333,47.48444388888889],[-2.1858327777777777,47.507221944444446]],[[-4.184721944444445,47.95727777777778],[-4.0083327777777775,47.73277777777778]]]}},{"type":"Feature","properties":{"type":"lowAirway","uuid":"lowairway-t5","name":"T5"},"geometry":{"type":"MultiLineString","coordinates":[[[-6.944610833333334,42.200610833333336],[-7.604777777777778,41.85558277777778]]]}},{"type":"Feature","properties":{"type":"lowAirway","uuid":"lowairway-t50","name":"T50"},"geometry":{"type":"MultiLineString","coordinates":[[[8.005832777777778,47.268610833333334],[7.725166944444444,47.18988888888889]]]}},{"type":"Feature","properties":{"type":"lowAirway","uuid":"lowairway-t501","name":"T501"},"geometry":{"type":"MultiLineString","coordinates":[[[-1.461943888888889,48.39138888888889],[-1.4991669444444444,48.89944388888889]],[[-1.4991669444444444,48.89944388888889],[-1.4561108333333332,49.075]],[[-1.419443888888889,47.79694388888889],[-1.4358327777777777,48.02722194444444]],[[-1.4561108333333332,49.075],[-1.3855558333333333,49.34111083333334]],[[-1.3830558333333334,47.275555833333335],[-1.419443888888889,47.79694388888889]],[[-1.4358327777777777,48.02722194444444],[-1.461943888888889,48.39138888888889]],[[-1.3908327777777778,46.598888888888894],[-1.3649997222222223,46.97194388888889]],[[-1.3649997222222223,46.97194388888889],[-1.3830558333333334,47.275555833333335]]]}},{"type":"Feature","properties":{"type":"lowAirway","uuid":"lowairway-t51","name":"T51"},"geometry":{"type":"MultiLineString","coordinates":[[[7.838055833333333,47.321110833333336],[7.537427777777777,47.414030833333335]],[[7.537427777777777,47.414030833333335],[6.732249722222222,47.56166694444444]],[[8.005832777777778,47.268610833333334],[7.838055833333333,47.321110833333336]]]}},{"type":"Feature","properties":{"type":"lowAirway","uuid":"lowairway-t52","name":"T52"},"geometry":{"type":"MultiLineString","coordinates":[[[7.281527777777778,47.30830583333333],[7.153888888888889,47.407221944444444]],[[8.005832777777778,47.268610833333334],[7.281527777777778,47.30830583333333]]]}},{"type":"Feature","properties":{"type":"lowAirway","uuid":"lowairway-t520","name":"T520"},"geometry":{"type":"MultiLineString","coordinates":[[[-0.2852777777777778,41.009166944444445],[-0.6863888888888889,40.954166944444445]],[[-0.6863888888888889,40.954166944444445],[-1.2980558333333332,40.86730583333333]]]}},{"type":"Feature","properties":{"type":"lowAirway","uuid":"lowairway-t53","name":"T53"},"geometry":{"type":"MultiLineString","coordinates":[[[8.513971944444444,47.16457472222222],[8.53211388888889,47.03937472222222]],[[8.255,47.25805583333333],[8.450832777777777,47.24944388888889]],[[8.450832777777777,47.24944388888889],[8.513971944444444,47.16457472222222]],[[8.005832777777778,47.268610833333334],[8.255,47.25805583333333]]]}},{"type":"Feature","properties":{"type":"lowAirway","uuid":"lowairway-t544","name":"T544"},"geometry":{"type":"MultiLineString","coordinates":[[[5.599166944444444,45.971110833333334],[5.494443888888889,45.92499972222222]],[[0.5583327777777778,43.65138888888889],[1.3098058333333333,43.68083277777777]],[[2.1644438888888886,44.123332777777776],[2.8333327777777777,44.44888888888889]],[[2.8333327777777777,44.44888888888889],[3.0166669444444443,44.539166944444446]],[[7.223499722222222,46.77758277777777],[7.905805833333334,47.17836083333333]],[[1.8241669444444444,43.954055833333335],[2.1644438888888886,44.123332777777776]],[[6.132221944444444,46.25391694444444],[6.300360833333333,46.368027777777776]],[[5.090582777777778,45.74552777777778],[5.494443888888889,45.92499972222222]],[[3.1624169444444443,44.608360833333336],[4.042277777777778,45.13694388888889]],[[4.042277777777778,45.13694388888889],[4.177138888888889,45.21652777777778]],[[4.375555833333333,45.33291694444445],[5.090582777777778,45.74552777777778]],[[5.999916944444444,46.163693888888886],[6.132221944444444,46.25391694444444]],[[5.999916944444444,46.163693888888886],[5.711138888888889,46.02505583333333]],[[6.300360833333333,46.368027777777776],[6.448055833333334,46.46869388888889]],[[3.0166669444444443,44.539166944444446],[3.1624169444444443,44.608360833333336]],[[6.743332777777778,46.58638888888889],[6.970527777777778,46.681193888888885]],[[6.970527777777778,46.681193888888885],[7.223499722222222,46.77758277777777]],[[6.448055833333334,46.46869388888889],[6.743332777777778,46.58638888888889]],[[5.711138888888889,46.02505583333333],[5.599166944444444,45.971110833333334]],[[1.3098058333333333,43.68083277777777],[1.8241669444444444,43.954055833333335]],[[8.005832777777778,47.268610833333334],[7.905805833333334,47.17836083333333]],[[4.177138888888889,45.21652777777778],[4.375555833333333,45.33291694444445]]]}},{"type":"Feature","properties":{"type":"lowAirway","uuid":"lowairway-t600","name":"T600"},"geometry":{"type":"MultiLineString","coordinates":[[[0.19938888888888887,41.26844388888889],[1.1711108333333333,41.149721944444444]],[[-0.5476108333333334,41.35388888888889],[0.19938888888888887,41.26844388888889]]]}},{"type":"Feature","properties":{"type":"lowAirway","uuid":"lowairway-t616","name":"T616"},"geometry":{"type":"MultiLineString","coordinates":[[[1.428332777777778,44.89277777777778],[2,44.96527777777778]],[[-0.15291694444444442,44.67680583333333],[1.428332777777778,44.89277777777778]],[[2,44.96527777777778],[2.622777777777778,45.04055583333333]],[[2.622777777777778,45.04055583333333],[3.174805833333333,45.10436083333334]]]}},{"type":"Feature","properties":{"type":"lowAirway","uuid":"lowairway-t625","name":"T625"},"geometry":{"type":"MultiLineString","coordinates":[[[7.112638888888888,47.24005583333334],[7.6091669444444445,47.16861083333333]],[[7.6091669444444445,47.16861083333333],[7.905805833333334,47.17836083333333]],[[8.912499722222222,47.33527777777778],[9.107777777777777,47.713055833333335]],[[7.905805833333334,47.17836083333333],[8.912499722222222,47.33527777777778]]]}},{"type":"Feature","properties":{"type":"lowAirway","uuid":"lowairway-t626","name":"T626"},"geometry":{"type":"MultiLineString","coordinates":[[[7.034166944444444,47.385555833333335],[7.3705558333333325,47.16499972222222]],[[6.732249722222222,47.56166694444444],[7.034166944444444,47.385555833333335]],[[7.3705558333333325,47.16499972222222],[7.6091669444444445,47.16861083333333]]]}},{"type":"Feature","properties":{"type":"lowAirway","uuid":"lowairway-t627","name":"T627"},"geometry":{"type":"MultiLineString","coordinates":[[[7.376332777777777,47.01294388888889],[7.292638888888889,46.95502777777778]],[[7.431943888888889,47.104166944444444],[7.376332777777777,47.01294388888889]],[[7.3705558333333325,47.16499972222222],[7.431943888888889,47.104166944444444]]]}},{"type":"Feature","properties":{"type":"lowAirway","uuid":"lowairway-t648","name":"T648"},"geometry":{"type":"MultiLineString","coordinates":[[[9.617499722222222,44.454999722222226],[9.171705833333332,44.759675]],[[10.070555833333334,44.22416694444445],[9.617499722222222,44.454999722222226]]]}},{"type":"Feature","properties":{"type":"lowAirway","uuid":"lowairway-t678","name":"T678"},"geometry":{"type":"MultiLineString","coordinates":[[[9.726110833333333,45.19361083333333],[10.083332777777777,45.12388888888889]]]}},{"type":"Feature","properties":{"type":"lowAirway","uuid":"lowairway-t711","name":"T711"},"geometry":{"type":"MultiLineString","coordinates":[[[9.195891944444444,48.24542777777778],[8.154535833333334,48.246375]],[[8.154535833333334,48.246375],[7.884166944444444,48.36527777777778]]]}},{"type":"Feature","properties":{"type":"lowAirway","uuid":"lowairway-t712","name":"T712"},"geometry":{"type":"MultiLineString","coordinates":[[[9.259207777777778,48.618407777777776],[8.644835833333333,48.38158583333333]]]}},{"type":"Feature","properties":{"type":"lowAirway","uuid":"lowairway-t715","name":"T715"},"geometry":{"type":"MultiLineString","coordinates":[[[7.884166944444444,48.36527777777778],[7.846666944444444,48.14527777777778]],[[8.584235833333334,48.99294388888889],[8.351968888888889,48.78858583333333]],[[7.846666944444444,48.14527777777778],[7.503832777777777,48.13258277777778]],[[8.351968888888889,48.78858583333333],[7.884166944444444,48.36527777777778]]]}},{"type":"Feature","properties":{"type":"lowAirway","uuid":"lowairway-t716","name":"T716"},"geometry":{"type":"MultiLineString","coordinates":[[[8.243610833333333,48.490832777777776],[7.884166944444444,48.36527777777778]],[[9.259207777777778,48.618407777777776],[8.243610833333333,48.490832777777776]]]}},{"type":"Feature","properties":{"type":"lowAirway","uuid":"lowairway-t718","name":"T718"},"geometry":{"type":"MultiLineString","coordinates":[[[7.946388888888889,47.92444388888889],[7.686943888888889,48.04666694444444]],[[8.907610833333333,47.156777777777776],[8.436971944444444,47.689499999999995]],[[7.686943888888889,48.04666694444444],[7.503832777777777,48.13258277777778]],[[8.436971944444444,47.689499999999995],[7.946388888888889,47.92444388888889]]]}},{"type":"Feature","properties":{"type":"lowAirway","uuid":"lowairway-t721","name":"T721"},"geometry":{"type":"MultiLineString","coordinates":[[[8.580832777777777,48.16916694444444],[8.513557777777777,47.94286388888889]],[[8.779166944444444,48.88583277777778],[8.644835833333333,48.38158583333333]],[[8.513557777777777,47.94286388888889],[8.817666944444444,47.59216694444444]],[[8.644835833333333,48.38158583333333],[8.580832777777777,48.16916694444444]]]}},{"type":"Feature","properties":{"type":"lowAirway","uuid":"lowairway-t723","name":"T723"},"geometry":{"type":"MultiLineString","coordinates":[[[8.321260833333334,48.169999999999995],[8.513557777777777,47.94286388888889]]]}},{"type":"Feature","properties":{"type":"lowAirway","uuid":"lowairway-t724","name":"T724"},"geometry":{"type":"MultiLineString","coordinates":[[[8.764721944444444,48.174166944444444],[8.513557777777777,47.94286388888889]],[[8.917499999999999,48.31166694444444],[8.764721944444444,48.174166944444444]],[[9.259207777777778,48.618407777777776],[8.917499999999999,48.31166694444444]]]}},{"type":"Feature","properties":{"type":"lowAirway","uuid":"lowairway-t725","name":"T725"},"geometry":{"type":"MultiLineString","coordinates":[[[8.607777777777777,49.14999972222222],[8.779166944444444,48.88583277777778]]]}},{"type":"Feature","properties":{"type":"lowAirway","uuid":"lowairway-t726","name":"T726"},"geometry":{"type":"MultiLineString","coordinates":[[[9.932291944444444,49.166688888888885],[9.455135833333333,49.051027777777776]],[[10.483888888888888,50.22444388888889],[10.404721944444445,50.19361083333333]],[[9.810832777777778,49.60777777777778],[9.932291944444444,49.166688888888885]],[[9.455135833333333,49.051027777777776],[9.340227777777779,48.912974999999996]],[[10.098610833333334,50.07277777777778],[9.805941944444445,49.71353583333334]],[[10.404721944444445,50.19361083333333],[10.098610833333334,50.07277777777778]],[[9.805941944444445,49.71353583333334],[9.810832777777778,49.60777777777778]]]}},{"type":"Feature","properties":{"type":"lowAirway","uuid":"lowairway-t728","name":"T728"},"geometry":{"type":"MultiLineString","coordinates":[[[9.195891944444444,48.24542777777778],[9.328488888888888,48.166666944444444]]]}},{"type":"Feature","properties":{"type":"lowAirway","uuid":"lowairway-t732","name":"T732"},"geometry":{"type":"MultiLineString","coordinates":[[[9.236663888888888,47.848843888888894],[9.300174722222224,47.793121944444444]],[[9.300174722222224,47.793121944444444],[9.427221944444444,47.72222194444445]],[[8.321260833333334,48.169999999999995],[8.836110833333334,48.05611083333333]],[[8.948905833333333,47.99301083333334],[9.236663888888888,47.848843888888894]],[[8.836110833333334,48.05611083333333],[8.948905833333333,47.99301083333334]]]}},{"type":"Feature","properties":{"type":"lowAirway","uuid":"lowairway-t734","name":"T734"},"geometry":{"type":"MultiLineString","coordinates":[[[8.731943888888889,47.77777777777778],[9.236663888888888,47.848843888888894]],[[8.436971944444444,47.689499999999995],[8.456999999999999,47.22625]],[[8.436971944444444,47.689499999999995],[8.731943888888889,47.77777777777778]]]}},{"type":"Feature","properties":{"type":"lowAirway","uuid":"lowairway-t772","name":"T772"},"geometry":{"type":"MultiLineString","coordinates":[[[10.116666944444445,46.043055833333334],[9.954443888888887,45.894999999999996]]]}},{"type":"Feature","properties":{"type":"lowAirway","uuid":"lowairway-t836","name":"T836"},"geometry":{"type":"MultiLineString","coordinates":[[[9.36701888888889,44.59755277777778],[9.316666944444444,45.07833277777778]],[[9.430832777777777,43.98499972222222],[9.36701888888889,44.59755277777778]]]}},{"type":"Feature","properties":{"type":"lowAirway","uuid":"lowairway-t840","name":"T840"},"geometry":{"type":"MultiLineString","coordinates":[[[8.533610833333332,50.05277777777778],[8.405057777777778,50.290925]],[[8.285555833333333,50.41083277777778],[7.938813888888889,50.75428083333333]],[[8.748610833333332,49.85722194444445],[8.533610833333332,50.05277777777778]],[[8.84888888888889,49.766110833333336],[8.748610833333332,49.85722194444445]],[[8.405057777777778,50.290925],[8.285555833333333,50.41083277777778]],[[9.008888888888889,49.619166944444444],[8.84888888888889,49.766110833333336]]]}},{"type":"Feature","properties":{"type":"lowAirway","uuid":"lowairway-t841","name":"T841"},"geometry":{"type":"MultiLineString","coordinates":[[[8.690555833333333,51.017221944444444],[8.279721944444445,50.97138888888889]],[[8.959166944444444,51.04749972222222],[8.690555833333333,51.017221944444444]]]}},{"type":"Feature","properties":{"type":"lowAirway","uuid":"lowairway-t842","name":"T842"},"geometry":{"type":"MultiLineString","coordinates":[[[9.955832777777777,50.541110833333335],[9.692221944444444,50.95888888888889]],[[8.959166944444444,51.04749972222222],[8.78138888888889,51.111110833333335]],[[9.692221944444444,50.95888888888889],[9.466666944444444,50.98694388888889]],[[9.466666944444444,50.98694388888889],[8.959166944444444,51.04749972222222]]]}},{"type":"Feature","properties":{"type":"lowAirway","uuid":"lowairway-t844","name":"T844"},"geometry":{"type":"MultiLineString","coordinates":[[[8.824180833333333,49.39586388888889],[8.533610833333332,50.05277777777778]]]}},{"type":"Feature","properties":{"type":"lowAirway","uuid":"lowairway-t847","name":"T847"},"geometry":{"type":"MultiLineString","coordinates":[[[7.328888888888889,50.19638888888888],[7.425277777777778,50.05111083333333]],[[6.861943888888889,50.336110833333336],[7.253055833333334,50.309999999999995]],[[6.746110833333334,50.34333277777778],[6.861943888888889,50.336110833333336]],[[6.493055833333333,50.35944388888889],[6.746110833333334,50.34333277777778]],[[7.425277777777778,50.05111083333333],[7.605649722222222,49.77829694444444]],[[7.253055833333334,50.309999999999995],[7.328888888888889,50.19638888888888]]]}},{"type":"Feature","properties":{"type":"lowAirway","uuid":"lowairway-t848","name":"T848"},"geometry":{"type":"MultiLineString","coordinates":[[[6.847221944444444,50.906666944444446],[6.955,50.55583277777777]]]}},{"type":"Feature","properties":{"type":"lowAirway","uuid":"lowairway-t850","name":"T850"},"geometry":{"type":"MultiLineString","coordinates":[[[9.57216888888889,50.59245583333333],[9.488610833333333,50.904443888888885]],[[9.488610833333333,50.904443888888885],[9.466666944444444,50.98694388888889]]]}},{"type":"Feature","properties":{"type":"lowAirway","uuid":"lowairway-t852","name":"T852"},"geometry":{"type":"MultiLineString","coordinates":[[[8.596110833333334,51.01694388888889],[8.247235833333333,51.35133888888889]]]}},{"type":"Feature","properties":{"type":"lowAirway","uuid":"lowairway-t853","name":"T853"},"geometry":{"type":"MultiLineString","coordinates":[[[6.132221944444444,50.299166944444444],[6.332777777777777,50.494166944444444]],[[6.324721944444444,51.06111083333333],[6.394924722222223,51.370913888888886]],[[6.332777777777777,50.494166944444444],[6.636535833333333,50.822674722222224]],[[6.480277777777778,50.97277777777778],[6.324721944444444,51.06111083333333]],[[6.636535833333333,50.822674722222224],[6.480277777777778,50.97277777777778]]]}},{"type":"Feature","properties":{"type":"lowAirway","uuid":"lowairway-t855","name":"T855"},"geometry":{"type":"MultiLineString","coordinates":[[[6.033332777777778,50.75],[5.848777777777777,50.649166944444445]],[[5.848777777777777,50.649166944444445],[5.710277777777778,50.58583277777778]],[[6.563055833333333,51.087499722222226],[6.033332777777778,50.75]]]}},{"type":"Feature","properties":{"type":"lowAirway","uuid":"lowairway-t856","name":"T856"},"geometry":{"type":"MultiLineString","coordinates":[[[6.196110833333334,49.956110833333334],[6.493055833333333,50.35944388888889]],[[6.836666944444445,50.96694388888889],[6.848332777777777,51.10333277777778]],[[6.862221944444444,50.712499722222226],[6.847221944444444,50.906666944444446]],[[6.7525,50.60833277777778],[6.862221944444444,50.712499722222226]],[[6.690832777777778,50.54944388888889],[6.7525,50.60833277777778]],[[6.493055833333333,50.35944388888889],[6.690832777777778,50.54944388888889]],[[6.847221944444444,50.906666944444446],[6.836666944444445,50.96694388888889]]]}},{"type":"Feature","properties":{"type":"lowAirway","uuid":"lowairway-t857","name":"T857"},"geometry":{"type":"MultiLineString","coordinates":[[[6.207221944444445,50.63666694444444],[6.636535833333333,50.822674722222224]],[[6.67944388888889,51.02305583333333],[6.6726438888888895,51.105666944444444]],[[6.636535833333333,50.822674722222224],[6.67944388888889,51.02305583333333]],[[5.623610833333334,50.514721944444446],[6.207221944444445,50.63666694444444]]]}},{"type":"Feature","properties":{"type":"lowAirway","uuid":"lowairway-t858","name":"T858"},"geometry":{"type":"MultiLineString","coordinates":[[[7.954721944444445,51.11833277777778],[7.8100499999999995,51.06486694444444]]]}},{"type":"Feature","properties":{"type":"lowAirway","uuid":"lowairway-t859","name":"T859"},"geometry":{"type":"MultiLineString","coordinates":[[[6.2786108333333335,50.625277777777775],[6.636535833333333,50.822674722222224]]]}},{"type":"Feature","properties":{"type":"lowAirway","uuid":"lowairway-t860","name":"T860"},"geometry":{"type":"MultiLineString","coordinates":[[[6.332777777777777,50.494166944444444],[6.452777777777778,50.52694388888889]],[[6.452777777777778,50.52694388888889],[6.7525,50.60833277777778]]]}},{"type":"Feature","properties":{"type":"lowAirway","uuid":"lowairway-t861","name":"T861"},"geometry":{"type":"MultiLineString","coordinates":[[[6.207221944444445,50.63666694444444],[6.3374999999999995,50.63027777777778]],[[6.3374999999999995,50.63027777777778],[6.7525,50.60833277777778]]]}},{"type":"Feature","properties":{"type":"lowAirway","uuid":"lowairway-t862","name":"T862"},"geometry":{"type":"MultiLineString","coordinates":[[[6.239443888888889,50.722499722222224],[6.862221944444444,50.712499722222226]]]}},{"type":"Feature","properties":{"type":"lowAirway","uuid":"lowairway-t880","name":"T880"},"geometry":{"type":"MultiLineString","coordinates":[[[7.174721944444444,50.56055583333333],[6.955,50.55583277777777]],[[6.2519438888888885,50.602221944444445],[5.848777777777777,50.649166944444445]],[[6.955,50.55583277777777],[6.690832777777778,50.54944388888889]],[[6.690832777777778,50.54944388888889],[6.2519438888888885,50.602221944444445]]]}},{"type":"Feature","properties":{"type":"lowAirway","uuid":"lowairway-t881","name":"T881"},"geometry":{"type":"MultiLineString","coordinates":[[[7.825152777777777,50.43510277777777],[7.431388888888889,50.55861083333333]]]}},{"type":"Feature","properties":{"type":"lowAirway","uuid":"lowairway-t892","name":"T892"},"geometry":{"type":"MultiLineString","coordinates":[[[8.265555833333334,49.77805583333333],[6.425277777777778,49.81583277777777]]]}},{"type":"Feature","properties":{"type":"lowAirway","uuid":"lowairway-t893","name":"T893"},"geometry":{"type":"MultiLineString","coordinates":[[[6.942777777777778,49.29694388888889],[6.4705,49.57215277777778]]]}},{"type":"Feature","properties":{"type":"lowAirway","uuid":"lowairway-t894","name":"T894"},"geometry":{"type":"MultiLineString","coordinates":[[[6.756388888888889,50.09277777777778],[6.561627777777778,49.98295]],[[7.291388888888889,50.07805583333334],[6.87944388888889,50.09527777777778]],[[7.958888888888889,49.945277777777775],[7.733888888888889,49.98777777777778]],[[8.399443888888888,49.794999999999995],[7.958888888888889,49.945277777777775]],[[6.87944388888889,50.09527777777778],[6.756388888888889,50.09277777777778]],[[7.733888888888889,49.98777777777778],[7.425277777777778,50.05111083333333]],[[8.48,49.74888888888889],[8.399443888888888,49.794999999999995]],[[7.425277777777778,50.05111083333333],[7.291388888888889,50.07805583333334]]]}},{"type":"Feature","properties":{"type":"lowAirway","uuid":"lowairway-t901","name":"T901"},"geometry":{"type":"MultiLineString","coordinates":[[[7.728055833333333,47.231388888888894],[7.834999722222222,47.24805583333333]],[[7.834999722222222,47.24805583333333],[7.905805833333334,47.17836083333333]],[[7.905805833333334,47.17836083333333],[8.010832777777777,47.165277777777774]]]}},{"type":"Feature","properties":{"type":"lowAirway","uuid":"lowairway-t911","name":"T911"},"geometry":{"type":"MultiLineString","coordinates":[[[7.594174722222222,50.78352777777778],[7.825152777777777,50.43510277777777]],[[8.112221944444444,50.28555583333333],[8.07826888888889,50.04758888888889]],[[7.268980833333333,51.11842194444444],[7.442777777777778,50.94027777777777]],[[7.825152777777777,50.43510277777777],[8.112221944444444,50.28555583333333]],[[8.07826888888889,50.04758888888889],[8.02583277777778,49.45444388888889]],[[7.442777777777778,50.94027777777777],[7.594174722222222,50.78352777777778]]]}},{"type":"Feature","properties":{"type":"lowAirway","uuid":"lowairway-t976","name":"T976"},"geometry":{"type":"MultiLineString","coordinates":[[[5.095277777777778,43.88333277777778],[4.779860833333333,44.554943888888886]]]}},{"type":"Feature","properties":{"type":"lowAirway","uuid":"lowairway-ul127","name":"UL127"},"geometry":{"type":"MultiLineString","coordinates":[[[5.828860833333333,43.22855583333334],[6.023777777777778,43.22675]],[[5.333027777777778,43.23163888888889],[5.828860833333333,43.22855583333334]],[[5.333027777777778,43.23163888888889],[4.928888888888889,43.33694388888889]],[[6.023777777777778,43.22675],[6.601805833333333,43.21947194444444]]]}},{"type":"Feature","properties":{"type":"lowAirway","uuid":"lowairway-un726","name":"UN726"},"geometry":{"type":"MultiLineString","coordinates":[[[-8.425388888888888,42.92686083333333],[-8.228277777777778,42.139805833333334]]]}},{"type":"Feature","properties":{"type":"lowAirway","uuid":"lowairway-un854","name":"UN854"},"geometry":{"type":"MultiLineString","coordinates":[[[5.346110833333333,42.49194388888889],[5.315110833333333,42.69772194444444]],[[5.3964719444444444,42.15783277777778],[5.346110833333333,42.49194388888889]]]}},{"type":"Feature","properties":{"type":"lowAirway","uuid":"lowairway-ut451","name":"UT451"},"geometry":{"type":"MultiLineString","coordinates":[[[7.198888888888889,40.89666694444444],[7.862777777777778,41.41166694444444]]]}},{"type":"Feature","properties":{"type":"lowAirway","uuid":"lowairway-v12","name":"V12"},"geometry":{"type":"MultiLineString","coordinates":[[[1.9652777777777777,44.15138888888889],[2.2322219444444444,44.515]],[[1.8241669444444444,43.954055833333335],[1.9652777777777777,44.15138888888889]],[[2.3206108333333333,44.634860833333335],[2.622777777777778,45.04055583333333]],[[2.2322219444444444,44.515],[2.3206108333333333,44.634860833333335]],[[2.9329169444444445,45.45016694444445],[3.1921938888888888,45.78747194444444]],[[2.622777777777778,45.04055583333333],[2.9329169444444445,45.45016694444445]]]}},{"type":"Feature","properties":{"type":"lowAirway","uuid":"lowairway-v13","name":"V13"},"geometry":{"type":"MultiLineString","coordinates":[[[2.5,46.15222194444444],[2.8743058333333336,46.05763888888889]],[[2.8743058333333336,46.05763888888889],[3.5535827777777778,45.88183277777778]],[[2.1983327777777775,46.22749972222223],[2.5,46.15222194444444]]]}},{"type":"Feature","properties":{"type":"lowAirway","uuid":"lowairway-v14","name":"V14"},"geometry":{"type":"MultiLineString","coordinates":[[[2.3206108333333333,44.634860833333335],[2.488888888888889,44.63]],[[1.0505558333333334,44.66305583333333],[1.5302777777777776,44.65416694444444]],[[1.5302777777777776,44.65416694444444],[2.3206108333333333,44.634860833333335]],[[-0.15291694444444442,44.67680583333333],[1.0505558333333334,44.66305583333333]],[[2.488888888888889,44.63],[2.600582777777778,44.62672194444445]],[[2.600582777777778,44.62672194444445],[3.1624169444444443,44.608360833333336]]]}},{"type":"Feature","properties":{"type":"lowAirway","uuid":"lowairway-v15","name":"V15"},"geometry":{"type":"MultiLineString","coordinates":[[[2.5,46.01138888888889],[2.8743058333333336,46.05763888888889]],[[2.261388888888889,45.98111083333333],[2.5,46.01138888888889]],[[1.0255827777777777,45.81591694444444],[2.261388888888889,45.98111083333333]]]}},{"type":"Feature","properties":{"type":"lowAirway","uuid":"lowairway-v17","name":"V17"},"geometry":{"type":"MultiLineString","coordinates":[[[6.716221944444444,48.98644388888889],[6.862777777777778,48.73833277777778]],[[7.201666944444445,48.46194388888889],[7.733621944444445,48.43505277777778]],[[7.018888888888889,48.471110833333334],[7.201666944444445,48.46194388888889]],[[6.862777777777778,48.73833277777778],[7.018888888888889,48.471110833333334]]]}},{"type":"Feature","properties":{"type":"lowAirway","uuid":"lowairway-v18","name":"V18"},"geometry":{"type":"MultiLineString","coordinates":[[[2.930832777777778,46.20055583333334],[3.5535827777777778,45.88183277777778]],[[2.6033327777777777,46.36555583333333],[2.930832777777778,46.20055583333334]]]}},{"type":"Feature","properties":{"type":"lowAirway","uuid":"lowairway-v2","name":"V2"},"geometry":{"type":"MultiLineString","coordinates":[[[-1.1108327777777778,49.584721944444446],[-0.4552777777777778,49.17319388888889]]]}},{"type":"Feature","properties":{"type":"lowAirway","uuid":"lowairway-v20","name":"V20"},"geometry":{"type":"MultiLineString","coordinates":[[[-1.745,48.33833277777778],[-1.7416669444444446,48.069249722222224]],[[-0.45861083333333336,47.88472194444444],[-0.9399997222222223,47.95638888888889]],[[-1.8252777777777778,49.03388888888889],[-1.751943888888889,48.91027777777778]],[[-1.4358327777777777,48.02722194444444],[-1.7416669444444446,48.069249722222224]],[[-0.25,47.853055833333336],[-0.45861083333333336,47.88472194444444]],[[-0.9399997222222223,47.95638888888889],[-1.2347219444444446,47.99916694444445]],[[-1.751943888888889,48.91027777777778],[-1.745,48.33833277777778]],[[-1.2347219444444446,47.99916694444445],[-1.4358327777777777,48.02722194444444]]]}},{"type":"Feature","properties":{"type":"lowAirway","uuid":"lowairway-v21","name":"V21"},"geometry":{"type":"MultiLineString","coordinates":[[[1.8241669444444444,43.954055833333335],[2.0377777777777775,44.141110833333336]],[[3.0291669444444445,44.98333277777778],[3.174805833333333,45.10436083333334]],[[2.600582777777778,44.62672194444445],[3.0291669444444445,44.98333277777778]],[[2.0377777777777775,44.141110833333336],[2.600582777777778,44.62672194444445]]]}},{"type":"Feature","properties":{"type":"lowAirway","uuid":"lowairway-v25","name":"V25"},"geometry":{"type":"MultiLineString","coordinates":[[[5.593055833333333,46.66916694444444],[5.828249722222222,46.840805833333334]],[[5.828249722222222,46.840805833333334],[6.026388888888889,46.984166944444446]]]}},{"type":"Feature","properties":{"type":"lowAirway","uuid":"lowairway-v27","name":"V27"},"geometry":{"type":"MultiLineString","coordinates":[[[6.295582777777778,47.68827777777778],[6.6869169444444445,48.23144388888889]]]}},{"type":"Feature","properties":{"type":"lowAirway","uuid":"lowairway-v3","name":"V3"},"geometry":{"type":"MultiLineString","coordinates":[[[-1.1108327777777778,49.584721944444446],[0.31272194444444446,49.31074972222222]]]}},{"type":"Feature","properties":{"type":"lowAirway","uuid":"lowairway-v30","name":"V30"},"geometry":{"type":"MultiLineString","coordinates":[[[-0.8518327777777778,47.53686083333333],[-0.5313888888888889,47.53638888888889]],[[-2.5008327777777777,47.684999999999995],[-2.1858327777777777,47.507221944444446]],[[-2.9622219444444444,47.965],[-2.5008327777777777,47.684999999999995]],[[-2.1858327777777777,47.507221944444446],[-1.6627777777777777,47.53555583333333]],[[-1.6627777777777777,47.53555583333333],[-1.1105558333333334,47.562777777777775]],[[-3.750805833333333,47.96152777777778],[-2.9622219444444444,47.965]],[[-1.1105558333333334,47.562777777777775],[-0.8518327777777778,47.53686083333333]]]}},{"type":"Feature","properties":{"type":"lowAirway","uuid":"lowairway-v31","name":"V31"},"geometry":{"type":"MultiLineString","coordinates":[[[6.119721944444444,46.666666944444444],[5.879721944444445,46.30255583333333]]]}},{"type":"Feature","properties":{"type":"lowAirway","uuid":"lowairway-v32","name":"V32"},"geometry":{"type":"MultiLineString","coordinates":[[[6.059416944444444,48.31783277777778],[6.931888888888889,48.62138888888889]]]}},{"type":"Feature","properties":{"type":"lowAirway","uuid":"lowairway-v35","name":"V35"},"geometry":{"type":"MultiLineString","coordinates":[[[6.119721944444444,43.391666944444445],[6.114999999999999,43.44416694444444]],[[6.13444388888889,43.22611083333334],[6.119721944444444,43.391666944444445]],[[6.139360833333334,43.17499972222222],[6.13444388888889,43.22611083333334]]]}},{"type":"Feature","properties":{"type":"lowAirway","uuid":"lowairway-v36","name":"V36"},"geometry":{"type":"MultiLineString","coordinates":[[[6.414805833333333,48.88752777777778],[6.4376669444444445,49.11377777777778]],[[6.391416944444445,48.658499722222224],[6.414805833333333,48.88752777777778]],[[6.4376669444444445,49.11377777777778],[6.4638888888888895,49.36694388888889]]]}},{"type":"Feature","properties":{"type":"lowAirway","uuid":"lowairway-v40","name":"V40"},"geometry":{"type":"MultiLineString","coordinates":[[[6.658582777777778,47.479416944444445],[6.295582777777778,47.68827777777778]]]}},{"type":"Feature","properties":{"type":"lowAirway","uuid":"lowairway-v44","name":"V44"},"geometry":{"type":"MultiLineString","coordinates":[[[4.832499722222222,45.06722194444445],[4.843499722222222,45.17444388888889]],[[4.779860833333333,44.554943888888886],[4.832499722222222,45.06722194444445]]]}},{"type":"Feature","properties":{"type":"lowAirway","uuid":"lowairway-w2","name":"W2"},"geometry":{"type":"MultiLineString","coordinates":[[[-8.115,40.88194388888889],[-8.687832777777778,41.272999999999996]],[[-7.885832777777777,40.723416944444445],[-8.115,40.88194388888889]]]}},{"type":"Feature","properties":{"type":"lowAirway","uuid":"lowairway-w54","name":"W54"},"geometry":{"type":"MultiLineString","coordinates":[[[8.774666944444446,41.77052777777778],[7.980555833333334,42.31305583333333]],[[7.980555833333334,42.31305583333333],[6.601805833333333,43.21947194444444]]]}},{"type":"Feature","properties":{"type":"lowAirway","uuid":"lowairway-w7","name":"W7"},"geometry":{"type":"MultiLineString","coordinates":[[[-8.3925,39.16749972222222],[-8.492638888888887,39.66569388888889]],[[-8.22,38.29277777777778],[-8.3925,39.16749972222222]]]}},{"type":"Feature","properties":{"type":"lowAirway","uuid":"lowairway-y1","name":"Y1"},"geometry":{"type":"MultiLineString","coordinates":[[[6.132221944444444,46.25391694444444],[6.973860833333333,46.05961083333333]],[[5.879721944444445,46.30255583333333],[6.132221944444444,46.25391694444444]],[[5.093610833333333,46.44888888888889],[5.879721944444445,46.30255583333333]]]}},{"type":"Feature","properties":{"type":"lowAirway","uuid":"lowairway-y100","name":"Y100"},"geometry":{"type":"MultiLineString","coordinates":[[[9.996943888888888,47.838610833333334],[9.62419388888889,47.83755583333333]],[[10.33,47.85249972222223],[9.996943888888888,47.838610833333334]],[[8.436971944444444,47.689499999999995],[7.905805833333334,47.17836083333333]],[[9.62419388888889,47.83755583333333],[8.436971944444444,47.689499999999995]]]}},{"type":"Feature","properties":{"type":"lowAirway","uuid":"lowairway-y101","name":"Y101"},"geometry":{"type":"MultiLineString","coordinates":[[[10.166943888888888,49.91027777777778],[9.783055833333334,50.07]]]}},{"type":"Feature","properties":{"type":"lowAirway","uuid":"lowairway-y109","name":"Y109"},"geometry":{"type":"MultiLineString","coordinates":[[[10.26218888888889,47.99738083333333],[9.840832777777779,47.891666944444445]],[[9.840832777777779,47.891666944444445],[9.62419388888889,47.83755583333333]],[[9.62419388888889,47.83755583333333],[9.236663888888888,47.848843888888894]]]}},{"type":"Feature","properties":{"type":"lowAirway","uuid":"lowairway-y11","name":"Y11"},"geometry":{"type":"MultiLineString","coordinates":[[[7.16,44.98027777777778],[7.348610833333333,44.96611083333334]]]}},{"type":"Feature","properties":{"type":"lowAirway","uuid":"lowairway-y110","name":"Y110"},"geometry":{"type":"MultiLineString","coordinates":[[[-1.8449997222222223,50],[-1.8262169444444445,50.13943888888889]],[[-1.8262169444444445,50.13943888888889],[-1.6638969444444442,50.498641944444444]]]}},{"type":"Feature","properties":{"type":"lowAirway","uuid":"lowairway-y112","name":"Y112"},"geometry":{"type":"MultiLineString","coordinates":[[[3.2947777777777776,48.406999722222224],[3.963138888888889,48.251221944444445]],[[4.406666944444445,48.13444388888889],[5.249166944444444,47.906305833333334]],[[6.732249722222222,47.56166694444444],[7.665443888888889,47.46655583333334]],[[6.295582777777778,47.68827777777778],[6.732249722222222,47.56166694444444]],[[9.996943888888888,47.838610833333334],[9.669443888888889,47.729166944444444]],[[9.669443888888889,47.729166944444444],[7.665443888888889,47.46655583333334]],[[5.607999722222222,47.83280583333334],[6.295582777777778,47.68827777777778]],[[5.249166944444444,47.906305833333334],[5.607999722222222,47.83280583333334]],[[3.963138888888889,48.251221944444445],[4.406666944444445,48.13444388888889]]]}},{"type":"Feature","properties":{"type":"lowAirway","uuid":"lowairway-y125","name":"Y125"},"geometry":{"type":"MultiLineString","coordinates":[[[8.644835833333333,48.38158583333333],[8.321260833333334,48.169999999999995]]]}},{"type":"Feature","properties":{"type":"lowAirway","uuid":"lowairway-y126","name":"Y126"},"geometry":{"type":"MultiLineString","coordinates":[[[7.884166944444444,48.36527777777778],[7.733621944444445,48.43505277777778]],[[8.674610833333332,48.51327777777778],[8.41476888888889,48.46585277777778]],[[8.41476888888889,48.46585277777778],[7.884166944444444,48.36527777777778]]]}},{"type":"Feature","properties":{"type":"lowAirway","uuid":"lowairway-y127","name":"Y127"},"geometry":{"type":"MultiLineString","coordinates":[[[8.608888888888888,49.71833277777778],[8.418624999999999,49.84906388888889]],[[8.766666944444445,48.973888888888894],[8.792585833333334,49.16618583333333]],[[7.714721944444444,49.90361083333333],[6.908332777777778,50.025555833333335]],[[8.850555833333333,49.58777777777778],[8.608888888888888,49.71833277777778]],[[8.722777777777777,48.65194388888889],[8.766666944444445,48.973888888888894]],[[8.805277777777778,49.257221944444446],[8.824180833333333,49.39586388888889]],[[8.418624999999999,49.84906388888889],[7.714721944444444,49.90361083333333]],[[8.824180833333333,49.39586388888889],[8.850555833333333,49.58777777777778]],[[8.792585833333334,49.16618583333333],[8.805277777777778,49.257221944444446]]]}},{"type":"Feature","properties":{"type":"lowAirway","uuid":"lowairway-y129","name":"Y129"},"geometry":{"type":"MultiLineString","coordinates":[[[-1.7643608333333334,43.01558277777778],[-1.7402777777777778,43.354999722222225]]]}},{"type":"Feature","properties":{"type":"lowAirway","uuid":"lowairway-y15","name":"Y15"},"geometry":{"type":"MultiLineString","coordinates":[[[8.725555833333333,44.20111083333334],[9.082332777777777,44.42444388888889]],[[7.961666944444445,43.892221944444444],[8.221110833333334,44.05611083333333]],[[8.221110833333334,44.05611083333333],[8.725555833333333,44.20111083333334]],[[9.082332777777777,44.42444388888889],[9.171705833333332,44.759675]],[[7.545277777777778,43.679360833333334],[7.713860833333333,43.73425]],[[7.371166944444444,43.622277777777775],[7.545277777777778,43.679360833333334]],[[6.893332777777777,43.373332777777776],[7.094443888888889,43.478610833333335]],[[6.601805833333333,43.21947194444444],[6.893332777777777,43.373332777777776]],[[7.783610833333333,43.778888888888886],[7.961666944444445,43.892221944444444]],[[7.713860833333333,43.73425],[7.783610833333333,43.778888888888886]],[[7.094443888888889,43.478610833333335],[7.371166944444444,43.622277777777775]]]}},{"type":"Feature","properties":{"type":"lowAirway","uuid":"lowairway-y150","name":"Y150"},"geometry":{"type":"MultiLineString","coordinates":[[[8.671941944444443,50.82116694444445],[8.924443888888888,50.94222194444444]],[[8.924443888888888,50.94222194444444],[9.281666944444446,51.11138888888889]]]}},{"type":"Feature","properties":{"type":"lowAirway","uuid":"lowairway-y152","name":"Y152"},"geometry":{"type":"MultiLineString","coordinates":[[[8.671941944444443,50.82116694444445],[8.30633888888889,51.01659194444444]]]}},{"type":"Feature","properties":{"type":"lowAirway","uuid":"lowairway-y153","name":"Y153"},"geometry":{"type":"MultiLineString","coordinates":[[[8.671941944444443,50.82116694444445],[8.971110833333334,51.290277777777774]]]}},{"type":"Feature","properties":{"type":"lowAirway","uuid":"lowairway-y154","name":"Y154"},"geometry":{"type":"MultiLineString","coordinates":[[[8.671941944444443,50.82116694444445],[8.78138888888889,51.111110833333335]]]}},{"type":"Feature","properties":{"type":"lowAirway","uuid":"lowairway-y159","name":"Y159"},"geometry":{"type":"MultiLineString","coordinates":[[[9.508027777777778,39.111360833333336],[9.76444388888889,39.19638888888888]],[[9.76444388888889,39.19638888888888],[10.360832777777777,39.389721944444446]]]}},{"type":"Feature","properties":{"type":"lowAirway","uuid":"lowairway-y16","name":"Y16"},"geometry":{"type":"MultiLineString","coordinates":[[[8.806582777777779,42.576971944444445],[9.211943888888888,42.89694388888889]],[[9.191666944444444,43.14333277777778],[9.175832777777778,43.33166694444445]],[[9.211943888888888,42.89694388888889],[9.191666944444444,43.14333277777778]]]}},{"type":"Feature","properties":{"type":"lowAirway","uuid":"lowairway-y161","name":"Y161"},"geometry":{"type":"MultiLineString","coordinates":[[[10.246388888888887,48.95166694444445],[10.418610833333332,48.82944388888889]],[[10.088055833333334,49.06361083333333],[10.246388888888887,48.95166694444445]]]}},{"type":"Feature","properties":{"type":"lowAirway","uuid":"lowairway-y163","name":"Y163"},"geometry":{"type":"MultiLineString","coordinates":[[[8.480427777777777,49.31727194444445],[8.47638888888889,49.28611083333333]],[[8.447499722222222,49.06361083333333],[8.351968888888889,48.78858583333333]],[[8.542360833333333,49.79097194444444],[8.533888888888889,49.72555583333334]],[[8.243610833333333,48.490832777777776],[8.321260833333334,48.169999999999995]],[[8.47638888888889,49.28611083333333],[8.447499722222222,49.06361083333333]],[[8.479166944444444,49.86638888888889],[8.542360833333333,49.79097194444444]],[[8.533888888888889,49.72555583333334],[8.480427777777777,49.31727194444445]],[[8.351968888888889,48.78858583333333],[8.243610833333333,48.490832777777776]]]}},{"type":"Feature","properties":{"type":"lowAirway","uuid":"lowairway-y164","name":"Y164"},"geometry":{"type":"MultiLineString","coordinates":[[[8.243610833333333,48.490832777777776],[8.154535833333334,48.246375]],[[8.154535833333334,48.246375],[7.62944388888889,47.30444388888888]]]}},{"type":"Feature","properties":{"type":"lowAirway","uuid":"lowairway-y165","name":"Y165"},"geometry":{"type":"MultiLineString","coordinates":[[[10.432402777777778,49.65490777777778],[10.166943888888888,49.91027777777778]]]}},{"type":"Feature","properties":{"type":"lowAirway","uuid":"lowairway-y170","name":"Y170"},"geometry":{"type":"MultiLineString","coordinates":[[[9.551388888888889,46.30694388888889],[9.298055833333333,47.04999972222222]],[[9.298055833333333,47.04999972222222],[9.107777777777777,47.713055833333335]],[[9.662221944444445,45.975],[9.551388888888889,46.30694388888889]],[[9.76944388888889,45.650277777777774],[9.662221944444445,45.975]]]}},{"type":"Feature","properties":{"type":"lowAirway","uuid":"lowairway-y171","name":"Y171"},"geometry":{"type":"MultiLineString","coordinates":[[[8.47638888888889,49.28611083333333],[8.607777777777777,49.14999972222222]]]}},{"type":"Feature","properties":{"type":"lowAirway","uuid":"lowairway-y173","name":"Y173"},"geometry":{"type":"MultiLineString","coordinates":[[[8.310832777777778,48.98888888888889],[8.351968888888889,48.78858583333333]],[[8.287499722222222,49.10249972222223],[8.310832777777778,48.98888888888889]]]}},{"type":"Feature","properties":{"type":"lowAirway","uuid":"lowairway-y18","name":"Y18"},"geometry":{"type":"MultiLineString","coordinates":[[[3.6369719444444444,50.912638888888885],[3.6575997222222223,51.23612194444445]]]}},{"type":"Feature","properties":{"type":"lowAirway","uuid":"lowairway-y180","name":"Y180"},"geometry":{"type":"MultiLineString","coordinates":[[[6.276175,49.90289388888889],[6.243055833333333,49.89277777777778]],[[6.561627777777778,49.98295],[6.276175,49.90289388888889]],[[5.451249722222222,49.54622194444444],[5.584166944444444,49.60833277777778]],[[5.869721944444445,49.74166694444445],[6.129749722222222,49.86130583333333]],[[5.124416944444444,49.39124972222222],[5.451249722222222,49.54622194444444]],[[6.243055833333333,49.89277777777778],[6.129749722222222,49.86130583333333]],[[6.904496944444444,49.99325777777778],[6.561627777777778,49.98295]],[[7.775555833333334,49.86083277777778],[8.02911888888889,49.82108083333333]],[[5.584166944444444,49.60833277777778],[5.869721944444445,49.74166694444445]],[[7.719443888888889,49.86972194444444],[6.904496944444444,49.99325777777778]],[[7.719443888888889,49.86972194444444],[7.775555833333334,49.86083277777778]]]}},{"type":"Feature","properties":{"type":"lowAirway","uuid":"lowairway-y181","name":"Y181"},"geometry":{"type":"MultiLineString","coordinates":[[[6.561627777777778,49.98295],[6.167221944444445,49.96999972222223]],[[6.069721944444444,49.96638888888889],[5.978610833333334,49.963055833333335]],[[6.167221944444445,49.96999972222223],[6.069721944444444,49.96638888888889]]]}},{"type":"Feature","properties":{"type":"lowAirway","uuid":"lowairway-y19","name":"Y19"},"geometry":{"type":"MultiLineString","coordinates":[[[6.5686108333333335,41.24333277777778],[7.831388888888888,41.18055583333333]],[[7.831388888888888,41.18055583333333],[8.161388888888888,41.161943888888885]]]}},{"type":"Feature","properties":{"type":"lowAirway","uuid":"lowairway-y21","name":"Y21"},"geometry":{"type":"MultiLineString","coordinates":[[[6.2902499999999995,45.88988888888889],[6.4280558333333335,45.76222194444444]],[[5.999916944444444,46.163693888888886],[6.2902499999999995,45.88988888888889]],[[6.4280558333333335,45.76222194444444],[6.746860833333334,45.457166944444445]]]}},{"type":"Feature","properties":{"type":"lowAirway","uuid":"lowairway-y22","name":"Y22"},"geometry":{"type":"MultiLineString","coordinates":[[[5.823332777777778,43.85722194444445],[6.101110833333333,43.59583277777778]]]}},{"type":"Feature","properties":{"type":"lowAirway","uuid":"lowairway-y220","name":"Y220"},"geometry":{"type":"MultiLineString","coordinates":[[[10.286602777777778,51.05058083333333],[9.690988888888889,51.20431694444445]]]}},{"type":"Feature","properties":{"type":"lowAirway","uuid":"lowairway-y221","name":"Y221"},"geometry":{"type":"MultiLineString","coordinates":[[[9.659166944444445,51.041666944444444],[8.959166944444444,51.04749972222222]],[[10.286602777777778,51.05058083333333],[9.659166944444445,51.041666944444444]]]}},{"type":"Feature","properties":{"type":"lowAirway","uuid":"lowairway-y222","name":"Y222"},"geometry":{"type":"MultiLineString","coordinates":[[[10.286602777777778,51.05058083333333],[9.57216888888889,50.59245583333333]]]}},{"type":"Feature","properties":{"type":"lowAirway","uuid":"lowairway-y223","name":"Y223"},"geometry":{"type":"MultiLineString","coordinates":[[[6.596666944444444,46.244166944444444],[6.973860833333333,46.05961083333333]]]}},{"type":"Feature","properties":{"type":"lowAirway","uuid":"lowairway-y224","name":"Y224"},"geometry":{"type":"MultiLineString","coordinates":[[[6.722666944444445,45.80972194444444],[6.973860833333333,46.05961083333333]]]}},{"type":"Feature","properties":{"type":"lowAirway","uuid":"lowairway-y25","name":"Y25"},"geometry":{"type":"MultiLineString","coordinates":[[[3.4489169444444445,44.24980583333333],[3.529805833333333,44.14769388888889]],[[3.529805833333333,44.14769388888889],[3.9747219444444446,43.578360833333335]],[[3.9747219444444446,43.578360833333335],[4.474166944444445,43.38472194444444]],[[4.474166944444445,43.38472194444444],[4.730138888888889,43.282805833333335]],[[3.1624169444444443,44.608360833333336],[3.4489169444444445,44.24980583333333]],[[4.730138888888889,43.282805833333335],[5.0868327777777775,43.38630583333333]]]}},{"type":"Feature","properties":{"type":"lowAirway","uuid":"lowairway-y27","name":"Y27"},"geometry":{"type":"MultiLineString","coordinates":[[[-6.317,43.110999722222225],[-6.164443888888889,42.767221944444444]],[[-6.164443888888889,42.767221944444444],[-5.639693888888888,41.53019388888889]]]}},{"type":"Feature","properties":{"type":"lowAirway","uuid":"lowairway-y28","name":"Y28"},"geometry":{"type":"MultiLineString","coordinates":[[[4.5380827777777775,50.90233277777778],[4.035,51.095555833333336]],[[4.035,51.095555833333336],[3.8697108333333334,51.23531388888889]]]}},{"type":"Feature","properties":{"type":"lowAirway","uuid":"lowairway-y29","name":"Y29"},"geometry":{"type":"MultiLineString","coordinates":[[[8.406666944444444,45.62833277777778],[8.495555833333333,46.109721944444445]]]}},{"type":"Feature","properties":{"type":"lowAirway","uuid":"lowairway-y3","name":"Y3"},"geometry":{"type":"MultiLineString","coordinates":[[[7.749443888888889,47.69694388888889],[8.040832777777778,47.50527777777778]]]}},{"type":"Feature","properties":{"type":"lowAirway","uuid":"lowairway-y30","name":"Y30"},"geometry":{"type":"MultiLineString","coordinates":[[[5.719721944444444,43.66972194444444],[5.875277777777778,43.581110833333334]],[[5.569999999999999,43.75416694444444],[5.719721944444444,43.66972194444444]],[[5.403055833333334,43.97583277777778],[5.569999999999999,43.75416694444444]],[[5.875277777777778,43.581110833333334],[6.114999999999999,43.44416694444444]]]}},{"type":"Feature","properties":{"type":"lowAirway","uuid":"lowairway-y321","name":"Y321"},"geometry":{"type":"MultiLineString","coordinates":[[[-1.2436719444444444,51.19665277777777],[-1.3804277777777778,51.000905833333334]]]}},{"type":"Feature","properties":{"type":"lowAirway","uuid":"lowairway-y326","name":"Y326"},"geometry":{"type":"MultiLineString","coordinates":[[[9.618541944444445,48.33885],[9.674999999999999,48.228055833333336]],[[9.674999999999999,48.228055833333336],[9.674999999999999,48.09027777777778]],[[9.674999999999999,48.09027777777778],[9.996943888888888,47.838610833333334]]]}},{"type":"Feature","properties":{"type":"lowAirway","uuid":"lowairway-y341","name":"Y341"},"geometry":{"type":"MultiLineString","coordinates":[[[4.903332777777778,43.27361083333333],[5.0868327777777775,43.38630583333333]],[[4.730138888888889,43.282805833333335],[4.903332777777778,43.27361083333333]]]}},{"type":"Feature","properties":{"type":"lowAirway","uuid":"lowairway-y42","name":"Y42"},"geometry":{"type":"MultiLineString","coordinates":[[[5.690805833333334,44.602555833333334],[5.576388888888888,44.66722194444444]]]}},{"type":"Feature","properties":{"type":"lowAirway","uuid":"lowairway-y47","name":"Y47"},"geometry":{"type":"MultiLineString","coordinates":[[[0.010196944444444446,50.451321944444445],[-0.07611083333333334,50.20944388888889]],[[0.11612194444444446,51.017182777777776],[0.12191388888888889,50.760688888888886]],[[0.12191388888888889,50.760688888888886],[0.010196944444444446,50.451321944444445]]]}},{"type":"Feature","properties":{"type":"lowAirway","uuid":"lowairway-y473","name":"Y473"},"geometry":{"type":"MultiLineString","coordinates":[[[2.969443888888889,50.41972194444444],[3.2822219444444443,50.55749972222222]]]}},{"type":"Feature","properties":{"type":"lowAirway","uuid":"lowairway-y48","name":"Y48"},"geometry":{"type":"MultiLineString","coordinates":[[[8.445555833333334,42.21694388888889],[8.528055833333335,42.71694388888889]],[[8.528055833333335,42.71694388888889],[8.90625,42.938138888888886]]]}},{"type":"Feature","properties":{"type":"lowAirway","uuid":"lowairway-y491","name":"Y491"},"geometry":{"type":"MultiLineString","coordinates":[[[-3.1222219444444446,48.95444388888889],[-1.751943888888889,48.91027777777778]],[[-3.549999722222222,48.85],[-3.1222219444444446,48.95444388888889]]]}},{"type":"Feature","properties":{"type":"lowAirway","uuid":"lowairway-y5","name":"Y5"},"geometry":{"type":"MultiLineString","coordinates":[[[7.609305833333333,47.086221944444446],[7.905805833333334,47.17836083333333]],[[7.905805833333334,47.17836083333333],[8.561110833333334,47.268610833333334]]]}},{"type":"Feature","properties":{"type":"lowAirway","uuid":"lowairway-y50","name":"Y50"},"geometry":{"type":"MultiLineString","coordinates":[[[3.8327777777777774,50.573888888888895],[3.6369719444444444,50.912638888888885]],[[3.8327777777777774,50.573888888888895],[3.872943888888889,50.34063888888889]],[[3.6369719444444444,50.912638888888885],[3.615832777777778,50.945277777777775]],[[4.034721944444445,49.37694388888889],[4.002860833333333,49.56963888888889]],[[3.615832777777778,50.945277777777775],[3.4066669444444444,51.26944388888889]],[[3.872943888888889,50.34063888888889],[3.9141669444444442,50.09833277777778]],[[3.9141669444444442,50.09833277777778],[3.964999722222222,49.796388888888885]],[[4.0453608333333335,49.311638888888886],[4.034721944444445,49.37694388888889]],[[4.002860833333333,49.56963888888889],[3.964999722222222,49.796388888888885]]]}},{"type":"Feature","properties":{"type":"lowAirway","uuid":"lowairway-y51","name":"Y51"},"geometry":{"type":"MultiLineString","coordinates":[[[6.5157219444444445,46.22322194444445],[6.448055833333334,46.46869388888889]],[[7.281527777777778,47.30830583333333],[7.366110833333333,47.343360833333335]],[[7.112638888888888,47.24005583333334],[7.281527777777778,47.30830583333333]],[[6.5850277777777775,46.90866694444444],[6.793249722222222,47.083443888888894]],[[6.5625,46.05166694444444],[6.542610833333333,46.12502777777778]],[[6.458360833333334,46.56844388888889],[6.528916944444444,46.72936083333334]],[[7.537427777777777,47.414030833333335],[7.665443888888889,47.46655583333334]],[[7.366110833333333,47.343360833333335],[7.537427777777777,47.414030833333335]],[[6.528916944444444,46.72936083333334],[6.5850277777777775,46.90866694444444]],[[6.542610833333333,46.12502777777778],[6.5157219444444445,46.22322194444445]],[[6.793249722222222,47.083443888888894],[7.112638888888888,47.24005583333334]],[[6.604916944444444,45.89583277777778],[6.5625,46.05166694444444]],[[6.645582777777777,45.74527777777778],[6.604916944444444,45.89583277777778]],[[6.448055833333334,46.46869388888889],[6.458360833333334,46.56844388888889]],[[6.746860833333334,45.457166944444445],[6.645582777777777,45.74527777777778]]]}},{"type":"Feature","properties":{"type":"lowAirway","uuid":"lowairway-y52","name":"Y52"},"geometry":{"type":"MultiLineString","coordinates":[[[6.253832777777777,46.19716694444444],[6.065943888888889,46.07377777777778]],[[6.351055833333333,46.15149972222222],[6.253832777777777,46.19716694444444]],[[6.489832777777778,46.08602777777778],[6.351055833333333,46.15149972222222]]]}},{"type":"Feature","properties":{"type":"lowAirway","uuid":"lowairway-y55","name":"Y55"},"geometry":{"type":"MultiLineString","coordinates":[[[5.890555833333333,46.49527777777778],[6.0484438888888885,46.337471944444445]],[[6.132221944444444,46.25391694444444],[6.065943888888889,46.07377777777778]],[[5.814305833333333,46.57094388888889],[5.890555833333333,46.49527777777778]],[[6.0484438888888885,46.337471944444445],[6.132221944444444,46.25391694444444]]]}},{"type":"Feature","properties":{"type":"lowAirway","uuid":"lowairway-y56","name":"Y56"},"geometry":{"type":"MultiLineString","coordinates":[[[7.223499722222222,46.77758277777777],[6.065943888888889,46.07377777777778]]]}},{"type":"Feature","properties":{"type":"lowAirway","uuid":"lowairway-y58","name":"Y58"},"geometry":{"type":"MultiLineString","coordinates":[[[6.132221944444444,46.25391694444444],[6.065943888888889,46.07377777777778]],[[6.906555833333334,46.911943888888885],[6.753610833333333,46.657221944444444]],[[6.448055833333334,46.46869388888889],[6.132221944444444,46.25391694444444]],[[6.753610833333333,46.657221944444444],[6.448055833333334,46.46869388888889]]]}},{"type":"Feature","properties":{"type":"lowAirway","uuid":"lowairway-y600","name":"Y600"},"geometry":{"type":"MultiLineString","coordinates":[[[3.4086108333333334,46.84861083333334],[3.4119438888888887,46.63499972222222]],[[4.106666944444444,47.06666694444445],[3.6794438888888887,46.93388888888889]],[[3.4140558333333333,46.5],[3.4197219444444444,46.13722194444444]],[[3.6794438888888887,46.93388888888889],[3.4086108333333334,46.84861083333334]],[[3.4119438888888887,46.63499972222222],[3.4140558333333333,46.5]]]}},{"type":"Feature","properties":{"type":"lowAirway","uuid":"lowairway-y61","name":"Y61"},"geometry":{"type":"MultiLineString","coordinates":[[[8.594166944444446,46.60666694444445],[8.758610833333334,46.585]]]}},{"type":"Feature","properties":{"type":"lowAirway","uuid":"lowairway-y651","name":"Y651"},"geometry":{"type":"MultiLineString","coordinates":[[[10.162499722222222,44.484166944444446],[10.070555833333334,44.22416694444445]],[[10.293332777777778,44.82222194444445],[10.162499722222222,44.484166944444446]]]}},{"type":"Feature","properties":{"type":"lowAirway","uuid":"lowairway-y663","name":"Y663"},"geometry":{"type":"MultiLineString","coordinates":[[[9.726110833333333,45.19361083333333],[10.196110833333334,44.713055833333335]]]}},{"type":"Feature","properties":{"type":"lowAirway","uuid":"lowairway-y69","name":"Y69"},"geometry":{"type":"MultiLineString","coordinates":[[[9.430832777777777,43.98499972222222],[9.171705833333332,44.759675]]]}},{"type":"Feature","properties":{"type":"lowAirway","uuid":"lowairway-y710","name":"Y710"},"geometry":{"type":"MultiLineString","coordinates":[[[7.884166944444444,48.36527777777778],[8.644835833333333,48.38158583333333]],[[9.227499722222221,48.43416694444444],[9.462221944444444,48.52916694444444]],[[9.462221944444444,48.52916694444444],[9.459999999999999,48.72749972222223]],[[8.644835833333333,48.38158583333333],[9.227499722222221,48.43416694444444]]]}},{"type":"Feature","properties":{"type":"lowAirway","uuid":"lowairway-y711","name":"Y711"},"geometry":{"type":"MultiLineString","coordinates":[[[7.884166944444444,48.36527777777778],[8.154535833333334,48.246375]],[[7.733621944444445,48.43505277777778],[7.884166944444444,48.36527777777778]],[[8.154535833333334,48.246375],[8.321260833333334,48.169999999999995]]]}},{"type":"Feature","properties":{"type":"lowAirway","uuid":"lowairway-y712","name":"Y712"},"geometry":{"type":"MultiLineString","coordinates":[[[8.4669,48.629725],[8.722777777777777,48.65194388888889]],[[9.084291944444445,48.88238583333333],[9.340227777777779,48.912974999999996]],[[9.340227777777779,48.912974999999996],[9.506388888888889,48.956110833333334]],[[9.506388888888889,48.956110833333334],[10.238305833333332,49.14275277777778]],[[8.722777777777777,48.65194388888889],[9.084291944444445,48.88238583333333]]]}},{"type":"Feature","properties":{"type":"lowAirway","uuid":"lowairway-y713","name":"Y713"},"geometry":{"type":"MultiLineString","coordinates":[[[8.766666944444445,48.973888888888894],[8.949727777777778,49.19522499999999]]]}},{"type":"Feature","properties":{"type":"lowAirway","uuid":"lowairway-y715","name":"Y715"},"geometry":{"type":"MultiLineString","coordinates":[[[8.076943888888888,47.77916694444444],[8.396666944444444,47.85833277777778]],[[7.749443888888889,47.69694388888889],[8.076943888888888,47.77916694444444]],[[9.162499722222222,48.04416694444444],[9.328488888888888,48.166666944444444]],[[8.948905833333333,47.99301083333334],[9.162499722222222,48.04416694444444]],[[8.396666944444444,47.85833277777778],[8.948905833333333,47.99301083333334]]]}},{"type":"Feature","properties":{"type":"lowAirway","uuid":"lowairway-y74","name":"Y74"},"geometry":{"type":"MultiLineString","coordinates":[[[9.025,43.944443888888884],[8.214388888888887,43.599666944444444]]]}},{"type":"Feature","properties":{"type":"lowAirway","uuid":"lowairway-y740","name":"Y740"},"geometry":{"type":"MultiLineString","coordinates":[[[10.430277777777777,46.15416694444444],[10.116666944444445,46.043055833333334]],[[10.116666944444445,46.043055833333334],[9.021582777777779,45.64597194444445]],[[9.021582777777779,45.64597194444445],[8.406666944444444,45.62833277777778]]]}},{"type":"Feature","properties":{"type":"lowAirway","uuid":"lowairway-y753","name":"Y753"},"geometry":{"type":"MultiLineString","coordinates":[[[-3.780860833333333,42.95777777777778],[-3.9024169444444445,43.449777777777776]],[[-3.699832777777778,42.68227777777778],[-3.780860833333333,42.95777777777778]]]}},{"type":"Feature","properties":{"type":"lowAirway","uuid":"lowairway-y8","name":"Y8"},"geometry":{"type":"MultiLineString","coordinates":[[[0.7533327777777777,50.544999999999995],[0.34980277777777774,50.58246888888889]],[[-0.7567358333333334,50.85521888888889],[0.34980277777777774,50.58246888888889]],[[1.0656108333333334,50.514916944444444],[0.7533327777777777,50.544999999999995]],[[-1.3450558333333333,50.95524972222223],[-0.7567358333333334,50.85521888888889]]]}},{"type":"Feature","properties":{"type":"lowAirway","uuid":"lowairway-y80","name":"Y80"},"geometry":{"type":"MultiLineString","coordinates":[[[1.2317777777777779,40.70872194444445],[0.4425277777777778,41.02163888888889]],[[1.4490558333333334,40.62111083333333],[1.2317777777777779,40.70872194444445]],[[0.4425277777777778,41.02163888888889],[0.16525,41.12958277777778]]]}},{"type":"Feature","properties":{"type":"lowAirway","uuid":"lowairway-y803","name":"Y803"},"geometry":{"type":"MultiLineString","coordinates":[[[-0.5618969444444445,51.24974388888889],[-0.6250027777777778,51.05395277777777]],[[-0.6250027777777778,51.05395277777777],[0.12191388888888889,50.760688888888886]],[[0.12191388888888889,50.760688888888886],[0.8786608333333333,50.99968583333334]]]}},{"type":"Feature","properties":{"type":"lowAirway","uuid":"lowairway-y841","name":"Y841"},"geometry":{"type":"MultiLineString","coordinates":[[[6.636535833333333,50.822674722222224],[6.239443888888889,50.722499722222224]],[[6.636535833333333,50.822674722222224],[6.848332777777777,51.10333277777778]]]}},{"type":"Feature","properties":{"type":"lowAirway","uuid":"lowairway-y853","name":"Y853"},"geometry":{"type":"MultiLineString","coordinates":[[[7.736399722222222,50.96667194444445],[8.093249722222223,50.60225583333334]],[[8.093249722222223,50.60225583333334],[8.800277777777778,50.056666944444444]],[[7.446255833333334,51.15705777777777],[7.736399722222222,50.96667194444445]]]}},{"type":"Feature","properties":{"type":"lowAirway","uuid":"lowairway-y854","name":"Y854"},"geometry":{"type":"MultiLineString","coordinates":[[[8.073325,50.83658583333334],[8.531666944444446,50.37833277777778]],[[8.531666944444446,50.37833277777778],[8.800277777777778,50.056666944444444]],[[7.819457777777777,50.94272194444444],[8.073325,50.83658583333334]],[[7.279996944444444,51.04835277777777],[7.819457777777777,50.94272194444444]]]}},{"type":"Feature","properties":{"type":"lowAirway","uuid":"lowairway-y862","name":"Y862"},"geometry":{"type":"MultiLineString","coordinates":[[[6.239443888888889,50.722499722222224],[6.200832777777778,50.95583277777778]],[[6.140277777777778,50.689166944444445],[6.239443888888889,50.722499722222224]]]}},{"type":"Feature","properties":{"type":"lowAirway","uuid":"lowairway-y863","name":"Y863"},"geometry":{"type":"MultiLineString","coordinates":[[[6.191666944444445,50.18194388888889],[6.642777777777777,50.209721944444446]],[[6.642777777777777,50.209721944444446],[6.848332777777777,50.22194388888889]]]}},{"type":"Feature","properties":{"type":"lowAirway","uuid":"lowairway-y867","name":"Y867"},"geometry":{"type":"MultiLineString","coordinates":[[[8.235555833333333,51.096110833333334],[8.526666944444445,51.20138888888889]],[[7.819457777777777,50.94272194444444],[8.235555833333333,51.096110833333334]]]}},{"type":"Feature","properties":{"type":"lowAirway","uuid":"lowairway-y868","name":"Y868"},"geometry":{"type":"MultiLineString","coordinates":[[[6.019071944444445,50.82951888888889],[5.918099722222222,50.827443888888894]],[[5.918099722222222,50.827443888888894],[5.654721944444445,50.821666944444445]],[[6.636535833333333,50.822674722222224],[6.019071944444445,50.82951888888889]],[[5.654721944444445,50.821666944444445],[5.045277777777778,50.80638888888888]]]}},{"type":"Feature","properties":{"type":"lowAirway","uuid":"lowairway-y890","name":"Y890"},"geometry":{"type":"MultiLineString","coordinates":[[[6.406666944444445,50.08527777777778],[6.746110833333334,50.34333277777778]]]}},{"type":"Feature","properties":{"type":"lowAirway","uuid":"lowairway-y891","name":"Y891"},"geometry":{"type":"MultiLineString","coordinates":[[[6.276175,49.90289388888889],[6.406666944444445,50.08527777777778]],[[6.406666944444445,50.08527777777778],[6.848332777777777,50.22194388888889]]]}},{"type":"Feature","properties":{"type":"lowAirway","uuid":"lowairway-y90","name":"Y90"},"geometry":{"type":"MultiLineString","coordinates":[[[0.35222194444444443,40.31527777777777],[0.6666669444444444,41.13388888888889]],[[-0.0077777777777777776,39.35083277777778],[0.23611083333333333,40.00694388888889]],[[0.23611083333333333,40.00694388888889],[0.35222194444444443,40.31527777777777]],[[0.6666669444444444,41.13388888888889],[1.0658327777777779,42.143610833333334]]]}},{"type":"Feature","properties":{"type":"lowAirway","uuid":"lowairway-y95","name":"Y95"},"geometry":{"type":"MultiLineString","coordinates":[[[-1.3908327777777778,46.598888888888894],[-2.5786108333333333,47.48444388888889]]]}},{"type":"Feature","properties":{"type":"lowAirway","uuid":"lowairway-y974","name":"Y974"},"geometry":{"type":"MultiLineString","coordinates":[[[9.726110833333333,45.19361083333333],[10.080555833333333,45.02388888888889]]]}},{"type":"Feature","properties":{"type":"lowAirway","uuid":"lowairway-z1","name":"Z1"},"geometry":{"type":"MultiLineString","coordinates":[[[9.462785833333333,47.799727777777775],[9.461943888888888,48.166666944444444]],[[9.451388888888888,47.587499722222226],[9.462785833333333,47.799727777777775]],[[9.201943888888888,47.4125],[9.403610833333333,47.49055583333333]],[[9.459999999999999,48.72749972222223],[9.506388888888889,48.956110833333334]],[[9.461943888888888,48.166666944444444],[9.462221944444444,48.52916694444444]],[[9.403610833333333,47.49055583333333],[9.451388888888888,47.587499722222226]],[[9.462221944444444,48.52916694444444],[9.459999999999999,48.72749972222223]]]}},{"type":"Feature","properties":{"type":"lowAirway","uuid":"lowairway-z10","name":"Z10"},"geometry":{"type":"MultiLineString","coordinates":[[[8.531666944444446,50.37833277777778],[8.618871944444445,50.44489972222222]],[[8.07826888888889,50.04758888888889],[8.405057777777778,50.290925]],[[8.405057777777778,50.290925],[8.531666944444446,50.37833277777778]],[[8.618871944444445,50.44489972222222],[8.785780833333334,50.571646944444446]],[[8.785780833333334,50.571646944444446],[8.81944388888889,50.635555833333335]]]}},{"type":"Feature","properties":{"type":"lowAirway","uuid":"lowairway-z100","name":"Z100"},"geometry":{"type":"MultiLineString","coordinates":[[[7.330277777777778,49.92944388888888],[7.719443888888889,49.86972194444444]],[[6.955396944444445,49.70695277777778],[7.084443888888889,49.915277777777774]],[[7.197499722222222,49.94944388888889],[7.330277777777778,49.92944388888888]],[[7.084443888888889,49.915277777777774],[7.197499722222222,49.94944388888889]],[[7.719443888888889,49.86972194444444],[8.07826888888889,50.04758888888889]]]}},{"type":"Feature","properties":{"type":"lowAirway","uuid":"lowairway-z104","name":"Z104"},"geometry":{"type":"MultiLineString","coordinates":[[[6.756388888888889,50.09277777777778],[6.406666944444445,50.08527777777778]],[[9.052777777777779,49.92361083333333],[8.880555833333334,49.922777777777775]],[[10.096666944444445,49.786943888888885],[9.590610833333335,49.822880833333336]],[[6.004999722222222,50.079166944444445],[5.806943888888889,50.07777777777778]],[[7.291388888888889,50.07805583333334],[6.87944388888889,50.09527777777778]],[[8.880555833333334,49.922777777777775],[8.479166944444444,49.86638888888889]],[[9.590610833333335,49.822880833333336],[9.348325,49.86224194444445]],[[6.406666944444445,50.08527777777778],[6.211110833333334,50.080555833333335]],[[7.958888888888889,49.945277777777775],[7.733888888888889,49.98777777777778]],[[8.479166944444444,49.86638888888889],[7.958888888888889,49.945277777777775]],[[6.87944388888889,50.09527777777778],[6.756388888888889,50.09277777777778]],[[7.733888888888889,49.98777777777778],[7.425277777777778,50.05111083333333]],[[10.432402777777778,49.65490777777778],[10.096666944444445,49.786943888888885]],[[6.119999999999999,50.07833277777778],[6.004999722222222,50.079166944444445]],[[7.425277777777778,50.05111083333333],[7.291388888888889,50.07805583333334]],[[9.348325,49.86224194444445],[9.052777777777779,49.92361083333333]],[[6.211110833333334,50.080555833333335],[6.119999999999999,50.07833277777778]]]}},{"type":"Feature","properties":{"type":"lowAirway","uuid":"lowairway-z110","name":"Z110"},"geometry":{"type":"MultiLineString","coordinates":[[[5.813360833333333,49.54072194444444],[6.281666944444444,49.63722194444444]],[[6.425277777777778,49.81583277777777],[6.561627777777778,49.98295]],[[6.561627777777778,49.98295],[6.746110833333334,50.34333277777778]],[[6.746110833333334,50.34333277777778],[6.794999722222222,50.43805583333333]],[[6.281666944444444,49.63722194444444],[6.425277777777778,49.81583277777777]],[[5.124416944444444,49.39124972222222],[5.566666944444444,49.48694388888889]],[[5.566666944444444,49.48694388888889],[5.813360833333333,49.54072194444444]]]}},{"type":"Feature","properties":{"type":"lowAirway","uuid":"lowairway-z111","name":"Z111"},"geometry":{"type":"MultiLineString","coordinates":[[[6.519332777777778,49.72858277777778],[7.253055833333334,50.309999999999995]],[[7.253055833333334,50.309999999999995],[7.683888888888889,50.11138888888889]]]}},{"type":"Feature","properties":{"type":"lowAirway","uuid":"lowairway-z112","name":"Z112"},"geometry":{"type":"MultiLineString","coordinates":[[[7.369166944444444,50.434443888888886],[7.458888888888889,50.29555583333333]],[[7.458888888888889,50.29555583333333],[7.683888888888889,50.11138888888889]],[[7.683888888888889,50.11138888888889],[7.906388888888889,50.07333277777778]],[[7.2272219444444445,50.45472194444445],[7.369166944444444,50.434443888888886]]]}},{"type":"Feature","properties":{"type":"lowAirway","uuid":"lowairway-z114","name":"Z114"},"geometry":{"type":"MultiLineString","coordinates":[[[8.02911888888889,49.82108083333333],[6.908332777777778,50.025555833333335]],[[8.02911888888889,49.82108083333333],[8.48,49.74888888888889]],[[8.48,49.74888888888889],[8.533888888888889,49.72555583333334]],[[8.850555833333333,49.58777777777778],[8.533888888888889,49.72555583333334]]]}},{"type":"Feature","properties":{"type":"lowAirway","uuid":"lowairway-z118","name":"Z118"},"geometry":{"type":"MultiLineString","coordinates":[[[9.783055833333334,50.07],[8.880555833333334,49.922777777777775]]]}},{"type":"Feature","properties":{"type":"lowAirway","uuid":"lowairway-z119","name":"Z119"},"geometry":{"type":"MultiLineString","coordinates":[[[10.127777777777778,46.73527777777778],[10.259,46.77941694444444]],[[8.814999722222224,46.60611083333333],[8.983055833333333,46.60527777777778]],[[7.223499722222222,46.77758277777777],[7.0146669444444445,46.80211083333333]],[[7.223499722222222,46.77758277777777],[7.270805833333333,46.771971944444445]],[[7.988416944444444,46.68427777777777],[8.594166944444446,46.60666694444445]],[[9.725832777777779,46.598888888888894],[10.127777777777778,46.73527777777778]],[[8.983055833333333,46.60527777777778],[9.725832777777779,46.598888888888894]],[[10.259,46.77941694444444],[10.28194388888889,47.13722194444444]],[[8.594166944444446,46.60666694444445],[8.814999722222224,46.60611083333333]],[[7.270805833333333,46.771971944444445],[7.988416944444444,46.68427777777777]]]}},{"type":"Feature","properties":{"type":"lowAirway","uuid":"lowairway-z12","name":"Z12"},"geometry":{"type":"MultiLineString","coordinates":[[[8.19138888888889,49.428332777777776],[8.31388888888889,49.401110833333334]],[[9.946999722222223,49.717530833333335],[10.096666944444445,49.786943888888885]],[[10.096666944444445,49.786943888888885],[10.389443888888888,49.92166694444444]],[[8.31388888888889,49.401110833333334],[8.63551388888889,49.32913083333334]],[[9.667538888888888,49.66821083333333],[9.805941944444445,49.71353583333334]],[[8.985743888888887,49.45247472222223],[9.378610833333333,49.45444388888889]],[[9.378610833333333,49.45444388888889],[9.667538888888888,49.66821083333333]],[[8.63551388888889,49.32913083333334],[8.824180833333333,49.39586388888889]],[[9.805941944444445,49.71353583333334],[9.946999722222223,49.717530833333335]],[[8.824180833333333,49.39586388888889],[8.985743888888887,49.45247472222223]],[[8.02583277777778,49.45444388888889],[8.19138888888889,49.428332777777776]]]}},{"type":"Feature","properties":{"type":"lowAirway","uuid":"lowairway-z120","name":"Z120"},"geometry":{"type":"MultiLineString","coordinates":[[[8.800277777777778,50.056666944444444],[8.84888888888889,49.766110833333336]]]}},{"type":"Feature","properties":{"type":"lowAirway","uuid":"lowairway-z123","name":"Z123"},"geometry":{"type":"MultiLineString","coordinates":[[[8.748610833333332,49.85722194444445],[8.479166944444444,49.86638888888889]]]}},{"type":"Feature","properties":{"type":"lowAirway","uuid":"lowairway-z124","name":"Z124"},"geometry":{"type":"MultiLineString","coordinates":[[[6.019555833333333,46.72702777777778],[5.420832777777778,46.87722194444444]]]}},{"type":"Feature","properties":{"type":"lowAirway","uuid":"lowairway-z138","name":"Z138"},"geometry":{"type":"MultiLineString","coordinates":[[[8.716666944444444,47.234721944444445],[8.966943888888888,47.44111083333333]],[[8.966943888888888,47.44111083333333],[9.201943888888888,47.4125]]]}},{"type":"Feature","properties":{"type":"lowAirway","uuid":"lowairway-z141","name":"Z141"},"geometry":{"type":"MultiLineString","coordinates":[[[8.076943888888888,47.77916694444444],[8.154535833333334,48.246375]],[[7.941305833333334,47.135527777777774],[8.076943888888888,47.77916694444444]],[[7.609305833333333,47.086221944444446],[7.941305833333334,47.135527777777774]],[[8.154535833333334,48.246375],[8.097552777777778,48.79796694444444]]]}},{"type":"Feature","properties":{"type":"lowAirway","uuid":"lowairway-z142","name":"Z142"},"geometry":{"type":"MultiLineString","coordinates":[[[7.609305833333333,47.086221944444446],[7.281527777777778,47.30830583333333]],[[7.684166944444445,47.022277777777774],[7.609305833333333,47.086221944444446]]]}},{"type":"Feature","properties":{"type":"lowAirway","uuid":"lowairway-z143","name":"Z143"},"geometry":{"type":"MultiLineString","coordinates":[[[7.684166944444445,47.022277777777774],[7.941305833333334,47.135527777777774]]]}},{"type":"Feature","properties":{"type":"lowAirway","uuid":"lowairway-z144","name":"Z144"},"geometry":{"type":"MultiLineString","coordinates":[[[7.325777777777778,46.93483277777777],[7.0146669444444445,46.80211083333333]]]}},{"type":"Feature","properties":{"type":"lowAirway","uuid":"lowairway-z152","name":"Z152"},"geometry":{"type":"MultiLineString","coordinates":[[[5.023610833333334,42.804721944444445],[5.118527777777778,42.943638888888884]],[[5.118527777777778,42.943638888888884],[5.216416944444445,43.43824972222222]]]}},{"type":"Feature","properties":{"type":"lowAirway","uuid":"lowairway-z154","name":"Z154"},"geometry":{"type":"MultiLineString","coordinates":[[[8.774666944444446,41.77052777777778],[8.445,41.86472194444445]],[[10.048055833333333,41.79472194444444],[9.75,41.790277777777774]],[[5.050027777777777,43.04908277777778],[4.903332777777778,43.27361083333333]],[[5.118527777777778,42.943638888888884],[5.050027777777777,43.04908277777778]],[[8.03277777777778,41.980555833333334],[7.613360833333333,42.09655583333333]],[[8.445,41.86472194444445],[8.158055833333334,41.94555583333333]],[[7.613360833333333,42.09655583333333],[6.568888888888889,42.37694388888889]],[[6.568888888888889,42.37694388888889],[5.315110833333333,42.69772194444444]],[[5.315110833333333,42.69772194444444],[5.118527777777778,42.943638888888884]],[[8.158055833333334,41.94555583333333],[8.03277777777778,41.980555833333334]]]}},{"type":"Feature","properties":{"type":"lowAirway","uuid":"lowairway-z157","name":"Z157"},"geometry":{"type":"MultiLineString","coordinates":[[[3.6322219444444444,49.45016694444445],[3.4513888888888893,49.41941694444444]],[[3.7779438888888888,49.47469388888889],[3.6322219444444444,49.45016694444445]],[[5.213055833333334,49.59138888888889],[4.7813888888888885,49.594721944444444]],[[4.7813888888888885,49.594721944444444],[4.067221944444444,49.59666694444444]],[[4.067221944444444,49.59666694444444],[3.7779438888888888,49.47469388888889]]]}},{"type":"Feature","properties":{"type":"lowAirway","uuid":"lowairway-z16","name":"Z16"},"geometry":{"type":"MultiLineString","coordinates":[[[5.023610833333334,42.804721944444445],[5.050027777777777,43.04908277777778]],[[4.746388888888889,43.995360833333336],[4.753888888888889,44.12027777777778]],[[5.5938888888888885,45.67527777777777],[5.659416944444445,45.758360833333334]],[[5.757305833333334,45.88188888888889],[5.999916944444444,46.163693888888886]],[[5.050027777777777,43.04908277777778],[5.0868327777777775,43.38630583333333]],[[5.439055833333334,45.488971944444444],[5.5938888888888885,45.67527777777777]],[[4.666666944444445,41.73333277777778],[4.997388888888889,42.56022194444444]],[[5.0868327777777775,43.38630583333333],[4.746388888888889,43.995360833333336]],[[4.779860833333333,44.554943888888886],[5.16344388888889,45.10263888888889]],[[4.753888888888889,44.12027777777778],[4.779860833333333,44.554943888888886]],[[5.659416944444445,45.758360833333334],[5.757305833333334,45.88188888888889]],[[5.16344388888889,45.10263888888889],[5.439055833333334,45.488971944444444]],[[4.997388888888889,42.56022194444444],[5.023610833333334,42.804721944444445]]]}},{"type":"Feature","properties":{"type":"lowAirway","uuid":"lowairway-z162","name":"Z162"},"geometry":{"type":"MultiLineString","coordinates":[[[8.889166944444444,47.289721944444445],[8.817666944444444,47.59216694444444]]]}},{"type":"Feature","properties":{"type":"lowAirway","uuid":"lowairway-z163","name":"Z163"},"geometry":{"type":"MultiLineString","coordinates":[[[9.451388888888888,47.587499722222226],[9.652499722222222,47.586666944444445]],[[8.817666944444444,47.59216694444444],[9.451388888888888,47.587499722222226]]]}},{"type":"Feature","properties":{"type":"lowAirway","uuid":"lowairway-z165","name":"Z165"},"geometry":{"type":"MultiLineString","coordinates":[[[-5.149888888888889,39],[-4.746388888888889,39.19366694444444]]]}},{"type":"Feature","properties":{"type":"lowAirway","uuid":"lowairway-z170","name":"Z170"},"geometry":{"type":"MultiLineString","coordinates":[[[9.298055833333333,47.04999972222222],[8.966943888888888,47.44111083333333]],[[8.966943888888888,47.44111083333333],[8.896110833333333,47.78416694444444]]]}},{"type":"Feature","properties":{"type":"lowAirway","uuid":"lowairway-z171","name":"Z171"},"geometry":{"type":"MultiLineString","coordinates":[[[-1.5477388888888888,50.666110833333335],[-1.3450558333333333,50.95524972222223]],[[-1.6638969444444442,50.498641944444444],[-2.1065058333333333,49.98244388888889]],[[-1.6638969444444442,50.498641944444444],[-1.5477388888888888,50.666110833333335]]]}},{"type":"Feature","properties":{"type":"lowAirway","uuid":"lowairway-z173","name":"Z173"},"geometry":{"type":"MultiLineString","coordinates":[[[3.2749997222222222,50.40416694444444],[3.496943888888889,50.545832777777775]]]}},{"type":"Feature","properties":{"type":"lowAirway","uuid":"lowairway-z180","name":"Z180"},"geometry":{"type":"MultiLineString","coordinates":[[[-5.3186108333333335,39.766666944444445],[-5.610555833333333,39]],[[-5.610555833333333,39],[-6,37.95]]]}},{"type":"Feature","properties":{"type":"lowAirway","uuid":"lowairway-z185","name":"Z185"},"geometry":{"type":"MultiLineString","coordinates":[[[7.953332777777778,44.12416694444445],[7.7519438888888885,44.02305583333333]],[[8.30638888888889,44.29972194444444],[7.953332777777778,44.12416694444445]]]}},{"type":"Feature","properties":{"type":"lowAirway","uuid":"lowairway-z190","name":"Z190"},"geometry":{"type":"MultiLineString","coordinates":[[[10.387777777777778,50.55166694444444],[10.474721944444445,50.469166944444446]],[[9.690988888888889,51.20431694444445],[9.963055833333332,50.9525]],[[10.03138888888889,50.88861083333333],[10.07638888888889,50.84638888888889]],[[9.963055833333332,50.9525],[10.03138888888889,50.88861083333333]],[[10.280555833333334,50.653888888888886],[10.387777777777778,50.55166694444444]],[[10.07638888888889,50.84638888888889],[10.280555833333334,50.653888888888886]]]}},{"type":"Feature","properties":{"type":"lowAirway","uuid":"lowairway-z2","name":"Z2"},"geometry":{"type":"MultiLineString","coordinates":[[[9.201943888888888,47.4125],[9.600971944444444,47.47273583333334]],[[9.600971944444444,47.47273583333334],[10.183332777777776,47.43999972222222]],[[10.183332777777776,47.43999972222222],[10.479874722222222,47.40001083333333]]]}},{"type":"Feature","properties":{"type":"lowAirway","uuid":"lowairway-z20","name":"Z20"},"geometry":{"type":"MultiLineString","coordinates":[[[9.659166944444445,51.041666944444444],[9.277221944444445,50.93249972222222]],[[10.47194388888889,51.273332777777775],[9.659166944444445,51.041666944444444]],[[9.277221944444445,50.93249972222222],[8.81944388888889,50.635555833333335]]]}},{"type":"Feature","properties":{"type":"lowAirway","uuid":"lowairway-z206","name":"Z206"},"geometry":{"type":"MultiLineString","coordinates":[[[6.748027777777778,43.94102777777778],[6.103332777777777,44.15333277777778]]]}},{"type":"Feature","properties":{"type":"lowAirway","uuid":"lowairway-z209","name":"Z209"},"geometry":{"type":"MultiLineString","coordinates":[[[9.651910833333334,47.408452777777775],[10.28194388888889,47.13722194444444]]]}},{"type":"Feature","properties":{"type":"lowAirway","uuid":"lowairway-z219","name":"Z219"},"geometry":{"type":"MultiLineString","coordinates":[[[-7.223332777777778,39.21944388888889],[-8.016666944444445,39.31916694444445]]]}},{"type":"Feature","properties":{"type":"lowAirway","uuid":"lowairway-z224","name":"Z224"},"geometry":{"type":"MultiLineString","coordinates":[[[-1.2629997222222222,39.024388888888886],[-0.5444438888888888,39.28249972222222]],[[1.365943888888889,38.86833277777778],[1.5427777777777776,38.82333277777778]],[[0.9433327777777778,38.963055833333335],[1.365943888888889,38.86833277777778]],[[-0.5444438888888888,39.28249972222222],[0.4833327777777778,39.06419388888889]],[[0.4833327777777778,39.06419388888889],[0.6749999999999999,39.022330833333335]],[[1.5427777777777776,38.82333277777778],[2.161388888888889,38.66361083333333]],[[0.6749999999999999,39.022330833333335],[0.9433327777777778,38.963055833333335]]]}},{"type":"Feature","properties":{"type":"lowAirway","uuid":"lowairway-z226","name":"Z226"},"geometry":{"type":"MultiLineString","coordinates":[[[-8.302002777777778,40.00191888888889],[-8.687832777777778,41.272999999999996]]]}},{"type":"Feature","properties":{"type":"lowAirway","uuid":"lowairway-z227","name":"Z227"},"geometry":{"type":"MultiLineString","coordinates":[[[-7.101249999999999,38.021499999999996],[-8.016666944444445,38.90441388888889]]]}},{"type":"Feature","properties":{"type":"lowAirway","uuid":"lowairway-z230","name":"Z230"},"geometry":{"type":"MultiLineString","coordinates":[[[-5.099693888888889,38.50813888888889],[-4.846943888888888,39]],[[-4.846943888888888,39],[-4.746388888888889,39.19366694444444]],[[-4.746388888888889,39.19366694444444],[-4.431110833333333,39.79361083333333]],[[-4.3373888888888885,39.96947194444444],[-4.2494169444444445,40.36866694444444]],[[-4.431110833333333,39.79361083333333],[-4.3373888888888885,39.96947194444444]]]}},{"type":"Feature","properties":{"type":"lowAirway","uuid":"lowairway-z24","name":"Z24"},"geometry":{"type":"MultiLineString","coordinates":[[[6.648749722222222,47.21333277777778],[6.314721944444444,46.95861083333334]],[[5.938332777777778,46.66777777777777],[5.814305833333333,46.57094388888889]],[[6.314721944444444,46.95861083333334],[5.938332777777778,46.66777777777777]],[[6.655499722222222,47.39658277777778],[6.648749722222222,47.21333277777778]]]}},{"type":"Feature","properties":{"type":"lowAirway","uuid":"lowairway-z240","name":"Z240"},"geometry":{"type":"MultiLineString","coordinates":[[[7.031943888888889,41.07527777777778],[7.831943888888889,41.13916694444445]],[[7.831943888888889,41.13916694444445],[8.161388888888888,41.161943888888885]]]}},{"type":"Feature","properties":{"type":"lowAirway","uuid":"lowairway-z245","name":"Z245"},"geometry":{"type":"MultiLineString","coordinates":[[[-1.7769438888888889,41.03333277777778],[-2.1378327777777777,40.72502777777778]],[[-2.1378327777777777,40.72502777777778],[-2.544610833333333,40.37197194444445]],[[-1.0308608333333333,41.657888888888884],[-1.7769438888888889,41.03333277777778]]]}},{"type":"Feature","properties":{"type":"lowAirway","uuid":"lowairway-z254","name":"Z254"},"geometry":{"type":"MultiLineString","coordinates":[[[10.15638888888889,41.21277777777778],[10.433332777777776,42.11666694444445]],[[10.15638888888889,41.21277777777778],[9.823888888888888,40.830555833333335]],[[10.433332777777776,42.11666694444445],[10.395721944444444,42.730693888888894]],[[10.334721944444444,43.17583277777778],[10.395721944444444,42.730693888888894]]]}},{"type":"Feature","properties":{"type":"lowAirway","uuid":"lowairway-z257","name":"Z257"},"geometry":{"type":"MultiLineString","coordinates":[[[5.124416944444444,49.39124972222222],[4.885527777777777,49.533166944444446]]]}},{"type":"Feature","properties":{"type":"lowAirway","uuid":"lowairway-z28","name":"Z28"},"geometry":{"type":"MultiLineString","coordinates":[[[6.563055833333333,51.087499722222226],[6.124443888888888,51.27694388888889]],[[7.338046944444444,50.74486388888889],[6.994166944444444,50.89805583333333]],[[6.994166944444444,50.89805583333333],[6.563055833333333,51.087499722222226]]]}},{"type":"Feature","properties":{"type":"lowAirway","uuid":"lowairway-z283","name":"Z283"},"geometry":{"type":"MultiLineString","coordinates":[[[5.710277777777778,50.58583277777778],[5.773888888888889,50.25277777777778]],[[6.090077777777777,51.017488888888884],[6.01625,50.94315777777778]],[[5.918099722222222,50.827443888888894],[5.862580833333333,50.76304972222222]],[[5.862580833333333,50.76304972222222],[5.710277777777778,50.58583277777778]],[[6.01625,50.94315777777778],[5.918099722222222,50.827443888888894]],[[6.164166944444445,51.144999999999996],[6.090077777777777,51.017488888888884]]]}},{"type":"Feature","properties":{"type":"lowAirway","uuid":"lowairway-z29","name":"Z29"},"geometry":{"type":"MultiLineString","coordinates":[[[7.338046944444444,50.74486388888889],[6.9638888888888895,50.86638888888889]],[[6.9638888888888895,50.86638888888889],[6.100555833333333,51.14]]]}},{"type":"Feature","properties":{"type":"lowAirway","uuid":"lowairway-z293","name":"Z293"},"geometry":{"type":"MultiLineString","coordinates":[[[1.5011108333333334,49.71027777777778],[1.5705558333333334,49.299971944444444]]]}},{"type":"Feature","properties":{"type":"lowAirway","uuid":"lowairway-z294","name":"Z294"},"geometry":{"type":"MultiLineString","coordinates":[[[0.2908327777777778,49.21083277777778],[0.4963888888888889,49.31583277777777]]]}},{"type":"Feature","properties":{"type":"lowAirway","uuid":"lowairway-z295","name":"Z295"},"geometry":{"type":"MultiLineString","coordinates":[[[0.5302777777777778,48.79061083333333],[0.6133327777777777,49.20277777777778]]]}},{"type":"Feature","properties":{"type":"lowAirway","uuid":"lowairway-z3","name":"Z3"},"geometry":{"type":"MultiLineString","coordinates":[[[9.052777777777779,49.92361083333333],[8.923332777777777,50.141666944444445]],[[8.994443888888888,49.51444388888889],[9.008888888888889,49.619166944444444]],[[9.459999999999999,48.72749972222223],[9.340227777777779,48.912974999999996]],[[8.985743888888887,49.45247472222223],[8.994443888888888,49.51444388888889]],[[9.340227777777779,48.912974999999996],[8.949727777777778,49.19522499999999]],[[8.949727777777778,49.19522499999999],[8.985743888888887,49.45247472222223]],[[9.008888888888889,49.619166944444444],[9.052777777777779,49.92361083333333]]]}},{"type":"Feature","properties":{"type":"lowAirway","uuid":"lowairway-z303","name":"Z303"},"geometry":{"type":"MultiLineString","coordinates":[[[4.406666944444445,48.13444388888889],[4.239443888888889,48.26194388888889]],[[4.239443888888889,48.26194388888889],[3.7320277777777777,48.53883277777778]],[[3.7320277777777777,48.53883277777778],[3.563499722222222,48.61130583333333]]]}},{"type":"Feature","properties":{"type":"lowAirway","uuid":"lowairway-z308","name":"Z308"},"geometry":{"type":"MultiLineString","coordinates":[[[2.10975,41.51986083333333],[2.771860833333333,41.93124972222222]]]}},{"type":"Feature","properties":{"type":"lowAirway","uuid":"lowairway-z318","name":"Z318"},"geometry":{"type":"MultiLineString","coordinates":[[[5.249166944444444,47.906305833333334],[4.151110833333334,48.09194388888889]]]}},{"type":"Feature","properties":{"type":"lowAirway","uuid":"lowairway-z319","name":"Z319"},"geometry":{"type":"MultiLineString","coordinates":[[[4.0938888888888885,49.95861083333334],[4.067221944444444,49.59666694444444]],[[4.067221944444444,49.59666694444444],[4.050277777777778,49.38]]]}},{"type":"Feature","properties":{"type":"lowAirway","uuid":"lowairway-z32","name":"Z32"},"geometry":{"type":"MultiLineString","coordinates":[[[4.985193888888889,46.32405583333334],[5.265055833333333,46.340221944444444]],[[6.244221944444445,46.40869388888889],[6.67944388888889,46.443888888888885]],[[5.265055833333333,46.340221944444444],[5.4219719444444445,46.35241694444444]],[[6.007221944444445,46.39311083333333],[6.244221944444445,46.40869388888889]],[[5.4219719444444445,46.35241694444444],[6.007221944444445,46.39311083333333]]]}},{"type":"Feature","properties":{"type":"lowAirway","uuid":"lowairway-z347","name":"Z347"},"geometry":{"type":"MultiLineString","coordinates":[[[9.823888888888888,40.830555833333335],[8.855555833333334,40.81916694444445]]]}},{"type":"Feature","properties":{"type":"lowAirway","uuid":"lowairway-z373","name":"Z373"},"geometry":{"type":"MultiLineString","coordinates":[[[3.1514997222222223,50.22813888888889],[3.496943888888889,50.545832777777775]]]}},{"type":"Feature","properties":{"type":"lowAirway","uuid":"lowairway-z388","name":"Z388"},"geometry":{"type":"MultiLineString","coordinates":[[[8.221110833333334,44.05611083333333],[8.803610833333334,44.13472194444444]],[[8.803610833333334,44.13472194444444],[9.054721944444445,44.19472194444444]],[[9.594166944444446,44.321666944444445],[10.162499722222222,44.484166944444446]],[[9.054721944444445,44.19472194444444],[9.594166944444446,44.321666944444445]]]}},{"type":"Feature","properties":{"type":"lowAirway","uuid":"lowairway-z4","name":"Z4"},"geometry":{"type":"MultiLineString","coordinates":[[[9.462785833333333,47.799727777777775],[9.328488888888888,48.166666944444444]]]}},{"type":"Feature","properties":{"type":"lowAirway","uuid":"lowairway-z40","name":"Z40"},"geometry":{"type":"MultiLineString","coordinates":[[[5.9372219444444445,45.330555833333335],[5.518471944444444,45.279693888888886]],[[6.441610833333334,45.38977777777778],[5.9372219444444445,45.330555833333335]]]}},{"type":"Feature","properties":{"type":"lowAirway","uuid":"lowairway-z403","name":"Z403"},"geometry":{"type":"MultiLineString","coordinates":[[[9.091541944444446,49.76210777777778],[9.187541944444444,49.74679388888889]],[[9.187541944444444,49.74679388888889],[9.305277777777778,49.72777777777778]],[[8.84888888888889,49.766110833333336],[9.091541944444446,49.76210777777778]],[[9.516666944444445,49.69305583333333],[9.667538888888888,49.66821083333333]],[[9.305277777777778,49.72777777777778],[9.516666944444445,49.69305583333333]],[[8.689999722222222,49.73722194444444],[8.84888888888889,49.766110833333336]]]}},{"type":"Feature","properties":{"type":"lowAirway","uuid":"lowairway-z405","name":"Z405"},"geometry":{"type":"MultiLineString","coordinates":[[[-4.3373888888888885,39.96947194444444],[-6.302443888888889,40.5835]],[[-4.3373888888888885,39.96947194444444],[-3.464027777777778,39.78074972222222]]]}},{"type":"Feature","properties":{"type":"lowAirway","uuid":"lowairway-z406","name":"Z406"},"geometry":{"type":"MultiLineString","coordinates":[[[-7.753943888888889,42.104666944444446],[-7.116388888888888,41.93666694444444]],[[-6.323610833333333,41.72138888888889],[-5.639693888888888,41.53019388888889]],[[-6.560832777777778,41.78666694444444],[-6.323610833333333,41.72138888888889]],[[-7.116388888888888,41.93666694444444],[-6.560832777777778,41.78666694444444]]]}},{"type":"Feature","properties":{"type":"lowAirway","uuid":"lowairway-z409","name":"Z409"},"geometry":{"type":"MultiLineString","coordinates":[[[-6.400555833333334,39.80166694444444],[-5.544721944444444,39.87583277777778]],[[-6.628610833333334,39.780832777777775],[-6.400555833333334,39.80166694444444]],[[-5.544721944444444,39.87583277777778],[-4.611110833333333,39.94944388888889]],[[-4.611110833333333,39.94944388888889],[-4.3373888888888885,39.96947194444444]]]}},{"type":"Feature","properties":{"type":"lowAirway","uuid":"lowairway-z41","name":"Z41"},"geometry":{"type":"MultiLineString","coordinates":[[[8.994443888888888,49.51444388888889],[8.922499722222222,49.63916694444445]],[[8.880555833333334,49.922777777777775],[8.923332777777777,50.141666944444445]],[[8.922499722222222,49.63916694444445],[8.84888888888889,49.766110833333336]],[[8.84888888888889,49.766110833333336],[8.880555833333334,49.922777777777775]]]}},{"type":"Feature","properties":{"type":"lowAirway","uuid":"lowairway-z42","name":"Z42"},"geometry":{"type":"MultiLineString","coordinates":[[[5.576388888888888,44.66722194444444],[5.521110833333333,45]],[[5.521110833333333,45],[5.439055833333334,45.488971944444444]],[[5.623499722222222,44.38],[5.576388888888888,44.66722194444444]]]}},{"type":"Feature","properties":{"type":"lowAirway","uuid":"lowairway-z424","name":"Z424"},"geometry":{"type":"MultiLineString","coordinates":[[[8.495555833333333,46.109721944444445],[8.609721944444445,45.8975]],[[8.472221944444444,46.27305583333333],[8.495555833333333,46.109721944444445]],[[8.618332777777779,46.43611083333333],[8.472221944444444,46.27305583333333]]]}},{"type":"Feature","properties":{"type":"lowAirway","uuid":"lowairway-z436","name":"Z436"},"geometry":{"type":"MultiLineString","coordinates":[[[-4.549888888888889,40.624610833333335],[-6.434721944444445,39.524499999999996]]]}},{"type":"Feature","properties":{"type":"lowAirway","uuid":"lowairway-z444","name":"Z444"},"geometry":{"type":"MultiLineString","coordinates":[[[1.2317777777777779,40.70872194444445],[1.7058608333333334,41.210638888888894]]]}},{"type":"Feature","properties":{"type":"lowAirway","uuid":"lowairway-z46","name":"Z46"},"geometry":{"type":"MultiLineString","coordinates":[[[4.195860833333334,45.017110833333334],[4.611666944444444,45.118610833333335]],[[4.611666944444444,45.118610833333335],[4.843499722222222,45.17444388888889]]]}},{"type":"Feature","properties":{"type":"lowAirway","uuid":"lowairway-z475","name":"Z475"},"geometry":{"type":"MultiLineString","coordinates":[[[0.26547194444444444,40.55658277777778],[0.6666669444444444,41.13388888888889]]]}},{"type":"Feature","properties":{"type":"lowAirway","uuid":"lowairway-z48","name":"Z48"},"geometry":{"type":"MultiLineString","coordinates":[[[4.638721944444444,45.187638888888884],[4.014721944444444,45.391666944444445]]]}},{"type":"Feature","properties":{"type":"lowAirway","uuid":"lowairway-z5","name":"Z5"},"geometry":{"type":"MultiLineString","coordinates":[[[9.462785833333333,47.799727777777775],[9.182777777777778,48.166666944444444]]]}},{"type":"Feature","properties":{"type":"lowAirway","uuid":"lowairway-z50","name":"Z50"},"geometry":{"type":"MultiLineString","coordinates":[[[7.941305833333334,47.135527777777774],[8.413610833333333,47.05888888888889]],[[8.53211388888889,47.03937472222222],[8.761666944444444,46.95619388888889]],[[8.761666944444444,46.95619388888889],[8.94444388888889,46.88944388888889]],[[7.62944388888889,47.30444388888888],[7.725166944444444,47.18988888888889]],[[9.725832777777779,46.598888888888894],[10.043332777777778,46.47833277777778]],[[7.725166944444444,47.18988888888889],[7.941305833333334,47.135527777777774]],[[8.94444388888889,46.88944388888889],[9.725832777777779,46.598888888888894]],[[8.413610833333333,47.05888888888889],[8.53211388888889,47.03937472222222]]]}},{"type":"Feature","properties":{"type":"lowAirway","uuid":"lowairway-z505","name":"Z505"},"geometry":{"type":"MultiLineString","coordinates":[[[8.81944388888889,50.635555833333335],[8.30633888888889,51.01659194444444]]]}},{"type":"Feature","properties":{"type":"lowAirway","uuid":"lowairway-z52","name":"Z52"},"geometry":{"type":"MultiLineString","coordinates":[[[8.30633888888889,51.01659194444444],[8.884999722222222,50.824938888888894]],[[8.884999722222222,50.824938888888894],[9.433332777777776,50.751666944444445]],[[9.433332777777776,50.751666944444445],[9.59833277777778,50.729166944444444]]]}},{"type":"Feature","properties":{"type":"lowAirway","uuid":"lowairway-z54","name":"Z54"},"geometry":{"type":"MultiLineString","coordinates":[[[9.932291944444444,49.166688888888885],[10.088055833333334,49.06361083333333]],[[9.668046944444443,49.34009694444445],[9.932291944444444,49.166688888888885]],[[8.63551388888889,49.32913083333334],[8.371475,49.50213277777778]],[[8.63551388888889,49.32913083333334],[9.305321944444445,49.35415583333334]],[[9.305321944444445,49.35415583333334],[9.668046944444443,49.34009694444445]]]}},{"type":"Feature","properties":{"type":"lowAirway","uuid":"lowairway-z555","name":"Z555"},"geometry":{"type":"MultiLineString","coordinates":[[[6.561627777777778,49.98295],[6.848332777777777,50.22194388888889]]]}},{"type":"Feature","properties":{"type":"lowAirway","uuid":"lowairway-z56","name":"Z56"},"geometry":{"type":"MultiLineString","coordinates":[[[9.305321944444445,49.35415583333334],[9.378610833333333,49.45444388888889]]]}},{"type":"Feature","properties":{"type":"lowAirway","uuid":"lowairway-z57","name":"Z57"},"geometry":{"type":"MultiLineString","coordinates":[[[7.490277777777778,46.78472194444444],[8.016666944444445,47.07]],[[7.231388888888889,46.57972194444445],[7.490277777777778,46.78472194444444]]]}},{"type":"Feature","properties":{"type":"lowAirway","uuid":"lowairway-z58","name":"Z58"},"geometry":{"type":"MultiLineString","coordinates":[[[7.941305833333334,47.135527777777774],[8.436971944444444,47.689499999999995]],[[10.03138888888889,50.88861083333333],[9.433332777777776,50.751666944444445]]]}},{"type":"Feature","properties":{"type":"lowAirway","uuid":"lowairway-z59","name":"Z59"},"geometry":{"type":"MultiLineString","coordinates":[[[7.281527777777778,47.30830583333333],[7.153888888888889,47.407221944444444]],[[7.680832777777778,46.99527777777778],[7.281527777777778,47.30830583333333]]]}},{"type":"Feature","properties":{"type":"lowAirway","uuid":"lowairway-z596","name":"Z596"},"geometry":{"type":"MultiLineString","coordinates":[[[-1.2980558333333332,40.86730583333333],[-1.8283327777777778,40.77833277777778]],[[0.06155583333333334,40.872277777777775],[-0.7927777777777778,40.87111083333333]],[[0.38491694444444446,40.87108277777778],[0.06155583333333334,40.872277777777775]],[[-1.8283327777777778,40.77833277777778],[-2.1378327777777777,40.72502777777778]],[[-0.7927777777777778,40.87111083333333],[-1.2980558333333332,40.86730583333333]],[[0.7387777777777778,40.868749722222226],[0.38491694444444446,40.87108277777778]]]}},{"type":"Feature","properties":{"type":"lowAirway","uuid":"lowairway-z6","name":"Z6"},"geometry":{"type":"MultiLineString","coordinates":[[[9.970277777777778,47.76694388888889],[10.26218888888889,47.99738083333333]],[[9.201943888888888,47.4125],[9.652499722222222,47.586666944444445]],[[9.652499722222222,47.586666944444445],[9.970277777777778,47.76694388888889]]]}},{"type":"Feature","properties":{"type":"lowAirway","uuid":"lowairway-z60","name":"Z60"},"geometry":{"type":"MultiLineString","coordinates":[[[7.325777777777778,46.93483277777777],[7.223499722222222,46.77758277777777]],[[7.223499722222222,46.77758277777777],[6.753610833333333,46.657221944444444]]]}},{"type":"Feature","properties":{"type":"lowAirway","uuid":"lowairway-z600","name":"Z600"},"geometry":{"type":"MultiLineString","coordinates":[[[6.732249722222222,47.56166694444444],[7.153888888888889,47.407221944444444]],[[7.366110833333333,47.343360833333335],[7.905805833333334,47.17836083333333]],[[7.153888888888889,47.407221944444444],[7.366110833333333,47.343360833333335]]]}},{"type":"Feature","properties":{"type":"lowAirway","uuid":"lowairway-z601","name":"Z601"},"geometry":{"type":"MultiLineString","coordinates":[[[9.451388888888888,47.587499722222226],[10.34983277777778,47.745775]],[[8.040832777777778,47.50527777777778],[8.436971944444444,47.689499999999995]],[[7.725166944444444,47.18988888888889],[7.905805833333334,47.17836083333333]],[[8.436971944444444,47.689499999999995],[8.817666944444444,47.59216694444444]],[[7.905805833333334,47.17836083333333],[8.040832777777778,47.50527777777778]],[[8.817666944444444,47.59216694444444],[9.451388888888888,47.587499722222226]]]}},{"type":"Feature","properties":{"type":"lowAirway","uuid":"lowairway-z61","name":"Z61"},"geometry":{"type":"MultiLineString","coordinates":[[[6.884443888888889,46.55805583333333],[7.223499722222222,46.77758277777777]]]}},{"type":"Feature","properties":{"type":"lowAirway","uuid":"lowairway-z62","name":"Z62"},"geometry":{"type":"MultiLineString","coordinates":[[[6.176249722222223,46.35663888888889],[6.283443888888889,46.35775]],[[6.283443888888889,46.35775],[6.530555833333334,46.36002777777778]],[[6.530555833333334,46.36002777777778],[6.67944388888889,46.443888888888885]]]}},{"type":"Feature","properties":{"type":"lowAirway","uuid":"lowairway-z63","name":"Z63"},"geometry":{"type":"MultiLineString","coordinates":[[[6.458360833333334,46.56844388888889],[6.884443888888889,46.55805583333333]]]}},{"type":"Feature","properties":{"type":"lowAirway","uuid":"lowairway-z64","name":"Z64"},"geometry":{"type":"MultiLineString","coordinates":[[[5.814305833333333,46.57094388888889],[6.448055833333334,46.46869388888889]],[[5.179471944444445,46.66888888888889],[5.477693888888889,46.62369388888889]],[[6.711082777777778,46.18969388888888],[6.67944388888889,46.443888888888885]],[[6.448055833333334,46.46869388888889],[6.67944388888889,46.443888888888885]],[[5.477693888888889,46.62369388888889],[5.814305833333333,46.57094388888889]]]}},{"type":"Feature","properties":{"type":"lowAirway","uuid":"lowairway-z65","name":"Z65"},"geometry":{"type":"MultiLineString","coordinates":[[[6.244221944444445,46.40869388888889],[5.879721944444445,46.30255583333333]],[[6.244221944444445,46.40869388888889],[6.448055833333334,46.46869388888889]]]}},{"type":"Feature","properties":{"type":"lowAirway","uuid":"lowairway-z651","name":"Z651"},"geometry":{"type":"MultiLineString","coordinates":[[[8.881110833333334,46.166666944444444],[8.814999722222224,46.60611083333333]],[[9.125832777777779,45.64583277777778],[8.881110833333334,46.166666944444444]],[[8.814999722222224,46.60611083333333],[8.761666944444444,46.95619388888889]],[[8.761666944444444,46.95619388888889],[8.743805833333333,47.06908277777778]],[[8.716666944444444,47.234721944444445],[8.817666944444444,47.59216694444444]],[[8.722221944444444,47.204166944444445],[8.716666944444444,47.234721944444445]],[[8.743805833333333,47.06908277777778],[8.722221944444444,47.204166944444445]]]}},{"type":"Feature","properties":{"type":"lowAirway","uuid":"lowairway-z652","name":"Z652"},"geometry":{"type":"MultiLineString","coordinates":[[[8.716666944444444,47.234721944444445],[8.436971944444444,47.689499999999995]],[[8.436971944444444,47.689499999999995],[8.154535833333334,48.246375]]]}},{"type":"Feature","properties":{"type":"lowAirway","uuid":"lowairway-z653","name":"Z653"},"geometry":{"type":"MultiLineString","coordinates":[[[8.716666944444444,47.234721944444445],[8.889166944444444,47.289721944444445]]]}},{"type":"Feature","properties":{"type":"lowAirway","uuid":"lowairway-z656","name":"Z656"},"geometry":{"type":"MultiLineString","coordinates":[[[7.15694388888889,49.99138888888889],[7.084443888888889,49.915277777777774]],[[7.291388888888889,50.07805583333334],[7.15694388888889,49.99138888888889]],[[7.733888888888889,49.98777777777778],[7.425277777777778,50.05111083333333]],[[8.07826888888889,50.04758888888889],[7.733888888888889,49.98777777777778]],[[7.425277777777778,50.05111083333333],[7.291388888888889,50.07805583333334]],[[7.084443888888889,49.915277777777774],[6.955396944444445,49.70695277777778]]]}},{"type":"Feature","properties":{"type":"lowAirway","uuid":"lowairway-z658","name":"Z658"},"geometry":{"type":"MultiLineString","coordinates":[[[8.408055833333334,50.69499999999999],[8.884999722222222,50.824938888888894]],[[7.328888888888889,50.19638888888888],[7.825152777777777,50.43510277777777]],[[7.291388888888889,50.07805583333334],[7.328888888888889,50.19638888888888]],[[9.277221944444445,50.93249972222222],[8.884999722222222,50.824938888888894]],[[7.825152777777777,50.43510277777777],[8.408055833333334,50.69499999999999]]]}},{"type":"Feature","properties":{"type":"lowAirway","uuid":"lowairway-z66","name":"Z66"},"geometry":{"type":"MultiLineString","coordinates":[[[5.879721944444445,46.30255583333333],[5.599166944444444,45.971110833333334]]]}},{"type":"Feature","properties":{"type":"lowAirway","uuid":"lowairway-z669","name":"Z669"},"geometry":{"type":"MultiLineString","coordinates":[[[7.424443888888889,47.02722194444444],[7.292638888888889,46.95502777777778]],[[7.0146669444444445,46.80211083333333],[6.753610833333333,46.657221944444444]],[[7.725166944444444,47.18988888888889],[7.424443888888889,47.02722194444444]],[[8.436971944444444,47.689499999999995],[7.725166944444444,47.18988888888889]],[[7.292638888888889,46.95502777777778],[7.0146669444444445,46.80211083333333]],[[6.753610833333333,46.657221944444444],[5.879721944444445,46.30255583333333]]]}},{"type":"Feature","properties":{"type":"lowAirway","uuid":"lowairway-z67","name":"Z67"},"geometry":{"type":"MultiLineString","coordinates":[[[6.211693888888889,46.08888888888889],[6.596666944444444,46.244166944444444]],[[7.231388888888889,46.57972194444445],[7.414166944444445,46.85055583333334]],[[6.596666944444444,46.244166944444444],[7.231388888888889,46.57972194444445]]]}},{"type":"Feature","properties":{"type":"lowAirway","uuid":"lowairway-z671","name":"Z671"},"geometry":{"type":"MultiLineString","coordinates":[[[8.350830833333333,50.57383888888889],[8.785780833333334,50.571646944444446]],[[8.333332777777777,47.30222194444444],[8.889166944444444,47.289721944444445]],[[7.825152777777777,50.43510277777777],[8.350830833333333,50.57383888888889]]]}},{"type":"Feature","properties":{"type":"lowAirway","uuid":"lowairway-z69","name":"Z69"},"geometry":{"type":"MultiLineString","coordinates":[[[8.436971944444444,47.689499999999995],[7.62944388888889,47.30444388888888]]]}},{"type":"Feature","properties":{"type":"lowAirway","uuid":"lowairway-z714","name":"Z714"},"geometry":{"type":"MultiLineString","coordinates":[[[10.231999722222222,48.208332777777784],[9.910871944444445,48.218041944444444]],[[9.674999999999999,48.228055833333336],[9.195891944444444,48.24542777777778]],[[9.674999999999999,48.228055833333336],[9.910871944444445,48.218041944444444]],[[8.644835833333333,48.38158583333333],[9.195891944444444,48.24542777777778]],[[8.41476888888889,48.46585277777778],[8.644835833333333,48.38158583333333]]]}},{"type":"Feature","properties":{"type":"lowAirway","uuid":"lowairway-z717","name":"Z717"},"geometry":{"type":"MultiLineString","coordinates":[[[7.280555833333334,51.42499972222222],[6.563055833333333,51.087499722222226]],[[5.989732777777778,50.98226694444445],[5.960416944444445,50.97194388888889]],[[6.090077777777777,51.017488888888884],[5.989732777777778,50.98226694444445]],[[6.563055833333333,51.087499722222226],[6.090077777777777,51.017488888888884]]]}},{"type":"Feature","properties":{"type":"lowAirway","uuid":"lowairway-z719","name":"Z719"},"geometry":{"type":"MultiLineString","coordinates":[[[8.896943888888888,50.26694388888889],[9.288610833333333,50.18111083333333]],[[9.288610833333333,50.18111083333333],[9.783055833333334,50.07]],[[8.848625,50.27627472222222],[8.896943888888888,50.26694388888889]],[[8.618871944444445,50.44489972222222],[8.848625,50.27627472222222]]]}},{"type":"Feature","properties":{"type":"lowAirway","uuid":"lowairway-z720","name":"Z720"},"geometry":{"type":"MultiLineString","coordinates":[[[9.783055833333334,50.07],[10.156110833333333,50.36888888888889]],[[10.156110833333333,50.36888888888889],[10.387777777777778,50.55166694444444]]]}},{"type":"Feature","properties":{"type":"lowAirway","uuid":"lowairway-z722","name":"Z722"},"geometry":{"type":"MultiLineString","coordinates":[[[10.483888888888888,50.22444388888889],[10.387777777777778,50.55166694444444]]]}},{"type":"Feature","properties":{"type":"lowAirway","uuid":"lowairway-z723","name":"Z723"},"geometry":{"type":"MultiLineString","coordinates":[[[8.800277777777778,50.056666944444444],[9.080555833333333,50.13694388888889]],[[9.288610833333333,50.18111083333333],[9.506666944444444,50.18388888888889]],[[9.506666944444444,50.18388888888889],[10.029999722222223,50.189166944444445]],[[9.080555833333333,50.13694388888889],[9.288610833333333,50.18111083333333]],[[10.029999722222223,50.189166944444445],[10.242707777777778,50.07336083333334]]]}},{"type":"Feature","properties":{"type":"lowAirway","uuid":"lowairway-z724","name":"Z724"},"geometry":{"type":"MultiLineString","coordinates":[[[9.128402777777778,49.190793888888884],[8.985743888888887,49.45247472222223]]]}},{"type":"Feature","properties":{"type":"lowAirway","uuid":"lowairway-z726","name":"Z726"},"geometry":{"type":"MultiLineString","coordinates":[[[9.023482777777778,48.627652777777776],[9.506388888888889,48.956110833333334]]]}},{"type":"Feature","properties":{"type":"lowAirway","uuid":"lowairway-z729","name":"Z729"},"geometry":{"type":"MultiLineString","coordinates":[[[8.917152777777778,48.95816694444445],[9.340227777777779,48.912974999999996]],[[8.447499722222222,49.06361083333333],[8.584235833333334,48.99294388888889]],[[8.287777777777778,49.08972194444445],[8.447499722222222,49.06361083333333]],[[7.412607777777779,49.223085833333336],[7.758338888888889,49.172891944444444]],[[8.584235833333334,48.99294388888889],[8.917152777777778,48.95816694444445]],[[7.758338888888889,49.172891944444444],[8.287777777777778,49.08972194444445]],[[7.057568888888889,49.39196694444444],[7.412607777777779,49.223085833333336]]]}},{"type":"Feature","properties":{"type":"lowAirway","uuid":"lowairway-z738","name":"Z738"},"geometry":{"type":"MultiLineString","coordinates":[[[8.479166944444444,49.86638888888889],[8.689999722222222,49.73722194444444]],[[8.07826888888889,50.04758888888889],[8.479166944444444,49.86638888888889]],[[8.850555833333333,49.58777777777778],[8.689999722222222,49.73722194444444]]]}},{"type":"Feature","properties":{"type":"lowAirway","uuid":"lowairway-z74","name":"Z74"},"geometry":{"type":"MultiLineString","coordinates":[[[8.533610833333332,50.05277777777778],[8.880555833333334,49.922777777777775]],[[9.187541944444444,49.74679388888889],[9.41444388888889,49.61833277777778]],[[9.41444388888889,49.61833277777778],[9.668046944444443,49.34009694444445]],[[8.880555833333334,49.922777777777775],[9.187541944444444,49.74679388888889]]]}},{"type":"Feature","properties":{"type":"lowAirway","uuid":"lowairway-z75","name":"Z75"},"geometry":{"type":"MultiLineString","coordinates":[[[8.800277777777778,50.056666944444444],[8.479166944444444,49.86638888888889]]]}},{"type":"Feature","properties":{"type":"lowAirway","uuid":"lowairway-z76","name":"Z76"},"geometry":{"type":"MultiLineString","coordinates":[[[10.246388888888887,48.95166694444445],[10.391666944444443,48.59361083333334]],[[10.246388888888887,48.95166694444445],[10.088055833333334,49.06361083333333]],[[10.088055833333334,49.06361083333333],[9.932291944444444,49.166688888888885]]]}},{"type":"Feature","properties":{"type":"lowAirway","uuid":"lowairway-z79","name":"Z79"},"geometry":{"type":"MultiLineString","coordinates":[[[9.461943888888888,48.40305583333333],[9.462221944444444,48.52916694444444]],[[9.618541944444445,48.33885],[9.461943888888888,48.40305583333333]],[[9.910871944444445,48.218041944444444],[10.391666944444443,48.59361083333334]],[[9.910871944444445,48.218041944444444],[9.618541944444445,48.33885]],[[9.462221944444444,48.52916694444444],[9.748063888888888,48.88263583333333]]]}},{"type":"Feature","properties":{"type":"lowAirway","uuid":"lowairway-z818","name":"Z818"},"geometry":{"type":"MultiLineString","coordinates":[[[10.238305833333332,49.14275277777778],[10.246388888888887,48.95166694444445]],[[9.128402777777778,49.190793888888884],[9.932291944444444,49.166688888888885]],[[9.932291944444444,49.166688888888885],[10.238305833333332,49.14275277777778]],[[7.412607777777779,49.223085833333336],[7.839471944444444,49.265255833333335]],[[7.839471944444444,49.265255833333335],[8.191657777777777,49.29458277777778]],[[7.039443888888889,49.172221944444445],[7.118343888888888,49.21885277777778]],[[8.191657777777777,49.29458277777778],[8.63551388888889,49.32913083333334]],[[8.63551388888889,49.32913083333334],[8.805277777777778,49.257221944444446]],[[7.118343888888888,49.21885277777778],[7.412607777777779,49.223085833333336]],[[8.949727777777778,49.19522499999999],[9.128402777777778,49.190793888888884]],[[8.805277777777778,49.257221944444446],[8.949727777777778,49.19522499999999]]]}},{"type":"Feature","properties":{"type":"lowAirway","uuid":"lowairway-z82","name":"Z82"},"geometry":{"type":"MultiLineString","coordinates":[[[4.3665827777777775,40.5],[3.756943888888889,41.152971944444445]]]}},{"type":"Feature","properties":{"type":"lowAirway","uuid":"lowairway-z83","name":"Z83"},"geometry":{"type":"MultiLineString","coordinates":[[[8.814999722222224,46.60611083333333],[9.275277777777779,46.48194388888889]],[[9.461388888888887,46.45277777777778],[9.766666944444445,46.506388888888885]],[[9.275277777777779,46.48194388888889],[9.461388888888887,46.45277777777778]]]}},{"type":"Feature","properties":{"type":"lowAirway","uuid":"lowairway-z841","name":"Z841"},"geometry":{"type":"MultiLineString","coordinates":[[[7.954721944444445,51.11833277777778],[8.27944388888889,50.846110833333334]],[[8.27944388888889,50.846110833333334],[8.408055833333334,50.69499999999999]]]}},{"type":"Feature","properties":{"type":"lowAirway","uuid":"lowairway-z850","name":"Z850"},"geometry":{"type":"MultiLineString","coordinates":[[[8.30633888888889,51.01659194444444],[8.235555833333333,51.096110833333334]],[[8.235555833333333,51.096110833333334],[7.954166944444444,51.409999722222224]],[[8.899166944444444,50.527499999999996],[8.30633888888889,51.01659194444444]]]}},{"type":"Feature","properties":{"type":"lowAirway","uuid":"lowairway-z869","name":"Z869"},"geometry":{"type":"MultiLineString","coordinates":[[[2.2322219444444444,44.515],[1.748888888888889,44.29527777777778]],[[2.488888888888889,44.63],[2.2322219444444444,44.515]]]}},{"type":"Feature","properties":{"type":"lowAirway","uuid":"lowairway-z87","name":"Z87"},"geometry":{"type":"MultiLineString","coordinates":[[[5.5938888888888885,45.67527777777777],[5.745832777777778,45.72880583333333]],[[5.3502777777777775,45.59055583333333],[5.5938888888888885,45.67527777777777]],[[4.890555833333333,45.668055833333334],[5.3502777777777775,45.59055583333333]]]}},{"type":"Feature","properties":{"type":"lowAirway","uuid":"lowairway-z90","name":"Z90"},"geometry":{"type":"MultiLineString","coordinates":[[[7.665443888888889,47.46655583333334],[7.905805833333334,47.17836083333333]]]}},{"type":"Feature","properties":{"type":"lowAirway","uuid":"lowairway-z911","name":"Z911"},"geometry":{"type":"MultiLineString","coordinates":[[[9.175832777777778,43.33166694444445],[9.008610833333334,43.809999999999995]]]}},{"type":"Feature","properties":{"type":"lowAirway","uuid":"lowairway-z924","name":"Z924"},"geometry":{"type":"MultiLineString","coordinates":[[[10.370555833333334,40.98861083333333],[10.158055833333334,40.927499999999995]],[[9.59888888888889,40.76444388888889],[9.441110833333333,40.71805583333334]],[[10.158055833333334,40.927499999999995],[9.823888888888888,40.830555833333335]],[[8.239443888888887,40.437777777777775],[8,40.42472194444444]],[[9.441110833333333,40.71805583333334],[8.968332777777778,40.596110833333334]],[[7.297777777777777,40.33444388888889],[5.858888888888888,40.13583277777778]],[[9.823888888888888,40.830555833333335],[9.59888888888889,40.76444388888889]],[[8,40.42472194444444],[7.297777777777777,40.33444388888889]],[[8.968332777777778,40.596110833333334],[8.398888888888889,40.44638888888888]],[[5.858888888888888,40.13583277777778],[4.771388888888889,39.978055833333336]],[[8.398888888888889,40.44638888888888],[8.239443888888887,40.437777777777775]]]}},{"type":"Feature","properties":{"type":"lowAirway","uuid":"lowairway-z929","name":"Z929"},"geometry":{"type":"MultiLineString","coordinates":[[[8.221110833333334,44.05611083333333],[9.19194388888889,43.79999972222222]]]}},{"type":"Feature","properties":{"type":"lowAirway","uuid":"lowairway-z93","name":"Z93"},"geometry":{"type":"MultiLineString","coordinates":[[[9.023055833333334,50.06055583333333],[8.880555833333334,49.922777777777775]],[[9.288610833333333,50.18111083333333],[9.023055833333334,50.06055583333333]],[[8.880555833333334,49.922777777777775],[8.689999722222222,49.73722194444444]],[[10.029999722222223,50.189166944444445],[9.288610833333333,50.18111083333333]],[[10.404721944444445,50.19361083333333],[10.029999722222223,50.189166944444445]]]}},{"type":"Feature","properties":{"type":"lowAirway","uuid":"lowairway-z94","name":"Z94"},"geometry":{"type":"MultiLineString","coordinates":[[[10.483888888888888,50.22444388888889],[10.242707777777778,50.07336083333334]]]}},{"type":"Feature","properties":{"type":"lowAirway","uuid":"lowairway-z963","name":"Z963"},"geometry":{"type":"MultiLineString","coordinates":[[[9.846666944444445,44.62222194444445],[10.474999722222222,44.6225]],[[8.665555833333334,44.59722194444445],[9.846666944444445,44.62222194444445]]]}},{"type":"Feature","properties":{"type":"lowAirway","uuid":"lowairway-z97","name":"Z97"},"geometry":{"type":"MultiLineString","coordinates":[[[8.47638888888889,49.28611083333333],[8.191657777777777,49.29458277777778]],[[8.63551388888889,49.32913083333334],[8.47638888888889,49.28611083333333]]]}},{"type":"Feature","properties":{"type":"lowAirway","uuid":"lowairway-z982","name":"Z982"},"geometry":{"type":"MultiLineString","coordinates":[[[8.734832777777777,45.64077777777778],[9.021582777777779,45.64597194444445]]]}},{"type":"Feature","properties":{"type":"lowAirway","uuid":"lowairway-z99","name":"Z99"},"geometry":{"type":"MultiLineString","coordinates":[[[9.561666944444445,50.528888888888886],[9.57216888888889,50.59245583333333]],[[9.667499999999999,51.085],[9.690988888888889,51.20431694444445]],[[9.57216888888889,50.59245583333333],[9.59833277777778,50.729166944444444]],[[9.486388888888888,50.06694388888889],[9.561666944444445,50.528888888888886]],[[9.59833277777778,50.729166944444444],[9.667499999999999,51.085]]]}},{"type":"Feature","properties":{"type":"lowAirway","uuid":"lowairway-z999","name":"Z999"},"geometry":{"type":"MultiLineString","coordinates":[[[10.30558277777778,47.55938888888888],[10.34983277777778,47.745775]]]}}]}