{"type":"FeatureCollection","features":[{"id":"EBCI: 06","type":"Feature","geometry":{"type":"LineString","coordinates":[[494535.9411087754,6525773.370986948],[497534.764502423,6527141.632380005]]},"properties":{"name":"06","oppositeId":"24","type":"runway","icao":"EBCI","airport":"","uuid":"runway-ebci-06-24"}},{"id":"EBOS: 08","type":"Feature","geometry":{"type":"LineString","coordinates":[[318023.7366364599,6656247.124180834],[321873.5047709798,6657170.9273695275]]},"properties":{"name":"08","oppositeId":"26","type":"runway","icao":"EBOS","airport":"","uuid":"runway-ebos-08-26"}},{"id":"EDSB: 03","type":"Feature","geometry":{"type":"LineString","coordinates":[[898527.0512506831,6235900.913186391],[900507.8579010266,6239108.790125451]]},"properties":{"name":"03","oppositeId":"21","type":"runway","icao":"EDSB","airport":"","uuid":"runway-edsb-03-21"}},{"id":"EDTL: 03","type":"Feature","geometry":{"type":"LineString","coordinates":[[870310.3433218582,6166516.528935905],[872446.3478956157,6170496.762138227]]},"properties":{"name":"03","oppositeId":"21","type":"runway","icao":"EDTL","airport":"","uuid":"runway-edtl-03-21"}},{"id":"EGJB: 09","type":"Feature","geometry":{"type":"LineString","coordinates":[[-290956.0623071869,6348933.005202554],[-288712.6344248139,6349028.532435977]]},"properties":{"name":"09","oppositeId":"27","type":"runway","icao":"EGJB","airport":"","uuid":"runway-egjb-09-27"}},{"id":"EGJJ: 08","type":"Feature","geometry":{"type":"LineString","coordinates":[[-245581.24835326377,6310069.637579386],[-243222.6047979197,6310370.520764248]]},"properties":{"name":"08","oppositeId":"26","type":"runway","icao":"EGJJ","airport":"","uuid":"runway-egjj-08-26"}},{"id":"ELLX: 06","type":"Feature","geometry":{"type":"LineString","coordinates":[[688790.895387419,6380298.984975154],[694144.1260113445,6383370.2933165645]]},"properties":{"name":"06","oppositeId":"24","type":"runway","icao":"ELLX","airport":"","uuid":"runway-ellx-06-24"}},{"id":"LFAB: 13","type":"Feature","geometry":{"type":"LineString","coordinates":[[119800.1188227129,6426722.9420554815],[120825.49502124205,6425968.950711907]]},"properties":{"name":"13","oppositeId":"31","type":"runway","icao":"LFAB","airport":"","uuid":"runway-lfab-13-31"}},{"id":"LFAC: 06","type":"Feature","geometry":{"type":"LineString","coordinates":[[216539.32285477204,6614001.34730848],[218666.42186926608,6615181.997695862]]},"properties":{"name":"06","oppositeId":"24","type":"runway","icao":"LFAC","airport":"","uuid":"runway-lfac-06-24"}},{"id":"LFAE: 05","type":"Feature","geometry":{"type":"LineString","coordinates":[[158057.62836652578,6457657.324015515],[159149.45611664237,6458530.729212245]]},"properties":{"name":"05","oppositeId":"23","type":"runway","icao":"LFAE","airport":"","uuid":"runway-lfae-05-23"}},{"id":"LFAG: 09","type":"Feature","geometry":{"type":"LineString","coordinates":[[336200.66337896266,6423629.7605456505],[338298.3554946388,6423592.4835282]]},"properties":{"name":"09","oppositeId":"27","type":"runway","icao":"LFAG","airport":"","uuid":"runway-lfag-09-27"}},{"id":"LFAI: 05","type":"Feature","geometry":{"type":"LineString","coordinates":[[334172.42225670925,6206229.294667438],[335325.22835011594,6207095.158063193]]},"properties":{"name":"05","oppositeId":"23","type":"runway","icao":"LFAI","airport":"","uuid":"runway-lfai-05-23"}},{"id":"LFAL: 08","type":"Feature","geometry":{"type":"LineString","coordinates":[[-546.6714660373009,6055837.002694497],[631.7071881710515,6055973.902297707]]},"properties":{"name":"08","oppositeId":"26","type":"runway","icao":"LFAL","airport":"","uuid":"runway-lfal-08-26"}},{"id":"LFAM: 06","type":"Feature","geometry":{"type":"LineString","coordinates":[[176863.51023201057,6519640.8581093475],[177836.87549067463,6520304.820247719]]},"properties":{"name":"06","oppositeId":"24","type":"runway","icao":"LFAM","airport":"","uuid":"runway-lfam-06-24"}},{"id":"LFAO: 12","type":"Feature","geometry":{"type":"LineString","coordinates":[[-43575.11793068444,6198405.128498628],[-42533.04380853629,6197796.938726974]]},"properties":{"name":"12","oppositeId":"30","type":"runway","icao":"LFAO","airport":"","uuid":"runway-lfao-12-30"}},{"id":"LFAP: 06","type":"Feature","geometry":{"type":"LineString","coordinates":[[485437.675437918,6356695.224211664],[486019.3197773128,6357099.777593896]]},"properties":{"name":"06","oppositeId":"24","type":"runway","icao":"LFAP","airport":"","uuid":"runway-lfap-06-24"}},{"id":"LFAQ: 08","type":"Feature","geometry":{"type":"LineString","coordinates":[[298191.1798450534,6440965.117085635],[301592.97979537275,6441247.421500711]]},"properties":{"name":"08","oppositeId":"26","type":"runway","icao":"LFAQ","airport":"","uuid":"runway-lfaq-08-26"}},{"id":"LFAQ: 08R","type":"Feature","geometry":{"type":"LineString","coordinates":[[298218.45312029775,6440639.603894839],[299764.7736136586,6440768.009661502]]},"properties":{"name":"08R","oppositeId":"26L","type":"runway","icao":"LFAQ","airport":"","uuid":"runway-lfaq-08r-26l"}},{"id":"LFAT: 13","type":"Feature","geometry":{"type":"LineString","coordinates":[[179499.55577399526,6537518.963331431],[181437.72087494849,6535676.262044659]]},"properties":{"name":"13","oppositeId":"31","type":"runway","icao":"LFAT","airport":"","uuid":"runway-lfat-13-31"}},{"id":"LFAU: 07","type":"Feature","geometry":{"type":"LineString","coordinates":[[-203936.4103929347,6381176.836731186],[-203451.49032220687,6381321.372258342]]},"properties":{"name":"07","oppositeId":"25","type":"runway","icao":"LFAU","airport":"","uuid":"runway-lfau-07-25"}},{"id":"LFAU: 10","type":"Feature","geometry":{"type":"LineString","coordinates":[[-204047.94633829338,6381412.591307616],[-203669.24361503083,6381321.849592487]]},"properties":{"name":"10","oppositeId":"28","type":"runway","icao":"LFAU","airport":"","uuid":"runway-lfau-10-28"}},{"id":"LFAU: 15","type":"Feature","geometry":{"type":"LineString","coordinates":[[-204054.19259861013,6381622.09816142],[-203585.75399693585,6380883.19099293]]},"properties":{"name":"15","oppositeId":"33","type":"runway","icao":"LFAU","airport":"","uuid":"runway-lfau-15-33"}},{"id":"LFAV: 06","type":"Feature","geometry":{"type":"LineString","coordinates":[[384674.3955020051,6503212.1955813],[385530.65884077083,6503679.529947963]]},"properties":{"name":"06","oppositeId":"24","type":"runway","icao":"LFAV","airport":"","uuid":"runway-lfav-06-24"}},{"id":"LFAV: 11","type":"Feature","geometry":{"type":"LineString","coordinates":[[384309.48402676865,6503272.160934193],[386383.70628313586,6502481.7477963315]]},"properties":{"name":"11","oppositeId":"29","type":"runway","icao":"LFAV","airport":"","uuid":"runway-lfav-11-29"}},{"id":"LFAV: 11L","type":"Feature","geometry":{"type":"LineString","coordinates":[[384897.0344835917,6503223.336122927],[385801.50534628704,6502879.8268328495]]},"properties":{"name":"11L","oppositeId":"29R","type":"runway","icao":"LFAV","airport":"","uuid":"runway-lfav-11l-29r"}},{"id":"LFAW: 07","type":"Feature","geometry":{"type":"LineString","coordinates":[[655362.2088996528,6344698.279965388],[656045.9270276891,6344997.362636326]]},"properties":{"name":"07","oppositeId":"25","type":"runway","icao":"LFAW","airport":"","uuid":"runway-lfaw-07-25"}},{"id":"LFAX: 07","type":"Feature","geometry":{"type":"LineString","coordinates":[[58811.292947236696,6196855.383587838],[59661.68109065497,6197210.275993993]]},"properties":{"name":"07","oppositeId":"25","type":"runway","icao":"LFAX","airport":"","uuid":"runway-lfax-07-25"}},{"id":"LFAY: 12","type":"Feature","geometry":{"type":"LineString","coordinates":[[264783.8605151035,6424786.150452572],[266588.56591542787,6423900.923477029]]},"properties":{"name":"12","oppositeId":"30","type":"runway","icao":"LFAY","airport":"","uuid":"runway-lfay-12-30"}},{"id":"LFAY: 12R","type":"Feature","geometry":{"type":"LineString","coordinates":[[265163.67643327394,6424463.667460865],[266416.0207046983,6423848.628453557]]},"properties":{"name":"12R","oppositeId":"30L","type":"runway","icao":"LFAY","airport":"","uuid":"runway-lfay-12r-30l"}},{"id":"LFBA: 11","type":"Feature","geometry":{"type":"LineString","coordinates":[[64826.225177685796,5492896.355388011],[66888.75888751973,5492052.620339153]]},"properties":{"name":"11","oppositeId":"29","type":"runway","icao":"LFBA","airport":"","uuid":"runway-lfba-11-29"}},{"id":"LFBC: 06","type":"Feature","geometry":{"type":"LineString","coordinates":[[-126674.43752208608,5547529.068480764],[-123871.41274391147,5549387.124024103]]},"properties":{"name":"06","oppositeId":"24","type":"runway","icao":"LFBC","airport":"","uuid":"runway-lfbc-06-24"}},{"id":"LFBD: 05","type":"Feature","geometry":{"type":"LineString","coordinates":[[-81149.99161928831,5593087.736335975],[-78034.93212400399,5596162.786607485]]},"properties":{"name":"05","oppositeId":"23","type":"runway","icao":"LFBD","airport":"","uuid":"runway-lfbd-05-23"}},{"id":"LFBD: 11","type":"Feature","geometry":{"type":"LineString","coordinates":[[-81178.84192065225,5595044.009728517],[-77912.48068413138,5594077.744144259]]},"properties":{"name":"11","oppositeId":"29","type":"runway","icao":"LFBD","airport":"","uuid":"runway-lfbd-11-29"}},{"id":"LFBE: 09","type":"Feature","geometry":{"type":"LineString","coordinates":[[56496.18768162514,5594033.797689355],[58952.328557655615,5593847.202024018]]},"properties":{"name":"09","oppositeId":"27","type":"runway","icao":"LFBE","airport":"","uuid":"runway-lfbe-09-27"}},{"id":"LFBE: 09R","type":"Feature","geometry":{"type":"LineString","coordinates":[[56623.86495314886,5593892.847851094],[57704.344299620694,5593810.929668522]]},"properties":{"name":"09R","oppositeId":"27L","type":"runway","icao":"LFBE","airport":"","uuid":"runway-lfbe-09r-27l"}},{"id":"LFBF: 11","type":"Feature","geometry":{"type":"LineString","coordinates":[[151082.47276174236,5395924.819717135],[153331.77583946276,5394878.335067788]]},"properties":{"name":"11","oppositeId":"29","type":"runway","icao":"LFBF","airport":"","uuid":"runway-lfbf-11-29"}},{"id":"LFBG: 05","type":"Feature","geometry":{"type":"LineString","coordinates":[[-35959.287734304955,5724312.596799068],[-33706.64507186074,5726231.207968951]]},"properties":{"name":"05","oppositeId":"23","type":"runway","icao":"LFBG","airport":"","uuid":"runway-lfbg-05-23"}},{"id":"LFBG: 08","type":"Feature","geometry":{"type":"LineString","coordinates":[[-35905.76161248185,5726346.68552805],[-33792.91767722552,5726582.113950065]]},"properties":{"name":"08","oppositeId":"26","type":"runway","icao":"LFBG","airport":"","uuid":"runway-lfbg-08-26"}},{"id":"LFBH: 09","type":"Feature","geometry":{"type":"LineString","coordinates":[[-134353.59613989462,5809170.0053727],[-132232.40324282882,5809079.660211662]]},"properties":{"name":"09","oppositeId":"27","type":"runway","icao":"LFBH","airport":"","uuid":"runway-lfbh-09-27"}},{"id":"LFBI: 03","type":"Feature","geometry":{"type":"LineString","coordinates":[[33408.86543398873,5873725.097258899],[35150.33517912639,5876679.483623415]]},"properties":{"name":"03","oppositeId":"21","type":"runway","icao":"LFBI","airport":"","uuid":"runway-lfbi-03-21"}},{"id":"LFBI: 03L","type":"Feature","geometry":{"type":"LineString","coordinates":[[33429.55230602781,5874188.932225089],[34381.89054976427,5875806.157825175]]},"properties":{"name":"03L","oppositeId":"21R","type":"runway","icao":"LFBI","airport":"","uuid":"runway-lfbi-03l-21r"}},{"id":"LFBI: 03R","type":"Feature","geometry":{"type":"LineString","coordinates":[[33844.217409232755,5874040.106464648],[34180.30950518611,5874611.038838922]]},"properties":{"name":"03R","oppositeId":"21L","type":"runway","icao":"LFBI","airport":"","uuid":"runway-lfbi-03r-21l"}},{"id":"LFBJ: 07","type":"Feature","geometry":{"type":"LineString","coordinates":[[101823.59808571881,5764521.586459156],[102588.36298746859,5764866.006959402]]},"properties":{"name":"07","oppositeId":"25","type":"runway","icao":"LFBJ","airport":"","uuid":"runway-lfbj-07-25"}},{"id":"LFBK: 17","type":"Feature","geometry":{"type":"LineString","coordinates":[[262850.02450545883,5817445.169877172],[263454.2419638201,5814762.171928725]]},"properties":{"name":"17","oppositeId":"35","type":"runway","icao":"LFBK","airport":"","uuid":"runway-lfbk-17-35"}},{"id":"LFBL: 03","type":"Feature","geometry":{"type":"LineString","coordinates":[[130526.4320464219,5756741.890191945],[132374.33559359025,5759569.02483741]]},"properties":{"name":"03","oppositeId":"21","type":"runway","icao":"LFBL","airport":"","uuid":"runway-lfbl-03-21"}},{"id":"LFBM: 09","type":"Feature","geometry":{"type":"LineString","coordinates":[[-59197.23143740081,5451635.804695846],[-54376.448122355774,5451871.450663852]]},"properties":{"name":"09","oppositeId":"27","type":"runway","icao":"LFBM","airport":"","uuid":"runway-lfbm-09-27"}},{"id":"LFBN: 07","type":"Feature","geometry":{"type":"LineString","coordinates":[[-45874.4220130195,5829898.683439118],[-43696.54894189144,5830806.995561135]]},"properties":{"name":"07","oppositeId":"25","type":"runway","icao":"LFBN","airport":"","uuid":"runway-lfbn-07-25"}},{"id":"LFBN: 07L","type":"Feature","geometry":{"type":"LineString","coordinates":[[-44947.6872521655,5830519.629334221],[-44206.515898047735,5830837.930854142]]},"properties":{"name":"07L","oppositeId":"25R","type":"runway","icao":"LFBN","airport":"","uuid":"runway-lfbn-07l-25r"}},{"id":"LFBO: 14L","type":"Feature","geometry":{"type":"LineString","coordinates":[[151130.12368821804,5409493.84235752],[153647.1501412963,5406152.339738412]]},"properties":{"name":"14L","oppositeId":"32R","type":"runway","icao":"LFBO","airport":"","uuid":"runway-lfbo-14l-32r"}},{"id":"LFBO: 14R","type":"Feature","geometry":{"type":"LineString","coordinates":[[149828.55146419845,5410532.1537285065],[152743.35956437798,5406664.0746479435]]},"properties":{"name":"14R","oppositeId":"32L","type":"runway","icao":"LFBO","airport":"","uuid":"runway-lfbo-14r-32l"}},{"id":"LFBP: 13","type":"Feature","geometry":{"type":"LineString","coordinates":[[-48230.37534733604,5371164.6958365375],[-45445.28537601144,5369148.936138324]]},"properties":{"name":"13","oppositeId":"31","type":"runway","icao":"LFBP","airport":"","uuid":"runway-lfbp-13-31"}},{"id":"LFBR: 12","type":"Feature","geometry":{"type":"LineString","coordinates":[[139997.4943231136,5380931.238047869],[141348.78925302083,5380248.595507347]]},"properties":{"name":"12","oppositeId":"30","type":"runway","icao":"LFBR","airport":"","uuid":"runway-lfbr-12-30"}},{"id":"LFBR: 12R","type":"Feature","geometry":{"type":"LineString","coordinates":[[140115.7094379199,5380806.904513549],[141128.9332587041,5380294.892817261]]},"properties":{"name":"12R","oppositeId":"30L","type":"runway","icao":"LFBR","airport":"","uuid":"runway-lfbr-12r-30l"}},{"id":"LFBS: 09","type":"Feature","geometry":{"type":"LineString","coordinates":[[-126610.76895776848,5522605.970154829],[-125494.4509196774,5522586.504926172]]},"properties":{"name":"09","oppositeId":"27","type":"runway","icao":"LFBS","airport":"","uuid":"runway-lfbs-09-27"}},{"id":"LFBS: 09R","type":"Feature","geometry":{"type":"LineString","coordinates":[[-127133.29027871981,5522531.526693587],[-125310.21716241453,5522498.695633261]]},"properties":{"name":"09R","oppositeId":"27L","type":"runway","icao":"LFBS","airport":"","uuid":"runway-lfbs-09r-27l"}},{"id":"LFBS: 14","type":"Feature","geometry":{"type":"LineString","coordinates":[[-126258.22631484235,5522395.272077363],[-125558.79976977206,5521698.458860702]]},"properties":{"name":"14","oppositeId":"32","type":"runway","icao":"LFBS","airport":"","uuid":"runway-lfbs-14-32"}},{"id":"LFBT: 02","type":"Feature","geometry":{"type":"LineString","coordinates":[[-1102.0629588534084,5338129.817747073],[7.668676032425513,5341135.092865733]]},"properties":{"name":"02","oppositeId":"20","type":"runway","icao":"LFBT","airport":"","uuid":"runway-lfbt-02-20"}},{"id":"LFBU: 10","type":"Feature","geometry":{"type":"LineString","coordinates":[[22984.351718652626,5737274.7532135],[25627.29288465037,5736952.61782799]]},"properties":{"name":"10","oppositeId":"28","type":"runway","icao":"LFBU","airport":"","uuid":"runway-lfbu-10-28"}},{"id":"LFBX: 11","type":"Feature","geometry":{"type":"LineString","coordinates":[[90086.16374271837,5652957.130178756],[91799.9273034808,5652204.562022693]]},"properties":{"name":"11","oppositeId":"29","type":"runway","icao":"LFBX","airport":"","uuid":"runway-lfbx-11-29"}},{"id":"LFBY: 07","type":"Feature","geometry":{"type":"LineString","coordinates":[[-119281.61737226247,5417376.8612334505],[-118741.03755613802,5417528.62814601]]},"properties":{"name":"07","oppositeId":"25","type":"runway","icao":"LFBY","airport":"","uuid":"runway-lfby-07-25"}},{"id":"LFBZ: 09","type":"Feature","geometry":{"type":"LineString","coordinates":[[-170842.3317412447,5383521.409246077],[-168028.08224774842,5383561.885747044]]},"properties":{"name":"09","oppositeId":"27","type":"runway","icao":"LFBZ","airport":"","uuid":"runway-lfbz-09-27"}},{"id":"LFCA: 18","type":"Feature","geometry":{"type":"LineString","coordinates":[[61248.84965272085,5907174.629157129],[61312.30176247301,5906082.375959942]]},"properties":{"name":"18","oppositeId":"36","type":"runway","icao":"LFCA","airport":"","uuid":"runway-lfca-18-36"}},{"id":"LFCC: 13","type":"Feature","geometry":{"type":"LineString","coordinates":[[163467.41547619033,5520744.027924804],[165118.06707008914,5519437.577842358]]},"properties":{"name":"13","oppositeId":"31","type":"runway","icao":"LFCC","airport":"","uuid":"runway-lfcc-13-31"}},{"id":"LFCE: 04","type":"Feature","geometry":{"type":"LineString","coordinates":[[217216.14535879513,5808329.067407724],[217757.28177237356,5808866.327823404]]},"properties":{"name":"04","oppositeId":"22","type":"runway","icao":"LFCE","airport":"","uuid":"runway-lfce-04-22"}},{"id":"LFCF: 11","type":"Feature","geometry":{"type":"LineString","coordinates":[[198438.99010635118,5570308.458768643],[199418.38517076656,5569957.6403085375]]},"properties":{"name":"11","oppositeId":"29","type":"runway","icao":"LFCF","airport":"","uuid":"runway-lfcf-11-29"}},{"id":"LFCG: 15","type":"Feature","geometry":{"type":"LineString","coordinates":[[122465.01466606157,5313826.3738257075],[123024.39510729777,5312720.285975042]]},"properties":{"name":"15","oppositeId":"33","type":"runway","icao":"LFCG","airport":"","uuid":"runway-lfcg-15-33"}},{"id":"LFCH: 07","type":"Feature","geometry":{"type":"LineString","coordinates":[[-124589.08331663953,5557940.602704744],[-123389.61580334202,5558320.182833522]]},"properties":{"name":"07","oppositeId":"25","type":"runway","icao":"LFCH","airport":"","uuid":"runway-lfch-07-25"}},{"id":"LFCH: 07R","type":"Feature","geometry":{"type":"LineString","coordinates":[[-124672.91307762303,5557845.547311065],[-123463.76695304266,5558228.119842143]]},"properties":{"name":"07R","oppositeId":"25L","type":"runway","icao":"LFCH","airport":"","uuid":"runway-lfch-07r-25l"}},{"id":"LFCI: 09","type":"Feature","geometry":{"type":"LineString","coordinates":[[233972.1715675641,5452011.768043783],[235803.37719111348,5452033.23005268]]},"properties":{"name":"09","oppositeId":"27","type":"runway","icao":"LFCI","airport":"","uuid":"runway-lfci-09-27"}},{"id":"LFCJ: 14","type":"Feature","geometry":{"type":"LineString","coordinates":[[-48423.97849507401,5699383.666028698],[-47144.45371464766,5697985.891949317]]},"properties":{"name":"14","oppositeId":"32","type":"runway","icao":"LFCJ","airport":"","uuid":"runway-lfcj-14-32"}},{"id":"LFCK: 14","type":"Feature","geometry":{"type":"LineString","coordinates":[[254173.8761592734,5397842.45893405],[255618.58669520466,5396040.95139614]]},"properties":{"name":"14","oppositeId":"32","type":"runway","icao":"LFCK","airport":"","uuid":"runway-lfck-14-32"}},{"id":"LFCL: 15","type":"Feature","geometry":{"type":"LineString","coordinates":[[166664.72770633857,5402211.422121316],[167130.38332074299,5401194.44954126]]},"properties":{"name":"15","oppositeId":"33","type":"runway","icao":"LFCL","airport":"","uuid":"runway-lfcl-15-33"}},{"id":"LFCM: 14","type":"Feature","geometry":{"type":"LineString","coordinates":[[353931.63187251525,5464311.314536448],[354625.8016638537,5463408.318521822]]},"properties":{"name":"14","oppositeId":"32","type":"runway","icao":"LFCM","airport":"","uuid":"runway-lfcm-14-32"}},{"id":"LFCN: 14","type":"Feature","geometry":{"type":"LineString","coordinates":[[-4656.2469232364265,5430552.842439048],[-3768.47398416007,5429655.807909725]]},"properties":{"name":"14","oppositeId":"32","type":"runway","icao":"LFCN","airport":"","uuid":"runway-lfcn-14-32"}},{"id":"LFCP: 13","type":"Feature","geometry":{"type":"LineString","coordinates":[[-57875.65262711923,5711607.287352302],[-56485.39587543434,5710495.16111192]]},"properties":{"name":"13","oppositeId":"31","type":"runway","icao":"LFCP","airport":"","uuid":"runway-lfcp-13-31"}},{"id":"LFCQ: 09","type":"Feature","geometry":{"type":"LineString","coordinates":[[223359.09500365652,5429737.166044973],[224214.1214591912,5429648.528532612]]},"properties":{"name":"09","oppositeId":"27","type":"runway","icao":"LFCQ","airport":"","uuid":"runway-lfcq-09-27"}},{"id":"LFCQ: 09L","type":"Feature","geometry":{"type":"LineString","coordinates":[[223437.0186472118,5429820.58028897],[224113.6246966695,5429751.6821245765]]},"properties":{"name":"09L","oppositeId":"27R","type":"runway","icao":"LFCQ","airport":"","uuid":"runway-lfcq-09l-27r"}},{"id":"LFCR: 13","type":"Feature","geometry":{"type":"LineString","coordinates":[[275255.34487113816,5529681.43447834],[277422.39521399466,5527925.427462162]]},"properties":{"name":"13","oppositeId":"31","type":"runway","icao":"LFCR","airport":"","uuid":"runway-lfcr-13-31"}},{"id":"LFCS: 03","type":"Feature","geometry":{"type":"LineString","coordinates":[[-66774.31626656809,5573812.691781238],[-66217.71881260173,5574697.053488199]]},"properties":{"name":"03","oppositeId":"21","type":"runway","icao":"LFCS","airport":"","uuid":"runway-lfcs-03-21"}},{"id":"LFCS: 03R","type":"Feature","geometry":{"type":"LineString","coordinates":[[-66723.32575536861,5573498.233214277],[-66142.36170175084,5574419.976980427]]},"properties":{"name":"03R","oppositeId":"21L","type":"runway","icao":"LFCS","airport":"","uuid":"runway-lfcs-03r-21l"}},{"id":"LFCT: 12","type":"Feature","geometry":{"type":"LineString","coordinates":[[-17738.729935827367,5936027.668029651],[-16592.139180656646,5935398.39417649]]},"properties":{"name":"12","oppositeId":"30","type":"runway","icao":"LFCT","airport":"","uuid":"runway-lfct-12-30"}},{"id":"LFCU: 10","type":"Feature","geometry":{"type":"LineString","coordinates":[[268978.8118373249,5706442.917526177],[270868.46019354067,5706131.737612962]]},"properties":{"name":"10","oppositeId":"28","type":"runway","icao":"LFCU","airport":"","uuid":"runway-lfcu-10-28"}},{"id":"LFCU: 10R","type":"Feature","geometry":{"type":"LineString","coordinates":[[269246.5352126827,5706340.1020251615],[270511.5884593059,5706132.223202346]]},"properties":{"name":"10R","oppositeId":"28L","type":"runway","icao":"LFCU","airport":"","uuid":"runway-lfcu-10r-28l"}},{"id":"LFCV: 13","type":"Feature","geometry":{"type":"LineString","coordinates":[[225068.5294731103,5523163.169124881],[226108.68642625038,5522317.413210491]]},"properties":{"name":"13","oppositeId":"31","type":"runway","icao":"LFCV","airport":"","uuid":"runway-lfcv-13-31"}},{"id":"LFCW: 10","type":"Feature","geometry":{"type":"LineString","coordinates":[[83845.1601797166,5527585.285664451],[85052.0799144811,5527311.242489844]]},"properties":{"name":"10","oppositeId":"28","type":"runway","icao":"LFCW","airport":"","uuid":"runway-lfcw-10-28"}},{"id":"LFCX: 10","type":"Feature","geometry":{"type":"LineString","coordinates":[[124943.07929736214,5478858.306337812],[126169.17072220774,5478597.343028508]]},"properties":{"name":"10","oppositeId":"28","type":"runway","icao":"LFCX","airport":"","uuid":"runway-lfcx-10-28"}},{"id":"LFCX: 10L","type":"Feature","geometry":{"type":"LineString","coordinates":[[124987.05049622549,5478930.543947685],[126167.93383897669,5478680.082488262]]},"properties":{"name":"10L","oppositeId":"28R","type":"runway","icao":"LFCX","airport":"","uuid":"runway-lfcx-10l-28r"}},{"id":"LFCY: 10","type":"Feature","geometry":{"type":"LineString","coordinates":[[-108908.52707725669,5721501.408285877],[-107690.47539341287,5721257.844903549]]},"properties":{"name":"10","oppositeId":"28","type":"runway","icao":"LFCY","airport":"","uuid":"runway-lfcy-10-28"}},{"id":"LFCY: 10R","type":"Feature","geometry":{"type":"LineString","coordinates":[[-108772.16070103493,5721335.229062913],[-107696.6907316488,5721121.606194478]]},"properties":{"name":"10R","oppositeId":"28L","type":"runway","icao":"LFCY","airport":"","uuid":"runway-lfcy-10r-28l"}},{"id":"LFCZ: 08","type":"Feature","geometry":{"type":"LineString","coordinates":[[-130382.0568512792,5487939.307854134],[-129151.97647801349,5488122.969271594]]},"properties":{"name":"08","oppositeId":"26","type":"runway","icao":"LFCZ","airport":"","uuid":"runway-lfcz-08-26"}},{"id":"LFDA: 12","type":"Feature","geometry":{"type":"LineString","coordinates":[[-27998.954636001065,5420582.884849271],[-27351.198887907318,5420274.889896455]]},"properties":{"name":"12","oppositeId":"30","type":"runway","icao":"LFDA","airport":"","uuid":"runway-lfda-12-30"}},{"id":"LFDB: 13","type":"Feature","geometry":{"type":"LineString","coordinates":[[153099.58193491647,5469734.597004057],[153842.63953596156,5469002.176453398]]},"properties":{"name":"13","oppositeId":"31","type":"runway","icao":"LFDB","airport":"","uuid":"runway-lfdb-13-31"}},{"id":"LFDE: 07","type":"Feature","geometry":{"type":"LineString","coordinates":[[229797.1340653624,5687853.025967891],[230547.5511216322,5688123.435841781]]},"properties":{"name":"07","oppositeId":"25","type":"runway","icao":"LFDE","airport":"","uuid":"runway-lfde-07-25"}},{"id":"LFDF: 10","type":"Feature","geometry":{"type":"LineString","coordinates":[[19164.856301212305,5598349.111288586],[20215.92874886624,5598244.078859893]]},"properties":{"name":"10","oppositeId":"28","type":"runway","icao":"LFDF","airport":"","uuid":"runway-lfdf-10-28"}},{"id":"LFDH: 18","type":"Feature","geometry":{"type":"LineString","coordinates":[[66848.00358505707,5417923.387749083],[66702.298740441,5415586.935388069]]},"properties":{"name":"18","oppositeId":"36","type":"runway","icao":"LFDH","airport":"","uuid":"runway-lfdh-18-36"}},{"id":"LFDI: 04","type":"Feature","geometry":{"type":"LineString","coordinates":[[-15595.520517249093,5618576.28552533],[-15022.874503360028,5619386.338466418]]},"properties":{"name":"04","oppositeId":"22","type":"runway","icao":"LFDI","airport":"","uuid":"runway-lfdi-04-22"}},{"id":"LFDJ: 09","type":"Feature","geometry":{"type":"LineString","coordinates":[[188126.25971302,5325809.451094725],[189902.02204573812,5325742.675998277]]},"properties":{"name":"09","oppositeId":"27","type":"runway","icao":"LFDJ","airport":"","uuid":"runway-lfdj-09-27"}},{"id":"LFDK: 14","type":"Feature","geometry":{"type":"LineString","coordinates":[[-120960.96465712131,5699905.516518153],[-120242.0572011622,5699185.653131755]]},"properties":{"name":"14","oppositeId":"32","type":"runway","icao":"LFDK","airport":"","uuid":"runway-lfdk-14-32"}},{"id":"LFDM: 11","type":"Feature","geometry":{"type":"LineString","coordinates":[[21767.629684282143,5543178.852153432],[22837.502757047834,5542839.397451466]]},"properties":{"name":"11","oppositeId":"29","type":"runway","icao":"LFDM","airport":"","uuid":"runway-lfdm-11-29"}},{"id":"LFDM: 11L","type":"Feature","geometry":{"type":"LineString","coordinates":[[21769.392242886373,5543262.048666969],[22733.3262669138,5542956.449366597]]},"properties":{"name":"11L","oppositeId":"29R","type":"runway","icao":"LFDM","airport":"","uuid":"runway-lfdm-11l-29r"}},{"id":"LFDN: 12","type":"Feature","geometry":{"type":"LineString","coordinates":[[-111014.56815474232,5763726.284304553],[-108260.3074979513,5761957.715416643]]},"properties":{"name":"12","oppositeId":"30","type":"runway","icao":"LFDN","airport":"","uuid":"runway-lfdn-12-30"}},{"id":"LFDP: 10","type":"Feature","geometry":{"type":"LineString","coordinates":[[-146582.04220353573,5773650.511544596],[-145455.27250214235,5773511.377700283]]},"properties":{"name":"10","oppositeId":"28","type":"runway","icao":"LFDP","airport":"","uuid":"runway-lfdp-10-28"}},{"id":"LFDS: 10","type":"Feature","geometry":{"type":"LineString","coordinates":[[138236.2035241986,5588942.94681999],[139250.75699445617,5588681.163717154]]},"properties":{"name":"10","oppositeId":"28","type":"runway","icao":"LFDS","airport":"","uuid":"runway-lfds-10-28"}},{"id":"LFDT: 08L","type":"Feature","geometry":{"type":"LineString","coordinates":[[8245.094540169239,5344746.402672283],[8996.501103023835,5344876.237362256]]},"properties":{"name":"08L","oppositeId":"26R","type":"runway","icao":"LFDT","airport":"","uuid":"runway-lfdt-08l-26r"}},{"id":"LFDT: 08R","type":"Feature","geometry":{"type":"LineString","coordinates":[[8261.112178011159,5344651.403861008],[8999.840687747634,5344778.606598183]]},"properties":{"name":"08R","oppositeId":"26L","type":"runway","icao":"LFDT","airport":"","uuid":"runway-lfdt-08r-26l"}},{"id":"LFDX: 17","type":"Feature","geometry":{"type":"LineString","coordinates":[[112037.16136600163,5537280.731417065],[112199.56413423672,5536295.945505181]]},"properties":{"name":"17","oppositeId":"35","type":"runway","icao":"LFDX","airport":"","uuid":"runway-lfdx-17-35"}},{"id":"LFEA: 06","type":"Feature","geometry":{"type":"LineString","coordinates":[[-356781.0706939346,5995092.623193665],[-355934.4859664517,5995575.134136286]]},"properties":{"name":"06","oppositeId":"24","type":"runway","icao":"LFEA","airport":"","uuid":"runway-lfea-06-24"}},{"id":"LFEB: 07","type":"Feature","geometry":{"type":"LineString","coordinates":[[-234687.18284134546,6180725.387373298],[-233512.11284978018,6181145.429102963]]},"properties":{"name":"07","oppositeId":"25","type":"runway","icao":"LFEB","airport":"","uuid":"runway-lfeb-07-25"}},{"id":"LFEC: 05","type":"Feature","geometry":{"type":"LineString","coordinates":[[-564126.9806353017,6183902.248194423],[-563369.111357565,6184513.130436301]]},"properties":{"name":"05","oppositeId":"23","type":"runway","icao":"LFEC","airport":"","uuid":"runway-lfec-05-23"}},{"id":"LFED: 09","type":"Feature","geometry":{"type":"LineString","coordinates":[[-325981.1939812516,6116359.965475127],[-324401.6631731374,6116254.392691675]]},"properties":{"name":"09","oppositeId":"27","type":"runway","icao":"LFED","airport":"","uuid":"runway-lfed-09-27"}},{"id":"LFEF: 10","type":"Feature","geometry":{"type":"LineString","coordinates":[[104925.39200835026,5997784.023835868],[105629.82793050625,5997595.429772009]]},"properties":{"name":"10","oppositeId":"28","type":"runway","icao":"LFEF","airport":"","uuid":"runway-lfef-10-28"}},{"id":"LFEG: 03","type":"Feature","geometry":{"type":"LineString","coordinates":[[178051.1655104517,5876065.666961771],[178525.85037244266,5876764.22429503]]},"properties":{"name":"03","oppositeId":"21","type":"runway","icao":"LFEG","airport":"","uuid":"runway-lfeg-03-21"}},{"id":"LFEG: 03R","type":"Feature","geometry":{"type":"LineString","coordinates":[[178010.65758463525,5875918.564343702],[178586.73594949042,5876766.3394470615]]},"properties":{"name":"03R","oppositeId":"21L","type":"runway","icao":"LFEG","airport":"","uuid":"runway-lfeg-03r-21l"}},{"id":"LFEH: 06","type":"Feature","geometry":{"type":"LineString","coordinates":[[265896.15868269367,6020451.975032324],[266960.15656011197,6021095.308298143]]},"properties":{"name":"06","oppositeId":"24","type":"runway","icao":"LFEH","airport":"","uuid":"runway-lfeh-06-24"}},{"id":"LFEL: 04","type":"Feature","geometry":{"type":"LineString","coordinates":[[120492.52605544707,5879851.898816421],[121270.21638696118,5880719.9993321225]]},"properties":{"name":"04","oppositeId":"22","type":"runway","icao":"LFEL","airport":"","uuid":"runway-lfel-04-22"}},{"id":"LFEN: 04","type":"Feature","geometry":{"type":"LineString","coordinates":[[77512.6272576181,5985249.227670369],[78065.23576316438,5986012.535795459]]},"properties":{"name":"04","oppositeId":"22","type":"runway","icao":"LFEN","airport":"","uuid":"runway-lfen-04-22"}},{"id":"LFEP: 03","type":"Feature","geometry":{"type":"LineString","coordinates":[[507376.86082634487,5977587.965464134],[507947.71335954894,5978702.188416412]]},"properties":{"name":"03","oppositeId":"21","type":"runway","icao":"LFEP","airport":"","uuid":"runway-lfep-03-21"}},{"id":"LFEQ: 11","type":"Feature","geometry":{"type":"LineString","coordinates":[[-345371.81239420886,6021036.65094025],[-344523.34141979873,6020710.8856424885]]},"properties":{"name":"11","oppositeId":"29","type":"runway","icao":"LFEQ","airport":"","uuid":"runway-lfeq-11-29"}},{"id":"LFER: 04","type":"Feature","geometry":{"type":"LineString","coordinates":[[-227298.56809450735,6056432.348033924],[-226427.27662448454,6057322.709263811]]},"properties":{"name":"04","oppositeId":"22","type":"runway","icao":"LFER","airport":"","uuid":"runway-lfer-04-22"}},{"id":"LFES: 02","type":"Feature","geometry":{"type":"LineString","coordinates":[[-408392.21897666226,6114560.964522421],[-407531.06994913396,6116637.134914816]]},"properties":{"name":"02","oppositeId":"20","type":"runway","icao":"LFES","airport":"","uuid":"runway-lfes-02-20"}},{"id":"LFES: 02R","type":"Feature","geometry":{"type":"LineString","coordinates":[[-408178.82569722773,6114929.615639811],[-407965.5561061163,6115437.519797321]]},"properties":{"name":"02R","oppositeId":"20L","type":"runway","icao":"LFES","airport":"","uuid":"runway-lfes-02r-20l"}},{"id":"LFET: 01","type":"Feature","geometry":{"type":"LineString","coordinates":[[579864.0933604238,6031007.248562403],[580267.0699170954,6032510.81705312]]},"properties":{"name":"01","oppositeId":"19","type":"runway","icao":"LFET","airport":"","uuid":"runway-lfet-01-19"}},{"id":"LFET: 11","type":"Feature","geometry":{"type":"LineString","coordinates":[[579616.7476362973,6031872.223171362],[580862.3199720316,6031448.383044581]]},"properties":{"name":"11","oppositeId":"29","type":"runway","icao":"LFET","airport":"","uuid":"runway-lfet-11-29"}},{"id":"LFEV: 07","type":"Feature","geometry":{"type":"LineString","coordinates":[[624584.5960851286,6012610.137035903],[626188.8027137021,6013037.992267055]]},"properties":{"name":"07","oppositeId":"25","type":"runway","icao":"LFEV","airport":"","uuid":"runway-lfev-07-25"}},{"id":"LFEV: 07L","type":"Feature","geometry":{"type":"LineString","coordinates":[[624606.5198403987,6012699.637482269],[625832.9204860522,6013026.929931852]]},"properties":{"name":"07L","oppositeId":"25R","type":"runway","icao":"LFEV","airport":"","uuid":"runway-lfev-07l-25r"}},{"id":"LFEV: 07R","type":"Feature","geometry":{"type":"LineString","coordinates":[[625175.1459837868,6012721.53277825],[625674.6303545603,6012854.642741643]]},"properties":{"name":"07R","oppositeId":"25L","type":"runway","icao":"LFEV","airport":"","uuid":"runway-lfev-07r-25l"}},{"id":"LFEW: 05","type":"Feature","geometry":{"type":"LineString","coordinates":[[474405.0171599621,5980878.733999705],[475276.43231830804,5981505.063760168]]},"properties":{"name":"05","oppositeId":"23","type":"runway","icao":"LFEW","airport":"","uuid":"runway-lfew-05-23"}},{"id":"LFEY: 04","type":"Feature","geometry":{"type":"LineString","coordinates":[[-266540.2656252559,5895805.352992038],[-266124.7037817084,5896408.419801952]]},"properties":{"name":"04","oppositeId":"22","type":"runway","icao":"LFEY","airport":"","uuid":"runway-lfey-04-22"}},{"id":"LFEY: 14","type":"Feature","geometry":{"type":"LineString","coordinates":[[-266812.1016373569,5896704.759067523],[-265708.80179527245,5895302.53588381]]},"properties":{"name":"14","oppositeId":"32","type":"runway","icao":"LFEY","airport":"","uuid":"runway-lfey-14-32"}},{"id":"LFFD: 05L","type":"Feature","geometry":{"type":"LineString","coordinates":[[138573.59434754454,6257002.690406046],[139898.2962879845,6258022.394565371]]},"properties":{"name":"05L","oppositeId":"23R","type":"runway","icao":"LFFD","airport":"","uuid":"runway-lffd-05l-23r"}},{"id":"LFFD: 05R","type":"Feature","geometry":{"type":"LineString","coordinates":[[139410.6241520676,6256991.872670896],[139893.28691089878,6257366.221379305]]},"properties":{"name":"05R","oppositeId":"23L","type":"runway","icao":"LFFD","airport":"","uuid":"runway-lffd-05r-23l"}},{"id":"LFFI: 07","type":"Feature","geometry":{"type":"LineString","coordinates":[[-132061.96073359202,6008509.55850928],[-130375.81059096244,6009049.062360251]]},"properties":{"name":"07","oppositeId":"25","type":"runway","icao":"LFFI","airport":"","uuid":"runway-lffi-07-25"}},{"id":"LFFK: 08","type":"Feature","geometry":{"type":"LineString","coordinates":[[-89068.82728519096,5851227.341244199],[-87670.31433793891,5851362.9026408475]]},"properties":{"name":"08","oppositeId":"26","type":"runway","icao":"LFFK","airport":"","uuid":"runway-lffk-08-26"}},{"id":"LFFN: 10","type":"Feature","geometry":{"type":"LineString","coordinates":[[497084.4771621642,6178938.099083032],[499022.3330423096,6178630.056112381]]},"properties":{"name":"10","oppositeId":"28","type":"runway","icao":"LFFN","airport":"","uuid":"runway-lffn-10-28"}},{"id":"LFFN: 10R","type":"Feature","geometry":{"type":"LineString","coordinates":[[497123.0988410534,6178852.675461612],[498224.26505956426,6178677.543402899]]},"properties":{"name":"10R","oppositeId":"28L","type":"runway","icao":"LFFN","airport":"","uuid":"runway-lffn-10r-28l"}},{"id":"LFFO: 10","type":"Feature","geometry":{"type":"LineString","coordinates":[[-232976.20226785287,5924321.425116814],[-232062.4857030055,5924185.590826958]]},"properties":{"name":"10","oppositeId":"28","type":"runway","icao":"LFFO","airport":"","uuid":"runway-lffo-10-28"}},{"id":"LFFP: 07","type":"Feature","geometry":{"type":"LineString","coordinates":[[243034.59854680215,6132538.78733556],[244166.25393695812,6132977.325305107]]},"properties":{"name":"07","oppositeId":"25","type":"runway","icao":"LFFP","airport":"","uuid":"runway-lffp-07-25"}},{"id":"LFFV: 04","type":"Feature","geometry":{"type":"LineString","coordinates":[[229702.5124981881,5973536.344840521],[230140.67838278273,5974080.550520712]]},"properties":{"name":"04","oppositeId":"22","type":"runway","icao":"LFFV","airport":"","uuid":"runway-lffv-04-22"}},{"id":"LFFX: 01","type":"Feature","geometry":{"type":"LineString","coordinates":[[553793.068616639,5870476.689700198],[553990.1041153432,5871446.363344026]]},"properties":{"name":"01","oppositeId":"19","type":"runway","icao":"LFFX","airport":"","uuid":"runway-lffx-01-19"}},{"id":"LFFZ: 06L","type":"Feature","geometry":{"type":"LineString","coordinates":[[418493.5969478901,6225500.376911607],[419331.27611610957,6226023.669641626]]},"properties":{"name":"06L","oppositeId":"24R","type":"runway","icao":"LFFZ","airport":"","uuid":"runway-lffz-06l-24r"}},{"id":"LFFZ: 06R","type":"Feature","geometry":{"type":"LineString","coordinates":[[418545.45327735133,6225416.874241552],[419421.87781278294,6225964.295592476]]},"properties":{"name":"06R","oppositeId":"24L","type":"runway","icao":"LFFZ","airport":"","uuid":"runway-lffz-06r-24l"}},{"id":"LFGA: 01","type":"Feature","geometry":{"type":"LineString","coordinates":[[819025.1137705086,6124246.855856285],[819425.214573668,6126307.727012613]]},"properties":{"name":"01","oppositeId":"19","type":"runway","icao":"LFGA","airport":"","uuid":"runway-lfga-01-19"}},{"id":"LFGB: 02","type":"Feature","geometry":{"type":"LineString","coordinates":[[827069.7404610076,6063240.969579679],[827588.7057426698,6064516.877347498]]},"properties":{"name":"02","oppositeId":"20","type":"runway","icao":"LFGB","airport":"","uuid":"runway-lfgb-02-20"}},{"id":"LFGB: 02R","type":"Feature","geometry":{"type":"LineString","coordinates":[[827174.0406394647,6063180.691887012],[827716.3830141935,6064515.0839180015]]},"properties":{"name":"02R","oppositeId":"20L","type":"runway","icao":"LFGB","airport":"","uuid":"runway-lfgb-02r-20l"}},{"id":"LFGB: 16","type":"Feature","geometry":{"type":"LineString","coordinates":[[826838.1959201577,6064357.815398256],[827067.6068374341,6063650.1425749855]]},"properties":{"name":"16","oppositeId":"34","type":"runway","icao":"LFGB","airport":"","uuid":"runway-lfgb-16-34"}},{"id":"LFGC: 17","type":"Feature","geometry":{"type":"LineString","coordinates":[[865758.2728887559,6199834.062055654],[865815.4787381912,6199006.308022079]]},"properties":{"name":"17","oppositeId":"35","type":"runway","icao":"LFGC","airport":"","uuid":"runway-lfgc-17-35"}},{"id":"LFGF: 02","type":"Feature","geometry":{"type":"LineString","coordinates":[[544475.070639788,5942542.360690331],[545049.6029006044,5943747.747320045]]},"properties":{"name":"02","oppositeId":"20","type":"runway","icao":"LFGF","airport":"","uuid":"runway-lfgf-02-20"}},{"id":"LFGH: 11","type":"Feature","geometry":{"type":"LineString","coordinates":[[324056.9128945668,6001421.638890237],[325141.62856610486,6000945.878075397]]},"properties":{"name":"11","oppositeId":"29","type":"runway","icao":"LFGH","airport":"","uuid":"runway-lfgh-11-29"}},{"id":"LFGI: 02","type":"Feature","geometry":{"type":"LineString","coordinates":[[550511.9266255074,6004682.5037129745],[550865.7061516646,6005736.2220227225]]},"properties":{"name":"02","oppositeId":"20","type":"runway","icao":"LFGI","airport":"","uuid":"runway-lfgi-02-20"}},{"id":"LFGJ: 05","type":"Feature","geometry":{"type":"LineString","coordinates":[[602832.7675841231,5947476.694691408],[605487.7374395427,5949386.509782153]]},"properties":{"name":"05","oppositeId":"23","type":"runway","icao":"LFGJ","airport":"","uuid":"runway-lfgj-05-23"}},{"id":"LFGK: 08","type":"Feature","geometry":{"type":"LineString","coordinates":[[377207.9807999348,6105872.001227962],[378317.3722919321,6106067.459203708]]},"properties":{"name":"08","oppositeId":"26","type":"runway","icao":"LFGK","airport":"","uuid":"runway-lfgk-08-26"}},{"id":"LFGK: 08R","type":"Feature","geometry":{"type":"LineString","coordinates":[[377560.18329997244,6105849.683259957],[378272.8444956148,6105975.459398731]]},"properties":{"name":"08R","oppositeId":"26L","type":"runway","icao":"LFGK","airport":"","uuid":"runway-lfgk-08r-26l"}},{"id":"LFGM: 09","type":"Feature","geometry":{"type":"LineString","coordinates":[[482267.5127946909,5877555.371711409],[483575.8569544004,5877530.572732205]]},"properties":{"name":"09","oppositeId":"27","type":"runway","icao":"LFGM","airport":"","uuid":"runway-lfgm-09-27"}},{"id":"LFGO: 14L","type":"Feature","geometry":{"type":"LineString","coordinates":[[360905.7979707139,6156131.44962172],[361791.77742910525,6154962.070743322]]},"properties":{"name":"14L","oppositeId":"32R","type":"runway","icao":"LFGO","airport":"","uuid":"runway-lfgo-14l-32r"}},{"id":"LFGO: 14R","type":"Feature","geometry":{"type":"LineString","coordinates":[[360821.751755165,6156068.703159627],[361708.2878110102,6154898.496366982]]},"properties":{"name":"14R","oppositeId":"32L","type":"runway","icao":"LFGO","airport":"","uuid":"runway-lfgo-14r-32l"}},{"id":"LFGP: 07C","type":"Feature","geometry":{"type":"LineString","coordinates":[[419540.5567588009,6103328.588472733],[421028.898350707,6103809.890424369]]},"properties":{"name":"07C","oppositeId":"25C","type":"runway","icao":"LFGP","airport":"","uuid":"runway-lfgp-07c-25c"}},{"id":"LFGP: 07L","type":"Feature","geometry":{"type":"LineString","coordinates":[[419584.7444122297,6103477.7942733625],[421089.10364197765,6103966.034103449]]},"properties":{"name":"07L","oppositeId":"25R","type":"runway","icao":"LFGP","airport":"","uuid":"runway-lfgp-07l-25r"}},{"id":"LFGQ: 04","type":"Feature","geometry":{"type":"LineString","coordinates":[[483170.221098782,6020644.178474839],[483822.9862239616,6021340.419828256]]},"properties":{"name":"04","oppositeId":"22","type":"runway","icao":"LFGQ","airport":"","uuid":"runway-lfgq-04-22"}},{"id":"LFGQ: 04L","type":"Feature","geometry":{"type":"LineString","coordinates":[[483130.02239377337,6020694.917967756],[483759.5341142094,6021365.63143226]]},"properties":{"name":"04L","oppositeId":"22R","type":"runway","icao":"LFGQ","airport":"","uuid":"runway-lfgq-04l-22r"}},{"id":"LFGT: 04","type":"Feature","geometry":{"type":"LineString","coordinates":[[787114.7323709204,6226541.605163704],[787885.0632472099,6227363.093596293]]},"properties":{"name":"04","oppositeId":"22","type":"runway","icao":"LFGT","airport":"","uuid":"runway-lfgt-04-22"}},{"id":"LFGU: 05L","type":"Feature","geometry":{"type":"LineString","coordinates":[[790454.9664584148,6296522.712485584],[791340.2965531099,6297158.777426685]]},"properties":{"name":"05L","oppositeId":"23R","type":"runway","icao":"LFGU","airport":"","uuid":"runway-lfgu-05l-23r"}},{"id":"LFGU: 05R","type":"Feature","geometry":{"type":"LineString","coordinates":[[790713.7842745093,6296426.739837898],[791473.5397991734,6296972.158750851]]},"properties":{"name":"05R","oppositeId":"23L","type":"runway","icao":"LFGU","airport":"","uuid":"runway-lfgu-05r-23l"}},{"id":"LFGW: 10","type":"Feature","geometry":{"type":"LineString","coordinates":[[607969.2653438901,6295795.5023517255],[609559.2478153066,6295525.70868843]]},"properties":{"name":"10","oppositeId":"28","type":"runway","icao":"LFGW","airport":"","uuid":"runway-lfgw-10-28"}},{"id":"LFGY: 07","type":"Feature","geometry":{"type":"LineString","coordinates":[[779453.4776378811,6151079.742967206],[780675.239971418,6151536.931468568]]},"properties":{"name":"07","oppositeId":"25","type":"runway","icao":"LFGY","airport":"","uuid":"runway-lfgy-07-25"}},{"id":"LFHD: 18L","type":"Feature","geometry":{"type":"LineString","coordinates":[[525338.6008087281,5528054.450084959],[525264.109516139,5526794.123127005]]},"properties":{"name":"18L","oppositeId":"36R","type":"runway","icao":"LFHD","airport":"","uuid":"runway-lfhd-18l-36r"}},{"id":"LFHD: 18R","type":"Feature","geometry":{"type":"LineString","coordinates":[[525129.5366206022,5528068.300324093],[525037.6980406977,5526497.687476531]]},"properties":{"name":"18R","oppositeId":"36L","type":"runway","icao":"LFHD","airport":"","uuid":"runway-lfhd-18r-36l"}},{"id":"LFHE: 02","type":"Feature","geometry":{"type":"LineString","coordinates":[[567684.5351064893,5631179.273431477],[567942.7963251297,5631841.99854724]]},"properties":{"name":"02","oppositeId":"20","type":"runway","icao":"LFHE","airport":"","uuid":"runway-lfhe-02-20"}},{"id":"LFHE: 06","type":"Feature","geometry":{"type":"LineString","coordinates":[[567240.8032473549,5631375.7918672],[568097.0665861208,5631826.237574355]]},"properties":{"name":"06","oppositeId":"24","type":"runway","icao":"LFHE","airport":"","uuid":"runway-lfhe-06-24"}},{"id":"LFHF: 18","type":"Feature","geometry":{"type":"LineString","coordinates":[[482353.78540005576,5534782.517526466],[482301.24878481746,5534103.770147321]]},"properties":{"name":"18","oppositeId":"36","type":"runway","icao":"LFHF","airport":"","uuid":"runway-lfhf-18-36"}},{"id":"LFHG: 10","type":"Feature","geometry":{"type":"LineString","coordinates":[[504272.59313725133,5699373.52046295],[505193.20532611164,5699242.026149899]]},"properties":{"name":"10","oppositeId":"28","type":"runway","icao":"LFHG","airport":"","uuid":"runway-lfhg-10-28"}},{"id":"LFHH: 01","type":"Feature","geometry":{"type":"LineString","coordinates":[[537370.6607373614,5694386.383212923],[537518.499205551,5695113.0030851]]},"properties":{"name":"01","oppositeId":"19","type":"runway","icao":"LFHH","airport":"","uuid":"runway-lfhh-01-19"}},{"id":"LFHM: 15","type":"Feature","geometry":{"type":"LineString","coordinates":[[740098.9454343814,5752265.205644175],[740432.0071664187,5751553.57157339]]},"properties":{"name":"15","oppositeId":"33","type":"runway","icao":"LFHM","airport":"","uuid":"runway-lfhm-15-33"}},{"id":"LFHN: 18","type":"Feature","geometry":{"type":"LineString","coordinates":[[646227.5479397223,5800478.233218083],[646150.5210365095,5799682.732477107]]},"properties":{"name":"18","oppositeId":"36","type":"runway","icao":"LFHN","airport":"","uuid":"runway-lfhn-18-36"}},{"id":"LFHO: 18","type":"Feature","geometry":{"type":"LineString","coordinates":[[486777.8384187459,5551051.814452609],[486642.3687828666,5549055.549993598]]},"properties":{"name":"18","oppositeId":"36","type":"runway","icao":"LFHO","airport":"","uuid":"runway-lfho-18-36"}},{"id":"LFHP: 15","type":"Feature","geometry":{"type":"LineString","coordinates":[[418385.6170418207,5635081.463684756],[419341.1711819578,5633352.640640535]]},"properties":{"name":"15","oppositeId":"33","type":"runway","icao":"LFHP","airport":"","uuid":"runway-lfhp-15-33"}},{"id":"LFHP: 15R","type":"Feature","geometry":{"type":"LineString","coordinates":[[418442.2662938021,5634703.991582393],[418980.6197201107,5633730.056114972]]},"properties":{"name":"15R","oppositeId":"33L","type":"runway","icao":"LFHP","airport":"","uuid":"runway-lfhp-15r-33l"}},{"id":"LFHQ: 01","type":"Feature","geometry":{"type":"LineString","coordinates":[[333011.35996773536,5632525.08809225],[333304.77959221805,5634364.109423637]]},"properties":{"name":"01","oppositeId":"19","type":"runway","icao":"LFHQ","airport":"","uuid":"runway-lfhq-01-19"}},{"id":"LFHS: 18","type":"Feature","geometry":{"type":"LineString","coordinates":[[589079.244496614,5813566.817512283],[589085.3670686077,5811919.163813239]]},"properties":{"name":"18","oppositeId":"36","type":"runway","icao":"LFHS","airport":"","uuid":"runway-lfhs-18-36"}},{"id":"LFHT: 02","type":"Feature","geometry":{"type":"LineString","coordinates":[[416824.7013263336,5702875.26230359],[417064.68759523536,5703696.617968909]]},"properties":{"name":"02","oppositeId":"20","type":"runway","icao":"LFHT","airport":"","uuid":"runway-lfht-02-20"}},{"id":"LFHU: 06","type":"Feature","geometry":{"type":"LineString","coordinates":[[676951.1708012118,5635131.917123944],[677494.0697733945,5635448.045887393]]},"properties":{"name":"06","oppositeId":"24","type":"runway","icao":"LFHU","airport":"","uuid":"runway-lfhu-06-24"}},{"id":"LFHV: 18","type":"Feature","geometry":{"type":"LineString","coordinates":[[515963.7062032494,5767918.918123109],[515945.6786301571,5766627.599411042]]},"properties":{"name":"18","oppositeId":"36","type":"runway","icao":"LFHV","airport":"","uuid":"runway-lfhv-18-36"}},{"id":"LFHV: 18L","type":"Feature","geometry":{"type":"LineString","coordinates":[[516054.55527656904,5767916.206565973],[516037.51721006155,5766649.066516231]]},"properties":{"name":"18L","oppositeId":"36R","type":"runway","icao":"LFHV","airport":"","uuid":"runway-lfhv-18l-36r"}},{"id":"LFHX: 05","type":"Feature","geometry":{"type":"LineString","coordinates":[[399019.1178518687,5820696.430364763],[400063.4183638327,5821533.58229648]]},"properties":{"name":"05","oppositeId":"23","type":"runway","icao":"LFHX","airport":"","uuid":"runway-lfhx-05-23"}},{"id":"LFHY: 08","type":"Feature","geometry":{"type":"LineString","coordinates":[[380192.88925723336,5866306.3029422425],[382061.727053087,5866562.474887847]]},"properties":{"name":"08","oppositeId":"26","type":"runway","icao":"LFHY","airport":"","uuid":"runway-lfhy-08-26"}},{"id":"LFIF: 12","type":"Feature","geometry":{"type":"LineString","coordinates":[[304797.65148074564,5438704.149491121],[306071.3629099861,5438003.46904437]]},"properties":{"name":"12","oppositeId":"30","type":"runway","icao":"LFIF","airport":"","uuid":"runway-lfif-12-30"}},{"id":"LFIF: 12R","type":"Feature","geometry":{"type":"LineString","coordinates":[[305127.5900826246,5438443.68112629],[306037.9670627481,5437942.995637067]]},"properties":{"name":"12R","oppositeId":"30L","type":"runway","icao":"LFIF","airport":"","uuid":"runway-lfif-12r-30l"}},{"id":"LFIG: 09","type":"Feature","geometry":{"type":"LineString","coordinates":[[278909.06701353885,5493185.968020818],[279956.7071102266,5493104.477161862]]},"properties":{"name":"09","oppositeId":"27","type":"runway","icao":"LFIG","airport":"","uuid":"runway-lfig-09-27"}},{"id":"LFIK: 05","type":"Feature","geometry":{"type":"LineString","coordinates":[[29323.656576441015,5659045.858523862],[29868.90562676263,5659556.1872386]]},"properties":{"name":"05","oppositeId":"23","type":"runway","icao":"LFIK","airport":"","uuid":"runway-lfik-05-23"}},{"id":"LFIL: 05","type":"Feature","geometry":{"type":"LineString","coordinates":[[-106324.89446218713,5451760.623338091],[-105236.74643968289,5452779.323542418]]},"properties":{"name":"05","oppositeId":"23","type":"runway","icao":"LFIL","airport":"","uuid":"runway-lfil-05-23"}},{"id":"LFIM: 07","type":"Feature","geometry":{"type":"LineString","coordinates":[[68443.55203101321,5328164.584366928],[69207.97678987449,5328445.268235662]]},"properties":{"name":"07","oppositeId":"25","type":"runway","icao":"LFIM","airport":"","uuid":"runway-lfim-07-25"}},{"id":"LFIP: 09","type":"Feature","geometry":{"type":"LineString","coordinates":[[48303.62975669417,5281106.723620026],[48924.23591786667,5281062.432939999]]},"properties":{"name":"09","oppositeId":"27","type":"runway","icao":"LFIP","airport":"","uuid":"runway-lfip-09-27"}},{"id":"LFIR: 12","type":"Feature","geometry":{"type":"LineString","coordinates":[[219978.10561369936,5385581.248372425],[220692.09645881513,5385060.109286088]]},"properties":{"name":"12","oppositeId":"30","type":"runway","icao":"LFIR","airport":"","uuid":"runway-lfir-12-30"}},{"id":"LFIS: 03","type":"Feature","geometry":{"type":"LineString","coordinates":[[193014.391319995,6600135.568935726],[193488.73603909742,6600964.847609925]]},"properties":{"name":"03","oppositeId":"21","type":"runway","icao":"LFIS","airport":"","uuid":"runway-lfis-03-21"}},{"id":"LFIT: 12L","type":"Feature","geometry":{"type":"LineString","coordinates":[[191544.63389863522,5405781.188411018],[192956.84532767104,5404963.384054875]]},"properties":{"name":"12L","oppositeId":"30R","type":"runway","icao":"LFIT","airport":"","uuid":"runway-lfit-12l-30r"}},{"id":"LFIT: 12R","type":"Feature","geometry":{"type":"LineString","coordinates":[[191509.13534990448,5405715.373603047],[192350.4942457362,5405229.058973528]]},"properties":{"name":"12R","oppositeId":"30L","type":"runway","icao":"LFIT","airport":"","uuid":"runway-lfit-12r-30l"}},{"id":"LFIV: 09","type":"Feature","geometry":{"type":"LineString","coordinates":[[-124798.14750476545,5681525.043802058],[-123789.71660650153,5681477.983048996]]},"properties":{"name":"09","oppositeId":"27","type":"runway","icao":"LFIV","airport":"","uuid":"runway-lfiv-09-27"}},{"id":"LFIY: 10","type":"Feature","geometry":{"type":"LineString","coordinates":[[-58896.668812258984,5774851.565738767],[-57851.50248203325,5774698.177613629]]},"properties":{"name":"10","oppositeId":"28","type":"runway","icao":"LFIY","airport":"","uuid":"runway-lfiy-10-28"}},{"id":"LFJA: 18","type":"Feature","geometry":{"type":"LineString","coordinates":[[562054.5518596196,6121718.033848186],[561786.1481984847,6119032.009581069]]},"properties":{"name":"18","oppositeId":"36","type":"runway","icao":"LFJA","airport":"","uuid":"runway-lfja-18-36"}},{"id":"LFJB: 04","type":"Feature","geometry":{"type":"LineString","coordinates":[[-78191.1195540031,5925476.599657947],[-77095.85945292041,5927032.579924347]]},"properties":{"name":"04","oppositeId":"22","type":"runway","icao":"LFJB","airport":"","uuid":"runway-lfjb-04-22"}},{"id":"LFJL: 04","type":"Feature","geometry":{"type":"LineString","coordinates":[[694356.5297841941,6269942.085435138],[697094.0925173662,6273307.606427328]]},"properties":{"name":"04","oppositeId":"22","type":"runway","icao":"LFJL","airport":"","uuid":"runway-lfjl-04-22"}},{"id":"LFJR: 08","type":"Feature","geometry":{"type":"LineString","coordinates":[[-36142.624751225325,6033780.402469351],[-33730.11493116965,6034157.983065383]]},"properties":{"name":"08","oppositeId":"26","type":"runway","icao":"LFJR","airport":"","uuid":"runway-lfjr-08-26"}},{"id":"LFJR: 08L","type":"Feature","geometry":{"type":"LineString","coordinates":[[-35893.73292306003,6033896.378443304],[-34841.76373506359,6034060.836967016]]},"properties":{"name":"08L","oppositeId":"26R","type":"runway","icao":"LFJR","airport":"","uuid":"runway-lfjr-08l-26r"}},{"id":"LFJR: 08R","type":"Feature","geometry":{"type":"LineString","coordinates":[[-34983.01580004794,6033646.649416359],[-33375.46958675075,6033898.211343567]]},"properties":{"name":"08R","oppositeId":"26L","type":"runway","icao":"LFJR","airport":"","uuid":"runway-lfjr-08r-26l"}},{"id":"LFJS: 07","type":"Feature","geometry":{"type":"LineString","coordinates":[[364970.50548870716,6333438.126579451],[366086.4833839097,6333854.329056968]]},"properties":{"name":"07","oppositeId":"25","type":"runway","icao":"LFJS","airport":"","uuid":"runway-lfjs-07-25"}},{"id":"LFJT: 03","type":"Feature","geometry":{"type":"LineString","coordinates":[[78899.57534665997,5965974.91504166],[79407.8415883736,5966842.430153974]]},"properties":{"name":"03","oppositeId":"21","type":"runway","icao":"LFJT","airport":"","uuid":"runway-lfjt-03-21"}},{"id":"LFJU: 06","type":"Feature","geometry":{"type":"LineString","coordinates":[[327092.8118630649,5895075.242615845],[328964.8964773999,5896203.1532280175]]},"properties":{"name":"06","oppositeId":"24","type":"runway","icao":"LFJU","airport":"","uuid":"runway-lfju-06-24"}},{"id":"LFJU: 06R","type":"Feature","geometry":{"type":"LineString","coordinates":[[327399.2806056349,5894970.211666917],[328213.1497716568,5895509.54024007]]},"properties":{"name":"06R","oppositeId":"24L","type":"runway","icao":"LFJU","airport":"","uuid":"runway-lfju-06r-24l"}},{"id":"LFJY: 05C","type":"Feature","geometry":{"type":"LineString","coordinates":[[652527.6745211675,6278281.119286648],[653417.8903046254,6279019.035603662]]},"properties":{"name":"05C","oppositeId":"23C","type":"runway","icao":"LFJY","airport":"","uuid":"runway-lfjy-05c-23c"}},{"id":"LFJY: 05L","type":"Feature","geometry":{"type":"LineString","coordinates":[[652456.2135924945,6278459.82784851],[653228.9873131654,6279100.144785768]]},"properties":{"name":"05L","oppositeId":"23R","type":"runway","icao":"LFJY","airport":"","uuid":"runway-lfjy-05l-23r"}},{"id":"LFJY: 05R","type":"Feature","geometry":{"type":"LineString","coordinates":[[652891.9057106271,6278162.768203689],[655350.180210231,6280201.844935351]]},"properties":{"name":"05R","oppositeId":"23L","type":"runway","icao":"LFJY","airport":"","uuid":"runway-lfjy-05r-23l"}},{"id":"LFKA: 05","type":"Feature","geometry":{"type":"LineString","coordinates":[[704055.9207053352,5720323.937355096],[704824.5817892627,5720932.308150307]]},"properties":{"name":"05","oppositeId":"23","type":"runway","icao":"LFKA","airport":"","uuid":"runway-lfka-05-23"}},{"id":"LFKB: 16","type":"Feature","geometry":{"type":"LineString","coordinates":[[1055214.8005167556,5245776.761044852],[1056229.6013636591,5242492.115125965]]},"properties":{"name":"16","oppositeId":"34","type":"runway","icao":"LFKB","airport":"","uuid":"runway-lfkb-16-34"}},{"id":"LFKC: 18","type":"Feature","geometry":{"type":"LineString","coordinates":[[978825.8198303725,5242393.152748902],[978834.3852467474,5239521.303794031]]},"properties":{"name":"18","oppositeId":"36","type":"runway","icao":"LFKC","airport":"","uuid":"runway-lfkc-18-36"}},{"id":"LFKD: 01","type":"Feature","geometry":{"type":"LineString","coordinates":[[756969.7234849096,5661102.1933939485],[757211.1940136887,5661927.94287795]]},"properties":{"name":"01","oppositeId":"19","type":"runway","icao":"LFKD","airport":"","uuid":"runway-lfkd-01-19"}},{"id":"LFKE: 14","type":"Feature","geometry":{"type":"LineString","coordinates":[[590782.989303205,5625996.568719173],[591290.4824928993,5625303.255332548]]},"properties":{"name":"14","oppositeId":"32","type":"runway","icao":"LFKE","airport":"","uuid":"runway-lfke-14-32"}},{"id":"LFKF: 05","type":"Feature","geometry":{"type":"LineString","coordinates":[[1011509.2223272775,5085643.724079138],[1013890.2225470225,5087830.775260954]]},"properties":{"name":"05","oppositeId":"23","type":"runway","icao":"LFKF","airport":"","uuid":"runway-lfkf-05-23"}},{"id":"LFKG: 18","type":"Feature","geometry":{"type":"LineString","coordinates":[[1046457.2961760487,5169374.207524736],[1046381.8153768746,5168295.542390954]]},"properties":{"name":"18","oppositeId":"36","type":"runway","icao":"LFKG","airport":"","uuid":"runway-lfkg-18-36"}},{"id":"LFKH: 02","type":"Feature","geometry":{"type":"LineString","coordinates":[[632072.0378021266,5702803.774567965],[632176.5853572299,5703145.02333342]]},"properties":{"name":"02","oppositeId":"20","type":"runway","icao":"LFKH","airport":"","uuid":"runway-lfkh-02-20"}},{"id":"LFKJ: 02","type":"Feature","geometry":{"type":"LineString","coordinates":[[979111.4470904993,5147923.376443524],[980285.0019001069,5150453.740584013]]},"properties":{"name":"02","oppositeId":"20","type":"runway","icao":"LFKJ","airport":"","uuid":"runway-lfkj-02-20"}},{"id":"LFKM: 16","type":"Feature","geometry":{"type":"LineString","coordinates":[[479118.1916339069,5717736.470320527],[479410.96189469326,5717051.809413475]]},"properties":{"name":"16","oppositeId":"34","type":"runway","icao":"LFKM","airport":"","uuid":"runway-lfkm-16-34"}},{"id":"LFKO: 09","type":"Feature","geometry":{"type":"LineString","coordinates":[[988672.0287910374,5110361.5244529],[990534.4038720089,5110182.720841518]]},"properties":{"name":"09","oppositeId":"27","type":"runway","icao":"LFKO","airport":"","uuid":"runway-lfko-09-27"}},{"id":"LFKR: 16","type":"Feature","geometry":{"type":"LineString","coordinates":[[698533.2370787577,5681539.967703335],[698931.4207129091,5680536.335682022]]},"properties":{"name":"16","oppositeId":"34","type":"runway","icao":"LFKR","airport":"","uuid":"runway-lfkr-16-34"}},{"id":"LFKS: 18","type":"Feature","geometry":{"type":"LineString","coordinates":[[1046966.5828464279,5151433.8670303365],[1047031.2718394112,5147895.868491364]]},"properties":{"name":"18","oppositeId":"36","type":"runway","icao":"LFKS","airport":"","uuid":"runway-lfks-18-36"}},{"id":"LFKT: 12","type":"Feature","geometry":{"type":"LineString","coordinates":[[1022661.8582786439,5205039.86367061],[1023498.5479402787,5204429.641740878]]},"properties":{"name":"12","oppositeId":"30","type":"runway","icao":"LFKT","airport":"","uuid":"runway-lfkt-12-30"}},{"id":"LFKX: 15","type":"Feature","geometry":{"type":"LineString","coordinates":[[732091.3943187325,5686171.584052478],[732337.1939388204,5685646.569804479]]},"properties":{"name":"15","oppositeId":"33","type":"runway","icao":"LFKX","airport":"","uuid":"runway-lfkx-15-33"}},{"id":"LFLA: 18","type":"Feature","geometry":{"type":"LineString","coordinates":[[389418.49205672595,6083221.032326161],[389200.7387639019,6080946.5582986185]]},"properties":{"name":"18","oppositeId":"36","type":"runway","icao":"LFLA","airport":"","uuid":"runway-lfla-18-36"}},{"id":"LFLB: 18","type":"Feature","geometry":{"type":"LineString","coordinates":[[654519.9532634788,5723646.804373163],[654654.7735356617,5721285.703123604]]},"properties":{"name":"18","oppositeId":"36","type":"runway","icao":"LFLB","airport":"","uuid":"runway-lflb-18-36"}},{"id":"LFLB: 18L","type":"Feature","geometry":{"type":"LineString","coordinates":[[654690.6122272811,5722532.734988289],[654742.9323879539,5721537.226991124]]},"properties":{"name":"18L","oppositeId":"36R","type":"runway","icao":"LFLB","airport":"","uuid":"runway-lflb-18l-36r"}},{"id":"LFLC: 01","type":"Feature","geometry":{"type":"LineString","coordinates":[[350818.67507872364,5745393.558914663],[350940.26070033456,5746312.714903178]]},"properties":{"name":"01","oppositeId":"19","type":"runway","icao":"LFLC","airport":"","uuid":"runway-lflc-01-19"}},{"id":"LFLC: 08","type":"Feature","geometry":{"type":"LineString","coordinates":[[350744.21470821527,5745933.5831478005],[354813.838837052,5746508.273386373]]},"properties":{"name":"08","oppositeId":"26","type":"runway","icao":"LFLC","airport":"","uuid":"runway-lflc-08-26"}},{"id":"LFLC: 08L","type":"Feature","geometry":{"type":"LineString","coordinates":[[351238.3495590144,5746300.742074432],[352527.4292624005,5746483.041222681]]},"properties":{"name":"08L","oppositeId":"26R","type":"runway","icao":"LFLC","airport":"","uuid":"runway-lflc-08l-26r"}},{"id":"LFLD: 06","type":"Feature","geometry":{"type":"LineString","coordinates":[[262700.73269947275,5951312.130181357],[264480.8550455803,5952392.397573901]]},"properties":{"name":"06","oppositeId":"24","type":"runway","icao":"LFLD","airport":"","uuid":"runway-lfld-06-24"}},{"id":"LFLD: 06R","type":"Feature","geometry":{"type":"LineString","coordinates":[[263321.5553152107,5951559.500906542],[264452.6850299935,5952245.821233361]]},"properties":{"name":"06R","oppositeId":"24L","type":"runway","icao":"LFLD","airport":"","uuid":"runway-lfld-06r-24l"}},{"id":"LFLE: 14","type":"Feature","geometry":{"type":"LineString","coordinates":[[664790.7533152777,5710807.773894649],[665618.8466384567,5709661.742432259]]},"properties":{"name":"14","oppositeId":"32","type":"runway","icao":"LFLE","airport":"","uuid":"runway-lfle-14-32"}},{"id":"LFLE: 14L","type":"Feature","geometry":{"type":"LineString","coordinates":[[664924.3367042297,5710743.863610126],[665670.39374711,5709713.897825319]]},"properties":{"name":"14L","oppositeId":"32R","type":"runway","icao":"LFLE","airport":"","uuid":"runway-lfle-14l-32r"}},{"id":"LFLG: 04","type":"Feature","geometry":{"type":"LineString","coordinates":[[650608.8666427801,5655473.008226181],[651408.9136386951,5656314.044302152]]},"properties":{"name":"04","oppositeId":"22","type":"runway","icao":"LFLG","airport":"","uuid":"runway-lflg-04-22"}},{"id":"LFLG: 04L","type":"Feature","geometry":{"type":"LineString","coordinates":[[650399.5860000888,5655510.319604415],[651274.00060027,5656429.896506586]]},"properties":{"name":"04L","oppositeId":"22R","type":"runway","icao":"LFLG","airport":"","uuid":"runway-lflg-04l-22r"}},{"id":"LFLH: 17","type":"Feature","geometry":{"type":"LineString","coordinates":[[536132.2314022862,5914697.439046223],[536422.8989615798,5912937.541743737]]},"properties":{"name":"17","oppositeId":"35","type":"runway","icao":"LFLH","airport":"","uuid":"runway-lflh-17-35"}},{"id":"LFLH: 17L","type":"Feature","geometry":{"type":"LineString","coordinates":[[536634.1895395216,5914785.621744427],[536844.4596887977,5913560.770900244]]},"properties":{"name":"17L","oppositeId":"35R","type":"runway","icao":"LFLH","airport":"","uuid":"runway-lflh-17l-35r"}},{"id":"LFLI: 12","type":"Feature","geometry":{"type":"LineString","coordinates":[[697216.5439572388,5811465.653904443],[698379.1832723323,5810860.876220667]]},"properties":{"name":"12","oppositeId":"30","type":"runway","icao":"LFLI","airport":"","uuid":"runway-lfli-12-30"}},{"id":"LFLJ: 04","type":"Feature","geometry":{"type":"LineString","coordinates":[[738337.963856274,5684050.046093568],[738863.6083073837,5684592.714206865]]},"properties":{"name":"04","oppositeId":"22","type":"runway","icao":"LFLJ","airport":"","uuid":"runway-lflj-04-22"}},{"id":"LFLL: 17L","type":"Feature","geometry":{"type":"LineString","coordinates":[[566824.2518972228,5737974.74678993],[567148.4080699966,5734158.0329839075]]},"properties":{"name":"17L","oppositeId":"35R","type":"runway","icao":"LFLL","airport":"","uuid":"runway-lfll-17l-35r"}},{"id":"LFLL: 17R","type":"Feature","geometry":{"type":"LineString","coordinates":[[566164.1273168186,5739832.492844078],[566649.6039850004,5734116.760996336]]},"properties":{"name":"17R","oppositeId":"35L","type":"runway","icao":"LFLL","airport":"","uuid":"runway-lfll-17r-35l"}},{"id":"LFLM: 17","type":"Feature","geometry":{"type":"LineString","coordinates":[[533807.571213715,5828509.849575733],[533974.2103070163,5826934.986378925]]},"properties":{"name":"17","oppositeId":"35","type":"runway","icao":"LFLM","airport":"","uuid":"runway-lflm-17-35"}},{"id":"LFLN: 15","type":"Feature","geometry":{"type":"LineString","coordinates":[[447271.2314219901,5847241.261780151],[447831.8487464574,5846340.313621321]]},"properties":{"name":"15","oppositeId":"33","type":"runway","icao":"LFLN","airport":"","uuid":"runway-lfln-15-33"}},{"id":"LFLN: 15L","type":"Feature","geometry":{"type":"LineString","coordinates":[[446070.43425921927,5848239.821688363],[447626.4642859438,5845731.167384836]]},"properties":{"name":"15L","oppositeId":"33R","type":"runway","icao":"LFLN","airport":"","uuid":"runway-lfln-15l-33r"}},{"id":"LFLN: 15R","type":"Feature","geometry":{"type":"LineString","coordinates":[[446247.30856125744,5847082.530701092],[447167.2713864215,5845603.943971526]]},"properties":{"name":"15R","oppositeId":"33L","type":"runway","icao":"LFLN","airport":"","uuid":"runway-lfln-15r-33l"}},{"id":"LFLO: 01","type":"Feature","geometry":{"type":"LineString","coordinates":[[445089.92599989596,5788301.666341433],[445674.6934694491,5790311.6381038595]]},"properties":{"name":"01","oppositeId":"19","type":"runway","icao":"LFLO","airport":"","uuid":"runway-lflo-01-19"}},{"id":"LFLO: 01L","type":"Feature","geometry":{"type":"LineString","coordinates":[[444879.3157077313,5788351.567009693],[445179.32173541916,5789379.449637536]]},"properties":{"name":"01L","oppositeId":"19R","type":"runway","icao":"LFLO","airport":"","uuid":"runway-lflo-01l-19r"}},{"id":"LFLP: 04","type":"Feature","geometry":{"type":"LineString","coordinates":[[678421.4848200255,5768386.562987015],[679436.0382902831,5769661.642728115]]},"properties":{"name":"04","oppositeId":"22","type":"runway","icao":"LFLP","airport":"","uuid":"runway-lflp-04-22"}},{"id":"LFLP: 04R","type":"Feature","geometry":{"type":"LineString","coordinates":[[678914.0735667858,5768679.56482566],[679403.1990404992,5769300.0529257255]]},"properties":{"name":"04R","oppositeId":"22L","type":"runway","icao":"LFLP","airport":"","uuid":"runway-lflp-04r-22l"}},{"id":"LFLR: 01L","type":"Feature","geometry":{"type":"LineString","coordinates":[[537114.9660514253,5660636.048973472],[537277.0595988528,5661909.449545417]]},"properties":{"name":"01L","oppositeId":"19R","type":"runway","icao":"LFLR","airport":"","uuid":"runway-lflr-01l-19r"}},{"id":"LFLR: 01R","type":"Feature","geometry":{"type":"LineString","coordinates":[[537290.9745352019,5660613.254064498],[537452.944394306,5661887.134601045]]},"properties":{"name":"01R","oppositeId":"19L","type":"runway","icao":"LFLR","airport":"","uuid":"runway-lflr-01r-19l"}},{"id":"LFLS: 09","type":"Feature","geometry":{"type":"LineString","coordinates":[[591096.5701243536,5678850.104858481],[595430.0214463702,5678832.984933003]]},"properties":{"name":"09","oppositeId":"27","type":"runway","icao":"LFLS","airport":"","uuid":"runway-lfls-09-27"}},{"id":"LFLS: 09R","type":"Feature","geometry":{"type":"LineString","coordinates":[[592038.1165618992,5678718.119440653],[593317.0538227909,5678714.158587857]]},"properties":{"name":"09R","oppositeId":"27L","type":"runway","icao":"LFLS","airport":"","uuid":"runway-lfls-09r-27l"}},{"id":"LFLT: 11","type":"Feature","geometry":{"type":"LineString","coordinates":[[285460.0025921575,5837313.450966367],[286818.10037983546,5836812.535764737]]},"properties":{"name":"11","oppositeId":"29","type":"runway","icao":"LFLT","airport":"","uuid":"runway-lflt-11-29"}},{"id":"LFLU: 01","type":"Feature","geometry":{"type":"LineString","coordinates":[[553095.2190976884,5608070.808835654],[553422.9313097515,5610481.848824272]]},"properties":{"name":"01","oppositeId":"19","type":"runway","icao":"LFLU","airport":"","uuid":"runway-lflu-01-19"}},{"id":"LFLV: 01","type":"Feature","geometry":{"type":"LineString","coordinates":[[378665.24570066103,5806013.161474698],[379110.52366383414,5809161.475463844]]},"properties":{"name":"01","oppositeId":"19","type":"runway","icao":"LFLV","airport":"","uuid":"runway-lflv-01-19"}},{"id":"LFLW: 15","type":"Feature","geometry":{"type":"LineString","coordinates":[[269014.0011652479,5605436.428002412],[270216.9010295115,5603357.8874315815]]},"properties":{"name":"15","oppositeId":"33","type":"runway","icao":"LFLW","airport":"","uuid":"runway-lflw-15-33"}},{"id":"LFLX: 03","type":"Feature","geometry":{"type":"LineString","coordinates":[[191253.6571185339,5917556.620530859],[194053.34231198474,5921844.83988232]]},"properties":{"name":"03","oppositeId":"21","type":"runway","icao":"LFLX","airport":"","uuid":"runway-lflx-03-21"}},{"id":"LFLY: 16","type":"Feature","geometry":{"type":"LineString","coordinates":[[550145.2525916666,5737572.845138603],[550643.747455855,5735895.393941495]]},"properties":{"name":"16","oppositeId":"34","type":"runway","icao":"LFLY","airport":"","uuid":"runway-lfly-16-34"}},{"id":"LFMA: 14","type":"Feature","geometry":{"type":"LineString","coordinates":[[596961.0045876662,5389990.476160498],[597834.1823046164,5388708.613160063]]},"properties":{"name":"14","oppositeId":"32","type":"runway","icao":"LFMA","airport":"","uuid":"runway-lfma-14-32"}},{"id":"LFMC: 09","type":"Feature","geometry":{"type":"LineString","coordinates":[[710073.2957801655,5370689.551659276],[711161.1036597814,5370712.527535387]]},"properties":{"name":"09","oppositeId":"27","type":"runway","icao":"LFMC","airport":"","uuid":"runway-lfmc-09-27"}},{"id":"LFMC: 13","type":"Feature","geometry":{"type":"LineString","coordinates":[[710529.705692418,5371076.319816992],[711672.956862865,5370131.723342834]]},"properties":{"name":"13","oppositeId":"31","type":"runway","icao":"LFMC","airport":"","uuid":"runway-lfmc-13-31"}},{"id":"LFMD: 04","type":"Feature","geometry":{"type":"LineString","coordinates":[[774133.9830040821,5395141.544898953],[774769.4008419465,5395774.302941625]]},"properties":{"name":"04","oppositeId":"22","type":"runway","icao":"LFMD","airport":"","uuid":"runway-lfmd-04-22"}},{"id":"LFMD: 17","type":"Feature","geometry":{"type":"LineString","coordinates":[[773659.329064172,5396579.775370371],[773859.673225519,5395019.15352967]]},"properties":{"name":"17","oppositeId":"35","type":"runway","icao":"LFMD","airport":"","uuid":"runway-lfmd-17-35"}},{"id":"LFME: 18L","type":"Feature","geometry":{"type":"LineString","coordinates":[[491612.53667014017,5443555.770867874],[491657.3736872652,5442457.992200954]]},"properties":{"name":"18L","oppositeId":"36R","type":"runway","icao":"LFME","airport":"","uuid":"runway-lfme-18l-36r"}},{"id":"LFME: 18E","type":"Feature","geometry":{"type":"LineString","coordinates":[[491527.8101688141,5443551.9112604335],[491574.1932899781,5442457.134612544]]},"properties":{"name":"18E","oppositeId":"36L","type":"runway","icao":"LFME","airport":"","uuid":"runway-lfme-18e-36l"}},{"id":"LFMG: 03","type":"Feature","geometry":{"type":"LineString","coordinates":[[221441.6167747424,5374059.954347071],[221725.2650216998,5374500.026901846]]},"properties":{"name":"03","oppositeId":"21","type":"runway","icao":"LFMG","airport":"","uuid":"runway-lfmg-03-21"}},{"id":"LFMG: 12","type":"Feature","geometry":{"type":"LineString","coordinates":[[220915.97232363268,5374333.17229254],[221507.8518717644,5373994.364509146]]},"properties":{"name":"12","oppositeId":"30","type":"runway","icao":"LFMG","airport":"","uuid":"runway-lfmg-12-30"}},{"id":"LFMG: 18","type":"Feature","geometry":{"type":"LineString","coordinates":[[221640.5385203738,5374559.192904639],[221622.51094728147,5374179.472907392]]},"properties":{"name":"18","oppositeId":"36","type":"runway","icao":"LFMG","airport":"","uuid":"runway-lfmg-18-36"}},{"id":"LFMH: 17","type":"Feature","geometry":{"type":"LineString","coordinates":[[478170.95553349855,5708289.8248936385],[478402.62376267166,5705677.105095153]]},"properties":{"name":"17","oppositeId":"35","type":"runway","icao":"LFMH","airport":"","uuid":"runway-lfmh-17-35"}},{"id":"LFMI: 15","type":"Feature","geometry":{"type":"LineString","coordinates":[[546945.7139717026,5394187.284900336],[549319.2619699806,5389584.201847781]]},"properties":{"name":"15","oppositeId":"33","type":"runway","icao":"LFMI","airport":"","uuid":"runway-lfmi-15-33"}},{"id":"LFMK: 09","type":"Feature","geometry":{"type":"LineString","coordinates":[[255407.7599484745,5345053.256724645],[257858.55130453076,5344782.4252529]]},"properties":{"name":"09","oppositeId":"27","type":"runway","icao":"LFMK","airport":"","uuid":"runway-lfmk-09-27"}},{"id":"LFML: 13L","type":"Feature","geometry":{"type":"LineString","coordinates":[[578899.0770635692,5380261.330438916],[581375.9357337195,5377864.91574156]]},"properties":{"name":"13L","oppositeId":"31R","type":"runway","icao":"LFML","airport":"","uuid":"runway-lfml-13l-31r"}},{"id":"LFML: 13R","type":"Feature","geometry":{"type":"LineString","coordinates":[[579256.1961744502,5379327.297282869],[581469.8770151167,5377121.187210426]]},"properties":{"name":"13R","oppositeId":"31L","type":"runway","icao":"LFML","airport":"","uuid":"runway-lfml-13r-31l"}},{"id":"LFMN: 04L","type":"Feature","geometry":{"type":"LineString","coordinates":[[802037.759475455,5411803.966374183],[804456.5155558274,5414234.704804892]]},"properties":{"name":"04L","oppositeId":"22R","type":"runway","icao":"LFMN","airport":"","uuid":"runway-lfmn-04l-22r"}},{"id":"LFMN: 04R","type":"Feature","geometry":{"type":"LineString","coordinates":[[801777.9521527758,5410935.972990585],[804666.6929388613,5413839.205158298]]},"properties":{"name":"04R","oppositeId":"22L","type":"runway","icao":"LFMN","airport":"","uuid":"runway-lfmn-04r-22l"}},{"id":"LFMO: 14","type":"Feature","geometry":{"type":"LineString","coordinates":[[540984.5552397227,5488513.315883363],[542944.7677842692,5485789.25221814]]},"properties":{"name":"14","oppositeId":"32","type":"runway","icao":"LFMO","airport":"","uuid":"runway-lfmo-14-32"}},{"id":"LFMP: 13","type":"Feature","geometry":{"type":"LineString","coordinates":[[319101.98959311587,5272342.461216098],[320272.94694793795,5271441.894871384]]},"properties":{"name":"13","oppositeId":"31","type":"runway","icao":"LFMP","airport":"","uuid":"runway-lfmp-13-31"}},{"id":"LFMP: 15","type":"Feature","geometry":{"type":"LineString","coordinates":[[318564.1927642613,5274621.269829264],[320231.54228177905,5271913.36475468]]},"properties":{"name":"15","oppositeId":"33","type":"runway","icao":"LFMP","airport":"","uuid":"runway-lfmp-15-33"}},{"id":"LFMQ: 12","type":"Feature","geometry":{"type":"LineString","coordinates":[[643216.3557137642,5351091.793035497],[644846.2895135431,5349867.844150095]]},"properties":{"name":"12","oppositeId":"30","type":"runway","icao":"LFMQ","airport":"","uuid":"runway-lfmq-12-30"}},{"id":"LFMR: 09","type":"Feature","geometry":{"type":"LineString","coordinates":[[735178.6239413186,5525579.014556761],[736182.7257482739,5525543.48978039]]},"properties":{"name":"09","oppositeId":"27","type":"runway","icao":"LFMR","airport":"","uuid":"runway-lfmr-09-27"}},{"id":"LFMS: 01","type":"Feature","geometry":{"type":"LineString","coordinates":[[460915.5686422794,5475516.023604009],[461295.6010150154,5477175.5635675015]]},"properties":{"name":"01","oppositeId":"19","type":"runway","icao":"LFMS","airport":"","uuid":"runway-lfms-01-19"}},{"id":"LFMT: 12L","type":"Feature","geometry":{"type":"LineString","coordinates":[[440348.05583499104,5401613.69918695],[443298.3624839013,5399563.479771856]]},"properties":{"name":"12L","oppositeId":"30R","type":"runway","icao":"LFMT","airport":"","uuid":"runway-lfmt-12l-30r"}},{"id":"LFMT: 12R","type":"Feature","geometry":{"type":"LineString","coordinates":[[440034.47501384263,5399956.192379999],[441169.5936770454,5399167.070775087]]},"properties":{"name":"12R","oppositeId":"30L","type":"runway","icao":"LFMT","airport":"","uuid":"runway-lfmt-12r-30l"}},{"id":"LFMU: 09","type":"Feature","geometry":{"type":"LineString","coordinates":[[372073.36928709515,5361424.652989251],[374810.25173449,5361214.720905028]]},"properties":{"name":"09","oppositeId":"27","type":"runway","icao":"LFMU","airport":"","uuid":"runway-lfmu-09-27"}},{"id":"LFMV: 17","type":"Feature","geometry":{"type":"LineString","coordinates":[[545473.5137059615,5452117.275761651],[545836.8481550785,5450248.620471092]]},"properties":{"name":"17","oppositeId":"35","type":"runway","icao":"LFMV","airport":"","uuid":"runway-lfmv-17-35"}},{"id":"LFMV: 17R","type":"Feature","geometry":{"type":"LineString","coordinates":[[545402.3619980961,5451974.03795357],[545588.6056906094,5451018.990258744]]},"properties":{"name":"17R","oppositeId":"35L","type":"runway","icao":"LFMV","airport":"","uuid":"runway-lfmv-17r-35l"}},{"id":"LFMW: 11","type":"Feature","geometry":{"type":"LineString","coordinates":[[213458.7724016336,5359564.417746535],[214313.82977924906,5359257.084858687]]},"properties":{"name":"11","oppositeId":"29","type":"runway","icao":"LFMW","airport":"","uuid":"runway-lfmw-11-29"}},{"id":"LFMY: 09","type":"Feature","geometry":{"type":"LineString","coordinates":[[568760.6544395717,5405150.051810643],[569840.4535002665,5405127.759100843]]},"properties":{"name":"09","oppositeId":"27","type":"runway","icao":"LFMY","airport":"","uuid":"runway-lfmy-09-27"}},{"id":"LFMY: 16","type":"Feature","geometry":{"type":"LineString","coordinates":[[568219.5180259934,5406154.945111086],[569179.3394132776,5403558.948525208]]},"properties":{"name":"16","oppositeId":"34","type":"runway","icao":"LFMY","airport":"","uuid":"runway-lfmy-16-34"}},{"id":"LFMY: 16L","type":"Feature","geometry":{"type":"LineString","coordinates":[[569501.8257936895,5406011.821545517],[569870.3860744577,5404724.193474607]]},"properties":{"name":"16L","oppositeId":"34R","type":"runway","icao":"LFMY","airport":"","uuid":"runway-lfmy-16l-34r"}},{"id":"LFMY: 16R","type":"Feature","geometry":{"type":"LineString","coordinates":[[569334.2899600456,5405731.218656767],[569748.9550632506,5404262.228538688]]},"properties":{"name":"16R","oppositeId":"34L","type":"runway","icao":"LFMY","airport":"","uuid":"runway-lfmy-16r-34l"}},{"id":"LFMZ: 08","type":"Feature","geometry":{"type":"LineString","coordinates":[[303529.9389351757,5338496.620661178],[304871.89539668855,5338770.44965407]]},"properties":{"name":"08","oppositeId":"26","type":"runway","icao":"LFMZ","airport":"","uuid":"runway-lfmz-08-26"}},{"id":"LFNA: 02","type":"Feature","geometry":{"type":"LineString","coordinates":[[671691.8814586838,5535303.512431627],[672132.4901876596,5536207.224257677]]},"properties":{"name":"02","oppositeId":"20","type":"runway","icao":"LFNA","airport":"","uuid":"runway-lfna-02-20"}},{"id":"LFNB: 12","type":"Feature","geometry":{"type":"LineString","coordinates":[[392800.7183299141,5543707.828456632],[393764.52866561845,5543017.490370013]]},"properties":{"name":"12","oppositeId":"30","type":"runway","icao":"LFNB","airport":"","uuid":"runway-lfnb-12-30"}},{"id":"LFNC: 16","type":"Feature","geometry":{"type":"LineString","coordinates":[[734423.8777937401,5575069.025372437],[734813.7124660821,5573944.542296018]]},"properties":{"name":"16","oppositeId":"34","type":"runway","icao":"LFNC","airport":"","uuid":"runway-lfnc-16-34"}},{"id":"LFNC: 16L","type":"Feature","geometry":{"type":"LineString","coordinates":[[734513.8301267173,5575050.839725533],[734804.46676393,5574215.470452787]]},"properties":{"name":"16L","oppositeId":"34R","type":"runway","icao":"LFNC","airport":"","uuid":"runway-lfnc-16l-34r"}},{"id":"LFNE: 09","type":"Feature","geometry":{"type":"LineString","coordinates":[[556826.3082861904,5412606.519337637],[558104.2560404971,5412592.799532597]]},"properties":{"name":"09","oppositeId":"27","type":"runway","icao":"LFNE","airport":"","uuid":"runway-lfne-09-27"}},{"id":"LFNE: 15R","type":"Feature","geometry":{"type":"LineString","coordinates":[[557700.1662889177,5413313.565655484],[558314.5261897732,5411991.968987849]]},"properties":{"name":"15R","oppositeId":"33L","type":"runway","icao":"LFNE","airport":"","uuid":"runway-lfne-15r-33l"}},{"id":"LFNF: 02","type":"Feature","geometry":{"type":"LineString","coordinates":[[643551.5510693751,5424588.995967535],[644066.0635714055,5425828.547568544]]},"properties":{"name":"02","oppositeId":"20","type":"runway","icao":"LFNF","airport":"","uuid":"runway-lfnf-02-20"}},{"id":"LFNF: 10","type":"Feature","geometry":{"type":"LineString","coordinates":[[643282.8072653518,5424666.500510548],[644284.6826824911,5424457.269695685]]},"properties":{"name":"10","oppositeId":"28","type":"runway","icao":"LFNF","airport":"","uuid":"runway-lfnf-10-28"}},{"id":"LFNF: 16","type":"Feature","geometry":{"type":"LineString","coordinates":[[643623.9087383908,5425633.757195335],[643929.6971951838,5424755.51812753]]},"properties":{"name":"16","oppositeId":"34","type":"runway","icao":"LFNF","airport":"","uuid":"runway-lfnf-16-34"}},{"id":"LFNG: 14","type":"Feature","geometry":{"type":"LineString","coordinates":[[452791.99787955947,5405714.604841024],[453457.8121228263,5404810.115177771]]},"properties":{"name":"14","oppositeId":"32","type":"runway","icao":"LFNG","airport":"","uuid":"runway-lfng-14-32"}},{"id":"LFNH: 13","type":"Feature","geometry":{"type":"LineString","coordinates":[[565400.9085191076,5470270.004982392],[566560.5483923658,5469227.560169633]]},"properties":{"name":"13","oppositeId":"31","type":"runway","icao":"LFNH","airport":"","uuid":"runway-lfnh-13-31"}},{"id":"LFNL: 12L","type":"Feature","geometry":{"type":"LineString","coordinates":[[420815.16492838383,5434683.719142511],[421220.2441865483,5434451.126098433]]},"properties":{"name":"12L","oppositeId":"30R","type":"runway","icao":"LFNL","airport":"","uuid":"runway-lfnl-12l-30r"}},{"id":"LFNL: 12R","type":"Feature","geometry":{"type":"LineString","coordinates":[[420766.6172615657,5434622.025075593],[421170.4905585798,5434392.860939498]]},"properties":{"name":"12R","oppositeId":"30L","type":"runway","icao":"LFNL","airport":"","uuid":"runway-lfnl-12r-30l"}},{"id":"LFNR: 08","type":"Feature","geometry":{"type":"LineString","coordinates":[[577341.6246211289,5394100.992566606],[575844.4702362018,5393975.458491801]]},"properties":{"name":"08","oppositeId":"26","type":"runway","icao":"LFNR","airport":"","uuid":"runway-lfnr-08-26"}},{"id":"LFNR: 16","type":"Feature","geometry":{"type":"LineString","coordinates":[[576186.6849041488,5394455.721903975],[576640.5282836969,5393235.127854283]]},"properties":{"name":"16","oppositeId":"34","type":"runway","icao":"LFNR","airport":"","uuid":"runway-lfnr-16-34"}},{"id":"LFNS: 17","type":"Feature","geometry":{"type":"LineString","coordinates":[[659979.184780304,5510390.7513617845],[660068.5805158272,5509368.7809039485]]},"properties":{"name":"17","oppositeId":"35","type":"runway","icao":"LFNS","airport":"","uuid":"runway-lfns-17-35"}},{"id":"LFNT: 12","type":"Feature","geometry":{"type":"LineString","coordinates":[[529084.1615310332,5465421.592692183],[529817.4168324723,5464944.324272069]]},"properties":{"name":"12","oppositeId":"30","type":"runway","icao":"LFNT","airport":"","uuid":"runway-lfnt-12-30"}},{"id":"LFNT: 16L","type":"Feature","geometry":{"type":"LineString","coordinates":[[529714.4463034886,5464946.516477756],[529799.38925938,5464620.313429903]]},"properties":{"name":"16L","oppositeId":"34R","type":"runway","icao":"LFNT","airport":"","uuid":"runway-lfnt-16l-34r"}},{"id":"LFNT: 16R","type":"Feature","geometry":{"type":"LineString","coordinates":[[529055.0947751038,5465594.27170689],[529412.3375743079,5464231.756204111]]},"properties":{"name":"16R","oppositeId":"34L","type":"runway","icao":"LFNT","airport":"","uuid":"runway-lfnt-16r-34l"}},{"id":"LFNU: 17","type":"Feature","geometry":{"type":"LineString","coordinates":[[489080.60577412794,5478883.275173159],[489174.3306009596,5477634.055824776]]},"properties":{"name":"17","oppositeId":"35","type":"runway","icao":"LFNU","airport":"","uuid":"runway-lfnu-17-35"}},{"id":"LFNV: 02","type":"Feature","geometry":{"type":"LineString","coordinates":[[546044.3353170849,5517027.983607229],[546417.2556112423,5518058.766917789]]},"properties":{"name":"02","oppositeId":"20","type":"runway","icao":"LFNV","airport":"","uuid":"runway-lfnv-02-20"}},{"id":"LFNW: 14","type":"Feature","geometry":{"type":"LineString","coordinates":[[228410.21689840127,5298708.4800157],[229060.879322088,5297967.113186058]]},"properties":{"name":"14","oppositeId":"32","type":"runway","icao":"LFNW","airport":"","uuid":"runway-lfnw-14-32"}},{"id":"LFOA: 06","type":"Feature","geometry":{"type":"LineString","coordinates":[[290741.7722874098,5949903.74871087],[295203.2410238388,5952449.59433729]]},"properties":{"name":"06","oppositeId":"24","type":"runway","icao":"LFOA","airport":"","uuid":"runway-lfoa-06-24"}},{"id":"LFOB: 04","type":"Feature","geometry":{"type":"LineString","coordinates":[[235642.6442152403,6352826.680072382],[236362.75763234968,6353643.6164753325]]},"properties":{"name":"04","oppositeId":"22","type":"runway","icao":"LFOB","airport":"","uuid":"runway-lfob-04-22"}},{"id":"LFOB: 12","type":"Feature","geometry":{"type":"LineString","coordinates":[[234256.036269087,6352950.8424306],[237303.40732955284,6350915.144579217]]},"properties":{"name":"12","oppositeId":"30","type":"runway","icao":"LFOB","airport":"","uuid":"runway-lfob-12-30"}},{"id":"LFOC: 10","type":"Feature","geometry":{"type":"LineString","coordinates":[[151654.19111320816,6116757.887547642],[154681.86480821975,6116329.847953473]]},"properties":{"name":"10","oppositeId":"28","type":"runway","icao":"LFOC","airport":"","uuid":"runway-lfoc-10-28"}},{"id":"LFOD: 10","type":"Feature","geometry":{"type":"LineString","coordinates":[[-13868.831526722317,5984188.65472192],[-11950.456557465677,5984019.53636155]]},"properties":{"name":"10","oppositeId":"28","type":"runway","icao":"LFOD","airport":"","uuid":"runway-lfod-10-28"}},{"id":"LFOE: 04","type":"Feature","geometry":{"type":"LineString","coordinates":[[134330.43550139348,6277969.449283375],[137259.0348495991,6281485.716042529]]},"properties":{"name":"04","oppositeId":"22","type":"runway","icao":"LFOE","airport":"","uuid":"runway-lfoe-04-22"}},{"id":"LFOF: 07L","type":"Feature","geometry":{"type":"LineString","coordinates":[[11785.610944849304,6181461.58114387],[12307.235525458118,6181657.282429761]]},"properties":{"name":"07L","oppositeId":"25R","type":"runway","icao":"LFOF","airport":"","uuid":"runway-lfof-07l-25r"}},{"id":"LFOF: 07R","type":"Feature","geometry":{"type":"LineString","coordinates":[[11742.969395459326,6181366.435953444],[12266.511145076247,6181562.601232242]]},"properties":{"name":"07R","oppositeId":"25L","type":"runway","icao":"LFOF","airport":"","uuid":"runway-lfof-07r-25l"}},{"id":"LFOG: 05","type":"Feature","geometry":{"type":"LineString","coordinates":[[-66484.88559050557,6232291.959663858],[-65748.94006803894,6232827.161792024]]},"properties":{"name":"05","oppositeId":"23","type":"runway","icao":"LFOG","airport":"","uuid":"runway-lfog-05-23"}},{"id":"LFOH: 04","type":"Feature","geometry":{"type":"LineString","coordinates":[[8636.815459438456,6364679.526417854],[11054.891254033791,6367267.183279375]]},"properties":{"name":"04","oppositeId":"22","type":"runway","icao":"LFOH","airport":"","uuid":"runway-lfoh-04-22"}},{"id":"LFOI: 02","type":"Feature","geometry":{"type":"LineString","coordinates":[[203571.8390605867,6470259.043223857],[204293.18936092715,6472075.622615968]]},"properties":{"name":"02","oppositeId":"20","type":"runway","icao":"LFOI","airport":"","uuid":"runway-lfoi-02-20"}},{"id":"LFOI: 13","type":"Feature","geometry":{"type":"LineString","coordinates":[[203179.0977126519,6471404.558012823],[203775.21358584988,6470853.926947052]]},"properties":{"name":"13","oppositeId":"31","type":"runway","icao":"LFOI","airport":"","uuid":"runway-lfoi-13-31"}},{"id":"LFOJ: 07","type":"Feature","geometry":{"type":"LineString","coordinates":[[194314.94311534896,6104178.588095913],[197668.78291838485,6105448.154577423]]},"properties":{"name":"07","oppositeId":"25","type":"runway","icao":"LFOJ","airport":"","uuid":"runway-lfoj-07-25"}},{"id":"LFOK: 10","type":"Feature","geometry":{"type":"LineString","coordinates":[[463076.03258193063,6237511.386852883],[468482.5110289522,6236435.357778522]]},"properties":{"name":"10","oppositeId":"28","type":"runway","icao":"LFOK","airport":"","uuid":"runway-lfok-10-28"}},{"id":"LFOL: 07","type":"Feature","geometry":{"type":"LineString","coordinates":[[72686.71087716428,6233801.230019601],[73476.42989810022,6234157.7159189405]]},"properties":{"name":"07","oppositeId":"25","type":"runway","icao":"LFOL","airport":"","uuid":"runway-lfol-07-25"}},{"id":"LFOM: 06","type":"Feature","geometry":{"type":"LineString","coordinates":[[-168280.0972060721,6309057.211681734],[-166568.219892237,6309906.208130323]]},"properties":{"name":"06","oppositeId":"24","type":"runway","icao":"LFOM","airport":"","uuid":"runway-lfom-06-24"}},{"id":"LFOO: 06","type":"Feature","geometry":{"type":"LineString","coordinates":[[-192372.75814389484,5856721.965377513],[-191669.00250751592,5857094.559320039]]},"properties":{"name":"06","oppositeId":"24","type":"runway","icao":"LFOO","airport":"","uuid":"runway-lfoo-06-24"}},{"id":"LFOP: 04","type":"Feature","geometry":{"type":"LineString","coordinates":[[130071.22809531975,6339496.334843468],[131795.13409857667,6341460.143192539]]},"properties":{"name":"04","oppositeId":"22","type":"runway","icao":"LFOP","airport":"","uuid":"runway-lfop-04-22"}},{"id":"LFOP: 05","type":"Feature","geometry":{"type":"LineString","coordinates":[[132070.98998117854,6340404.982101998],[132849.88627384295,6341218.858177333]]},"properties":{"name":"05","oppositeId":"23","type":"runway","icao":"LFOP","airport":"","uuid":"runway-lfop-05-23"}},{"id":"LFOQ: 02","type":"Feature","geometry":{"type":"LineString","coordinates":[[133883.9515770701,6052278.3754607],[134024.98718748902,6052625.538789067]]},"properties":{"name":"02","oppositeId":"20","type":"runway","icao":"LFOQ","airport":"","uuid":"runway-lfoq-02-20"}},{"id":"LFOQ: 02L","type":"Feature","geometry":{"type":"LineString","coordinates":[[134066.39185364798,6052217.210036048],[134534.83045532223,6053386.545801284]]},"properties":{"name":"02L","oppositeId":"20R","type":"runway","icao":"LFOQ","airport":"","uuid":"runway-lfoq-02l-20r"}},{"id":"LFOQ: 02R","type":"Feature","geometry":{"type":"LineString","coordinates":[[134145.86160124207,6052183.321271238],[134629.4520224965,6053336.440625925]]},"properties":{"name":"02R","oppositeId":"20L","type":"runway","icao":"LFOQ","airport":"","uuid":"runway-lfoq-02r-20l"}},{"id":"LFOQ: 12","type":"Feature","geometry":{"type":"LineString","coordinates":[[133803.55416705276,6054014.837049435],[135319.07626796083,6053083.852514358]]},"properties":{"name":"12","oppositeId":"30","type":"runway","icao":"LFOQ","airport":"","uuid":"runway-lfoq-12-30"}},{"id":"LFOQ: 12L","type":"Feature","geometry":{"type":"LineString","coordinates":[[133796.78223136283,6053916.456845401],[134702.45905520843,6053369.047993869]]},"properties":{"name":"12L","oppositeId":"30R","type":"runway","icao":"LFOQ","airport":"","uuid":"runway-lfoq-12l-30r"}},{"id":"LFOQ: 12R","type":"Feature","geometry":{"type":"LineString","coordinates":[[133658.1894653252,6053861.388304096],[134457.24695465548,6053372.676145246]]},"properties":{"name":"12R","oppositeId":"30L","type":"runway","icao":"LFOQ","airport":"","uuid":"runway-lfoq-12r-30l"}},{"id":"LFOR: 09","type":"Feature","geometry":{"type":"LineString","coordinates":[[168558.05579016675,6183240.166584811],[169817.88320513882,6183180.90395292]]},"properties":{"name":"09","oppositeId":"27","type":"runway","icao":"LFOR","airport":"","uuid":"runway-lfor-09-27"}},{"id":"LFOR: 09L","type":"Feature","geometry":{"type":"LineString","coordinates":[[168520.67099450863,6183430.359986572],[169871.40932696193,6183367.9253521]]},"properties":{"name":"09L","oppositeId":"27R","type":"runway","icao":"LFOR","airport":"","uuid":"runway-lfor-09l-27r"}},{"id":"LFOS: 06","type":"Feature","geometry":{"type":"LineString","coordinates":[[72360.76122370541,6417496.4061363535],[73466.8440530597,6418037.335487247]]},"properties":{"name":"06","oppositeId":"24","type":"runway","icao":"LFOS","airport":"","uuid":"runway-lfos-06-24"}},{"id":"LFOT: 02","type":"Feature","geometry":{"type":"LineString","coordinates":[[80529.72560100436,6011194.571415204],[81463.6033625176,6014627.961368474]]},"properties":{"name":"02","oppositeId":"20","type":"runway","icao":"LFOT","airport":"","uuid":"runway-lfot-02-20"}},{"id":"LFOU: 03","type":"Feature","geometry":{"type":"LineString","coordinates":[[-97950.0199490014,5954811.830912057],[-97206.06560761381,5956410.657358493]]},"properties":{"name":"03","oppositeId":"21","type":"runway","icao":"LFOU","airport":"","uuid":"runway-lfou-03-21"}},{"id":"LFOU: 03R","type":"Feature","geometry":{"type":"LineString","coordinates":[[-97867.17969460276,5954794.485563297],[-97228.32950577248,5956166.418624167]]},"properties":{"name":"03R","oppositeId":"21L","type":"runway","icao":"LFOU","airport":"","uuid":"runway-lfou-03r-21l"}},{"id":"LFOV: 14","type":"Feature","geometry":{"type":"LineString","coordinates":[[-83594.13472797775,6113238.252631158],[-82156.22704981719,6111372.308003152]]},"properties":{"name":"14","oppositeId":"32","type":"runway","icao":"LFOV","airport":"","uuid":"runway-lfov-14-32"}},{"id":"LFOV: 14L","type":"Feature","geometry":{"type":"LineString","coordinates":[[-83485.25808156577,6113267.388113371],[-82170.79134986264,6111561.0481257485]]},"properties":{"name":"14L","oppositeId":"32R","type":"runway","icao":"LFOV","airport":"","uuid":"runway-lfov-14l-32r"}},{"id":"LFOW: 04","type":"Feature","geometry":{"type":"LineString","coordinates":[[356599.61992394156,6414186.871801059],[357151.85736451857,6414841.456175245]]},"properties":{"name":"04","oppositeId":"22","type":"runway","icao":"LFOW","airport":"","uuid":"runway-lfow-04-22"}},{"id":"LFOW: 14","type":"Feature","geometry":{"type":"LineString","coordinates":[[356634.5618752183,6414740.334657356],[357258.84776400315,6414057.005755469]]},"properties":{"name":"14","oppositeId":"32","type":"runway","icao":"LFOW","airport":"","uuid":"runway-lfow-14-32"}},{"id":"LFOX: 06","type":"Feature","geometry":{"type":"LineString","coordinates":[[230720.4364752503,6170141.444189177],[231601.0664136674,6170722.521494697]]},"properties":{"name":"06","oppositeId":"24","type":"runway","icao":"LFOX","airport":"","uuid":"runway-lfox-06-24"}},{"id":"LFOX: 06L","type":"Feature","geometry":{"type":"LineString","coordinates":[[230294.29928007748,6170107.598505503],[231385.23028985155,6170827.278844961]]},"properties":{"name":"06L","oppositeId":"24R","type":"runway","icao":"LFOX","airport":"","uuid":"runway-lfox-06l-24r"}},{"id":"LFOZ: 05","type":"Feature","geometry":{"type":"LineString","coordinates":[[240151.64018982183,6089261.859978607],[242058.32661254515,6090695.734987991]]},"properties":{"name":"05","oppositeId":"23","type":"runway","icao":"LFOZ","airport":"","uuid":"runway-lfoz-05-23"}},{"id":"LFOZ: 05R","type":"Feature","geometry":{"type":"LineString","coordinates":[[240345.8927012561,6089285.241721128],[241839.11998192474,6090405.97969597]]},"properties":{"name":"05R","oppositeId":"23L","type":"runway","icao":"LFOZ","airport":"","uuid":"runway-lfoz-05r-23l"}},{"id":"LFPA: 05","type":"Feature","geometry":{"type":"LineString","coordinates":[[257574.68660300793,6302249.024769732],[258611.1947506164,6303089.296141594]]},"properties":{"name":"05","oppositeId":"23","type":"runway","icao":"LFPA","airport":"","uuid":"runway-lfpa-05-23"}},{"id":"LFPA: 10L","type":"Feature","geometry":{"type":"LineString","coordinates":[[257311.3232410395,6303490.427694942],[258561.10097975945,6303277.0906761885]]},"properties":{"name":"10L","oppositeId":"28R","type":"runway","icao":"LFPA","airport":"","uuid":"runway-lfpa-10l-28r"}},{"id":"LFPA: 10R","type":"Feature","geometry":{"type":"LineString","coordinates":[[257490.64038745902,6303203.362733546],[258646.81698767023,6303007.057545481]]},"properties":{"name":"10R","oppositeId":"28L","type":"runway","icao":"LFPA","airport":"","uuid":"runway-lfpa-10r-28l"}},{"id":"LFPB: 03","type":"Feature","geometry":{"type":"LineString","coordinates":[[270326.33427337743,6266530.487190793],[271686.9985937598,6269478.154563519]]},"properties":{"name":"03","oppositeId":"21","type":"runway","icao":"LFPB","airport":"","uuid":"runway-lfpb-03-21"}},{"id":"LFPB: 07","type":"Feature","geometry":{"type":"LineString","coordinates":[[269845.5577614735,6268899.2305403445],[272385.5283984876,6269936.856709006]]},"properties":{"name":"07","oppositeId":"25","type":"runway","icao":"LFPB","airport":"","uuid":"runway-lfpb-07-25"}},{"id":"LFPB: 09","type":"Feature","geometry":{"type":"LineString","coordinates":[[269438.00473684707,6268701.036711906],[272237.0405666017,6268933.660597733]]},"properties":{"name":"09","oppositeId":"27","type":"runway","icao":"LFPB","airport":"","uuid":"runway-lfpb-09-27"}},{"id":"LFPD: 10","type":"Feature","geometry":{"type":"LineString","coordinates":[[62277.34898140837,6292357.76704095],[63864.857686362775,6292137.768682678]]},"properties":{"name":"10","oppositeId":"28","type":"runway","icao":"LFPD","airport":"","uuid":"runway-lfpd-10-28"}},{"id":"LFPG: 08L","type":"Feature","geometry":{"type":"LineString","coordinates":[[284170.149836752,6274129.401887523],[289654.52100524807,6274576.149437988]]},"properties":{"name":"08L","oppositeId":"26R","type":"runway","icao":"LFPG","airport":"","uuid":"runway-lfpg-08l-26r"}},{"id":"LFPG: 08R","type":"Feature","geometry":{"type":"LineString","coordinates":[[285608.0575149126,6273659.114731325],[289701.83178883523,6273992.304753147]]},"properties":{"name":"08R","oppositeId":"26L","type":"runway","icao":"LFPG","airport":"","uuid":"runway-lfpg-08r-26l"}},{"id":"LFPG: 09L","type":"Feature","geometry":{"type":"LineString","coordinates":[[281069.6855635939,6279056.71355129],[285166.2428247864,6279392.002814424]]},"properties":{"name":"09L","oppositeId":"27R","type":"runway","icao":"LFPG","airport":"","uuid":"runway-lfpg-09l-27r"}},{"id":"LFPG: 09R","type":"Feature","geometry":{"type":"LineString","coordinates":[[279752.31215629785,6278360.382432946],[285213.55360837356,6278807.825288883]]},"properties":{"name":"09R","oppositeId":"27L","type":"runway","icao":"LFPG","airport":"","uuid":"runway-lfpg-09r-27l"}},{"id":"LFPK: 09C","type":"Feature","geometry":{"type":"LineString","coordinates":[[334363.5516379851,6247356.879524405],[336775.50486058684,6247333.342517871]]},"properties":{"name":"09C","oppositeId":"27C","type":"runway","icao":"LFPK","airport":"","uuid":"runway-lfpk-09c-27c"}},{"id":"LFPK: 09L","type":"Feature","geometry":{"type":"LineString","coordinates":[[335623.0079879879,6247533.949440395],[336609.97896219336,6247522.627002825]]},"properties":{"name":"09L","oppositeId":"27R","type":"runway","icao":"LFPK","airport":"","uuid":"runway-lfpk-09l-27r"}},{"id":"LFPK: 09R","type":"Feature","geometry":{"type":"LineString","coordinates":[[334085.8095084559,6246942.008258508],[334928.8381966495,6246933.035500073]]},"properties":{"name":"09R","oppositeId":"27L","type":"runway","icao":"LFPK","airport":"","uuid":"runway-lfpk-09r-27l"}},{"id":"LFPL: 08","type":"Feature","geometry":{"type":"LineString","coordinates":[[291804.5642036779,6244473.730469795],[292852.8536640619,6244628.243882618]]},"properties":{"name":"08","oppositeId":"26","type":"runway","icao":"LFPL","airport":"","uuid":"runway-lfpl-08-26"}},{"id":"LFPL: 08R","type":"Feature","geometry":{"type":"LineString","coordinates":[[291644.69704606634,6244219.094755462],[292818.43738815835,6244392.905578885]]},"properties":{"name":"08R","oppositeId":"26L","type":"runway","icao":"LFPL","airport":"","uuid":"runway-lfpl-08r-26l"}},{"id":"LFPM: 01","type":"Feature","geometry":{"type":"LineString","coordinates":[[297343.0180914509,6208297.946962302],[297776.8239626562,6210220.555427536]]},"properties":{"name":"01","oppositeId":"19","type":"runway","icao":"LFPM","airport":"","uuid":"runway-lfpm-01-19"}},{"id":"LFPM: 10","type":"Feature","geometry":{"type":"LineString","coordinates":[[296475.6228036059,6208350.7909021275],[299249.7045141743,6207682.456166124]]},"properties":{"name":"10","oppositeId":"28","type":"runway","icao":"LFPM","airport":"","uuid":"runway-lfpm-10-28"}},{"id":"LFPN: 07L","type":"Feature","geometry":{"type":"LineString","coordinates":[[233628.9673930323,6232751.184670102],[235206.92117502695,6233289.1361008035]]},"properties":{"name":"07L","oppositeId":"25R","type":"runway","icao":"LFPN","airport":"","uuid":"runway-lfpn-07l-25r"}},{"id":"LFPN: 07R","type":"Feature","geometry":{"type":"LineString","coordinates":[[233971.61497011018,6232547.081598321],[235247.11988003564,6232982.3542129835]]},"properties":{"name":"07R","oppositeId":"25L","type":"runway","icao":"LFPN","airport":"","uuid":"runway-lfpn-07r-25l"}},{"id":"LFPO: 02","type":"Feature","geometry":{"type":"LineString","coordinates":[[264573.34298918105,6227070.211289427],[265716.8415362742,6230526.060283235]]},"properties":{"name":"02","oppositeId":"20","type":"runway","icao":"LFPO","airport":"","uuid":"runway-lfpo-02-20"}},{"id":"LFPO: 06","type":"Feature","geometry":{"type":"LineString","coordinates":[[258318.4244898301,6227694.514137213],[262789.4481492188,6230092.413970887]]},"properties":{"name":"06","oppositeId":"24","type":"runway","icao":"LFPO","airport":"","uuid":"runway-lfpo-06-24"}},{"id":"LFPO: 07","type":"Feature","geometry":{"type":"LineString","coordinates":[[262557.25424467254,6227384.184887039],[266765.1309966583,6228561.16198047]]},"properties":{"name":"07","oppositeId":"25","type":"runway","icao":"LFPO","airport":"","uuid":"runway-lfpo-07-25"}},{"id":"LFPP: 07","type":"Feature","geometry":{"type":"LineString","coordinates":[[304089.87597386586,6293134.324921581],[305066.7045055768,6293560.8221537955]]},"properties":{"name":"07","oppositeId":"25","type":"runway","icao":"LFPP","airport":"","uuid":"runway-lfpp-07-25"}},{"id":"LFPP: 07R","type":"Feature","geometry":{"type":"LineString","coordinates":[[304230.2622205885,6292925.0284287175],[305282.5406293927,6293402.672254431]]},"properties":{"name":"07R","oppositeId":"25L","type":"runway","icao":"LFPP","airport":"","uuid":"runway-lfpp-07r-25l"}},{"id":"LFPQ: 12L","type":"Feature","geometry":{"type":"LineString","coordinates":[[322743.00276031764,6225454.829898842],[323438.7495777756,6225051.805715218]]},"properties":{"name":"12L","oppositeId":"30R","type":"runway","icao":"LFPQ","airport":"","uuid":"runway-lfpq-12l-30r"}},{"id":"LFPQ: 12R","type":"Feature","geometry":{"type":"LineString","coordinates":[[322715.17288761935,6225412.6569567695],[323451.11841008597,6224981.661500725]]},"properties":{"name":"12R","oppositeId":"30L","type":"runway","icao":"LFPQ","airport":"","uuid":"runway-lfpq-12r-30l"}},{"id":"LFPT: 04","type":"Feature","geometry":{"type":"LineString","coordinates":[[225688.79549139432,6289766.75067314],[227314.36927778384,6291418.067456384]]},"properties":{"name":"04","oppositeId":"22","type":"runway","icao":"LFPT","airport":"","uuid":"runway-lfpt-04-22"}},{"id":"LFPT: 12","type":"Feature","geometry":{"type":"LineString","coordinates":[[225578.12536429733,6292127.89770144],[227475.78253943412,6291111.012354663]]},"properties":{"name":"12","oppositeId":"30","type":"runway","icao":"LFPT","airport":"","uuid":"runway-lfpt-12-30"}},{"id":"LFPU: 06","type":"Feature","geometry":{"type":"LineString","coordinates":[[311138.2859880074,6163563.053562249],[311977.2020394578,6164105.81376349]]},"properties":{"name":"06","oppositeId":"24","type":"runway","icao":"LFPU","airport":"","uuid":"runway-lfpu-06-24"}},{"id":"LFPV: 09","type":"Feature","geometry":{"type":"LineString","coordinates":[[243708.9472843632,6236622.146857345],[246453.86947275992,6236702.8976927]]},"properties":{"name":"09","oppositeId":"27","type":"runway","icao":"LFPV","airport":"","uuid":"runway-lfpv-09-27"}},{"id":"LFPZ: 11L","type":"Feature","geometry":{"type":"LineString","coordinates":[[229923.94551862436,6243313.279185928],[230600.2114251936,6243024.588135163]]},"properties":{"name":"11L","oppositeId":"29R","type":"runway","icao":"LFPZ","airport":"","uuid":"runway-lfpz-11l-29r"}},{"id":"LFPZ: 11R","type":"Feature","geometry":{"type":"LineString","coordinates":[[229786.3422591716,6243173.8159508435],[230594.8619052193,6242828.642573769]]},"properties":{"name":"11R","oppositeId":"29L","type":"runway","icao":"LFPZ","airport":"","uuid":"runway-lfpz-11r-29l"}},{"id":"LFQA: 07","type":"Feature","geometry":{"type":"LineString","coordinates":[[462228.2418932975,6310134.385483815],[463112.21141643845,6310523.546018741]]},"properties":{"name":"07","oppositeId":"25","type":"runway","icao":"LFQA","airport":"","uuid":"runway-lfqa-07-25"}},{"id":"LFQA: 07R","type":"Feature","geometry":{"type":"LineString","coordinates":[[462228.7984907516,6310041.665502678],[463288.7764976689,6310507.358248227]]},"properties":{"name":"07R","oppositeId":"25L","type":"runway","icao":"LFQA","airport":"","uuid":"runway-lfqa-07r-25l"}},{"id":"LFQB: 05","type":"Feature","geometry":{"type":"LineString","coordinates":[[446250.77183430444,6159832.958450358],[447016.64993096207,6160437.469153145]]},"properties":{"name":"05","oppositeId":"23","type":"runway","icao":"LFQB","airport":"","uuid":"runway-lfqb-05-23"}},{"id":"LFQB: 17","type":"Feature","geometry":{"type":"LineString","coordinates":[[446984.24359030894,6161846.6567394845],[447235.60918493633,6159546.528320101]]},"properties":{"name":"17","oppositeId":"35","type":"runway","icao":"LFQB","airport":"","uuid":"runway-lfqb-17-35"}},{"id":"LFQB: 17R","type":"Feature","geometry":{"type":"LineString","coordinates":[[446650.8417153831,6161191.819022847],[446797.78344323026,6159845.513237518]]},"properties":{"name":"17R","oppositeId":"35L","type":"runway","icao":"LFQB","airport":"","uuid":"runway-lfqb-17r-35l"}},{"id":"LFQC: 09","type":"Feature","geometry":{"type":"LineString","coordinates":[[727653.0862208047,6206205.918185872],[729220.897560305,6206151.731748723]]},"properties":{"name":"09","oppositeId":"27","type":"runway","icao":"LFQC","airport":"","uuid":"runway-lfqc-09-27"}},{"id":"LFQE: 01","type":"Feature","geometry":{"type":"LineString","coordinates":[[630998.4850017485,6311664.294177814],[631614.9785261779,6314228.476393581]]},"properties":{"name":"01","oppositeId":"19","type":"runway","icao":"LFQE","airport":"","uuid":"runway-lfqe-01-19"}},{"id":"LFQF: 18","type":"Feature","geometry":{"type":"LineString","coordinates":[[474332.0101272502,5937520.772250223],[474319.6412949398,5936020.010813939]]},"properties":{"name":"18","oppositeId":"36","type":"runway","icao":"LFQF","airport":"","uuid":"runway-lfqf-18-36"}},{"id":"LFQF: 18L","type":"Feature","geometry":{"type":"LineString","coordinates":[[474390.45285991667,5937473.280433435],[474382.41311891493,5936533.330993159]]},"properties":{"name":"18L","oppositeId":"36R","type":"runway","icao":"LFQF","airport":"","uuid":"runway-lfqf-18l-36r"}},{"id":"LFQG: 12","type":"Feature","geometry":{"type":"LineString","coordinates":[[345749.0927017557,5943019.516430344],[347104.0673592753,5942171.010752374]]},"properties":{"name":"12","oppositeId":"30","type":"runway","icao":"LFQG","airport":"","uuid":"runway-lfqg-12-30"}},{"id":"LFQG: 12L","type":"Feature","geometry":{"type":"LineString","coordinates":[[346123.21895706345,5942897.9011321105],[347088.2661759988,5942292.615913869]]},"properties":{"name":"12L","oppositeId":"30R","type":"runway","icao":"LFQG","airport":"","uuid":"runway-lfqg-12l-30r"}},{"id":"LFQJ: 05","type":"Feature","geometry":{"type":"LineString","coordinates":[[448237.1444591872,6499516.638895318],[449749.3269753715,6500873.449397312]]},"properties":{"name":"05","oppositeId":"23","type":"runway","icao":"LFQJ","airport":"","uuid":"runway-lfqj-05-23"}},{"id":"LFQK: 04","type":"Feature","geometry":{"type":"LineString","coordinates":[[483797.28997483675,6257920.272800994],[484929.06905331585,6259440.23161691]]},"properties":{"name":"04","oppositeId":"22","type":"runway","icao":"LFQK","airport":"","uuid":"runway-lfqk-04-22"}},{"id":"LFQM: 05","type":"Feature","geometry":{"type":"LineString","coordinates":[[676738.6742621197,5975541.369023049],[677960.4056735759,5976455.9050072]]},"properties":{"name":"05","oppositeId":"23","type":"runway","icao":"LFQM","airport":"","uuid":"runway-lfqm-05-23"}},{"id":"LFQN: 03","type":"Feature","geometry":{"type":"LineString","coordinates":[[248341.07498459442,6572674.605423384],[248704.1002129036,6573395.604183629]]},"properties":{"name":"03","oppositeId":"21","type":"runway","icao":"LFQN","airport":"","uuid":"runway-lfqn-03-21"}},{"id":"LFQN: 09","type":"Feature","geometry":{"type":"LineString","coordinates":[[247979.9669252934,6573416.560985511],[248837.68360185556,6573467.90293288]]},"properties":{"name":"09","oppositeId":"27","type":"runway","icao":"LFQN","airport":"","uuid":"runway-lfqn-09-27"}},{"id":"LFQP: 06","type":"Feature","geometry":{"type":"LineString","coordinates":[[801426.3990164344,6235197.333118554],[802960.1651450004,6236185.373708274]]},"properties":{"name":"06","oppositeId":"24","type":"runway","icao":"LFQP","airport":"","uuid":"runway-lfqp-06-24"}},{"id":"LFQQ: 01","type":"Feature","geometry":{"type":"LineString","coordinates":[[343470.04258232884,6543847.678543339],[344106.7900696664,6546253.626702658]]},"properties":{"name":"01","oppositeId":"19","type":"runway","icao":"LFQQ","airport":"","uuid":"runway-lfqq-01-19"}},{"id":"LFQQ: 08","type":"Feature","geometry":{"type":"LineString","coordinates":[[343199.87636258977,6544333.621534194],[347105.30424250633,6545208.322824854]]},"properties":{"name":"08","oppositeId":"26","type":"runway","icao":"LFQQ","airport":"","uuid":"runway-lfqq-08-26"}},{"id":"LFQT: 04","type":"Feature","geometry":{"type":"LineString","coordinates":[[293310.80968035315,6552990.22277848],[295013.9978894903,6555218.438736013]]},"properties":{"name":"04","oppositeId":"22","type":"runway","icao":"LFQT","airport":"","uuid":"runway-lfqt-04-22"}},{"id":"LFQU: 08","type":"Feature","geometry":{"type":"LineString","coordinates":[[787601.755143141,6266483.871531203],[788711.6104663499,6266610.487795326]]},"properties":{"name":"08","oppositeId":"26","type":"runway","icao":"LFQU","airport":"","uuid":"runway-lfqu-08-26"}},{"id":"LFQV: 11","type":"Feature","geometry":{"type":"LineString","coordinates":[[516236.0988128043,6409377.473416052],[518095.13430905214,6408620.210492016]]},"properties":{"name":"11","oppositeId":"29","type":"runway","icao":"LFQV","airport":"","uuid":"runway-lfqv-11-29"}},{"id":"LFQW: 08","type":"Feature","geometry":{"type":"LineString","coordinates":[[689596.3846695507,6046795.873858219],[691713.3721636311,6047084.028175563]]},"properties":{"name":"08","oppositeId":"26","type":"runway","icao":"LFQW","airport":"","uuid":"runway-lfqw-08-26"}},{"id":"LFQY: 15","type":"Feature","geometry":{"type":"LineString","coordinates":[[826387.6921253334,6233612.298567197],[826823.6006980313,6232702.737885299]]},"properties":{"name":"15","oppositeId":"33","type":"runway","icao":"LFQY","airport":"","uuid":"runway-lfqy-15-33"}},{"id":"LFRB: 07L","type":"Feature","geometry":{"type":"LineString","coordinates":[[-492302.9648897046,6182014.4325436605],[-491299.88351141487,6182356.119073281]]},"properties":{"name":"07L","oppositeId":"25R","type":"runway","icao":"LFRB","airport":"","uuid":"runway-lfrb-07l-25r"}},{"id":"LFRB: 07R","type":"Feature","geometry":{"type":"LineString","coordinates":[[-494074.83104024496,6180936.174787134],[-490090.4900101883,6182295.044339634]]},"properties":{"name":"07R","oppositeId":"25L","type":"runway","icao":"LFRB","airport":"","uuid":"runway-lfrb-07r-25l"}},{"id":"LFRC: 10","type":"Feature","geometry":{"type":"LineString","coordinates":[[-165516.9309900176,6386259.465747279],[-161821.1238956809,6385555.012079947]]},"properties":{"name":"10","oppositeId":"28","type":"runway","icao":"LFRC","airport":"","uuid":"runway-lfrc-10-28"}},{"id":"LFRD: 12","type":"Feature","geometry":{"type":"LineString","coordinates":[[-232540.51014972027,6205661.264356321],[-230766.85051849496,6204827.7544049835]]},"properties":{"name":"12","oppositeId":"30","type":"runway","icao":"LFRD","airport":"","uuid":"runway-lfrd-12-30"}},{"id":"LFRD: 17","type":"Feature","geometry":{"type":"LineString","coordinates":[[-231843.18630614277,6206933.891980631],[-231272.45746126183,6203663.45485266]]},"properties":{"name":"17","oppositeId":"35","type":"runway","icao":"LFRD","airport":"","uuid":"runway-lfrd-17-35"}},{"id":"LFRE: 11","type":"Feature","geometry":{"type":"LineString","coordinates":[[-261923.28974460487,5989464.231629474],[-260583.77612747325,5989062.6558900885]]},"properties":{"name":"11","oppositeId":"29","type":"runway","icao":"LFRE","airport":"","uuid":"runway-lfre-11-29"}},{"id":"LFRF: 06","type":"Feature","geometry":{"type":"LineString","coordinates":[[-174937.68304128692,6254607.651917863],[-173799.10110503715,6255146.428305392]]},"properties":{"name":"06","oppositeId":"24","type":"runway","icao":"LFRF","airport":"","uuid":"runway-lfrf-06-24"}},{"id":"LFRG: 12","type":"Feature","geometry":{"type":"LineString","coordinates":[[16055.022637579104,6337651.935822371],[18346.10144642778,6336472.809662669]]},"properties":{"name":"12","oppositeId":"30","type":"runway","icao":"LFRG","airport":"","uuid":"runway-lfrg-12-30"}},{"id":"LFRH: 02","type":"Feature","geometry":{"type":"LineString","coordinates":[[-383140.2892305507,6066392.917036137],[-382450.44853052095,6068782.616950957]]},"properties":{"name":"02","oppositeId":"20","type":"runway","icao":"LFRH","airport":"","uuid":"runway-lfrh-02-20"}},{"id":"LFRH: 07","type":"Feature","geometry":{"type":"LineString","coordinates":[[-385072.7028244796,6066400.690260523],[-381927.2469237925,6067440.801735553]]},"properties":{"name":"07","oppositeId":"25","type":"runway","icao":"LFRH","airport":"","uuid":"runway-lfrh-07-25"}},{"id":"LFRI: 10","type":"Feature","geometry":{"type":"LineString","coordinates":[[-154573.88490215028,5893781.902815342],[-152361.75016552248,5893335.516945802]]},"properties":{"name":"10","oppositeId":"28","type":"runway","icao":"LFRI","airport":"","uuid":"runway-lfri-10-28"}},{"id":"LFRJ: 07","type":"Feature","geometry":{"type":"LineString","coordinates":[[-464122.4357953875,6194937.940920747],[-460224.1509161301,6196110.946886249]]},"properties":{"name":"07","oppositeId":"25","type":"runway","icao":"LFRJ","airport":"","uuid":"runway-lfrj-07-25"}},{"id":"LFRK: 13","type":"Feature","geometry":{"type":"LineString","coordinates":[[-51548.37645875266,6305356.30445635],[-49555.97402811849,6303942.988671582]]},"properties":{"name":"13","oppositeId":"31","type":"runway","icao":"LFRK","airport":"","uuid":"runway-lfrk-13-31"}},{"id":"LFRK: 13L","type":"Feature","geometry":{"type":"LineString","coordinates":[[-50964.84587243047,6305411.649956456],[-49969.185793526965,6304704.95780102]]},"properties":{"name":"13L","oppositeId":"31R","type":"runway","icao":"LFRK","airport":"","uuid":"runway-lfrk-13l-31r"}},{"id":"LFRL: 05","type":"Feature","geometry":{"type":"LineString","coordinates":[[-495477.7967671288,6153333.869993281],[-494171.3697764274,6154390.104262998]]},"properties":{"name":"05","oppositeId":"23","type":"runway","icao":"LFRL","airport":"","uuid":"runway-lfrl-05-23"}},{"id":"LFRL: 13","type":"Feature","geometry":{"type":"LineString","coordinates":[[-495066.81139153626,6154297.072711601],[-494180.2753356909,6153601.552227653]]},"properties":{"name":"13","oppositeId":"31","type":"runway","icao":"LFRL","airport":"","uuid":"runway-lfrl-13-31"}},{"id":"LFRM: 02","type":"Feature","geometry":{"type":"LineString","coordinates":[[22040.02229383713,6097186.654879805],[22633.695322653817,6098793.599765865]]},"properties":{"name":"02","oppositeId":"20","type":"runway","icao":"LFRM","airport":"","uuid":"runway-lfrm-02-20"}},{"id":"LFRM: 02R","type":"Feature","geometry":{"type":"LineString","coordinates":[[22313.961007430913,6097622.880982445],[22818.57844361298,6098986.542002418]]},"properties":{"name":"02R","oppositeId":"20L","type":"runway","icao":"LFRM","airport":"","uuid":"runway-lfrm-02r-20l"}},{"id":"LFRN: 10","type":"Feature","geometry":{"type":"LineString","coordinates":[[-194270.0751761431,6119101.982165817],[-191287.94970611442,6118538.700554057]]},"properties":{"name":"10","oppositeId":"28","type":"runway","icao":"LFRN","airport":"","uuid":"runway-lfrn-10-28"}},{"id":"LFRN: 14","type":"Feature","geometry":{"type":"LineString","coordinates":[[-193751.23358280413,6118495.710896265],[-192975.0893553288,6117495.764716699]]},"properties":{"name":"14","oppositeId":"32","type":"runway","icao":"LFRN","airport":"","uuid":"runway-lfrn-14-32"}},{"id":"LFRN: 14L","type":"Feature","geometry":{"type":"LineString","coordinates":[[-193531.3775884874,6118386.132205351],[-193027.3167497593,6117737.2958689965]]},"properties":{"name":"14L","oppositeId":"32R","type":"runway","icao":"LFRN","airport":"","uuid":"runway-lfrn-14l-32r"}},{"id":"LFRO: 11","type":"Feature","geometry":{"type":"LineString","coordinates":[[-387364.30730870145,6233560.1414695075],[-385577.2893385809,6232992.625434399]]},"properties":{"name":"11","oppositeId":"29","type":"runway","icao":"LFRO","airport":"","uuid":"runway-lfro-11-29"}},{"id":"LFRP: 10","type":"Feature","geometry":{"type":"LineString","coordinates":[[-265432.9459126706,6107218.487371388],[-264275.2541305013,6107111.363332602]]},"properties":{"name":"10","oppositeId":"28","type":"runway","icao":"LFRP","airport":"","uuid":"runway-lfrp-10-28"}},{"id":"LFRQ: 09","type":"Feature","geometry":{"type":"LineString","coordinates":[[-465753.60647839744,6102797.473820692],[-462710.59543132095,6102610.727710699]]},"properties":{"name":"09","oppositeId":"27","type":"runway","icao":"LFRQ","airport":"","uuid":"runway-lfrq-09-27"}},{"id":"LFRS: 03","type":"Feature","geometry":{"type":"LineString","coordinates":[[-180286.80102846914,5965217.956015579],[-178465.83061365664,5968734.577015498]]},"properties":{"name":"03","oppositeId":"21","type":"runway","icao":"LFRS","airport":"","uuid":"runway-lfrs-03-21"}},{"id":"LFRT: 06","type":"Feature","geometry":{"type":"LineString","coordinates":[[-319195.3742770591,6196013.443156462],[-316352.6146250875,6197736.220223709]]},"properties":{"name":"06","oppositeId":"24","type":"runway","icao":"LFRT","airport":"","uuid":"runway-lfrt-06-24"}},{"id":"LFRU: 04","type":"Feature","geometry":{"type":"LineString","coordinates":[[-425431.80066614633,6207035.916151797],[-423996.4595206902,6208746.429417469]]},"properties":{"name":"04","oppositeId":"22","type":"runway","icao":"LFRU","airport":"","uuid":"runway-lfru-04-22"}},{"id":"LFRU: 09","type":"Feature","geometry":{"type":"LineString","coordinates":[[-424813.0807519012,6207635.8355589835],[-424120.45706460153,6207645.094194826]]},"properties":{"name":"09","oppositeId":"27","type":"runway","icao":"LFRU","airport":"","uuid":"runway-lfru-09-27"}},{"id":"LFRU: 15","type":"Feature","geometry":{"type":"LineString","coordinates":[[-424813.0807519012,6208388.155974622],[-424215.6352292298,6207256.56748036]]},"properties":{"name":"15","oppositeId":"33","type":"runway","icao":"LFRU","airport":"","uuid":"runway-lfru-15-33"}},{"id":"LFRV: 04","type":"Feature","geometry":{"type":"LineString","coordinates":[[-303340.6958008271,6060058.047239035],[-301907.6738114291,6061818.87782454]]},"properties":{"name":"04","oppositeId":"22","type":"runway","icao":"LFRV","airport":"","uuid":"runway-lfrv-04-22"}},{"id":"LFRV: 08","type":"Feature","geometry":{"type":"LineString","coordinates":[[-303895.7471507547,6061083.971050072],[-302553.1104034647,6061271.472742142]]},"properties":{"name":"08","oppositeId":"26","type":"runway","icao":"LFRV","airport":"","uuid":"runway-lfrv-08-26"}},{"id":"LFRZ: 07","type":"Feature","geometry":{"type":"LineString","coordinates":[[-240942.99808103888,5992675.591192122],[-237548.0937547326,5993685.84435888]]},"properties":{"name":"07","oppositeId":"25","type":"runway","icao":"LFRZ","airport":"","uuid":"runway-lfrz-07-25"}},{"id":"LFSB: 07","type":"Feature","geometry":{"type":"LineString","coordinates":[[836779.9231883395,6038576.07695895],[839086.4630375761,6039112.048818325]]},"properties":{"name":"07","oppositeId":"25","type":"runway","icao":"LFSB","airport":"","uuid":"runway-lfsb-07-25"}},{"id":"LFSB: 15","type":"Feature","geometry":{"type":"LineString","coordinates":[[835995.4609211354,6043484.923453659],[837747.8461607869,6039750.3526169425]]},"properties":{"name":"15","oppositeId":"33","type":"runway","icao":"LFSB","airport":"","uuid":"runway-lfsb-15-33"}},{"id":"LFSD: 01","type":"Feature","geometry":{"type":"LineString","coordinates":[[565824.2627270106,5985648.849906338],[566283.1154836443,5987358.86664979]]},"properties":{"name":"01","oppositeId":"19","type":"runway","icao":"LFSD","airport":"","uuid":"runway-lfsd-01-19"}},{"id":"LFSD: 17","type":"Feature","geometry":{"type":"LineString","coordinates":[[567016.2780188412,5987335.07549705],[567324.973151227,5983807.641900204]]},"properties":{"name":"17","oppositeId":"35","type":"runway","icao":"LFSD","airport":"","uuid":"runway-lfsd-17-35"}},{"id":"LFSG: 08","type":"Feature","geometry":{"type":"LineString","coordinates":[[673685.3970842258,6160951.755445508],[677338.222486284,6161267.485559313]]},"properties":{"name":"08","oppositeId":"26","type":"runway","icao":"LFSG","airport":"","uuid":"runway-lfsg-08-26"}},{"id":"LFSH: 03","type":"Feature","geometry":{"type":"LineString","coordinates":[[869974.8387454397,6239663.995548065],[870478.2192983907,6240584.630581112]]},"properties":{"name":"03","oppositeId":"21","type":"runway","icao":"LFSH","airport":"","uuid":"runway-lfsh-03-21"}},{"id":"LFSH: 03L","type":"Feature","geometry":{"type":"LineString","coordinates":[[869815.8683281706,6239718.58402795],[870333.844103248,6240665.74776534]]},"properties":{"name":"03L","oppositeId":"21R","type":"runway","icao":"LFSH","airport":"","uuid":"runway-lfsh-03l-21r"}},{"id":"LFSI: 11","type":"Feature","geometry":{"type":"LineString","coordinates":[[543724.004219822,6214038.344660376],[547078.0604774235,6212608.847215193]]},"properties":{"name":"11","oppositeId":"29","type":"runway","icao":"LFSI","airport":"","uuid":"runway-lfsi-11-29"}},{"id":"LFSI: 11L","type":"Feature","geometry":{"type":"LineString","coordinates":[[545591.9452753332,6213460.340173306],[547260.1915331936,6212749.165961105]]},"properties":{"name":"11L","oppositeId":"29R","type":"runway","icao":"LFSI","airport":"","uuid":"runway-lfsi-11l-29r"}},{"id":"LFSJ: 08","type":"Feature","geometry":{"type":"LineString","coordinates":[[560280.2119426171,6387287.358089682],[561476.3398711908,6387582.996045496]]},"properties":{"name":"08","oppositeId":"26","type":"runway","icao":"LFSJ","airport":"","uuid":"runway-lfsj-08-26"}},{"id":"LFSK: 04","type":"Feature","geometry":{"type":"LineString","coordinates":[[521245.166677694,6224440.347588854],[522006.4683063969,6225196.734775842]]},"properties":{"name":"04","oppositeId":"22","type":"runway","icao":"LFSK","airport":"","uuid":"runway-lfsk-04-22"}},{"id":"LFSK: 11","type":"Feature","geometry":{"type":"LineString","coordinates":[[520739.5288128464,6224756.613534939],[521957.58049669024,6224239.489689915]]},"properties":{"name":"11","oppositeId":"29","type":"runway","icao":"LFSK","airport":"","uuid":"runway-lfsk-11-29"}},{"id":"LFSL: 11","type":"Feature","geometry":{"type":"LineString","coordinates":[[163890.98613865874,5628451.485094982],[166589.27782924537,5627213.878982339]]},"properties":{"name":"11","oppositeId":"29","type":"runway","icao":"LFSL","airport":"","uuid":"runway-lfsl-11-29"}},{"id":"LFSM: 08","type":"Feature","geometry":{"type":"LineString","coordinates":[[755371.63942833,6021753.24049212],[756662.0487811894,6021993.382876146]]},"properties":{"name":"08","oppositeId":"26","type":"runway","icao":"LFSM","airport":"","uuid":"runway-lfsm-08-26"}},{"id":"LFSM: 08L","type":"Feature","geometry":{"type":"LineString","coordinates":[[755362.7338690663,6021823.25082663],[756607.9660619122,6022054.8380671665]]},"properties":{"name":"08L","oppositeId":"26R","type":"runway","icao":"LFSM","airport":"","uuid":"runway-lfsm-08l-26r"}},{"id":"LFSN: 03","type":"Feature","geometry":{"type":"LineString","coordinates":[[693149.0534519757,6221807.129644255],[694297.1903111852,6223946.152926707]]},"properties":{"name":"03","oppositeId":"21","type":"runway","icao":"LFSN","airport":"","uuid":"runway-lfsn-03-21"}},{"id":"LFSN: 03R","type":"Feature","geometry":{"type":"LineString","coordinates":[[693413.9938400637,6222029.195360452],[693806.1785905446,6222752.951630567]]},"properties":{"name":"03R","oppositeId":"21L","type":"runway","icao":"LFSN","airport":"","uuid":"runway-lfsn-03r-21l"}},{"id":"LFSO: 02","type":"Feature","geometry":{"type":"LineString","coordinates":[[662250.7517561831,6202719.427708197],[663459.8051145212,6206143.3162847115]]},"properties":{"name":"02","oppositeId":"20","type":"runway","icao":"LFSO","airport":"","uuid":"runway-lfso-02-20"}},{"id":"LFSP: 02","type":"Feature","geometry":{"type":"LineString","coordinates":[[704053.1377180654,5925777.99827396],[704570.773350254,5927146.641737845]]},"properties":{"name":"02","oppositeId":"20","type":"runway","icao":"LFSP","airport":"","uuid":"runway-lfsp-02-20"}},{"id":"LFSP: 02L","type":"Feature","geometry":{"type":"LineString","coordinates":[[703974.5337887328,5925799.313795041],[704430.6035580968,5927003.249984496]]},"properties":{"name":"02L","oppositeId":"20R","type":"runway","icao":"LFSP","airport":"","uuid":"runway-lfsp-02l-20r"}},{"id":"LFSS: 09","type":"Feature","geometry":{"type":"LineString","coordinates":[[-182754.41399646748,6072242.296494565],[-181978.8572885269,6072208.697115588]]},"properties":{"name":"09","oppositeId":"27","type":"runway","icao":"LFSS","airport":"","uuid":"runway-lfss-09-27"}},{"id":"LFST: 05","type":"Feature","geometry":{"type":"LineString","coordinates":[[847812.6742325376,6195685.96394832],[850530.1066911244,6198081.434038185]]},"properties":{"name":"05","oppositeId":"23","type":"runway","icao":"LFST","airport":"","uuid":"runway-lfst-05-23"}},{"id":"LFSV: 06","type":"Feature","geometry":{"type":"LineString","coordinates":[[673902.8102341612,6207115.357451726],[675442.1114151858,6207926.224847416]]},"properties":{"name":"06","oppositeId":"24","type":"runway","icao":"LFSV","airport":"","uuid":"runway-lfsv-06-24"}},{"id":"LFSV: 18","type":"Feature","geometry":{"type":"LineString","coordinates":[[674221.0602895069,6207708.221526087],[674188.2210397228,6206776.322682455]]},"properties":{"name":"18","oppositeId":"36","type":"runway","icao":"LFSV","airport":"","uuid":"runway-lfsv-18-36"}},{"id":"LFSX: 11","type":"Feature","geometry":{"type":"LineString","coordinates":[[705156.963235523,6072252.92865413],[708482.633022972,6070831.189420971]]},"properties":{"name":"11","oppositeId":"29","type":"runway","icao":"LFSX","airport":"","uuid":"runway-lfsx-11-29"}},{"id":"LFTF: 11","type":"Feature","geometry":{"type":"LineString","coordinates":[[681145.1326168485,5350082.10531113],[682908.557039337,5349429.700311458]]},"properties":{"name":"11","oppositeId":"29","type":"runway","icao":"LFTF","airport":"","uuid":"runway-lftf-11-29"}},{"id":"LFTH: 05","type":"Feature","geometry":{"type":"LineString","coordinates":[[683860.9880493159,5326549.72547206],[685834.1260236265,5328136.207261375]]},"properties":{"name":"05","oppositeId":"23","type":"runway","icao":"LFTH","airport":"","uuid":"runway-lfth-05-23"}},{"id":"LFTH: 13","type":"Feature","geometry":{"type":"LineString","coordinates":[[683766.70662503,5327209.085735284],[685226.4452922185,5325740.093077696]]},"properties":{"name":"13","oppositeId":"31","type":"runway","icao":"LFTH","airport":"","uuid":"runway-lfth-13-31"}},{"id":"LFTM: 18","type":"Feature","geometry":{"type":"LineString","coordinates":[[637555.4194640379,5536725.787927566],[637523.9407858079,5536025.192450909]]},"properties":{"name":"18","oppositeId":"36","type":"runway","icao":"LFTM","airport":"","uuid":"runway-lftm-18-36"}},{"id":"LFTP: 07","type":"Feature","geometry":{"type":"LineString","coordinates":[[685844.0520115556,5445131.869613834],[686701.7686881179,5445345.430762058]]},"properties":{"name":"07","oppositeId":"25","type":"runway","icao":"LFTP","airport":"","uuid":"runway-lftp-07-25"}},{"id":"LFTP: 16","type":"Feature","geometry":{"type":"LineString","coordinates":[[685973.6155300068,5445329.689090293],[686153.1800530725,5444840.681246984]]},"properties":{"name":"16","oppositeId":"34","type":"runway","icao":"LFTP","airport":"","uuid":"runway-lftp-16-34"}},{"id":"LFTW: 18","type":"Feature","geometry":{"type":"LineString","coordinates":[[491537.4269359354,5429672.422039016],[491713.31173138885,5426287.740098036]]},"properties":{"name":"18","oppositeId":"36","type":"runway","icao":"LFTW","airport":"","uuid":"runway-lftw-18-36"}},{"id":"LFTZ: 06","type":"Feature","geometry":{"type":"LineString","coordinates":[[721078.433406231,5343034.578465441],[722204.6774322512,5343635.7111594025]]},"properties":{"name":"06","oppositeId":"24","type":"runway","icao":"LFTZ","airport":"","uuid":"runway-lftz-06-24"}},{"id":"LFVM: 12","type":"Feature","geometry":{"type":"LineString","coordinates":[[-6276784.430330006,5957765.948022771],[-6275493.680834259,5957583.307583151]]},"properties":{"name":"12","oppositeId":"30","type":"runway","icao":"LFVM","airport":"","uuid":"runway-lfvm-12-30"}},{"id":"LFVP: 08","type":"Feature","geometry":{"type":"LineString","coordinates":[[-6254555.814265517,5902728.0310935555],[-6252316.9628511,5904102.009932004]]},"properties":{"name":"08","oppositeId":"26","type":"runway","icao":"LFVP","airport":"","uuid":"runway-lfvp-08-26"}},{"id":"LFXA: 01L","type":"Feature","geometry":{"type":"LineString","coordinates":[[592941.1340867981,5777042.395977076],[593279.1124296788,5779601.815779492]]},"properties":{"name":"01L","oppositeId":"19R","type":"runway","icao":"LFXA","airport":"","uuid":"runway-lfxa-01l-19r"}},{"id":"LFXA: 01R","type":"Feature","geometry":{"type":"LineString","coordinates":[[593879.5573941853,5776738.527836457],[594126.903118312,5777672.947795396]]},"properties":{"name":"01R","oppositeId":"19L","type":"runway","icao":"LFXA","airport":"","uuid":"runway-lfxa-01r-19l"}},{"id":"LFXB: 05","type":"Feature","geometry":{"type":"LineString","coordinates":[[-71289.31112482016,5731230.454484907],[-70269.19168002291,5732016.658880171]]},"properties":{"name":"05","oppositeId":"23","type":"runway","icao":"LFXB","airport":"","uuid":"runway-lfxb-05-23"}},{"id":"LFXB: 05L","type":"Feature","geometry":{"type":"LineString","coordinates":[[-71263.05827824141,5732407.15274546],[-70566.63117500638,5732945.593040354]]},"properties":{"name":"05L","oppositeId":"23R","type":"runway","icao":"LFXB","airport":"","uuid":"runway-lfxb-05l-23r"}},{"id":"LFXB: 05R","type":"Feature","geometry":{"type":"LineString","coordinates":[[-71250.34930304252,5732245.1975442525],[-70483.82184268849,5732834.014877309]]},"properties":{"name":"05R","oppositeId":"23L","type":"runway","icao":"LFXB","airport":"","uuid":"runway-lfxb-05r-23l"}},{"id":"LFXB: 12","type":"Feature","geometry":{"type":"LineString","coordinates":[[-71468.31905043189,5732962.772659408],[-70478.25586814883,5732385.458192946]]},"properties":{"name":"12","oppositeId":"30","type":"runway","icao":"LFXB","airport":"","uuid":"runway-lfxb-12-30"}},{"id":"LFXU: 10L","type":"Feature","geometry":{"type":"LineString","coordinates":[[215554.14536125158,6274721.409927026],[216978.04533682062,6274479.624705334]]},"properties":{"name":"10L","oppositeId":"28R","type":"runway","icao":"LFXU","airport":"","uuid":"runway-lfxu-10l-28r"}},{"id":"LFXU: 10R","type":"Feature","geometry":{"type":"LineString","coordinates":[[215542.02390558744,6274644.537501263],[216964.13040047148,6274401.906129475]]},"properties":{"name":"10R","oppositeId":"28L","type":"runway","icao":"LFXU","airport":"","uuid":"runway-lfxu-10r-28l"}},{"id":"LFYG: 07","type":"Feature","geometry":{"type":"LineString","coordinates":[[362621.6642329691,6470636.811163632],[363932.45123705984,6471002.630408208]]},"properties":{"name":"07","oppositeId":"25","type":"runway","icao":"LFYG","airport":"","uuid":"runway-lfyg-07-25"}},{"id":"LFYG: 07R","type":"Feature","geometry":{"type":"LineString","coordinates":[[362455.02513966773,6470273.468529662],[363984.98785229813,6470700.546119786]]},"properties":{"name":"07R","oppositeId":"25L","type":"runway","icao":"LFYG","airport":"","uuid":"runway-lfyg-07r-25l"}},{"id":"LFYR: 04L","type":"Feature","geometry":{"type":"LineString","coordinates":[[187700.1225178472,5993633.301544647],[188536.56480283555,5994465.814176083]]},"properties":{"name":"04L","oppositeId":"22R","type":"runway","icao":"LFYR","airport":"","uuid":"runway-lfyr-04l-22r"}},{"id":"LFYR: 04R","type":"Feature","geometry":{"type":"LineString","coordinates":[[187802.1963064885,5993216.071811236],[188798.5057490883,5994204.402444712]]},"properties":{"name":"04R","oppositeId":"22L","type":"runway","icao":"LFYR","airport":"","uuid":"runway-lfyr-04r-22l"}},{"id":"LFYS: 07","type":"Feature","geometry":{"type":"LineString","coordinates":[[222853.92097002047,5227843.381221596],[223824.19402060696,5228189.011203517]]},"properties":{"name":"07","oppositeId":"25","type":"runway","icao":"LFYS","airport":"","uuid":"runway-lfys-07-25"}},{"id":"LFYV: 09","type":"Feature","geometry":{"type":"LineString","coordinates":[[80564.35833147338,6383780.051767638],[81621.55335112094,6383950.941579045]]},"properties":{"name":"09","oppositeId":"27","type":"runway","icao":"LFYV","airport":"","uuid":"runway-lfyv-09-27"}},{"id":"LSGG: 04","type":"Feature","geometry":{"type":"LineString","coordinates":[[678376.0602833658,5816936.531004506],[682055.1694540833,5820560.892558186]]},"properties":{"name":"04","oppositeId":"22","type":"runway","icao":"LSGG","airport":"","uuid":"runway-lsgg-04-22"}},{"id":"LSZB: 14","type":"Feature","geometry":{"type":"LineString","coordinates":[[834060.6044828253,5928689.881543766],[835492.9461864461,5926970.661277953]]},"properties":{"name":"14","oppositeId":"32","type":"runway","icao":"LSZB","airport":"","uuid":"runway-lszb-14-32"}},{"id":"LSZB: 14R","type":"Feature","geometry":{"type":"LineString","coordinates":[[834283.9237501888,5928079.605610223],[834886.904325319,5927350.825156462]]},"properties":{"name":"14R","oppositeId":"32L","type":"runway","icao":"LSZB","airport":"","uuid":"runway-lszb-14r-32l"}},{"id":"LSZH: 01","type":"Feature","geometry":{"type":"LineString","coordinates":[[951530.8372853157,6015741.328389658],[951661.9778298864,6016146.93133826]]},"properties":{"name":"01","oppositeId":"19","type":"runway","icao":"LSZH","airport":"","uuid":"runway-lszh-01-19"}},{"id":"LSZH: 10","type":"Feature","geometry":{"type":"LineString","coordinates":[[950388.0190239996,6017308.972384152],[954058.4390900192,6016923.894670928]]},"properties":{"name":"10","oppositeId":"28","type":"runway","icao":"LSZH","airport":"","uuid":"runway-lszh-10-28"}},{"id":"LSZH: 14","type":"Feature","geometry":{"type":"LineString","coordinates":[[950231.5223731927,6021121.846078994],[953391.4188856022,6017696.399802192]]},"properties":{"name":"14","oppositeId":"32","type":"runway","icao":"LSZH","airport":"","uuid":"runway-lszh-14-32"}},{"id":"LSZH: 16","type":"Feature","geometry":{"type":"LineString","coordinates":[[950216.030410724,6020071.33239584],[952242.7254289387,6015718.007940976]]},"properties":{"name":"16","oppositeId":"34","type":"runway","icao":"LSZH","airport":"","uuid":"runway-lszh-16-34"}}]}